-1.659000222098,-1.659000222098,1.074170046717,1.074074172918,
-1.659005151894,-1.659000222098,1.074165116921,1.074074172918,
-1.659019941234,-1.659000222098,1.074150327582,1.074074172918,
-1.659044589970,-1.659000222098,1.074125678845,1.074074172918,
-1.659079097861,-1.659000222098,1.074091170954,1.074074172918,
-1.659123464567,-1.659000222098,1.074046804248,1.074074172918,
-1.659177689649,-1.659000222098,1.073992579166,1.074122109817,
-1.659241772573,-1.659000222098,1.073928496242,1.074074172918,
-1.659315712708,-1.659000222098,1.073854556107,1.074074172918,
-1.659399509324,-1.659000222098,1.073770759491,1.074074172918,
-1.659493161595,-1.659000222098,1.073677107220,1.074074172918,
-1.659596668597,-1.659000222098,1.073573600218,1.074122109817,
-1.659710029311,-1.659000222098,1.073460239504,1.074026236018,
-1.659833242619,-1.659000222098,1.073337026196,1.074074172918,
-1.659966307305,-1.659000222098,1.073203961510,1.074074172918,
-1.660109222058,-1.659000222098,1.073061046758,1.074074172918,
-1.660261985468,-1.659000222098,1.072908283347,1.074074172918,
-1.660424596030,-1.659000222098,1.072745672786,1.074074172918,
-1.660597052140,-1.659000222098,1.072573216676,1.074074172918,
-1.660779352097,-1.659000222098,1.072390916718,1.074074172918,
-1.660971494105,-1.659000222098,1.072198774710,1.074074172918,
-1.661173476270,-1.659000222098,1.071996792546,1.074074172918,
-1.661385296598,-1.659000222098,1.071784972217,1.074074172918,
-1.661606953003,-1.659000222098,1.071563315812,1.074074172918,
-1.661838443298,-1.659000222098,1.071331825517,1.073978299118,
-1.662079765201,-1.659000222098,1.071090503614,1.074026236018,
-1.662330916334,-1.659000222098,1.070839352482,1.074026236018,
-1.662591894219,-1.659000222098,1.070578374597,1.073978299118,
-1.662862696283,-1.659000222098,1.070307572532,1.073978299118,
-1.663143319857,-1.658952285199,1.070026948958,1.073930362219,
-1.663433762173,-1.659096095898,1.069736506642,1.073930362219,
-1.663734020369,-1.659048158998,1.069436248446,1.073882425319,
-1.664044091483,-1.659048158998,1.069126177332,1.073882425319,
-1.664363972458,-1.659048158998,1.068806296357,1.073834488420,
-1.664693660141,-1.659144032797,1.068476608674,1.073834488420,
-1.665033151281,-1.659096095898,1.068137117534,1.073738614620,
-1.665382442531,-1.659096095898,1.067787826284,1.073738614620,
-1.665741530446,-1.659096095898,1.067428738369,1.073690677721,
-1.666110411487,-1.659144032797,1.067059857328,1.073594803921,
-1.666489082016,-1.659191969697,1.066681186799,1.073546867022,
-1.666877538300,-1.659191969697,1.066292730515,1.073498930122,
-1.667275776509,-1.659239906596,1.065894492306,1.073450993223,
-1.667683792716,-1.659287843496,1.065486476099,1.073403056323,
-1.668101582898,-1.659383717295,1.065068685917,1.073259245624,
-1.668529142937,-1.659335780396,1.064641125878,1.073259245624,
-1.668966468616,-1.659383717295,1.064203800199,1.073163371825,
-1.669413555624,-1.659431654195,1.063756713191,1.073067498026,
-1.669870399553,-1.659575464894,1.063299869263,1.072971624226,
-1.670336995898,-1.659479591095,1.062833272917,1.072827813528,
-1.670813340059,-1.659623401793,1.062356928756,1.072731939728,
-1.671299427339,-1.659671338693,1.061870841476,1.072731939728,
-1.671795252946,-1.659815149392,1.061375015869,1.072588129029,
-1.672300811992,-1.659815149392,1.060869456824,1.072492255230,
-1.672816099490,-1.659958960091,1.060354169325,1.072396381431,
-1.673341110362,-1.659958960091,1.059829158453,1.072252570732,
-1.673875839431,-1.660054833890,1.059294429385,1.072060823134,
-1.674420281423,-1.660150707689,1.058749987392,1.071917012435,
-1.674974430972,-1.660246581488,1.058195837843,1.071869075535,
-1.675538282614,-1.660342455288,1.057631986201,1.071677327937,
-1.676111830790,-1.660438329087,1.057058438026,1.071533517238,
-1.676695069843,-1.660534202886,1.056475198972,1.071293832740,
-1.677287994025,-1.660678013585,1.055882274790,1.071150022041,
-1.677890597488,-1.660869761184,1.055279671327,1.071054148242,
-1.678502874292,-1.660917698083,1.054667394523,1.070814463743,
-1.679124818400,-1.661061508782,1.054045450415,1.070622716145,
-1.679756423679,-1.661205319481,1.053413845136,1.070430968546,
-1.680397683903,-1.661349130180,1.052772584912,1.070335094747,
-1.681048592748,-1.661492940879,1.052121676067,1.070047473349,
-1.681709143797,-1.661636751578,1.051461125018,1.069903662651,
-1.682379330538,-1.661876436076,1.050790938278,1.069711915052,
-1.683059146361,-1.661972309875,1.050111122454,1.069424293654,
-1.683748584566,-1.662211994373,1.049421684249,1.069280482956,
-1.684447638354,-1.662403741971,1.048722630462,1.068992861558,
-1.685156300832,-1.662499615771,1.048013967983,1.068849050859,
-1.685874565014,-1.662691363369,1.047295703801,1.068609366361,
-1.686602423818,-1.662883110968,1.046567844997,1.068369681863,
-1.687339870067,-1.663122795466,1.045830398748,1.068129997365,
-1.688086896491,-1.663314543064,1.045083372324,1.067794439067,
-1.688843495724,-1.663602164462,1.044326773091,1.067602691469,
-1.689609660307,-1.663745975161,1.043560608509,1.067267133171,
-1.690385382684,-1.663985659659,1.042784886131,1.067075385573,
-1.691170655209,-1.664225344157,1.041999613606,1.066739827276,
-1.691965470139,-1.664465028655,1.041204798677,1.066452205878,
-1.692769819636,-1.664704713153,1.040400449179,1.066212521380,
-1.693583695771,-1.665040271451,1.039586573045,1.065924899982,
-1.694407090519,-1.665232019049,1.038763178297,1.065541404785,
-1.695239995761,-1.665567577346,1.037930273054,1.065301720287,
-1.696082403286,-1.665855198744,1.037087865529,1.065014098889,
-1.696934304787,-1.666046946343,1.036235964028,1.064630603692,
-1.697795691866,-1.666334567740,1.035374576949,1.064295045395,
-1.698666556030,-1.666622189138,1.034503712785,1.063959487098,
-1.699546888691,-1.667005684335,1.033623380124,1.063623928800,
-1.700436681171,-1.667293305733,1.032733587644,1.063288370503,
-1.701335924696,-1.667532990231,1.031834344119,1.062952812206,
-1.702244610400,-1.667868548528,1.030925658415,1.062569317009,
-1.703162729324,-1.668252043725,1.030007539491,1.062233758711,
-1.704090272416,-1.668491728223,1.029079996399,1.061850263514,
-1.705027230530,-1.668827286521,1.028143038285,1.061466768317,
-1.705973594428,-1.669258718617,1.027196674387,1.061083273120,
-1.706929354781,-1.669594276915,1.026240914035,1.060699777923,
-1.707894502163,-1.669977772112,1.025275766652,1.060316282726,
-1.708869027059,-1.670265393509,1.024301241756,1.059980724429,
-1.709852919862,-1.670696825606,1.023317348954,1.059501355433,
-1.710846170869,-1.671080320803,1.022324097946,1.059069923336,
-1.711848770289,-1.671463816000,1.021321498527,1.058638491240,
-1.712860708235,-1.671847311197,1.020309560580,1.058207059143,
-1.713881974730,-1.672182869494,1.019288294085,1.057775627046,
-1.714912559706,-1.672662238490,1.018257709109,1.057392131849,
-1.715952453001,-1.673093670587,1.017217815814,1.056864825954,
-1.717001644362,-1.673429228884,1.016168624453,1.056385456957,
-1.718060123445,-1.673908597881,1.015110145370,1.055906087961,
-1.719127879813,-1.674435903776,1.014042389002,1.055474655865,
-1.720204902939,-1.674819398973,1.012965365876,1.054947349969,
-1.721291182203,-1.675250831070,1.011879086612,1.054467980973,
-1.722386706896,-1.675730200066,1.010783561919,1.053988611976,
-1.723491466216,-1.676209569062,1.009678802599,1.053461306080,
-1.724605449271,-1.676688938059,1.008564819544,1.052934000185,
-1.725728645077,-1.677168307055,1.007441623739,1.052406694289,
-1.726861042559,-1.677743549850,1.006309226256,1.051879388393,
-1.728002630554,-1.678079108148,1.005167638262,1.051256208698,
-1.729153397804,-1.678654350943,1.004016871011,1.050776839702,
-1.730313332965,-1.679277530638,1.002856935850,1.050201596906,
-1.731482424600,-1.679804836534,1.001687844215,1.049674291010,
-1.732660661182,-1.680236268631,1.000509607634,1.049099048215,
-1.733848031093,-1.680859448326,0.999322237722,1.048523805419,
-1.735044522628,-1.681434691121,0.998125746187,1.047900625724,
-1.736250123989,-1.682009933917,0.996920144826,1.047277446029,
-1.737464823289,-1.682681050511,0.995705445526,1.046606329435,
-1.738688608552,-1.683208356407,0.994481660263,1.046031086639,
-1.739921467713,-1.683879473002,0.993248801103,1.045455843844,
-1.741163388614,-1.684502652697,0.992006880201,1.044736790349,
-1.742414359012,-1.685125832392,0.990755909803,1.044161547554,
-1.743674366573,-1.685749012087,0.989495902242,1.043538367859,
-1.744943398873,-1.686324254883,0.988226869942,1.042867251264,
-1.746221443401,-1.687043308377,0.986948825415,1.042196134669,
-1.747508487554,-1.687618551172,0.985661781261,1.041525018075,
-1.748804518644,-1.688385541566,0.984365750171,1.040853901480,
-1.750109523893,-1.689008721261,0.983060744923,1.040182784885,
-1.751423490432,-1.689679837856,0.981746778383,1.039415794491,
-1.752746405308,-1.690350954451,0.980423863507,1.038792614796,
-1.754078255477,-1.691117944845,0.979092013338,1.038025624402,
-1.755419027807,-1.691836998339,0.977751241008,1.037402444707,
-1.756768709079,-1.692556051833,0.976401559736,1.036683391213,
-1.758127285985,-1.693275105328,0.975042982830,1.035964337719,
-1.759494745131,-1.693994158822,0.973675523684,1.035245284224,
-1.760871073034,-1.694713212316,0.972299195782,1.034526230730,
-1.762256256123,-1.695432265811,0.970914012692,1.033711303436,
-1.763650280742,-1.696103382405,0.969519988073,1.032944313042,
-1.765053133147,-1.696870372799,0.968117135669,1.032177322649,
-1.766464799504,-1.697685300093,0.966705469311,1.031458269154,
-1.767885265897,-1.698356416688,0.965285002918,1.030643341861,
-1.769314518319,-1.699123407081,0.963855750496,1.029924288366,
-1.770752542680,-1.699986271275,0.962417726135,1.029109361073,
-1.772199324800,-1.700753261669,0.960970944015,1.028294433779,
-1.773654850415,-1.701568188962,0.959515418400,1.027479506486,
-1.775119105174,-1.702383116256,0.958051163641,1.026664579192,
-1.776592074640,-1.703198043549,0.956578194175,1.025705841200,
-1.778073744291,-1.704012970843,0.955096524525,1.024938850806,
-1.779564099517,-1.704875835036,0.953606169299,1.024028049713,
-1.781063125624,-1.705690762330,0.952107143191,1.023117248620,
-1.782570807833,-1.706553626523,0.950599460983,1.022302321327,
-1.784087131278,-1.707368553816,0.949083137538,1.021343583334,
-1.785612081009,-1.708327291809,0.947558187807,1.020432782241,
-1.787145641990,-1.709238092902,0.946024626825,1.019474044249,
-1.788687799103,-1.710148893994,0.944482469713,1.018563243156,
-1.790238537140,-1.711011758188,0.942931731675,1.017556568264,
-1.791797840813,-1.712018433080,0.941372428002,1.016597830272,
-1.793365694748,-1.712977171072,0.939804574068,1.015639092279,
-1.794942083485,-1.713935909064,0.938228185330,1.014728291186,
-1.796526991484,-1.714894647057,0.936643277331,1.013721616294,
-1.798120403116,-1.715901321949,0.935049865699,1.012762878302,
-1.799722302673,-1.716860059941,0.933447966143,1.011852077209,
-1.801332674358,-1.717866734833,0.931837594457,1.010893339217,
-1.802951502296,-1.718873409725,0.930218766519,1.009886664325,
-1.804578770525,-1.719880084618,0.928591498290,1.008927926332,
-1.806214463001,-1.720886759510,0.926955805814,1.007969188340,
-1.807858563596,-1.721989308201,0.925311705219,1.006962513448,
-1.809511056101,-1.722995983093,0.923659212715,1.005859964756,
-1.811171924222,-1.723810910386,0.921998344593,1.004997100563,
-1.812841151584,-1.724913459078,0.920329117231,1.003990425671,
-1.814518721729,-1.725920133970,0.918651547086,1.002839940080,
-1.816204618117,-1.726974745762,0.916965650698,1.001929138987,
-1.817898824126,-1.728125231352,0.915271444689,1.000922464095,
-1.819601323052,-1.729179843144,0.913568945763,0.999915789203,
-1.821312098108,-1.730138581137,0.911858170707,0.998861177412,
-1.823031132427,-1.731193192928,0.910139136388,0.997758628720,
-1.824758409060,-1.732295741619,0.908411859755,0.996704016929,
-1.826493910977,-1.733398290311,0.906676357838,0.995505594438,
-1.828237621067,-1.734500839002,0.904932647749,0.994403045747,
-1.829989522136,-1.735747198392,0.903180746679,0.993300497056,
-1.831749596913,-1.736753873284,0.901420671902,0.992293822164,
-1.833517828044,-1.737904358875,0.899652440772,0.991047462773,
-1.835294198094,-1.739150718265,0.897876070722,0.990040787881,
-1.837078689549,-1.740349140756,0.896091579267,0.988890302290,
-1.838871284815,-1.741499626347,0.894298984000,0.987643942900,
-1.840671966217,-1.742698048837,0.892498302598,0.986493457309,
-1.842480716003,-1.743752660629,0.890689552812,0.985438845518,
-1.844297516337,-1.745094893818,0.888872752478,0.984288359927,
-1.846122349308,-1.746293316309,0.887047919507,0.983137874336,
-1.847955196923,-1.747443801900,0.885215071893,0.981843578046,
-1.849796041110,-1.748546350591,0.883374227705,0.980788966254,
-1.851644863721,-1.749840646881,0.881525405094,0.979590543764,
-1.853501646526,-1.750943195572,0.879668622289,0.978248310574,
-1.855366371218,-1.752237491862,0.877803897597,0.977001951184,
-1.857239019412,-1.753483851252,0.875931249403,0.975803528694,
-1.859119572645,-1.754730210642,0.874050696171,0.974557169304,
-1.861008012374,-1.755976570032,0.872162256441,0.973262873014,
-1.862904319980,-1.757174992523,0.870265948835,0.972112387423,
-1.864808476768,-1.758421351913,0.868361792048,0.970722217334,
-1.866720463962,-1.759715648203,0.866449804854,0.969427921044,
-1.868640262710,-1.761009944493,0.864530006105,0.968085687855,
-1.870567854086,-1.762208366983,0.862602414729,0.966743454665,
-1.872503219083,-1.763646473972,0.860667049732,0.965401221476,
-1.874446338619,-1.764988707161,0.858723930196,0.964058988287,
-1.876397193537,-1.766330940351,0.856773075278,0.962812628896,
-1.878355764601,-1.767577299741,0.854814504214,0.961374521908,
-1.880322032501,-1.769063343629,0.852848236314,0.959984351819,
-1.882295977850,-1.770405576819,0.850874290965,0.958642118629,
-1.884277581186,-1.771795746908,0.848892687630,0.957347822340,
-1.886266822971,-1.773137980097,0.846903445845,0.956005589150,
-1.888263683591,-1.774384339487,0.844906585224,0.954663355961,
-1.890268143360,-1.775870383375,0.842902125455,0.953321122771,
-1.892280182513,-1.777260553464,0.840890086302,0.951930952682,
-1.894299781213,-1.778650723553,0.838870487602,0.950588719493,
-1.896326919547,-1.780040893642,0.836843349268,0.949198549404,
-1.898361577529,-1.781526937531,0.834808691286,0.947856316214,
-1.900403735097,-1.782869170720,0.832766533718,0.946466146125,
-1.902453372117,-1.784259340809,0.830716896698,0.945028039137,
-1.904510468380,-1.785697447798,0.828659800435,0.943637869048,
-1.906575003605,-1.787135554786,0.826595265210,0.942247698959,
-1.908646957435,-1.788621598675,0.824523311381,0.940761655070,
-1.910726309442,-1.790059705663,0.822443959374,0.939227674283,
-1.912813039124,-1.791641623351,0.820357229691,0.937837504194,
-1.914907125907,-1.793079730339,0.818263142908,0.936351460305,
-1.917008549145,-1.794661648027,0.816161719670,0.934865416417,
-1.919117288118,-1.796099755016,0.814052980698,0.933379372529,
-1.921233322034,-1.797585798904,0.811936946781,0.931893328641,
-1.923356630031,-1.798975968993,0.809813638784,0.930407284752,
-1.925487191174,-1.800557886680,0.807683077641,0.928825367065,
-1.927624984456,-1.802091867468,0.805545284360,0.927387260076,
-1.929769988799,-1.803577911357,0.803400280016,0.925853279288,
-1.931922183055,-1.805063955245,0.801248085761,0.924319298500,
-1.934081546003,-1.806645872932,0.799088722812,0.922689443913,
-1.936248056354,-1.808179853720,0.796922212461,0.921203400025,
-1.938421692746,-1.809713834508,0.794748576069,0.919621482337,
-1.940602433748,-1.811343689095,0.792567835067,0.918039564650,
-1.942790257860,-1.812829732983,0.790380010956,0.916361773163,
-1.944985143509,-1.814411650671,0.788185125306,0.914731918576,
-1.947187069056,-1.815993568358,0.785983199760,0.913102063989,
-1.949396012789,-1.817719296745,0.783774256026,0.911472209402,
-1.951611952931,-1.819397088232,0.781558315884,0.909890291714,
-1.953834867633,-1.820979005919,0.779335401183,0.908260437127,
-1.956064734976,-1.822656797406,0.777105533839,0.906582645640,
-1.958301532978,-1.824382525792,0.774868735838,0.905048664853,
-1.960545239582,-1.825964443480,0.772625029234,0.903466747165,
-1.962795832667,-1.827690171866,0.770374436148,0.901836892578,
-1.965053290043,-1.829320026453,0.768116978772,0.900254974890,
-1.967317589453,-1.830997817940,0.765852679362,0.898625120303,
-1.969588708572,-1.832627672527,0.763581560244,0.896995265716,
-1.971866625006,-1.834305464014,0.761303643809,0.895269537330,
-1.974151316298,-1.836079129300,0.759018952518,0.893687619642,
-1.976442759920,-1.837708983887,0.756727508895,0.892057765055,
-1.978740933280,-1.839530586073,0.754429335535,0.890379973568,
-1.981045813719,-1.841208377559,0.752124455096,0.888606308282,
-1.983357378512,-1.843029979745,0.749812890303,0.886928516796,
-1.985675604868,-1.844851581931,0.747494663947,0.885106914610,
-1.988000469930,-1.846577310317,0.745169798886,0.883381186224,
-1.990331950775,-1.848350975603,0.742838318040,0.881607520938,
-1.992670024416,-1.850220514688,0.740500244399,0.879833855652,
-1.995014667802,-1.851994179974,0.738155601013,0.878156064165,
-1.997365857814,-1.853671971461,0.735804411001,0.876334461979,
-1.999723571271,-1.855445636747,0.733446697545,0.874560796693,
-2.002087784926,-1.857219302033,0.731082483889,0.872739194508,
-2.004458475470,-1.859088841118,0.728711793345,0.871013466121,
-2.006835619529,-1.860814569505,0.726334649286,0.869143927036,
-2.009219193664,-1.862684108590,0.723951075151,0.867322324850,
-2.011609174376,-1.864505710775,0.721561094440,0.865452785765,
-2.014005538098,-1.866375249861,0.719164730717,0.863631183580,
-2.016408261205,-1.868148915147,0.716762007610,0.861761644494,
-2.018817320007,-1.870114328031,0.714352948808,0.859844168510,
-2.021232690751,-1.872031804016,0.711937578065,0.857974629424,
-2.023654349622,-1.873949280001,0.709515919193,0.856105090339,
-2.026082272744,-1.875866755986,0.707087996071,0.854283488153,
-2.028516436179,-1.877736295071,0.704653832636,0.852413949068,
-2.030956815927,-1.879653771056,0.702213452888,0.850592346883,
-2.033403387927,-1.881523310141,0.699766880888,0.848770744697,
-2.035856128056,-1.883536659925,0.697314140759,0.846901205612,
-2.038315012131,-1.885358262111,0.694855256684,0.845079603426,
-2.040780015910,-1.887275738096,0.692390252906,0.843210064341,
-2.043251115087,-1.889193214080,0.689919153728,0.841292588356,
-2.045728285299,-1.891110690065,0.687441983516,0.839423049271,
-2.048211502122,-1.893076102950,0.684958766693,0.837457636386,
-2.050700741073,-1.895041515834,0.682469527742,0.835540160401,
-2.053195977608,-1.897150739418,0.679974291207,0.833622684417,
-2.055697187126,-1.899164089202,0.677473081689,0.831465523934,
-2.058204344966,-1.901177438986,0.674965923849,0.829595984848,
-2.060717426408,-1.903046978071,0.672452842407,0.827630571964,
-2.063236406674,-1.905012390955,0.669933862141,0.825617222180,
-2.065761260928,-1.906977803840,0.667409007887,0.823603872396,
-2.068291964276,-1.908943216724,0.664878304539,0.821638459511,
-2.070828491767,-1.910860692709,0.662341777048,0.819577172828,
-2.073370818391,-1.912874042493,0.659799450425,0.817611759943,
-2.075918919081,-1.914839455378,0.657251349734,0.815598410159,
-2.078472768716,-1.916804868262,0.654697500099,0.813585060375,
-2.081032342114,-1.918866154946,0.652137926701,0.811523773691,
-2.083597614040,-1.920879504730,0.649572654776,0.809510423907,
-2.086168559200,-1.922940791414,0.647001709615,0.807449137223,
-2.088745152247,-1.925002078098,0.644425116568,0.805435787439,
-2.091327367776,-1.927207175480,0.641842901039,0.803422437655,
-2.093915180328,-1.929172588365,0.639255088487,0.801409087871,
-2.096508564388,-1.931233875048,0.636661704427,0.799395738087,
-2.099107494386,-1.933391035531,0.634062774429,0.797382388303,
-2.101711944698,-1.935452322215,0.631458324118,0.795369038519,
-2.104321889644,-1.937417735100,0.628848379171,0.793355688735,
-2.106937303493,-1.939479021783,0.626232965322,0.791294402051,
-2.109558160457,-1.941492371567,0.623612108358,0.789281052267,
-2.112184434695,-1.943553658251,0.620985834120,0.787075954884,
-2.114816100314,-1.945614944935,0.618354168501,0.784966731301,
-2.117453131366,-1.947628294719,0.615717137449,0.782953381517,
-2.120095501852,-1.949689581403,0.613074766963,0.780700347235,
-2.122743185718,-1.951846741886,0.610427083097,0.778495249852,
-2.125396156860,-1.953716280971,0.607774111956,0.776290152469,
-2.128054389119,-1.955681693855,0.605115879696,0.774132991986,
-2.130717856289,-1.957599169840,0.602452412527,0.771927894604,
-2.133386532106,-1.959468708925,0.599783736709,0.769674860322,
-2.136060390261,-1.961290311111,0.597109878555,0.767469762939,
-2.138739404388,-1.963351597795,0.594430864427,0.765264665556,
-2.141423548075,-1.965029389282,0.591746720740,0.763203378873,
-2.144112794857,-1.966946865266,0.589057473959,0.760902407691,
-2.146807118218,-1.968768467452,0.586363150597,0.758745247208,
-2.149506491595,-1.970590069638,0.583663777220,0.756540149825,
-2.152210888372,-1.972459608723,0.580959380444,0.754430926242,
-2.154920281884,-1.974329147808,0.578249986931,0.752273765759,
-2.157634645420,-1.976102813094,0.575535623395,0.750116605276,
-2.160353952215,-1.978020289079,0.572816316600,0.747911507893,
-2.163078175459,-1.979841891265,0.570092093356,0.745610536712,
-2.165807288292,-1.981567619651,0.567362980523,0.743549250028,
-2.168541263806,-1.983437158736,0.564629005009,0.741344152645,
-2.171280075045,-1.985114950223,0.561890193770,0.739139055263,
-2.174023695006,-1.986840678609,0.559146573809,0.736790147181,
-2.176772096638,-1.988662280795,0.556398172178,0.734537112899,
-2.179525252842,-1.990388009181,0.553645015974,0.732284078617,
-2.182283136473,-1.992065800668,0.550887132342,0.729935170535,
-2.185045720341,-1.993839465954,0.548124548475,0.727634199354,
-2.187812977206,-1.995517257441,0.545357291609,0.725285291272,
-2.190584879785,-1.997242985827,0.542585389030,0.722984320090,
-2.193361400749,-1.998872840414,0.539808868066,0.720683348909,
-2.196142512721,-2.000646505700,0.537027756094,0.718382377727,
-2.198928188281,-2.002372234087,0.534242080534,0.716033469645,
-2.201718399964,-2.004002088674,0.531451868851,0.713732498463,
-2.204513120259,-2.005679880160,0.528657148556,0.711575337980,
-2.207312321612,-2.007357671647,0.525857947204,0.709178492999,
-2.210115976422,-2.009083400034,0.523054292393,0.706925458717,
-2.212924057048,-2.010713254621,0.520246211767,0.704816235134,
-2.215736535804,-2.012247235409,0.517433733012,0.702563200852,
-2.218553384958,-2.013925026895,0.514616883858,0.700262229670,
-2.221374576738,-2.015459007683,0.511795692077,0.698057132287,
-2.224200083328,-2.017088862270,0.508970185487,0.695899971804,
-2.227029876871,-2.018766653757,0.506140391944,0.693838685121,
-2.229863929465,-2.020396508344,0.503306339351,0.691633587738,
-2.232702213167,-2.022026362931,0.500468055648,0.689380553456,
-2.235544699994,-2.023560343719,0.497625568821,0.687319266772,
-2.238391361919,-2.025142261407,0.494778906896,0.685018295590,
-2.241242170877,-2.026772115994,0.491928097939,0.682957008906,
-2.244097098758,-2.028401970581,0.489073170058,0.680751911524,
-2.246956117414,-2.030031825168,0.486214151401,0.678450940342,
-2.249819198658,-2.031661679755,0.483351070158,0.676245842959,
-2.252686314259,-2.033243597443,0.480483954557,0.674040745577,
-2.255557435949,-2.034921388930,0.477612832866,0.671979458893,
-2.258432535421,-2.036503306617,0.474737733394,0.669630550812,
-2.261311584327,-2.038037287405,0.471858684489,0.667617201028,
-2.264194554280,-2.039523331293,0.468975714535,0.665364166745,
-2.267081416856,-2.041057312081,0.466088851959,0.663302880062,
-2.269972143592,-2.042639229769,0.463198125224,0.661145719579,
-2.272866705985,-2.044173210556,0.460303562830,0.658892685297,
-2.275765075498,-2.045803065144,0.457405193318,0.656927272412,
-2.278667223552,-2.047289109032,0.454503045263,0.654865985728,
-2.281573121535,-2.048871026719,0.451597147280,0.652756762145,
-2.284482740795,-2.050405007507,0.448687528020,0.650695475461,
-2.287396052645,-2.052034862094,0.445774216170,0.648634188778,
-2.290313028360,-2.053616779782,0.442857240455,0.646477028295,
-2.293233639180,-2.055198697469,0.439936629635,0.644415741611,
-2.296157856310,-2.056780615157,0.437012412506,0.642498265626,
-2.299085650917,-2.058266659045,0.434084617899,0.640436978942,
-2.302016994135,-2.059800639833,0.431153274681,0.638375692259,
-2.304951857062,-2.061382557521,0.428218411754,0.636266468675,
-2.307890210761,-2.062964475208,0.425280058054,0.634205181991,
-2.310832026262,-2.064402582197,0.422338242554,0.632000084609,
-2.313777274559,-2.065984499884,0.419392994257,0.630034671724,
-2.316725926613,-2.067422606873,0.416444342202,0.628021321940,
-2.319677953352,-2.068956587661,0.413492315463,0.625816224558,
-2.322633325671,-2.070490568449,0.410536943145,0.623850811673,
-2.325592014429,-2.071976612337,0.407578254386,0.621693651190,
-2.328553990457,-2.073462656225,0.404616278358,0.619776175205,
-2.331519224549,-2.074948700113,0.401651044266,0.617762825421,
-2.334487687471,-2.076434744002,0.398682581344,0.615749475637,
-2.337459349954,-2.077968724790,0.395710918862,0.613736125853,
-2.340434182698,-2.079550642477,0.392736086117,0.611770712969,
-2.343412156374,-2.080988749466,0.389758112442,0.609805300084,
-2.346393241619,-2.082522730254,0.386777027196,0.607839887200,
-2.349377409041,-2.084056711042,0.383792859774,0.605874474315,
-2.352364629218,-2.085542754930,0.380805639597,0.603956998330,
-2.355354872697,-2.086884988119,0.377815396118,0.601895711647,
-2.358348109995,-2.088466905807,0.374822158820,0.600122046361,
-2.361344311600,-2.089809138996,0.371825957215,0.598204570376,
-2.364343447971,-2.091438993583,0.368826820844,0.596287094391,
-2.367345489538,-2.092829163672,0.365824779278,0.594369618406,
-2.370350406701,-2.094267270661,0.362819862114,0.592548016220,
-2.373358169833,-2.095753314549,0.359812098982,0.590582603336,
-2.376368749280,-2.097191421538,0.356801519535,0.588665127351,
-2.379382115357,-2.098629528526,0.353788153458,0.586699714467,
-2.382398238355,-2.100067635515,0.350772030460,0.584734301582,
-2.385417088536,-2.101505742504,0.347753180279,0.582816825597,
-2.388438636135,-2.102943849492,0.344731632680,0.580899349612,
-2.391462851360,-2.104381956481,0.341707417455,0.579077747427,
-2.394489704395,-2.105963874169,0.338680564420,0.577208208342,
-2.397519165396,-2.107354044258,0.335651103420,0.575338669256,
-2.400551204493,-2.108888025045,0.332619064322,0.573517067071,
-2.403585791792,-2.110374068934,0.329584477024,0.571791338684,
-2.406622897373,-2.111908049722,0.326547371443,0.570017673398,
-2.409662491291,-2.113394093610,0.323507777524,0.568291945012,
-2.412704543578,-2.114880137498,0.320465725237,0.566614153525,
-2.415749024239,-2.116366181386,0.317421244576,0.564888425139,
-2.418795903258,-2.117852225275,0.314374365557,0.563354444351,
-2.421845150594,-2.119386206063,0.311325118221,0.561772526663,
-2.424896736182,-2.120872249951,0.308273532633,0.560238545876,
-2.427950629935,-2.122406230739,0.305219638881,0.558752501987,
-2.431006801742,-2.123940211527,0.302163467073,0.557266458099,
-2.434065221471,-2.125522129214,0.299105047344,0.555876288010,
-2.437125858968,-2.127008173102,0.296044409847,0.554581991720,
-2.440188684056,-2.128542153890,0.292981584760,0.553431506129,
-2.443253666536,-2.130076134678,0.289916602280,0.552185146739,
-2.446320776188,-2.131658052366,0.286849492627,0.551034661148,
-2.449389982774,-2.133239970053,0.283780286041,0.549788301758,
-2.452461256031,-2.134821887741,0.280709012784,0.548829563766,
-2.455534565678,-2.136403805428,0.277635703138,0.547822888874,
-2.458609881413,-2.138081596915,0.274560387403,0.546864150881,
-2.461687172915,-2.139663514602,0.271483095900,0.545953349788,
-2.464766409843,-2.141149558491,0.268403858972,0.545090485595,
-2.467847561837,-2.142731476178,0.265322706978,0.544371432101,
-2.470930598519,-2.144265456966,0.262239670296,0.543652378607,
-2.474015489490,-2.145847374654,0.259154779325,0.542981262012,
-2.477102204336,-2.147429292341,0.256068064480,0.542358082317,
-2.480190712621,-2.149011210029,0.252979556194,0.541782839521,
-2.483280983895,-2.150593127716,0.249889284920,0.541255533626,
-2.486372987690,-2.152222982303,0.246797281126,0.540824101529,
-2.489466693518,-2.153756963091,0.243703575297,0.540392669432,
-2.492562070878,-2.155338880779,0.240608197937,0.540057111135,
-2.495659089250,-2.156968735366,0.237511179565,0.539769489737,
-2.498757718099,-2.158598589953,0.234412550716,0.539481868340,
-2.501857926873,-2.160324318339,0.231312341942,0.539338057641,
-2.504959685007,-2.161906236027,0.228210583808,0.539194246942,
-2.508062961917,-2.163584027513,0.225107306898,0.539098373143,
-2.511167727007,-2.165309755900,0.222002541808,0.539050436243,
-2.514273949666,-2.166939610487,0.218896319150,0.539050436243,
-2.517381599266,-2.168569465074,0.215788669549,0.539098373143,
-2.520490645168,-2.170151382762,0.212679623647,0.539146310042,
-2.523601056718,-2.171781237349,0.209569212097,0.539194246942,
-2.526712803248,-2.173459028835,0.206457465567,0.539146310042,
-2.529825854079,-2.175184757222,0.203344414737,0.539146310042,
-2.532940178516,-2.176862548709,0.200230090300,0.539146310042,
-2.536055745853,-2.178444466396,0.197114522962,0.539146310042,
-2.539172525373,-2.180170194782,0.193997743442,0.539098373143,
-2.542290486345,-2.181847986269,0.190879782470,0.539146310042,
-2.545409598028,-2.183477840856,0.187760670788,0.539098373143,
-2.548529829667,-2.185203569243,0.184640439148,0.539098373143,
-2.551651150500,-2.186929297629,0.181519118315,0.539146310042,
-2.554773529751,-2.188655026015,0.178396739065,0.539050436243,
-2.557896936634,-2.190380754402,0.175273332181,0.539098373143,
-2.561021340354,-2.192154419688,0.172148928461,0.539098373143,
-2.564146710107,-2.193784274275,0.169023558709,0.539146310042,
-2.567273015076,-2.195557939561,0.165897253739,0.539146310042,
-2.570400224438,-2.197139857248,0.162770044377,0.539146310042,
-2.573528307360,-2.198865585635,0.159641961456,0.539098373143,
-2.576657233000,-2.200591314021,0.156513035816,0.539098373143,
-2.579786970508,-2.202317042408,0.153383298307,0.539146310042,
-2.582917489027,-2.204090707694,0.150252779789,0.539098373143,
-2.586048757690,-2.205768499180,0.147121511125,0.539098373143,
-2.589180745625,-2.207494227567,0.143989523190,0.539146310042,
-2.592313421951,-2.209267892853,0.140856846864,0.539146310042,
-2.595446755782,-2.211137431938,0.137723513033,0.539098373143,
-2.598580716225,-2.212911097224,0.134589552590,0.539098373143,
-2.601715272379,-2.214732699410,0.131454996436,0.539146310042,
-2.604850393339,-2.216458427796,0.128319875476,0.539098373143,
-2.607986048195,-2.218327966881,0.125184220620,0.539098373143,
-2.611122206029,-2.220053695267,0.122048062786,0.539098373143,
-2.614258835921,-2.221875297453,0.118911432894,0.539146310042,
-2.617395906945,-2.223648962739,0.115774361870,0.539146310042,
-2.620533388171,-2.225470564925,0.112636880644,0.539098373143,
-2.623671248664,-2.227292167110,0.109499020152,0.539098373143,
-2.626809457486,-2.229017895497,0.106360811330,0.539098373143,
-2.629947983696,-2.230887434582,0.103222285120,0.539098373143,
-2.633086796349,-2.232613162968,0.100083472467,0.539098373143,
-2.636225864498,-2.234434765154,0.096944404318,0.539098373143,
-2.639365157192,-2.236496051838,0.093805111623,0.539098373143,
-2.642504643481,-2.238221780224,0.090665625334,0.539098373143,
-2.645644292409,-2.240091319309,0.087525976406,0.539098373143,
-2.648784073021,-2.241960858394,0.084386195794,0.539098373143,
-2.651923954360,-2.243830397480,0.081246314455,0.539098373143,
-2.655063905469,-2.245699936565,0.078106363346,0.539146310042,
-2.658203895388,-2.247425664951,0.074966373428,0.539146310042,
-2.661343893158,-2.249343140936,0.071826375657,0.539098373143,
-2.664483867820,-2.251164743122,0.068686400995,0.539098373143,
-2.667623788417,-2.253034282207,0.065546480399,0.539098373143,
-2.670763623988,-2.254999695092,0.062406644827,0.539098373143,
-2.673903343577,-2.256725423478,0.059266925238,0.539098373143,
-2.677042916227,-2.258594962563,0.056127352588,0.539098373143,
-2.680182310984,-2.260416564749,0.052987957831,0.539098373143,
-2.683321496894,-2.262429914533,0.049848771922,0.539098373143,
-2.686460443006,-2.264299453618,0.046709825810,0.539098373143,
-2.689599118371,-2.266264866503,0.043571150444,0.539098373143,
-2.692737492044,-2.268182342487,0.040432776771,0.539098373143,
-2.695875533081,-2.270099818472,0.037294735734,0.539098373143,
-2.699013210543,-2.272017294457,0.034157058272,0.539098373143,
-2.702150493493,-2.273886833542,0.031019775323,0.539098373143,
-2.705287350998,-2.275804309527,0.027882917817,0.539098373143,
-2.708423752132,-2.277817659311,0.024746516683,0.539098373143,
-2.711559665970,-2.279639261497,0.021610602845,0.539098373143,
-2.714695061593,-2.281508800582,0.018475207222,0.539098373143,
-2.717829908088,-2.283426276567,0.015340360728,0.539098373143,
-2.720964174546,-2.285343752552,0.012206094269,0.539098373143,
-2.724097830065,-2.287405039236,0.009072438751,0.539098373143,
-2.727230843747,-2.289274578321,0.005939425068,0.539098373143,
-2.730363184704,-2.291239991205,0.002807084111,0.539098373143,
-2.733494822051,-2.293205404090,-0.000324553236,0.539098373143,
-2.736625724912,-2.295170816974,-0.003455456097,0.539098373143,
-2.739755862417,-2.297136229859,-0.006585593602,0.539098373143,
-2.742885203704,-2.299197516542,-0.009714934889,0.539098373143,
-2.746013717920,-2.301019118728,-0.012843449105,0.539098373143,
-2.749141374218,-2.302984531613,-0.015971105403,0.539146310042,
-2.752268141761,-2.304949944497,-0.019097872946,0.539098373143,
-2.755393989721,-2.307011231181,-0.022223720906,0.539098373143,
-2.758518887277,-2.308880770266,-0.025348618462,0.539098373143,
-2.761642803620,-2.310846183150,-0.028472534805,0.539098373143,
-2.764765707949,-2.312859532935,-0.031595439134,0.539098373143,
-2.767887569473,-2.314968756518,-0.034717300658,0.539098373143,
-2.771008357413,-2.316982106302,-0.037838088597,0.539098373143,
-2.774128040998,-2.319043392986,-0.040957772183,0.539098373143,
-2.777246589470,-2.321104679669,-0.044076320654,0.539098373143,
-2.780363972080,-2.323022155654,-0.047193703265,0.539098373143,
-2.783480158094,-2.325035505438,-0.050309889279,0.539098373143,
-2.786595116787,-2.327048855223,-0.053424847971,0.539146310042,
-2.789708817445,-2.329062205007,-0.056538548630,0.539098373143,
-2.792821229371,-2.331123491690,-0.059650960555,0.539098373143,
-2.795932321876,-2.333136841474,-0.062762053060,0.539098373143,
-2.799042064286,-2.335150191259,-0.065871795471,0.539098373143,
-2.802150425941,-2.337211477942,-0.068980157125,0.539098373143,
-2.805257376193,-2.339272764626,-0.072087107378,0.539098373143,
-2.808362884409,-2.341334051310,-0.075192615594,0.539098373143,
-2.811466919971,-2.343539148692,-0.078296651156,0.539098373143,
-2.814569452273,-2.345648372276,-0.081399183458,0.539098373143,
-2.817670450726,-2.347613785160,-0.084500181911,0.539098373143,
-2.820769884755,-2.349675071844,-0.087599615940,0.539098373143,
-2.823867723802,-2.351736358528,-0.090697454986,0.539098373143,
-2.826963937322,-2.353893519011,-0.093793668507,0.539098373143,
-2.830058494788,-2.355858931895,-0.096888225973,0.539194246942,
-2.833151365690,-2.357968155478,-0.099981096875,0.539098373143,
-2.836242519532,-2.360125315961,-0.103072250717,0.539098373143,
-2.839331925838,-2.362186602645,-0.106161657023,0.539098373143,
-2.842419554147,-2.364152015530,-0.109249285332,0.539146310042,
-2.845505374016,-2.366405049812,-0.112335105201,0.539098373143,
-2.848589355020,-2.368418399596,-0.115419086205,0.539098373143,
-2.851671466753,-2.370575560079,-0.118501197938,0.539098373143,
-2.854751678826,-2.372732720562,-0.121581410011,0.539098373143,
-2.857829960870,-2.374985754844,-0.124659692054,0.539098373143,
-2.860906282533,-2.376999104628,-0.127736013718,0.539098373143,
-2.863980613485,-2.379252138910,-0.130810344670,0.539098373143,
-2.867052923414,-2.381217551795,-0.133882654599,0.539098373143,
-2.870123182028,-2.383422649177,-0.136952913213,0.539098373143,
-2.873191359057,-2.385435998961,-0.140021090241,0.539098373143,
-2.876257424248,-2.387497285645,-0.143087155432,0.539098373143,
-2.879321347371,-2.389750319927,-0.146151078556,0.539098373143,
-2.882383098218,-2.391907480410,-0.149212829403,0.539098373143,
-2.885442646601,-2.393920830194,-0.152272377786,0.539098373143,
-2.888499962355,-2.396221801376,-0.155329693539,0.539098373143,
-2.891555015334,-2.398283088060,-0.158384746519,0.539098373143,
-2.894607775418,-2.400440248543,-0.161437506603,0.539098373143,
-2.897658212508,-2.402693282825,-0.164487943693,0.539098373143,
-2.900706296528,-2.404706632609,-0.167536027712,0.539146310042,
-2.903751997424,-2.406815856193,-0.170581728609,0.539098373143,
-2.906795285167,-2.408973016676,-0.173625016352,0.539098373143,
-2.909836129753,-2.411130177159,-0.176665860938,0.539098373143,
-2.912874501199,-2.413239400742,-0.179704232383,0.539098373143,
-2.915910369547,-2.415540371924,-0.182740100732,0.539098373143,
-2.918943704867,-2.417697532407,-0.185773436052,0.539098373143,
-2.921974477250,-2.419902629789,-0.188804208435,0.539098373143,
-2.925002656814,-2.422107727172,-0.191832387999,0.539098373143,
-2.928028213703,-2.424264887655,-0.194857944888,0.539098373143,
-2.931051118086,-2.426469985037,-0.197880849270,0.539098373143,
-2.934071340157,-2.428818893119,-0.200901071342,0.539098373143,
-2.937088850140,-2.431023990501,-0.203918581325,0.539098373143,
-2.940103618283,-2.433229087884,-0.206933349467,0.539098373143,
-2.943115614860,-2.435338311467,-0.209945346045,0.539098373143,
-2.946124810176,-2.437543408850,-0.212954541361,0.539098373143,
-2.949131174560,-2.439844380032,-0.215960905745,0.539098373143,
-2.952134678372,-2.442049477414,-0.218964409557,0.539098373143,
-2.955135291998,-2.444302511697,-0.221965023183,0.539098373143,
-2.958132985853,-2.446555545979,-0.224962717037,0.539098373143,
-2.961127730380,-2.448712706462,-0.227957461565,0.539098373143,
-2.964119496054,-2.451109551443,-0.230949227239,0.539098373143,
-2.967108253376,-2.453218775026,-0.233937984561,0.539098373143,
-2.970093972879,-2.455471809308,-0.236923704064,0.539098373143,
-2.973076625124,-2.457820717390,-0.239906356309,0.539098373143,
-2.976056180705,-2.460025814772,-0.242885911889,0.539098373143,
-2.979032610243,-2.462182975255,-0.245862341427,0.539098373143,
-2.982005884392,-2.464531883337,-0.248835615576,0.539098373143,
-2.984975973837,-2.466736980719,-0.251805705022,0.539098373143,
-2.987942849294,-2.468990015002,-0.254772580479,0.539098373143,
-2.990906481511,-2.471290986183,-0.257736212696,0.539098373143,
-2.993866841268,-2.473496083566,-0.260696572453,0.539098373143,
-2.996823899377,-2.475940865447,-0.263653630562,0.539098373143,
-2.999777626682,-2.478289773528,-0.266607357867,0.539098373143,
-3.002727994061,-2.480590744710,-0.269557725246,0.539098373143,
-3.005674972424,-2.482891715892,-0.272504703609,0.539098373143,
-3.008618532716,-2.485048876375,-0.275448263901,0.539098373143,
-3.011558645914,-2.487493658255,-0.278388377099,0.539098373143,
-3.014495283030,-2.489794629437,-0.281325014215,0.539098373143,
-3.017428415110,-2.491951789920,-0.284258146294,0.539098373143,
-3.020358013233,-2.494348634901,-0.287187744418,0.539098373143,
-3.023284048517,-2.496649606083,-0.290113779702,0.539098373143,
-3.026206492111,-2.498998514165,-0.293036223295,0.539098373143,
-3.029125315200,-2.501347422246,-0.295955046385,0.539098373143,
-3.032040489008,-2.503696330327,-0.298870220192,0.539098373143,
-3.034951984790,-2.506045238409,-0.301781715975,0.539098373143,
-3.037859773842,-2.508346209591,-0.304689505027,0.539098373143,
-3.040763827493,-2.510455433174,-0.307593558678,0.539098373143,
-3.043664117111,-2.512852278155,-0.310493848295,0.539098373143,
-3.046560614099,-2.515057375538,-0.313390345284,0.539098373143,
-3.049453289901,-2.517406283619,-0.316283021085,0.539098373143,
-3.052342115994,-2.519563444102,-0.319171847179,0.539098373143,
-3.055227063897,-2.521864415284,-0.322056795082,0.539098373143,
-3.058108105165,-2.524309197165,-0.324937836350,0.539098373143,
-3.060985211392,-2.526658105246,-0.327814942577,0.539098373143,
-3.063858354211,-2.529007013328,-0.330688085396,0.539098373143,
-3.066727505294,-2.531260047610,-0.333557236479,0.539098373143,
-3.069592636353,-2.533608955691,-0.336422367537,0.539098373143,
-3.072453719138,-2.536053737572,-0.339283450322,0.539098373143,
-3.075310725440,-2.538402645653,-0.342140456625,0.539098373143,
-3.078163627090,-2.540751553735,-0.344993358275,0.539098373143,
-3.081012395961,-2.543100461816,-0.347842127145,0.539098373143,
-3.083857003963,-2.545305559199,-0.350686735148,0.539098373143,
-3.086697423051,-2.547750341080,-0.353527154236,0.539098373143,
-3.089533625220,-2.550195122960,-0.356363356404,0.539146310042,
-3.092365582504,-2.552591967941,-0.359195313689,0.539098373143,
-3.095193266983,-2.554940876023,-0.362022998168,0.539098373143,
-3.098016650777,-2.557193910305,-0.364846381961,0.539098373143,
-3.100835706047,-2.559686629085,-0.367665437232,0.539098373143,
-3.103650405001,-2.562035537167,-0.370480136185,0.539098373143,
-3.106460719885,-2.564240634549,-0.373290451069,0.539098373143,
-3.109266622990,-2.566733353330,-0.376096354175,0.539098373143,
-3.112068086653,-2.569034324511,-0.378897817838,0.539098373143,
-3.114865083252,-2.571383232593,-0.381694814437,0.539098373143,
-3.117657585209,-2.573732140674,-0.384487316394,0.539098373143,
-3.120445564992,-2.576128985655,-0.387275296177,0.539098373143,
-3.123228995112,-2.578429956837,-0.390058726297,0.539098373143,
-3.126007848126,-2.581018549417,-0.392837579311,0.539098373143,
-3.128782096635,-2.583415394398,-0.395611827820,0.539098373143,
-3.131551713287,-2.585860176279,-0.398381444472,0.539098373143,
-3.134316670774,-2.588257021260,-0.401146401959,0.539098373143,
-3.137076941834,-2.590653866241,-0.403906673019,0.539098373143,
-3.139832499254,-2.593098648121,-0.406662230438,0.539098373143,
-3.142583315863,-2.595495493103,-0.409413047048,0.539098373143,
-3.145329364540,-2.597892338084,-0.412159095725,0.539098373143,
-3.148070618210,-2.600337119964,-0.414900349395,0.539098373143,
-3.150807049846,-2.602829838745,-0.417636781031,0.539098373143,
-3.153538632468,-2.605322557525,-0.420368363652,0.539098373143,
-3.156265339142,-2.607815276305,-0.423095070327,0.539098373143,
-3.158987142985,-2.610260058186,-0.425816874170,0.539098373143,
-3.161704017161,-2.612704840067,-0.428533748346,0.539098373143,
-3.164415934883,-2.615149621947,-0.431245666068,0.539146310042,
-3.167122869413,-2.617642340728,-0.433952600597,0.539098373143,
-3.169824794060,-2.619991248809,-0.436654525245,0.539098373143,
-3.172521682186,-2.622388093790,-0.439351413370,0.539098373143,
-3.175213507199,-2.624832875671,-0.442043238384,0.539098373143,
-3.177900242560,-2.627277657552,-0.444729973745,0.539098373143,
-3.180581861779,-2.629770376332,-0.447411592964,0.539098373143,
-3.183258338416,-2.632311032012,-0.450088069600,0.539098373143,
-3.185929646081,-2.634803750792,-0.452759377266,0.539098373143,
-3.188595758438,-2.637296469572,-0.455425489622,0.539098373143,
-3.191256649198,-2.639741251453,-0.458086380383,0.539098373143,
-3.193912292128,-2.642233970233,-0.460742023313,0.539098373143,
-3.196562661043,-2.644726689014,-0.463392392227,0.539098373143,
-3.199207729811,-2.647171470894,-0.466037460996,0.539098373143,
-3.201847472354,-2.649712126574,-0.468677203539,0.539098373143,
-3.204481862645,-2.652156908455,-0.471311593829,0.539098373143,
-3.207110874709,-2.654745501035,-0.473940605894,0.539098373143,
-3.209734482626,-2.657190282915,-0.476564213810,0.539098373143,
-3.212352660527,-2.659826812394,-0.479182391712,0.539098373143,
-3.214965382600,-2.662367468074,-0.481795113785,0.539098373143,
-3.217572623083,-2.664812249955,-0.484402354268,0.539098373143,
-3.220174356270,-2.667304968735,-0.487004087455,0.539098373143,
-3.222770556509,-2.669797687516,-0.489600287694,0.539098373143,
-3.225361198203,-2.672290406296,-0.492190929388,0.539098373143,
-3.227946255809,-2.674735188177,-0.494775986993,0.539098373143,
-3.230525703838,-2.677275843857,-0.497355435023,0.539098373143,
-3.233099516860,-2.679720625737,-0.499929248045,0.539194246942,
-3.235667669498,-2.682261281417,-0.502497400682,0.539098373143,
-3.238230136429,-2.684945747796,-0.505059867614,0.539098373143,
-3.240786892390,-2.687438466576,-0.507616623575,0.539098373143,
-3.243337912172,-2.690074996056,-0.510167643356,0.539098373143,
-3.245883170622,-2.692567714836,-0.512712901807,0.539098373143,
-3.248422642646,-2.695156307415,-0.515252373831,0.539098373143,
-3.250956303206,-2.697696963095,-0.517786034391,0.539098373143,
-3.253484127320,-2.700285555675,-0.520313858505,0.539098373143,
-3.256006090066,-2.702730337556,-0.522835821251,0.539146310042,
-3.258522166577,-2.705318930135,-0.525351897762,0.539098373143,
-3.261032332047,-2.707955459614,-0.527862063232,0.539098373143,
-3.263536561726,-2.710544052194,-0.530366292911,0.539146310042,
-3.266034830923,-2.713132644773,-0.532864562108,0.539098373143,
-3.268527115007,-2.715721237353,-0.535356846191,0.539098373143,
-3.271013389404,-2.718357766832,-0.537843120589,0.539098373143,
-3.273493629601,-2.720898422512,-0.540323360786,0.539098373143,
-3.275967811144,-2.723391141292,-0.542797542329,0.539098373143,
-3.278435909638,-2.725979733872,-0.545265640823,0.539098373143,
-3.280897900750,-2.728472452652,-0.547727631934,0.539098373143,
-3.283353760204,-2.731061045232,-0.550183491388,0.539098373143,
-3.285803463786,-2.733649637811,-0.552633194971,0.539098373143,
-3.288246987345,-2.736190293491,-0.555076718530,0.539098373143,
-3.290684306787,-2.738778886071,-0.557514037972,0.539098373143,
-3.293115398083,-2.741415415550,-0.559945129267,0.539098373143,
-3.295540237261,-2.744004008130,-0.562369968446,0.539098373143,
-3.297958800414,-2.746688474508,-0.564788531599,0.539098373143,
-3.300371063697,-2.749229130188,-0.567200794882,0.539098373143,
-3.302777003325,-2.751817722768,-0.569606734509,0.539098373143,
-3.305176595576,-2.754406315348,-0.572006326761,0.539098373143,
-3.307569816792,-2.756899034128,-0.574399547977,0.539098373143,
-3.309956643377,-2.759583500507,-0.576786374562,0.539098373143,
-3.312337051797,-2.762220029986,-0.579166782982,0.539098373143,
-3.314711018583,-2.764760685666,-0.581540749767,0.539098373143,
-3.317078520327,-2.767445152045,-0.583908251512,0.539098373143,
-3.319439533688,-2.769937870825,-0.586269264873,0.539098373143,
-3.321794035388,-2.772526463404,-0.588623766572,0.539146310042,
-3.324142002210,-2.775162992884,-0.590971733395,0.539098373143,
-3.326483411006,-2.777511900965,-0.593313142191,0.539098373143,
-3.328818238690,-2.780148430444,-0.595647969875,0.539098373143,
-3.331146462242,-2.782737023024,-0.597976193427,0.539146310042,
-3.333468058707,-2.785325615603,-0.600297789892,0.539098373143,
-3.335783005193,-2.788058018882,-0.602612736378,0.539098373143,
-3.338091278878,-2.790646611461,-0.604921010063,0.539098373143,
-3.340392857002,-2.793283140941,-0.607222588187,0.539098373143,
-3.342687716873,-2.795919670420,-0.609517448058,0.539098373143,
-3.344975835864,-2.798556199899,-0.611805567049,0.539098373143,
-3.347257191415,-2.801288603177,-0.614086922600,0.539098373143,
-3.349531761034,-2.803829258857,-0.616361492218,0.539098373143,
-3.351799522293,-2.806417851437,-0.618629253478,0.539098373143,
-3.354060452834,-2.809150254715,-0.620890184019,0.539098373143,
-3.356314530365,-2.811738847295,-0.623144261550,0.539098373143,
-3.358561732661,-2.814423313674,-0.625391463846,0.539098373143,
-3.360802037566,-2.817203653852,-0.627631768751,0.539098373143,
-3.363035422992,-2.819888120230,-0.629865154177,0.539098373143,
-3.365261866918,-2.822524649710,-0.632091598103,0.539098373143,
-3.367481347393,-2.825161179189,-0.634311078577,0.539098373143,
-3.369693842532,-2.827701834869,-0.636523573717,0.539098373143,
-3.371899330523,-2.830386301248,-0.638729061708,0.539098373143,
-3.374097789619,-2.832974893827,-0.640927520804,0.539098373143,
-3.376289198146,-2.835659360206,-0.643118929330,0.539098373143,
-3.378473534495,-2.838343826585,-0.645303265680,0.539098373143,
-3.380650777131,-2.841076229863,-0.647480508316,0.539098373143,
-3.382820904588,-2.843808633141,-0.649650635773,0.539098373143,
-3.384983895468,-2.846541036420,-0.651813626652,0.539098373143,
-3.387139728445,-2.849177565899,-0.653969459629,0.539098373143,
-3.389288382263,-2.851909969178,-0.656118113448,0.539098373143,
-3.391429835739,-2.854642372456,-0.658259566924,0.539098373143,
-3.393564067757,-2.857374775734,-0.660393798942,0.539098373143,
-3.395691057276,-2.860011305214,-0.662520788461,0.539098373143,
-3.397810783324,-2.862791645392,-0.664640514508,0.539098373143,
-3.399923225001,-2.865571985570,-0.666752956185,0.539098373143,
-3.402028361479,-2.868304388848,-0.668858092664,0.539098373143,
-3.404126172004,-2.871036792126,-0.670955903188,0.539098373143,
-3.406216635890,-2.873721258505,-0.673046367075,0.539098373143,
-3.408299732528,-2.876453661784,-0.675129463713,0.539098373143,
-3.410375441378,-2.879186065062,-0.677205172563,0.539098373143,
-3.412443741975,-2.881870531441,-0.679273473160,0.539098373143,
-3.414504613927,-2.884411187121,-0.681334345112,0.539098373143,
-3.416558036914,-2.887143590399,-0.683387768099,0.539098373143,
-3.418603990690,-2.889875993678,-0.685433721874,0.539098373143,
-3.420642455082,-2.892656333856,-0.687472186267,0.539098373143,
-3.422673409993,-2.895340800235,-0.689503141178,0.539098373143,
-3.424696835398,-2.898169077312,-0.691526566583,0.539098373143,
-3.426712711347,-2.900853543691,-0.693542442532,0.539098373143,
-3.428721017964,-2.903681820769,-0.695550749149,0.539098373143,
-3.430721735449,-2.906414224047,-0.697551466633,0.539098373143,
-3.432714844073,-2.909098690426,-0.699544575258,0.539098373143,
-3.434700324188,-2.911879030604,-0.701530055373,0.539098373143,
-3.436678156216,-2.914563496983,-0.703507887401,0.539098373143,
-3.438648320657,-2.917439710960,-0.705478051842,0.539098373143,
-3.440610798086,-2.920267988038,-0.707440529271,0.539098373143,
-3.442565569154,-2.923048328216,-0.709395300339,0.539098373143,
-3.444512614587,-2.925876605293,-0.711342345772,0.539146310042,
-3.446451915189,-2.928465197873,-0.713281646373,0.539146310042,
-3.448383451838,-2.931293474951,-0.715213183023,0.539098373143,
-3.450307205490,-2.934025878229,-0.717136936675,0.539098373143,
-3.452223157179,-2.936614470809,-0.719052888364,0.539098373143,
-3.454131288014,-2.939394810987,-0.720961019198,0.539098373143,
-3.456031579180,-2.942079277365,-0.722861310365,0.539098373143,
-3.457924011943,-2.944955491343,-0.724753743127,0.539098373143,
-3.459808567643,-2.947783768420,-0.726638298827,0.539098373143,
-3.461685227699,-2.950516171699,-0.728514958884,0.539098373143,
-3.463553973609,-2.953344448776,-0.730383704794,0.539098373143,
-3.465414786948,-2.956076852055,-0.732244518132,0.539098373143,
-3.467267649368,-2.958953066032,-0.734097380552,0.539098373143,
-3.469112542600,-2.961733406210,-0.735942273785,0.539098373143,
-3.470949448457,-2.964465809489,-0.737779179641,0.539098373143,
-3.472778348825,-2.967198212767,-0.739608080009,0.539098373143,
-3.474599225672,-2.970122363644,-0.741428956857,0.539098373143,
-3.476412061047,-2.972998577621,-0.743241792231,0.539098373143,
-3.478216837074,-2.975826854699,-0.745046568259,0.539098373143,
-3.480013535960,-2.978607194877,-0.746843267145,0.539098373143,
-3.481802139989,-2.981387535055,-0.748631871174,0.539098373143,
-3.483582631528,-2.984119938333,-0.750412362713,0.539098373143,
-3.485354993020,-2.986804404712,-0.752184724205,0.539098373143,
-3.487119206992,-2.989584744890,-0.753948938177,0.539146310042,
-3.488875256048,-2.992317148169,-0.755704987233,0.539098373143,
-3.490623122875,-2.995097488347,-0.757452854060,0.539098373143,
-3.492362790240,-2.997829891625,-0.759192521425,0.539098373143,
-3.494094240990,-3.000658168703,-0.760923972175,0.539098373143,
-3.495817458054,-3.003534382680,-0.762647189239,0.539098373143,
-3.497532424441,-3.006314722858,-0.764362155626,0.539098373143,
-3.499239123243,-3.009095063036,-0.766068854428,0.539098373143,
-3.500937537633,-3.011923340114,-0.767767268817,0.539098373143,
-3.502627650864,-3.014559869593,-0.769457382048,0.539098373143,
-3.504309446272,-3.017292272871,-0.771139177457,0.539098373143,
-3.505982907277,-3.020120549949,-0.772812638462,0.539098373143,
-3.507648017379,-3.022996763926,-0.774477748563,0.539098373143,
-3.509304760159,-3.025920914803,-0.776134491344,0.539098373143,
-3.510953119283,-3.028701254981,-0.777782850468,0.539098373143,
-3.512593078500,-3.031577468959,-0.779422809685,0.539098373143,
-3.514224621640,-3.034309872237,-0.781054352824,0.539098373143,
-3.515847732616,-3.037186086214,-0.782677463800,0.539146310042,
-3.517462395425,-3.039870552593,-0.784292126609,0.539098373143,
-3.519068594147,-3.042698829671,-0.785898325332,0.539098373143,
-3.520666312946,-3.045431232949,-0.787496044131,0.539098373143,
-3.522255536070,-3.048307446927,-0.789085267254,0.539098373143,
-3.523836247848,-3.051183660904,-0.790665979033,0.539098373143,
-3.525408432696,-3.054107811781,-0.792238163881,0.539098373143,
-3.526972075112,-3.056936088858,-0.793801806297,0.539098373143,
-3.528527159681,-3.059812302836,-0.795356890865,0.539098373143,
-3.530073671068,-3.062688516813,-0.796903402253,0.539098373143,
-3.531611594027,-3.065516793891,-0.798441325212,0.539098373143,
-3.533140913394,-3.068345070968,-0.799970644579,0.539098373143,
-3.534661614090,-3.071269221845,-0.801491345275,0.539146310042,
-3.536173681122,-3.074289246521,-0.803003412307,0.539098373143,
-3.537677099583,-3.077165460499,-0.804506830767,0.539098373143,
-3.539171854647,-3.080185485175,-0.806001585832,0.539098373143,
-3.540657931579,-3.083013762252,-0.807487662763,0.539098373143,
-3.542135315725,-3.085889976230,-0.808965046910,0.539098373143,
-3.543603992520,-3.088766190207,-0.810433723704,0.539098373143,
-3.545063947482,-3.091642404184,-0.811893678667,0.539098373143,
-3.546515166218,-3.094326870563,-0.813344897403,0.539098373143,
-3.547957634419,-3.097251021440,-0.814787365603,0.539098373143,
-3.549391337862,-3.100175172317,-0.816221069047,0.539098373143,
-3.550816262412,-3.103099323194,-0.817645993597,0.539098373143,
-3.552232394020,-3.106071410970,-0.819062125205,0.539098373143,
-3.553639718724,-3.108995561847,-0.820469449908,0.539098373143,
-3.555038222647,-3.111775902025,-0.821867953832,0.539098373143,
-3.556427892001,-3.114556242203,-0.823257623186,0.539098373143,
-3.557808713084,-3.117528329980,-0.824638444269,0.539146310042,
-3.559180672283,-3.120356607058,-0.826010403468,0.539098373143,
-3.560543756070,-3.123184884135,-0.827373487254,0.539098373143,
-3.561897951005,-3.126109035012,-0.828727682190,0.539146310042,
-3.563243243737,-3.128985248989,-0.830072974922,0.539098373143,
-3.564579621002,-3.131909399866,-0.831409352187,0.539098373143,
-3.565907069624,-3.134881487643,-0.832736800809,0.539098373143,
-3.567225576514,-3.137757701620,-0.834055307699,0.539098373143,
-3.568535128673,-3.140633915597,-0.835364859858,0.539146310042,
-3.569835713189,3.139675177605,-0.836665444374,0.539098373143,
-3.571127317239,3.136894837427,-0.837957048424,0.539098373143,
-3.572409928088,3.134066560349,-0.839239659273,0.539098373143,
-3.573683533090,3.131142409472,-0.840513264275,0.539098373143,
-3.574948119688,3.128218258595,-0.841777850872,0.539098373143,
-3.576203675413,3.125294107719,-0.843033406598,0.539098373143,
-3.577450187886,3.122417893741,-0.844279919071,0.539098373143,
-3.578687644818,3.119541679764,-0.845517376003,0.539098373143,
-3.579916034007,3.116713402686,-0.846745765192,0.539098373143,
-3.581135343342,3.113789251809,-0.847965074527,0.539098373143,
-3.582345560801,3.111008911631,-0.849175291986,0.539098373143,
-3.583546674452,3.108132697654,-0.850376405637,0.539098373143,
-3.584738672452,3.105208546777,-0.851568403637,0.539098373143,
-3.585921543049,3.102332332800,-0.852751274233,0.539098373143,
-3.587095274579,3.099360245023,-0.853925005764,0.539098373143,
-3.588259855472,3.096436094146,-0.855089586657,0.539098373143,
-3.589415274243,3.093559880169,-0.856245005428,0.539098373143,
-3.590561519502,3.090683666192,-0.857391250687,0.539098373143,
-3.591698579947,3.087807452215,-0.858528311132,0.539098373143,
-3.592826444366,3.085075048936,-0.859656175551,0.539098373143,
-3.593945101640,3.082246771858,-0.860774832825,0.539098373143,
-3.595054540739,3.079274684082,-0.861884271924,0.539098373143,
-3.596154750725,3.076350533205,-0.862984481910,0.539098373143,
-3.597245720749,3.073474319228,-0.864075451934,0.539098373143,
-3.598327440056,3.070502231451,-0.865157171240,0.539098373143,
-3.599399897979,3.067626017474,-0.866229629164,0.539098373143,
-3.600463083946,3.064749803497,-0.867292815130,0.539098373143,
-3.601516987473,3.061873589519,-0.868346718657,0.539098373143,
-3.602561598169,3.059045312442,-0.869391329354,0.539098373143,
-3.603596905735,3.056169098464,-0.870426636920,0.539098373143,
-3.604622899963,3.053197010688,-0.871452631148,0.539098373143,
-3.605639570738,3.050176986012,-0.872469301923,0.539098373143,
-3.606646908035,3.047396645834,-0.873476639220,0.539098373143,
-3.607644901922,3.044424558057,-0.874474633107,0.539098373143,
-3.608633542560,3.041548344080,-0.875463273745,0.539098373143,
-3.609612820201,3.038768003902,-0.876442551386,0.539098373143,
-3.610582725190,3.035843853025,-0.877412456375,0.539098373143,
-3.611543247964,3.033063512847,-0.878372979148,0.539098373143,
-3.612494379052,3.030235235769,-0.879324110236,0.539098373143,
-3.613436109076,3.027359021792,-0.880265840261,0.539098373143,
-3.614368428753,3.024434870915,-0.881198159938,0.539098373143,
-3.615291328889,3.021558656938,-0.882121060073,0.539098373143,
-3.616204800385,3.018586569161,-0.883034531569,0.539098373143,
-3.617108834234,3.015710355184,-0.883938565419,0.539098373143,
-3.618003421523,3.012834141207,-0.884833152708,0.539098373143,
-3.618888553432,3.009909990330,-0.885718284617,0.539098373143,
-3.619764221234,3.007081713252,-0.886593952419,0.539098373143,
-3.620630416295,3.004205499275,-0.887460147480,0.539098373143,
-3.621487130075,3.001233411498,-0.888316861260,0.539098373143,
-3.622334354127,2.998261323722,-0.889164085312,0.539098373143,
-3.623172080097,2.995289235945,-0.890001811282,0.539098373143,
-3.624000299726,2.992365085068,-0.890830030911,0.539098373143,
-3.624819004849,2.989440934191,-0.891648736033,0.539098373143,
-3.625628187392,2.986564720214,-0.892457918577,0.539098373143,
-3.626427839378,2.983688506237,-0.893257570562,0.539146310042,
-3.627217952922,2.980812292260,-0.894047684107,0.539098373143,
-3.627998520235,2.977936078282,-0.894828251420,0.539098373143,
-3.628769533620,2.975059864305,-0.895599264805,0.539098373143,
-3.629530985475,2.972039839629,-0.896360716660,0.539098373143,
-3.630282868293,2.969163625652,-0.897112599478,0.539098373143,
-3.631025174661,2.966239474775,-0.897854905846,0.539098373143,
-3.631757897259,2.963315323898,-0.898587628444,0.539098373143,
-3.632481028864,2.960439109920,-0.899310760048,0.539098373143,
-3.633194562345,2.957514959044,-0.900024293530,0.539098373143,
-3.633898490667,2.954638745066,-0.900728221852,0.539098373143,
-3.634592806891,2.951762531089,-0.901422538075,0.539098373143,
-3.635277504169,2.948790443312,-0.902107235354,0.539098373143,
-3.635952575752,2.945818355536,-0.902782306937,0.539098373143,
-3.636618014984,2.942798330860,-0.903447746169,0.539098373143,
-3.637273815303,2.939922116882,-0.904103546488,0.539098373143,
-3.637919970243,2.936950029106,-0.904749701428,0.539050436243,
-3.638556473435,2.934025878229,-0.905386204620,0.539050436243,
-3.639183318601,2.931101727352,-0.906013049786,0.539146310042,
-3.639800499563,2.928273450274,-0.906630230747,0.539146310042,
-3.640408010234,2.925397236297,-0.907237741418,0.539098373143,
-3.641005844624,2.922521022320,-0.907835575809,0.539098373143,
-3.641593996840,2.919596871443,-0.908423728025,0.539098373143,
-3.642172461082,2.916624783666,-0.909002192267,0.539098373143,
-3.642741231647,2.913700632790,-0.909570962832,0.539098373143,
-3.643300302927,2.910824418812,-0.910130034112,0.539098373143,
-3.643849669411,2.907948204835,-0.910679400595,0.539098373143,
-3.644389325680,2.905071990858,-0.911219056865,0.539098373143,
-3.644919266415,2.902195776880,-0.911748997600,0.539098373143,
-3.645439486391,2.899319562903,-0.912269217576,0.539098373143,
-3.645949980478,2.896395412026,-0.912779711663,0.539098373143,
-3.646450743643,2.893423324250,-0.913280474828,0.539098373143,
-3.646941770949,2.890355362674,-0.913771502134,0.539098373143,
-3.647423057555,2.887575022496,-0.914252788740,0.539098373143,
-3.647894598715,2.884602934719,-0.914724329900,0.539098373143,
-3.648356389780,2.881726720742,-0.915186120964,0.539098373143,
-3.648808426196,2.878802569865,-0.915638157381,0.539098373143,
-3.649250703508,2.876070166587,-0.916080434693,0.539098373143,
-3.649683217354,2.873193952609,-0.916512948539,0.539098373143,
-3.650105963471,2.870317738632,-0.916935694655,0.539098373143,
-3.650518937689,2.867393587755,-0.917348668873,0.539098373143,
-3.650922135937,2.864469436878,-0.917751867122,0.539098373143,
-3.651315554240,2.861545286001,-0.918145285424,0.539098373143,
-3.651699188718,2.858669072024,-0.918528919903,0.539098373143,
-3.652073035590,2.855936668746,-0.918902766775,0.539098373143,
-3.652437091170,2.852964580969,-0.919266822354,0.539098373143,
-3.652791351867,2.850088366992,-0.919621083052,0.539098373143,
-3.653135814189,2.847212153015,-0.919965545374,0.539098373143,
-3.653470474740,2.844288002138,-0.920300205925,0.539098373143,
-3.653795330220,2.841220040562,-0.920625061405,0.539098373143,
-3.654110377427,2.838295889685,-0.920940108611,0.539098373143,
-3.654415613253,2.835275865009,-0.921245344438,0.539098373143,
-3.654711034690,2.832447587931,-0.921540765874,0.539098373143,
-3.654996638824,2.829571373954,-0.921826370009,0.539098373143,
-3.655272422841,2.826647223077,-0.922102154025,0.539098373143,
-3.655538384020,2.823818945999,-0.922368115204,0.539098373143,
-3.655794519739,2.820990668922,-0.922624250924,0.539098373143,
-3.656040827474,2.818018581145,-0.922870558658,0.539098373143,
-3.656277304794,2.814998556469,-0.923107035979,0.539098373143,
-3.656503949370,2.812074405592,-0.923333680555,0.539098373143,
-3.656720758967,2.809150254715,-0.923550490151,0.539098373143,
-3.656927731446,2.806274040738,-0.923757462630,0.539098373143,
-3.657124864767,2.803445763660,-0.923954595951,0.539098373143,
-3.657312156986,2.800521612783,-0.924141888171,0.539098373143,
-3.657489606257,2.797693335706,-0.924319337442,0.539098373143,
-3.657657210830,2.794817121728,-0.924486942015,0.539098373143,
-3.657814969053,2.791797097052,-0.924644700238,0.539098373143,
-3.657962879370,2.788825009276,-0.924792610555,0.539098373143,
-3.658100940323,2.785900858399,-0.924930671508,0.539098373143,
-3.658229150551,2.782976707522,-0.925058881735,0.539098373143,
-3.658347508789,2.780100493545,-0.925177239973,0.539098373143,
-3.658456013870,2.777224279567,-0.925285745055,0.539098373143,
-3.658554664726,2.774348065590,-0.925384395911,0.539098373143,
-3.658643460383,2.771519788512,-0.925473191567,0.539098373143,
-3.658722399965,2.768643574535,-0.925552131150,0.539098373143,
-3.658791482694,2.765719423658,-0.925621213879,0.539098373143,
-3.658850707890,2.762747335882,-0.925680439075,0.539098373143,
-3.658900074968,2.759823185005,-0.925729806153,0.539146310042,
-3.658939583442,2.757138718626,-0.925769314626,0.539098373143,
-3.658969232921,2.754358378448,-0.925798964106,0.539098373143,
-3.658989023114,2.751530101370,-0.925818754299,0.539098373143,
-3.658998953826,2.748797698092,-0.925828685011,0.539098373143,
-3.658999024958,2.746209105512,-0.925828756143,0.539098373143,
-3.658989236510,2.743476702234,-0.925818967695,0.539098373143,
-3.658969588579,2.740792235855,-0.925799319764,0.539098373143,
-3.658940081358,2.738203643275,-0.925769812542,0.539098373143,
-3.658900715137,2.735471239997,-0.925730446322,0.539098373143,
-3.658851490306,2.732882647418,-0.925681221491,0.539098373143,
-3.658792407350,2.730389928637,-0.925622138534,0.539098373143,
-3.658723466850,2.727897209857,-0.925553198035,0.539098373143,
-3.658644669488,2.725500364876,-0.925474400672,0.539098373143,
-3.658556016039,2.723103519895,-0.925385747223,0.539098373143,
-3.658457507378,2.720706674914,-0.925287238562,0.539098373143,
-3.658349144475,2.718405703732,-0.925178875660,0.539098373143,
-3.658230928401,2.716056795650,-0.925060659586,0.539098373143,
-3.658102860319,2.713755824469,-0.924932591504,0.539098373143,
-3.657964941493,2.711502790186,-0.924794672678,0.539098373143,
-3.657817173283,2.709249755904,-0.924646904468,0.539098373143,
-3.657659557145,2.707140532321,-0.924489288330,0.539098373143,
-3.657492094634,2.705031308737,-0.924321825819,0.539098373143,
-3.657314787400,2.702826211355,-0.924144518585,0.539098373143,
-3.657127637192,2.700908735370,-0.923957368377,0.539098373143,
-3.656930645855,2.698943322486,-0.923760377040,0.539098373143,
-3.656723815332,2.697025846501,-0.923553546516,0.539098373143,
-3.656507147660,2.695108370516,-0.923336878845,0.539098373143,
-3.656280644978,2.693286768330,-0.923110376163,0.539098373143,
-3.656044309518,2.691513103044,-0.922874040703,0.539098373143,
-3.655798143610,2.689643563959,-0.922627874795,0.539098373143,
-3.655542149681,2.687869898673,-0.922371880866,0.539098373143,
-3.655276330256,2.686192107186,-0.922106061440,0.539098373143,
-3.655000687954,2.684418441900,-0.921830419139,0.539098373143,
-3.654715225495,2.682740650414,-0.921544956679,0.539098373143,
-3.654419945692,2.681158732726,-0.921249676876,0.539098373143,
-3.654114851456,2.679576815038,-0.920944582641,0.539098373143,
-3.653799945797,2.678138708050,-0.920629676982,0.539098373143,
-3.653475231818,2.676556790362,-0.920304963003,0.539098373143,
-3.653140712722,2.675070746474,-0.919970443906,0.539098373143,
-3.652796391806,2.673680576385,-0.919626122990,0.539098373143,
-3.652442272465,2.672434216995,-0.919272003650,0.539098373143,
-3.652078358191,2.670948173107,-0.918908089376,0.539098373143,
-3.651704652572,2.669605939917,-0.918534383757,0.539098373143,
-3.651321159293,2.668359580527,-0.918150890477,0.539098373143,
-3.650927882133,2.667257031836,-0.917757613318,0.539098373143,
-3.650524824972,2.665914798646,-0.917354556157,0.539098373143,
-3.650111991784,2.664716376156,-0.916941722968,0.539098373143,
-3.649689386637,2.663661764364,-0.916519117822,0.539098373143,
-3.649257013700,2.662511278773,-0.916086744884,0.539098373143,
-3.648814877235,2.661408730082,-0.915644608419,0.539098373143,
-3.648362981601,2.660306181391,-0.915192712786,0.539098373143,
-3.647901331254,2.659107758900,-0.914731062439,0.539098373143,
-3.647429930746,2.658196957807,-0.914259661931,0.539098373143,
-3.646948784724,2.657190282915,-0.913778515909,0.539098373143,
-3.646457897933,2.656183608023,-0.913287629118,0.539098373143,
-3.645957275212,2.655320743830,-0.912787006396,0.539098373143,
-3.645446921497,2.654362005838,-0.912276652682,0.539098373143,
-3.644926841820,2.653451204745,-0.911756573005,0.539098373143,
-3.644397041309,2.652684214351,-0.911226772494,0.539098373143,
-3.643857525188,2.651869287057,-0.910687256373,0.539098373143,
-3.643308298776,2.651006422864,-0.910138029960,0.539098373143,
-3.642749367487,2.650335306269,-0.909579098672,0.539098373143,
-3.642180736834,2.649616252775,-0.909010468019,0.539098373143,
-3.641602412422,2.648849262381,-0.908432143607,0.539098373143,
-3.641014399953,2.648226082686,-0.907844131138,0.539098373143,
-3.640416705225,2.647507029192,-0.907246436410,0.539098373143,
-3.639809334132,2.646931786396,-0.906639065316,0.539098373143,
-3.639192292660,2.646356543601,-0.906022023845,0.539098373143,
-3.638565586895,2.645685427006,-0.905395318080,0.539098373143,
-3.637929223015,2.645158121110,-0.904758954200,0.539098373143,
-3.637283207295,2.644678752114,-0.904112938480,0.539098373143,
-3.636627546104,2.644151446218,-0.903457277289,0.539098373143,
-3.635962245906,2.643767951021,-0.902791977091,0.539098373143,
-3.635287313262,2.643192708226,-0.902117044446,0.539098373143,
-3.634602754825,2.642761276129,-0.901432486010,0.539098373143,
-3.633908577345,2.642377780932,-0.900738308530,0.539098373143,
-3.633204787667,2.641994285735,-0.900034518852,0.539098373143,
-3.632491392729,2.641610790538,-0.899321123914,0.539098373143,
-3.631768399566,2.641323169141,-0.898598130751,0.539098373143,
-3.631035815305,2.640891737044,-0.897865546490,0.539098373143,
-3.630293647171,2.640604115646,-0.897123378355,0.539098373143,
-3.629541902479,2.640268557349,-0.896371633664,0.539098373143,
-3.628780588642,2.640076809750,-0.895610319827,0.539098373143,
-3.628009713167,2.639789188353,-0.894839444352,0.539098373143,
-3.627229283654,2.639549503855,-0.894059014839,0.539098373143,
-3.626439307797,2.639309819356,-0.893269038982,0.539098373143,
-3.625639793386,2.639118071758,-0.892469524571,0.539098373143,
-3.624830748303,2.638830450360,-0.891660479488,0.539098373143,
-3.624012180525,2.638638702762,-0.890841911710,0.539098373143,
-3.623184098124,2.638542828963,-0.890013829308,0.539098373143,
-3.622346509262,2.638494892063,-0.889176240447,0.539098373143,
-3.621499422199,2.638207270665,-0.888329153384,0.539098373143,
-3.620642845288,2.638207270665,-0.887472576472,0.539098373143,
-3.619776786972,2.638159333766,-0.886606518157,0.539098373143,
-3.618901255791,2.638015523067,-0.885730986976,0.539098373143,
-3.618016260378,2.637967586167,-0.884845991563,0.539098373143,
-3.617121809458,2.637919649267,-0.883951540643,0.539098373143,
-3.616217911851,2.637919649267,-0.883047643035,0.539098373143,
-3.615304576467,2.637967586167,-0.882134307652,0.539098373143,
-3.614381812313,2.637919649267,-0.881211543498,0.539098373143,
-3.613449628486,2.637919649267,-0.880279359671,0.539098373143,
-3.612508034178,2.637967586167,-0.879337765363,0.539098373143,
-3.611557038672,2.638015523067,-0.878386769856,0.539098373143,
-3.610596651344,2.638159333766,-0.877426382529,0.539098373143,
-3.609626881664,2.638159333766,-0.876456612849,0.539098373143,
-3.608647739193,2.638255207565,-0.875477470378,0.539098373143,
-3.607659233585,2.638351081364,-0.874488964770,0.539098373143,
-3.606661374586,2.638494892063,-0.873491105771,0.539098373143,
-3.605654172035,2.638638702762,-0.872483903220,0.539098373143,
-3.604637635863,2.638830450360,-0.871467367047,0.539098373143,
-3.603611776091,2.638926324160,-0.870441507276,0.539098373143,
-3.602576602835,2.639118071758,-0.869406334020,0.539098373143,
-3.601532126301,2.639309819356,-0.868361857486,0.539098373143,
-3.600478356787,2.639501566955,-0.867308087972,0.539098373143,
-3.599415304683,2.639789188353,-0.866245035868,0.539098373143,
-3.598342980470,2.639932999052,-0.865172711655,0.539098373143,
-3.597261394720,2.640268557349,-0.864091125905,0.539098373143,
-3.596170558099,2.640508241847,-0.863000289284,0.539098373143,
-3.595070481360,2.640699989446,-0.861900212545,0.539098373143,
-3.593961175351,2.641035547743,-0.860790906536,0.539098373143,
-3.592842651008,2.641323169141,-0.859672382193,0.539098373143,
-3.591714919360,2.641610790538,-0.858544650545,0.539098373143,
-3.590577991526,2.641946348836,-0.857407722710,0.539098373143,
-3.589431878715,2.642233970233,-0.856261609899,0.539098373143,
-3.588276592227,2.642569528531,-0.855106323412,0.539098373143,
-3.587112143454,2.642905086828,-0.853941874639,0.539098373143,
-3.585938543876,2.643192708226,-0.852768275061,0.539098373143,
-3.584755805065,2.643624140322,-0.851585536249,0.539098373143,
-3.583563938681,2.644007635519,-0.850393669866,0.539098373143,
-3.582362956476,2.644391130716,-0.849192687661,0.539098373143,
-3.581152870292,2.644822562813,-0.847982601477,0.539098373143,
-3.579933692059,2.645253994910,-0.846763423243,0.539098373143,
-3.578705433797,2.645685427006,-0.845535164982,0.539098373143,
-3.577468107618,2.646116859103,-0.844297838803,0.539098373143,
-3.576221725720,2.646596228099,-0.843051456905,0.539098373143,
-3.574966300392,2.647075597095,-0.841796031577,0.539098373143,
-3.573701844013,2.647554966091,-0.840531575198,0.539098373143,
-3.572428369049,2.648034335088,-0.839258100233,0.539098373143,
-3.571145888056,2.648513704084,-0.837975619241,0.539098373143,
-3.569854413679,2.649041009980,-0.836684144864,0.539098373143,
-3.568553958651,2.649568315875,-0.835383689836,0.539098373143,
-3.567244535795,2.650191495571,-0.834074266980,0.539098373143,
-3.565926158021,2.650670864567,-0.832755889206,0.539098373143,
-3.564598838327,2.651246107362,-0.831428569512,0.539098373143,
-3.563262589800,2.651821350158,-0.830092320985,0.539098373143,
-3.561917425615,2.652492466752,-0.828747156800,0.539098373143,
-3.560563359036,2.653115646447,-0.827393090220,0.539098373143,
-3.559200403411,2.653738826143,-0.826030134596,0.539098373143,
-3.557828572180,2.654362005838,-0.824658303365,0.539098373143,
-3.556447878869,2.655033122432,-0.823277610053,0.539098373143,
-3.555058337089,2.655608365228,-0.821888068274,0.539098373143,
-3.553659960543,2.656279481822,-0.820489691728,0.539098373143,
-3.552252763016,2.657046472216,-0.819082494201,0.539098373143,
-3.550836758384,2.657669651912,-0.817666489569,0.539098373143,
-3.549411960608,2.658388705406,-0.816241691793,0.539098373143,
-3.547978383735,2.659107758900,-0.814808114920,0.539098373143,
-3.546536041901,2.659922686194,-0.813365773086,0.539098373143,
-3.545084949325,2.660641739688,-0.811914680510,0.539098373143,
-3.543625120316,2.661408730082,-0.810454851501,0.539098373143,
-3.542156569266,2.662175720476,-0.808986300451,0.539098373143,
-3.540679310655,2.662942710870,-0.807509041840,0.539098373143,
-3.539193359048,2.663661764364,-0.806023090233,0.539098373143,
-3.537698729096,2.664524628557,-0.804528460281,0.539098373143,
-3.536195435535,2.665339555851,-0.803025166720,0.539098373143,
-3.534683493188,2.666154483144,-0.801513224373,0.539098373143,
-3.533162916961,2.666969410438,-0.799992648145,0.539098373143,
-3.531633721846,2.667784337732,-0.798463453031,0.539098373143,
-3.530095922921,2.668599265025,-0.796925654106,0.539098373143,
-3.528549535348,2.669414192319,-0.795379266533,0.539098373143,
-3.526994574374,2.670277056512,-0.793824305558,0.539098373143,
-3.525431055329,2.671283731404,-0.792260786514,0.539098373143,
-3.523858993630,2.672050721798,-0.790688724815,0.539098373143,
-3.522278404777,2.672913585991,-0.789108135962,0.539098373143,
-3.520689304353,2.673920260883,-0.787519035538,0.539098373143,
-3.519091708026,2.674687251277,-0.785921439211,0.539098373143,
-3.517485631549,2.675598052370,-0.784315362733,0.539098373143,
-3.515871090755,2.676556790362,-0.782700821940,0.539098373143,
-3.514248101565,2.677467591455,-0.781077832749,0.539098373143,
-3.512616679979,2.678426329448,-0.779446411164,0.539098373143,
-3.510976842083,2.679433004340,-0.777806573268,0.539098373143,
-3.509328604046,2.680535553031,-0.776158335231,0.539098373143,
-3.507671982118,2.681398417224,-0.774501713303,0.539098373143,
-3.506006992632,2.682548902815,-0.772836723817,0.539098373143,
-3.504333652006,2.683603514607,-0.771163383191,0.539098373143,
-3.502651976737,2.684658126398,-0.769481707922,0.539098373143,
-3.500961983406,2.685712738190,-0.767791714590,0.539098373143,
-3.499263688675,2.686671476182,-0.766093419860,0.539098373143,
-3.497557109290,2.687726087974,-0.764386840475,0.539098373143,
-3.495842262076,2.688828636665,-0.762671993261,0.539098373143,
-3.494119163941,2.690027059156,-0.760948895126,0.539098373143,
-3.492387831874,2.691129607847,-0.759217563059,0.539098373143,
-3.490648282945,2.692136282739,-0.757478014130,0.539098373143,
-3.488900534306,2.693238831431,-0.755730265491,0.539098373143,
-3.487144603188,2.694485190821,-0.753974334373,0.539098373143,
-3.485380506905,2.695587739512,-0.752210238090,0.539098373143,
-3.483608262850,2.696738225103,-0.750437994034,0.539098373143,
-3.481827888495,2.697888710694,-0.748657619680,0.539098373143,
-3.480039401396,2.698943322486,-0.746869132581,0.539098373143,
-3.478242819185,2.700093808076,-0.745072550370,0.539098373143,
-3.476438159577,2.701244293667,-0.743267890762,0.539098373143,
-3.474625440364,2.702538589957,-0.741455171549,0.539098373143,
-3.472804679420,2.703737012448,-0.739634410605,0.539098373143,
-3.470975894695,2.704839561139,-0.737805625880,0.539098373143,
-3.469139104222,2.706181794328,-0.735968835407,0.539098373143,
-3.467294326110,2.707332279919,-0.734124057295,0.539098373143,
-3.465441578549,2.708674513109,-0.732271309733,0.539098373143,
-3.463580879804,2.709872935599,-0.730410610989,0.539098373143,
-3.461712248223,2.711263105688,-0.728541979407,0.539098373143,
-3.459835702228,2.712557401978,-0.726665433413,0.539098373143,
-3.457951260323,2.713755824469,-0.724780991507,0.539098373143,
-3.456058941086,2.715193931457,-0.722888672271,0.539098373143,
-3.454158763176,2.716488227747,-0.720988494360,0.539098373143,
-3.452250745327,2.717782524037,-0.719080476511,0.539098373143,
-3.450334906351,2.719124757226,-0.717164637536,0.539098373143,
-3.448411265139,2.720419053516,-0.715240996323,0.539098373143,
-3.446479840655,2.721713349806,-0.713309571840,0.539098373143,
-3.444540651944,2.723055582995,-0.711370383129,0.539098373143,
-3.442593718125,2.724397816185,-0.709423449310,0.539098373143,
-3.440639058394,2.725644175575,-0.707468789579,0.539098373143,
-3.438676692023,2.727082282563,-0.705506423208,0.539098373143,
-3.436706638361,2.728472452652,-0.703536369545,0.539098373143,
-3.434728916830,2.729910559641,-0.701558648015,0.539098373143,
-3.432743546931,2.731108982132,-0.699573278116,0.539098373143,
-3.430750548238,2.732642962919,-0.697580279423,0.539098373143,
-3.428749940403,2.734129006808,-0.695579671587,0.539098373143,
-3.426741743149,2.735567113796,-0.693571474334,0.539098373143,
-3.424725976277,2.736957283885,-0.691555707462,0.539098373143,
-3.422702659662,2.738443327774,-0.689532390846,0.539098373143,
-3.420671813252,2.739881434762,-0.687501544437,0.539098373143,
-3.418633457071,2.741367478651,-0.685463188256,0.539098373143,
-3.416587611217,2.742853522539,-0.683417342401,0.539098373143,
-3.414534295860,2.744339566427,-0.681364027044,0.539098373143,
-3.412473531245,2.745825610315,-0.679303262430,0.539098373143,
-3.410405337691,2.747359591103,-0.677235068876,0.539098373143,
-3.408329735590,2.748749761192,-0.675159466774,0.539098373143,
-3.406246745405,2.750235805080,-0.673076476589,0.539098373143,
-3.404156387674,2.751769785868,-0.670986118859,0.539098373143,
-3.402058683008,2.753255829757,-0.668888414192,0.539098373143,
-3.399953652088,2.754789810545,-0.666783383273,0.539098373143,
-3.397841315670,2.756323791332,-0.664671046855,0.539098373143,
-3.395721694581,2.757857772120,-0.662551425765,0.539098373143,
-3.393594809718,2.759487626707,-0.660424540903,0.539098373143,
-3.391460682052,2.761021607495,-0.658290413237,0.539098373143,
-3.389319332626,2.762603525183,-0.656149063810,0.539098373143,
-3.387170782550,2.764281316670,-0.654000513735,0.539098373143,
-3.385015053011,2.765911171257,-0.651844784195,0.539098373143,
-3.382852165261,2.767445152045,-0.649681896446,0.539098373143,
-3.380682140627,2.769075006632,-0.647511871811,0.539098373143,
-3.378505000503,2.770752798118,-0.645334731688,0.539098373143,
-3.376320766356,2.772286778906,-0.643150497541,0.539098373143,
-3.374129459721,2.773868696594,-0.640959190906,0.539098373143,
-3.371931102204,2.775498551181,-0.638760833388,0.539098373143,
-3.369725715479,2.777128405768,-0.636555446664,0.539098373143,
-3.367513321291,2.778758260355,-0.634343052475,0.539098373143,
-3.365293941452,2.780388114942,-0.632123672637,0.539098373143,
-3.363067597846,2.782113843329,-0.629897329031,0.539098373143,
-3.360834312423,2.783791634815,-0.627664043608,0.539098373143,
-3.358594107203,2.785469426302,-0.625423838387,0.539098373143,
-3.356347004272,2.787147217789,-0.623176735456,0.539098373143,
-3.354093025786,2.788825009276,-0.620922756971,0.539098373143,
-3.351832193969,2.790646611461,-0.618661925154,0.539098373143,
-3.349564531112,2.792324402948,-0.616394262296,0.539098373143,
-3.347290059572,2.794098068234,-0.614119790756,0.539098373143,
-3.345008801775,2.795871733520,-0.611838532960,0.539098373143,
-3.342720780214,2.797597461906,-0.609550511398,0.539098373143,
-3.340426017447,2.799227316494,-0.607255748632,0.539098373143,
-3.338124536100,2.801000981780,-0.604954267284,0.539098373143,
-3.335816358864,2.802726710166,-0.602646090048,0.539098373143,
-3.333501508497,2.804452438552,-0.600331239682,0.539098373143,
-3.331180007823,2.806274040738,-0.598009739008,0.539098373143,
-3.328851879730,2.807999769124,-0.595681610915,0.539098373143,
-3.326517147174,2.809821371310,-0.593346878359,0.539098373143,
-3.324175833173,2.811547099696,-0.591005564358,0.539098373143,
-3.321827960812,2.813416638782,-0.588657691997,0.539098373143,
-3.319473553240,2.815238240967,-0.586303284425,0.539098373143,
-3.317112633670,2.817155716952,-0.583942364855,0.539098373143,
-3.314745225381,2.819025256037,-0.581574956566,0.539098373143,
-3.312371351713,2.820846858223,-0.579201082898,0.539098373143,
-3.309991036073,2.822716397308,-0.576820767258,0.539098373143,
-3.307604301929,2.824537999494,-0.574434033114,0.539098373143,
-3.305211172814,2.826359601679,-0.572040903999,0.539098373143,
-3.302811672322,2.828229140765,-0.569641403507,0.539098373143,
-3.300405824112,2.830098679850,-0.567235555297,0.539098373143,
-3.297993651905,2.832064092734,-0.564823383090,0.539098373143,
-3.295575179483,2.833837758020,-0.562404910668,0.539098373143,
-3.293150430692,2.835707297105,-0.559980161877,0.539098373143,
-3.290719429439,2.837624773090,-0.557549160624,0.539098373143,
-3.288282199692,2.839590185975,-0.555111930877,0.539098373143,
-3.285838765482,2.841555598859,-0.552668496666,0.539098373143,
-3.283389150899,2.843521011744,-0.550218882084,0.539098373143,
-3.280933380096,2.845486424628,-0.547763111281,0.539098373143,
-3.278471477287,2.847451837513,-0.545301208471,0.539098373143,
-3.276003466743,2.849417250397,-0.542833197928,0.539098373143,
-3.273529372799,2.851334726382,-0.540359103984,0.539098373143,
-3.271049219849,2.853252202367,-0.537878951034,0.539098373143,
-3.268563032345,2.855217615251,-0.535392763530,0.539098373143,
-3.266070834801,2.857183028136,-0.532900565986,0.539098373143,
-3.263572651788,2.859148441020,-0.530402382973,0.539098373143,
-3.261068507938,2.861257664604,-0.527898239123,0.539098373143,
-3.258558427940,2.863127203689,-0.525388159125,0.539098373143,
-3.256042436543,2.865140553473,-0.522872167728,0.539098373143,
-3.253520558554,2.867201840157,-0.520350289738,0.539098373143,
-3.250992818836,2.869359000640,-0.517822550021,0.539098373143,
-3.248459242313,2.871276476625,-0.515288973498,0.539098373143,
-3.245919853965,2.873433637108,-0.512749585150,0.539098373143,
-3.243374678829,2.875494923791,-0.510204410013,0.539098373143,
-3.240823741999,2.877364462876,-0.507653473183,0.539098373143,
-3.238267068626,2.879473686460,-0.505096799811,0.539098373143,
-3.235704683919,2.881391162445,-0.502534415104,0.539098373143,
-3.233136613141,2.883452449128,-0.499966344326,0.539098373143,
-3.230562881613,2.885609609611,-0.497392612798,0.539098373143,
-3.227983514710,2.887575022496,-0.494813245895,0.539098373143,
-3.225398537864,2.889636309180,-0.492228269049,0.539098373143,
-3.222807976562,2.891745532763,-0.489637707747,0.539098373143,
-3.220211856346,2.893902693246,-0.487041587530,0.539098373143,
-3.217610202811,2.896059853729,-0.484439933996,0.539098373143,
-3.215003041611,2.898312888011,-0.481832772795,0.539098373143,
-3.212390398449,2.900422111594,-0.479220129634,0.539098373143,
-3.209772299086,2.902531335178,-0.476602030271,0.539098373143,
-3.207148769335,2.904496748062,-0.473978500520,0.539098373143,
-3.204519835064,2.906749782344,-0.471349566248,0.539098373143,
-3.201885522191,2.908763132129,-0.468715253376,0.539098373143,
-3.199245856691,2.910872355712,-0.466075587876,0.539098373143,
-3.196600864590,2.913029516195,-0.463430595774,0.539098373143,
-3.193950571965,2.915330487377,-0.460780303150,0.539098373143,
-3.191295004949,2.917487647860,-0.458124736133,0.539098373143,
-3.188634189723,2.919692745242,-0.455463920908,0.539098373143,
-3.185968152522,2.921801968826,-0.452797883707,0.539098373143,
-3.183296919633,2.924007066208,-0.450126650817,0.539098373143,
-3.180620517392,2.926212163591,-0.447450248577,0.539098373143,
-3.177938972188,2.928417260973,-0.444768703372,0.539098373143,
-3.175252310459,2.930574421456,-0.442082041644,0.539098373143,
-3.172560558696,2.932875392638,-0.439390289881,0.539098373143,
-3.169863743437,2.935128426920,-0.436693474622,0.539098373143,
-3.167161891273,2.937237650504,-0.433991622458,0.539098373143,
-3.164455028842,2.939586558585,-0.431284760026,0.539098373143,
-3.161743182832,2.941743719068,-0.428572914017,0.539098373143,
-3.159026379983,2.944140564049,-0.425856111167,0.539098373143,
-3.156304647079,2.946489472131,-0.423134378264,0.539098373143,
-3.153578010957,2.948790443312,-0.420407742142,0.539098373143,
-3.150846498499,2.951139351394,-0.417676229684,0.539098373143,
-3.148110136638,2.953440322576,-0.414939867823,0.539098373143,
-3.145368952353,2.955597483059,-0.412198683538,0.539098373143,
-3.142622972671,2.957946391140,-0.409452703856,0.539098373143,
-3.139872224666,2.960295299222,-0.406701955850,0.539098373143,
-3.137116735459,2.962500396604,-0.403946466644,0.539098373143,
-3.134356532218,2.964801367786,-0.401186263403,0.539098373143,
-3.131591642158,2.967342023466,-0.398421373343,0.539098373143,
-3.128822092540,2.969642994648,-0.395651823725,0.539098373143,
-3.126047910669,2.972087776528,-0.392877641854,0.539098373143,
-3.123269123899,2.974292873911,-0.390098855084,0.539098373143,
-3.120485759628,2.976785592691,-0.387315490812,0.539098373143,
-3.117697845297,2.979230374572,-0.384527576481,0.539098373143,
-3.114905408394,2.981483408854,-0.381735139579,0.539098373143,
-3.112108476453,2.983784380036,-0.378938207638,0.539098373143,
-3.109307077049,2.986037414318,-0.376136808234,0.539098373143,
-3.106501237804,2.988530133099,-0.373330968988,0.539098373143,
-3.103690986380,2.990879041180,-0.370520717565,0.539098373143,
-3.100876350488,2.993275886161,-0.367706081673,0.539098373143,
-3.098057357877,2.995672731142,-0.364887089062,0.539098373143,
-3.095234036342,2.998117513023,-0.362063767527,0.539098373143,
-3.092406413720,3.000610231803,-0.359236144905,0.539098373143,
-3.089574517889,3.003102950583,-0.356404249074,0.539098373143,
-3.086738376772,3.005451858665,-0.353568107957,0.539098373143,
-3.083898018331,3.007848703646,-0.350727749516,0.539098373143,
-3.081053470571,3.010245548627,-0.347883201756,0.539098373143,
-3.078204761538,3.012642393608,-0.345034492723,0.539098373143,
-3.075351919320,3.015135112388,-0.342181650505,0.539098373143,
-3.072494972044,3.017484020470,-0.339324703229,0.539098373143,
-3.069633947878,3.019928802351,-0.336463679063,0.539098373143,
-3.066768875031,3.022421521131,-0.333598606216,0.539098373143,
-3.063899781752,3.024914239911,-0.330729512937,0.539098373143,
-3.061026696329,3.027406958692,-0.327856427514,0.539098373143,
-3.058149647088,3.029899677472,-0.324979378273,0.539098373143,
-3.055268662397,3.032392396252,-0.322098393582,0.539098373143,
-3.052383770661,3.034837178133,-0.319213501846,0.539098373143,
-3.049495000324,3.037234023114,-0.316324731509,0.539098373143,
-3.046602379867,3.039726741894,-0.313432111052,0.539098373143,
-3.043705937812,3.042171523775,-0.310535668997,0.539098373143,
-3.040805702715,3.044664242555,-0.307635433900,0.539098373143,
-3.037901703172,3.047156961336,-0.304731434357,0.539098373143,
-3.034993967815,3.049697617016,-0.301823698999,0.539098373143,
-3.032082525313,3.052334146495,-0.298912256497,0.539098373143,
-3.029167404371,3.054826865275,-0.295997135556,0.539098373143,
-3.026248633733,3.057367520955,-0.293078364918,0.539098373143,
-3.023326242175,3.059956113535,-0.290155973360,0.539098373143,
-3.020400258511,3.062257084716,-0.287229989696,0.539098373143,
-3.017470711590,3.064941551095,-0.284300442775,0.539098373143,
-3.014537630296,3.067434269875,-0.281367361481,0.539098373143,
-3.011601043549,3.070070799355,-0.278430774734,0.539098373143,
-3.008660980302,3.072659391934,-0.275490711486,0.539098373143,
-3.005717469542,3.075200047614,-0.272547200727,0.539098373143,
-3.002770540291,3.077884513993,-0.269600271476,0.539098373143,
-2.999820221606,3.080521043472,-0.266649952791,0.539098373143,
-2.996866542574,3.083109636052,-0.263696273759,0.539098373143,
-2.993909532319,3.085602354832,-0.260739263503,0.539098373143,
-2.990949219994,3.088143010512,-0.257778951179,0.539098373143,
-2.987985634787,3.090683666192,-0.254815365972,0.539098373143,
-2.985018805919,3.093368132571,-0.251848537104,0.539098373143,
-2.982048762641,3.095860851351,-0.248878493825,0.539098373143,
-2.979075534235,3.098545317730,-0.245905265420,0.539098373143,
-2.976099150018,3.101181847209,-0.242928881203,0.539146310042,
-2.973119639335,3.103770439788,-0.239949370520,0.539098373143,
-2.970137031562,3.106454906167,-0.236966762747,0.539098373143,
-2.967151356108,3.109091435646,-0.233981087293,0.539098373143,
-2.964162642409,3.111680028226,-0.230992373594,0.539098373143,
-2.961170919933,3.114316557705,-0.228000651118,0.539146310042,
-2.958176218177,3.116905150285,-0.225005949362,0.539098373143,
-2.955178566669,3.119541679764,-0.222008297853,0.539098373143,
-2.952177994962,3.122178209243,-0.219007726147,0.539098373143,
-2.949174532643,3.124862675622,-0.216004263827,0.539098373143,
-2.946168209323,3.127547142001,-0.212997940507,0.539098373143,
-2.943159054644,3.130327482179,-0.209988785828,0.539098373143,
-2.940147098274,3.132964011658,-0.206976829459,0.539098373143,
-2.937132369912,3.135696414936,-0.203962101096,0.539098373143,
-2.934114899280,3.138428818215,-0.200944630464,0.539098373143,
-2.931094716129,3.140969473895,-0.197924447314,0.539098373143,
-2.928071850238,-3.139531366906,-0.194901581423,0.539098373143,
-2.925046331410,-3.136751026728,-0.191876062595,0.539098373143,
-2.922018189476,-3.134066560349,-0.188847920661,0.539098373143,
-2.918987454293,-3.131334157071,-0.185817185478,0.539098373143,
-2.915954155741,-3.128553816893,-0.182783886926,0.539098373143,
-2.912918323729,-3.125821413614,-0.179748054913,0.539098373143,
-2.909879988187,-3.123136947236,-0.176709719372,0.539098373143,
-2.906839179074,-3.120356607058,-0.173668910259,0.539098373143,
-2.903795926369,-3.117720077578,-0.170625657554,0.539098373143,
-2.900750260079,-3.114987674300,-0.167579991264,0.539098373143,
-2.897702210232,-3.112255271021,-0.164531941417,0.539098373143,
-2.894651806881,-3.109474930843,-0.161481538066,0.539098373143,
-2.891599080102,-3.106790464465,-0.158428811286,0.539098373143,
-2.888544059992,-3.103962187387,-0.155373791177,0.539098373143,
-2.885486776674,-3.100990099610,-0.152316507859,0.539098373143,
-2.882427260292,-3.098209759432,-0.149256991476,0.539098373143,
-2.879365541009,-3.095429419254,-0.146195272194,0.539098373143,
-2.876301649015,-3.092649079076,-0.143131380199,0.539098373143,
-2.873235614517,-3.089916675798,-0.140065345702,0.539098373143,
-2.870167467746,-3.087136335620,-0.136997198930,0.539098373143,
-2.867097238951,-3.084403932341,-0.133926970136,0.539098373143,
-2.864024958405,-3.081431844565,-0.130854689590,0.539098373143,
-2.860950656399,-3.078651504387,-0.127780387584,0.539098373143,
-2.857874363244,-3.075823227309,-0.124704094429,0.539098373143,
-2.854796109271,-3.072947013332,-0.121625840456,0.539098373143,
-2.851715924831,-3.070070799355,-0.118545656016,0.539098373143,
-2.848633840292,-3.067242522277,-0.115463571477,0.539098373143,
-2.845549886044,-3.064462182099,-0.112379617228,0.539098373143,
-2.842464092491,-3.061681841921,-0.109293823676,0.539098373143,
-2.839376490060,-3.058901501743,-0.106206221245,0.539098373143,
-2.836287109193,-3.056073224665,-0.103116840378,0.539098373143,
-2.833195980349,-3.053244947588,-0.100025711534,0.539098373143,
-2.830103134006,-3.050416670510,-0.096932865191,0.539098373143,
-2.827008600658,-3.047492519633,-0.093838331843,0.539098373143,
-2.823912410816,-3.044664242555,-0.090742142001,0.539098373143,
-2.820814595007,-3.041835965478,-0.087644326192,0.539098373143,
-2.817715183775,-3.039055625300,-0.084544914960,0.539098373143,
-2.814614207678,-3.036323222021,-0.081443938862,0.539098373143,
-2.811511697290,-3.033447008044,-0.078341428475,0.539098373143,
-2.808407683202,-3.030570794067,-0.075237414386,0.539098373143,
-2.805302196017,-3.027790453889,-0.072131927201,0.539098373143,
-2.802195266354,-3.024914239911,-0.069024997538,0.539098373143,
-2.799086924846,-3.022038025934,-0.065916656031,0.539098373143,
-2.795977202141,-3.019161811957,-0.062806933326,0.539098373143,
-2.792866128898,-3.016333534879,-0.059695860083,0.539098373143,
-2.789753735793,-3.013505257801,-0.056583466978,0.539098373143,
-2.786640053511,-3.010868728322,-0.053469784696,0.539146310042,
-2.783525112752,-3.008088388144,-0.050354843937,0.539098373143,
-2.780408944229,-3.005212174167,-0.047238675414,0.539098373143,
-2.777291578666,-3.002479770888,-0.044121309850,0.539098373143,
-2.774173046798,-2.999555620012,-0.041002777982,0.539098373143,
-2.771053379373,-2.996679406034,-0.037883110557,0.539098373143,
-2.767932607149,-2.993803192057,-0.034762338334,0.539098373143,
-2.764810760897,-2.991022851879,-0.031640492081,0.539098373143,
-2.761687871395,-2.988194574801,-0.028517602580,0.539098373143,
-2.758563969436,-2.985318360824,-0.025393700621,0.539098373143,
-2.755439085819,-2.982442146847,-0.022268817003,0.539098373143,
-2.752313251353,-2.979613869769,-0.019142982538,0.539098373143,
-2.749186496860,-2.976737655792,-0.016016228045,0.539098373143,
-2.746058853166,-2.973813504915,-0.012888584351,0.539098373143,
-2.742930351110,-2.970793480239,-0.009760082295,0.539098373143,
-2.739801021537,-2.967917266261,-0.006630752722,0.539098373143,
-2.736670895302,-2.965041052284,-0.003500626486,0.539098373143,
-2.733540003265,-2.962164838307,-0.000369734450,0.539098373143,
-2.730408376296,-2.959336561229,0.002761892519,0.539098373143,
-2.727276045272,-2.956460347252,0.005894223543,0.539098373143,
-2.724143041076,-2.953584133275,0.009027227739,0.539098373143,
-2.721009394599,-2.950659982398,0.012160874216,0.539098373143,
-2.717875136737,-2.947831705320,0.015295132079,0.539098373143,
-2.714740298391,-2.944811680644,0.018429970424,0.539098373143,
-2.711604910472,-2.941935466667,0.021565358343,0.539098373143,
-2.708469003892,-2.939107189589,0.024701264924,0.539098373143,
-2.705332609569,-2.936087164913,0.027837659246,0.539098373143,
-2.702195758429,-2.933402698534,0.030974510387,0.539098373143,
-2.699058481398,-2.930526484557,0.034111787418,0.539098373143,
-2.695920809408,-2.927554396780,0.037249459407,0.539098373143,
-2.692782773397,-2.924630245903,0.040387495418,0.539098373143,
-2.689644404304,-2.921706095026,0.043525864511,0.539098373143,
-2.686505733072,-2.918686070350,0.046664535744,0.539098373143,
-2.683366790646,-2.915761919473,0.049803478169,0.539098373143,
-2.680227607976,-2.912837768596,0.052942660839,0.539098373143,
-2.677088216013,-2.909961554619,0.056082052802,0.539098373143,
-2.673948645710,-2.907133277541,0.059221623106,0.539098373143,
-2.670808928021,-2.904161189765,0.062361340795,0.539098373143,
-2.667669093903,-2.901380849587,0.065501174912,0.539098373143,
-2.664529174313,-2.898456698710,0.068641094502,0.539098373143,
-2.661389200211,-2.895532547833,0.071781068605,0.539098373143,
-2.658249202554,-2.892512523157,0.074921066262,0.539098373143,
-2.655109212301,-2.889636309180,0.078061056514,0.539098373143,
-2.651969260413,-2.886712158303,0.081201008402,0.539098373143,
-2.648829377847,-2.883835944325,0.084340890968,0.539098373143,
-2.645689595561,-2.881007667248,0.087480673254,0.539098373143,
-2.642549944513,-2.878035579471,0.090620324302,0.539098373143,
-2.639410455658,-2.875207302394,0.093759813158,0.539098373143,
-2.636271159949,-2.872283151517,0.096899108866,0.539098373143,
-2.633132088340,-2.869311063740,0.100038180475,0.539098373143,
-2.629993271781,-2.866338975964,0.103176997035,0.539098373143,
-2.626854741218,-2.863318951287,0.106315527598,0.539098373143,
-2.623716527596,-2.860346863511,0.109453741219,0.539098373143,
-2.620578661857,-2.857518586433,0.112591606958,0.539098373143,
-2.617441174939,-2.854594435556,0.115729093876,0.539098373143,
-2.614304097776,-2.851622347780,0.118866171039,0.539098373143,
-2.611167461299,-2.848794070702,0.122002807516,0.539098373143,
-2.608031296434,-2.845869919825,0.125138972382,0.539098373143,
-2.604895634101,-2.842849895149,0.128274634714,0.539098373143,
-2.601760505217,-2.839973681172,0.131409763598,0.539098373143,
-2.598625940694,-2.836905719596,0.134544328122,0.539098373143,
-2.595491971436,-2.833981568719,0.137678297379,0.539098373143,
-2.592358628344,-2.831153291641,0.140811640471,0.539098373143,
-2.589225942310,-2.828325014564,0.143944326505,0.539098373143,
-2.586093944223,-2.825496737486,0.147076324592,0.539098373143,
-2.582962664962,-2.822524649710,0.150207603853,0.539098373143,
-2.579832135400,-2.819600498833,0.153338133415,0.539098373143,
-2.576702386403,-2.816676347956,0.156467882412,0.539098373143,
-2.573573448829,-2.813704260179,0.159596819986,0.539098373143,
-2.570445353528,-2.810636298603,0.162724915287,0.539098373143,
-2.567318131342,-2.807855958425,0.165852137473,0.539098373143,
-2.564191813105,-2.804835933749,0.168978455711,0.539098373143,
-2.561066429639,-2.802151467370,0.172103839176,0.539098373143,
-2.557942011760,-2.799179379594,0.175228257055,0.539098373143,
-2.554818590275,-2.796303165617,0.178351678541,0.539098373143,
-2.551696195977,-2.793379014740,0.181474072838,0.539098373143,
-2.548574859654,-2.790454863863,0.184595409161,0.539098373143,
-2.545454612079,-2.787530712986,0.187715656736,0.539098373143,
-2.542335484018,-2.784558625209,0.190834784797,0.539098373143,
-2.539217506224,-2.781682411232,0.193952762591,0.539098373143,
-2.536100709438,-2.778758260355,0.197069559377,0.539098373143,
-2.532985124392,-2.775977920177,0.200185144423,0.539098373143,
-2.529870781803,-2.773005832401,0.203299487013,0.539098373143,
-2.526757712377,-2.770177555323,0.206412556438,0.539098373143,
-2.523645946809,-2.767253404446,0.209524322007,0.539098373143,
-2.520535515778,-2.764329253569,0.212634753037,0.539098373143,
-2.517426449953,-2.761357165793,0.215743818862,0.539098373143,
-2.514318779988,-2.758385078016,0.218851488828,0.539098373143,
-2.511212536522,-2.755508864039,0.221957732293,0.539098373143,
-2.508107750183,-2.752680586961,0.225062518632,0.539098373143,
-2.505004451582,-2.749708499185,0.228165817233,0.539098373143,
-2.501902671317,-2.746880222107,0.231267597499,0.539098373143,
-2.498802439969,-2.743956071230,0.234367828846,0.539098373143,
-2.495703788106,-2.741127794152,0.237466480709,0.539098373143,
-2.492606746279,-2.738107769476,0.240563522536,0.539098373143,
-2.489511345024,-2.735135681700,0.243658923791,0.539098373143,
-2.486417614860,-2.732115657024,0.246752653955,0.539098373143,
-2.483325586290,-2.729287379946,0.249844682525,0.539098373143,
-2.480235289801,-2.726459102868,0.252934979014,0.539098373143,
-2.477146755860,-2.723534951991,0.256023512955,0.539098373143,
-2.474060014921,-2.720562864215,0.259110253894,0.539098373143,
-2.470975097417,-2.717638713338,0.262195171398,0.539098373143,
-2.467892033763,-2.714618688662,0.265278235052,0.539098373143,
-2.464810854359,-2.711694537785,0.268359414457,0.539098373143,
-2.461731589582,-2.708626576209,0.271438679233,0.539098373143,
-2.458654269793,-2.705702425332,0.274515999022,0.539098373143,
-2.455578925334,-2.702826211355,0.277591343481,0.539098373143,
-2.452505586526,-2.699758249779,0.280664682289,0.539098373143,
-2.449434283671,-2.696929972701,0.283735985145,0.539098373143,
-2.446365047050,-2.694005821825,0.286805221765,0.539098373143,
-2.443297906925,-2.691081670948,0.289872361890,0.539098373143,
-2.440232893537,-2.688109583171,0.292937375278,0.539050436243,
-2.437170037106,-2.685233369194,0.296000231709,0.539098373143,
-2.434109367830,-2.682213344518,0.299060900985,0.539098373143,
-2.431050915886,-2.679337130540,0.302119352930,0.539098373143,
-2.427994711429,-2.676365042764,0.305175557387,0.539098373143,
-2.424940784592,-2.673440891887,0.308229484224,0.539098373143,
-2.421889165485,-2.670516741010,0.311281103330,0.539098373143,
-2.418839884197,-2.667640527033,0.314330384618,0.539098373143,
-2.415792970792,-2.664716376156,0.317377298024,0.539098373143,
-2.412748455311,-2.661792225279,0.320421813505,0.539098373143,
-2.409706367772,-2.658772200603,0.323463901044,0.539098373143,
-2.406666738168,-2.655800112826,0.326503530647,0.539098373143,
-2.403629596470,-2.652875961949,0.329540672345,0.539098373143,
-2.400594972622,-2.649808000374,0.332575296194,0.539098373143,
-2.397562896544,-2.646979723296,0.335607372271,0.539098373143,
-2.394533398131,-2.644103509319,0.338636870684,0.539098373143,
-2.391506507254,-2.641179358442,0.341663761561,0.539098373143,
-2.388482253755,-2.638303144464,0.344688015060,0.539098373143,
-2.385460667453,-2.635426930487,0.347709601362,0.539098373143,
-2.382441778140,-2.632454842711,0.350728490675,0.539098373143,
-2.379425615580,-2.629482754934,0.353744653235,0.539098373143,
-2.376412209511,-2.626558604057,0.356758059304,0.539098373143,
-2.373401589645,-2.623634453180,0.359768679170,0.539098373143,
-2.370393785665,-2.620710302303,0.362776483150,0.539098373143,
-2.367388827226,-2.617929962125,0.365781441589,0.539098373143,
-2.364386743957,-2.614909937449,0.368783524858,0.539098373143,
-2.361387565457,-2.611937849673,0.371782703358,0.539098373143,
-2.358391321296,-2.609061635695,0.374778947519,0.539098373143,
-2.355398041016,-2.606089547919,0.377772227800,0.539098373143,
-2.352407754129,-2.603069523243,0.380762514686,0.539098373143,
-2.349420490119,-2.600097435466,0.383749778696,0.539098373143,
-2.346436278440,-2.597173284589,0.386733990376,0.539098373143,
-2.343455148512,-2.594249133712,0.389715120303,0.539098373143,
-2.340477129731,-2.591372919735,0.392693139084,0.539098373143,
-2.337502251457,-2.588496705758,0.395668017358,0.539098373143,
-2.334530543022,-2.585572554881,0.398639725793,0.539098373143,
-2.331562033726,-2.582696340904,0.401608235089,0.539098373143,
-2.328596752837,-2.579772190027,0.404573515979,0.539098373143,
-2.325634729591,-2.576800102250,0.407535539225,0.539098373143,
-2.322675993192,-2.573875951373,0.410494275623,0.539098373143,
-2.319720572814,-2.571047674296,0.413449696002,0.539098373143,
-2.316768497594,-2.568123523419,0.416401771221,0.539098373143,
-2.313819796639,-2.565199372542,0.419350472176,0.539098373143,
-2.310874499023,-2.562275221665,0.422295769793,0.539098373143,
-2.307932633784,-2.559446944587,0.425237635032,0.539098373143,
-2.304994229928,-2.556570730610,0.428176038887,0.539098373143,
-2.302059316427,-2.553598642833,0.431110952389,0.539098373143,
-2.299127922217,-2.550626555057,0.434042346598,0.539098373143,
-2.296200076202,-2.547702404180,0.436970192614,0.539098373143,
-2.293275807247,-2.544778253303,0.439894461568,0.539050436243,
-2.290355144187,-2.541902039326,0.442815124629,0.539098373143,
-2.287438115816,-2.539073762248,0.445732152999,0.539098373143,
-2.284524750896,-2.536149611371,0.448645517919,0.539098373143,
-2.281615078151,-2.533273397394,0.451555190664,0.539098373143,
-2.278709126270,-2.530397183417,0.454461142545,0.539098373143,
-2.275806923904,-2.527473032540,0.457363344911,0.539098373143,
-2.272908499668,-2.524500944763,0.460261769147,0.539098373143,
-2.270013882138,-2.521672667686,0.463156386677,0.539098373143,
-2.267123099855,-2.518700579909,0.466047168960,0.539098373143,
-2.264236181320,-2.515776429032,0.468934087495,0.539098373143,
-2.261353154998,-2.512996088854,0.471817113817,0.539098373143,
-2.258474049313,-2.510024001078,0.474696219502,0.539098373143,
-2.255598892653,-2.507195724000,0.477571376162,0.539098373143,
-2.252727713366,-2.504271573123,0.480442555449,0.539098373143,
-2.249860539760,-2.501251548447,0.483309729056,0.539098373143,
-2.246997400104,-2.498327397570,0.486172868712,0.539098373143,
-2.244138322627,-2.495307372894,0.489031946188,0.539098373143,
-2.241283335520,-2.492383222017,0.491886933295,0.539098373143,
-2.238432466931,-2.489507008040,0.494737801884,0.539098373143,
-2.235585744968,-2.486582857163,0.497584523847,0.539098373143,
-2.232743197699,-2.483658706286,0.500427071116,0.539098373143,
-2.229904853151,-2.480734555409,0.503265415665,0.539098373143,
-2.227070739307,-2.477714530733,0.506099529508,0.539098373143,
-2.224240884112,-2.474742442956,0.508929384703,0.539098373143,
-2.221415315467,-2.471818292079,0.511754953348,0.539098373143,
-2.218594061230,-2.468798267403,0.514576207585,0.539098373143,
-2.215777149219,-2.465922053426,0.517393119597,0.539098373143,
-2.212964607206,-2.463045839449,0.520205661610,0.539098373143,
-2.210156462922,-2.460121688572,0.523013805893,0.539098373143,
-2.207352744054,-2.457197537695,0.525817524761,0.539098373143,
-2.204553478246,-2.454321323717,0.528616790569,0.539098373143,
-2.201758693098,-2.451205425242,0.531411575717,0.539098373143,
-2.198968416164,-2.448329211265,0.534201852651,0.539050436243,
-2.196182674957,-2.445261249689,0.536987593858,0.539098373143,
-2.193401496941,-2.442289161912,0.539768771874,0.539098373143,
-2.190624909539,-2.439412947935,0.542545359276,0.539098373143,
-2.187852940127,-2.436536733958,0.545317328689,0.539098373143,
-2.185085616034,-2.433660519981,0.548084652781,0.539098373143,
-2.182322964546,-2.430736369104,0.550847304269,0.539098373143,
-2.179565012901,-2.427812218227,0.553605255914,0.539098373143,
-2.176811788292,-2.424840130450,0.556358480524,0.539098373143,
-2.174063317864,-2.421963916473,0.559106950952,0.539098373143,
-2.171319628715,-2.418991828696,0.561850640100,0.539098373143,
-2.168580747899,-2.416115614719,0.564589520917,0.539098373143,
-2.165846702418,-2.413143526943,0.567323566397,0.539098373143,
-2.163117519230,-2.410219376066,0.570052749585,0.539098373143,
-2.160393225243,-2.407343162088,0.572777043573,0.539098373143,
-2.157673847317,-2.404466948111,0.575496421498,0.539098373143,
-2.154959412265,-2.401590734134,0.578210856551,0.539098373143,
-2.152249946849,-2.398618646357,0.580920321966,0.539098373143,
-2.149545477785,-2.395598621681,0.583624791031,0.539098373143,
-2.146846031736,-2.392722407704,0.586324237079,0.539098373143,
-2.144151635318,-2.389846193727,0.589018633497,0.539098373143,
-2.141462315098,-2.386874105950,0.591707953717,0.539098373143,
-2.138778097590,-2.384045828872,0.594392171225,0.539098373143,
-2.136099009260,-2.381169614895,0.597071259555,0.539098373143,
