-0.214805247204,-0.214805247204,-2.104909262377,-2.104861325477,
-0.211663659771,-0.214805247204,-2.101767674945,-2.104861325477,
-0.208522103345,-0.214805247204,-2.098626118518,-2.104861325477,
-0.205380608931,-0.214805247204,-2.095484624104,-2.104813388578,
-0.202239207535,-0.214805247204,-2.092343222708,-2.104813388578,
-0.199097930160,-0.214805247204,-2.089201945333,-2.104813388578,
-0.195956807810,-0.214805247204,-2.086060822983,-2.104861325477,
-0.192815871486,-0.214805247204,-2.082919886659,-2.104909262377,
-0.189675152189,-0.214805247204,-2.079779167362,-2.104765451678,
-0.186534680915,-0.214805247204,-2.076638696089,-2.104909262377,
-0.183394488661,-0.214805247204,-2.073498503834,-2.104861325477,
-0.180254606418,-0.214805247204,-2.070358621591,-2.104909262377,
-0.177115065176,-0.214805247204,-2.067219080350,-2.104861325477,
-0.173975895921,-0.214805247204,-2.064079911094,-2.104813388578,
-0.170837129635,-0.214805247204,-2.060941144808,-2.104765451678,
-0.167698797297,-0.214805247204,-2.057802812470,-2.104909262377,
-0.164560929880,-0.214805247204,-2.054664945053,-2.104861325477,
-0.161423558355,-0.214805247204,-2.051527573528,-2.104861325477,
-0.158286713685,-0.214805247204,-2.048390728858,-2.104765451678,
-0.155150426830,-0.214805247204,-2.045254442003,-2.104765451678,
-0.152014728744,-0.214805247204,-2.042118743917,-2.104861325477,
-0.148879650375,-0.214805247204,-2.038983665548,-2.104861325477,
-0.145745222665,-0.214805247204,-2.035849237839,-2.104861325477,
-0.142611476550,-0.214805247204,-2.032715491723,-2.104909262377,
-0.139478442958,-0.214805247204,-2.029582458131,-2.104909262377,
-0.136346152811,-0.214805247204,-2.026450167985,-2.104861325477,
-0.133214637024,-0.214805247204,-2.023318652197,-2.104861325477,
-0.130083926503,-0.214805247204,-2.020187941676,-2.104813388578,
-0.126954052148,-0.214805247204,-2.017058067321,-2.104861325477,
-0.123825044848,-0.214805247204,-2.013929060021,-2.104765451678,
-0.120696935486,-0.214805247204,-2.010800950659,-2.104909262377,
-0.117569754935,-0.214805247204,-2.007673770108,-2.104765451678,
-0.114443534059,-0.214805247204,-2.004547549232,-2.104861325477,
-0.111318303712,-0.214805247204,-2.001422318885,-2.104909262377,
-0.108194094740,-0.214805247204,-1.998298109913,-2.104765451678,
-0.105070937977,-0.214805247204,-1.995174953150,-2.104813388578,
-0.101948864247,-0.214805247204,-1.992052879420,-2.104861325477,
-0.098827904364,-0.214805247204,-1.988931919537,-2.104861325477,
-0.095708089131,-0.214805247204,-1.985812104304,-2.104861325477,
-0.092589449338,-0.214805247204,-1.982693464511,-2.104813388578,
-0.089472015766,-0.214805247204,-1.979576030939,-2.104861325477,
-0.086355819182,-0.214805247204,-1.976459834356,-2.104765451678,
-0.083240890343,-0.214805247204,-1.973344905516,-2.104861325477,
-0.080127259990,-0.214805247204,-1.970231275163,-2.104765451678,
-0.077014958854,-0.214805247204,-1.967118974028,-2.104765451678,
-0.073904017654,-0.214805247204,-1.964008032827,-2.104813388578,
-0.070794467091,-0.214805247204,-1.960898482264,-2.104909262377,
-0.067686337856,-0.214805247204,-1.957790353030,-2.104861325477,
-0.064579660626,-0.214805247204,-1.954683675799,-2.104861325477,
-0.061474466061,-0.214805247204,-1.951578481235,-2.104813388578,
-0.058370784810,-0.214805247204,-1.948474799983,-2.104909262377,
-0.055268647503,-0.214805247204,-1.945372662676,-2.104861325477,
-0.052168084758,-0.214805247204,-1.942272099932,-2.104861325477,
-0.049069127176,-0.214805247204,-1.939173142350,-2.104861325477,
-0.045971805343,-0.214805247204,-1.936075820516,-2.104765451678,
-0.042876149828,-0.214805247204,-1.932980165001,-2.104813388578,
-0.039782191183,-0.214805247204,-1.929886206356,-2.104861325477,
-0.036689959945,-0.214805247204,-1.926793975118,-2.104861325477,
-0.033599486633,-0.214805247204,-1.923703501806,-2.104765451678,
-0.030510801749,-0.214805247204,-1.920614816922,-2.104861325477,
-0.027423935776,-0.214805247204,-1.917527950950,-2.104861325477,
-0.024338919182,-0.214805247204,-1.914442934355,-2.104813388578,
-0.021255782412,-0.214805247204,-1.911359797586,-2.104765451678,
-0.018174555898,-0.214805247204,-1.908278571072,-2.104909262377,
-0.015095270050,-0.214805247204,-1.905199285223,-2.104813388578,
-0.012017955258,-0.214805247204,-1.902121970431,-2.104765451678,
-0.008942641895,-0.214805247204,-1.899046657068,-2.104861325477,
-0.005869360312,-0.214805247204,-1.895973375486,-2.104861325477,
-0.002798140843,-0.214805247204,-1.892902156016,-2.104861325477,
0.000270986202,-0.214805247204,-1.889833028971,-2.104909262377,
0.003337990532,-0.214805247204,-1.886766024641,-2.104861325477,
0.006402841876,-0.214805247204,-1.883701173297,-2.104861325477,
0.009465509986,-0.214805247204,-1.880638505188,-2.104813388578,
0.012525964633,-0.214805247204,-1.877578050540,-2.104765451678,
0.015584175614,-0.214805247204,-1.874519839559,-2.104861325477,
0.018640112744,-0.214805247204,-1.871463902429,-2.104909262377,
0.021693745863,-0.214805247204,-1.868410269310,-2.104909262377,
0.024745044832,-0.214805247204,-1.865358970341,-2.104765451678,
0.027793979537,-0.214805247204,-1.862310035637,-2.104909262377,
0.030840519885,-0.214805247204,-1.859263495288,-2.104909262377,
0.033884635809,-0.214805247204,-1.856219379364,-2.104765451678,
0.036926297264,-0.214805247204,-1.853177717909,-2.104861325477,
0.039965474230,-0.214805247204,-1.850138540943,-2.104909262377,
0.043002136713,-0.214805247204,-1.847101878460,-2.104861325477,
0.046036254741,-0.214805247204,-1.844067760433,-2.104861325477,
0.049067798368,-0.214805247204,-1.841036216805,-2.104861325477,
0.052096737675,-0.214805247204,-1.838007277498,-2.104765451678,
0.055123042768,-0.214805247204,-1.834980972406,-2.104765451678,
0.058146683777,-0.214805247204,-1.831957331396,-2.104861325477,
0.061167630861,-0.214805247204,-1.828936384312,-2.104765451678,
0.064185854204,-0.214805247204,-1.825918160969,-2.104861325477,
0.067201324018,-0.214805247204,-1.822902691155,-2.104909262377,
0.070214010541,-0.214805247204,-1.819890004633,-2.104861325477,
0.073223884039,-0.214805247204,-1.816880131135,-2.104909262377,
0.076230914805,-0.214805247204,-1.813873100368,-2.104861325477,
0.079235073163,-0.214805247204,-1.810868942010,-2.104861325477,
0.082236329461,-0.214805247204,-1.807867685712,-2.104909262377,
0.085234654079,-0.214805247204,-1.804869361094,-2.104861325477,
0.088230017424,-0.214805247204,-1.801873997749,-2.104861325477,
0.091222389934,-0.214805247204,-1.798881625239,-2.104765451678,
0.094211742075,-0.214805247204,-1.795892273099,-2.104813388578,
0.097198044342,-0.214805247204,-1.792905970831,-2.104909262377,
0.100181267264,-0.214805247204,-1.789922747909,-2.104861325477,
0.103161381396,-0.214805247204,-1.786942633778,-2.104861325477,
0.106138357325,-0.214805247204,-1.783965657848,-2.104861325477,
0.109112165671,-0.214805247204,-1.780991849502,-2.104861325477,
0.112082777083,-0.214805247204,-1.778021238090,-2.104861325477,
0.115050162242,-0.214805247204,-1.775053852931,-2.104813388578,
0.118014291862,-0.214805247204,-1.772089723312,-2.104861325477,
0.120975136687,-0.214805247204,-1.769128878486,-2.104861325477,
0.123932667495,-0.214805247204,-1.766171347678,-2.104813388578,
0.126886855097,-0.214805247204,-1.763217160076,-2.104765451678,
0.129837670337,-0.214805247204,-1.760266344837,-2.104909262377,
0.132785084089,-0.214805247204,-1.757318931084,-2.104765451678,
0.135729067266,-0.214805247204,-1.754374947907,-2.104861325477,
0.138669590811,-0.214805247204,-1.751434424363,-2.104813388578,
0.141606625701,-0.214805247204,-1.748497389472,-2.104765451678,
0.144540142951,-0.214805247204,-1.745563872222,-2.104861325477,
0.147470113607,-0.214805247204,-1.742633901566,-2.104861325477,
0.150396508751,-0.214805247204,-1.739707506422,-2.104765451678,
0.153319299502,-0.214805247204,-1.736784715671,-2.104909262377,
0.156238457012,-0.214805247204,-1.733865558161,-2.104861325477,
0.159153952471,-0.214805247204,-1.730950062703,-2.104765451678,
0.162065757103,-0.214805247204,-1.728038258070,-2.104861325477,
0.164973842171,-0.214805247204,-1.725130173002,-2.104861325477,
0.167878178973,-0.214805247204,-1.722225836201,-2.104909262377,
0.170778738844,-0.214805247204,-1.719325276330,-2.104909262377,
0.173675493156,-0.214805247204,-1.716428522017,-2.104909262377,
0.176568413321,-0.214805247204,-1.713535601852,-2.104909262377,
0.179457470786,-0.214805247204,-1.710646544387,-2.104861325477,
0.182342637037,-0.214805247204,-1.707761378136,-2.104861325477,
0.185223883600,-0.214805247204,-1.704880131574,-2.104861325477,
0.188101182036,-0.214805247204,-1.702002833137,-2.104861325477,
0.190974503948,-0.214805247204,-1.699129511225,-2.104861325477,
0.193843820979,-0.214805247204,-1.696260194195,-2.104861325477,
0.196709104808,-0.214805247204,-1.693394910365,-2.104861325477,
0.199570327157,-0.214805247204,-1.690533688017,-2.104909262377,
0.202427459786,-0.214805247204,-1.687676555387,-2.104861325477,
0.205280474497,-0.214805247204,-1.684823540676,-2.104813388578,
0.208129343132,-0.214805247204,-1.681974672041,-2.104765451678,
0.210974037573,-0.214805247204,-1.679129977600,-2.104861325477,
0.213814529745,-0.214805247204,-1.676289485429,-2.104861325477,
0.216650791612,-0.214805247204,-1.673453223561,-2.104765451678,
0.219482795183,-0.214805247204,-1.670621219990,-2.104861325477,
0.222310512507,-0.214805247204,-1.667793502667,-2.104861325477,
0.225133915674,-0.214805247204,-1.664970099499,-2.104861325477,
0.227952976820,-0.214805247204,-1.662151038353,-2.104861325477,
0.230767668121,-0.214805247204,-1.659336347052,-2.104861325477,
0.233577961797,-0.214805247204,-1.656526053376,-2.104861325477,
0.236383830112,-0.214805247204,-1.653720185061,-2.104909262377,
0.239185245374,-0.214805247204,-1.650918769800,-2.104861325477,
0.241982179932,-0.214805247204,-1.648121835241,-2.104861325477,
0.244774606183,-0.214805247204,-1.645329408990,-2.104861325477,
0.247562496567,-0.214805247204,-1.642541518606,-2.104861325477,
0.250345823568,-0.214805247204,-1.639758191605,-2.104861325477,
0.253124559716,-0.214805247204,-1.636979455457,-2.104909262377,
0.255898677586,-0.214805247204,-1.634205337587,-2.104861325477,
0.258668149798,-0.214805247204,-1.631435865375,-2.104861325477,
0.261432949019,-0.214805247204,-1.628671066154,-2.104861325477,
0.264193047961,-0.214805247204,-1.625910967212,-2.104909262377,
0.266948419384,-0.214805247204,-1.623155595789,-2.104861325477,
0.269699036093,-0.214805247204,-1.620404979080,-2.104813388578,
0.272444870940,-0.214805247204,-1.617659144233,-2.104861325477,
0.275185896826,-0.214805247204,-1.614918118347,-2.104909262377,
0.277922086697,-0.214805247204,-1.612181928476,-2.104861325477,
0.280653413548,-0.214805247204,-1.609450601625,-2.104765451678,
0.283379850423,-0.214805247204,-1.606724164751,-2.104813388578,
0.286101370411,-0.214805247204,-1.604002644762,-2.104861325477,
0.288817946654,-0.214805247204,-1.601286068519,-2.104909262377,
0.291529552340,-0.214805247204,-1.598574462834,-2.104861325477,
0.294236160705,-0.214805247204,-1.595867854468,-2.104861325477,
0.296937745038,-0.214805247204,-1.593166270136,-2.104861325477,
0.299634278674,-0.214805247204,-1.590469736500,-2.104861325477,
0.302325734999,-0.214805247204,-1.587778280174,-2.104861325477,
0.305012087451,-0.214805247204,-1.585091927722,-2.104861325477,
0.307693309516,-0.214805247204,-1.582410705657,-2.104861325477,
0.310369374731,-0.214805247204,-1.579734640442,-2.104909262377,
0.313040256685,-0.214805247204,-1.577063758488,-2.104861325477,
0.315705929017,-0.214805247204,-1.574398086156,-2.104861325477,
0.318366365418,-0.214805247204,-1.571737649755,-2.104765451678,
0.321021539631,-0.214805247204,-1.569082475542,-2.104909262377,
0.323671425450,-0.214805247204,-1.566432589724,-2.104909262377,
0.326315996721,-0.214805247204,-1.563788018452,-2.104765451678,
0.328955227345,-0.214805247204,-1.561148787828,-2.104813388578,
0.331589091272,-0.214805247204,-1.558514923901,-2.104861325477,
0.334217562508,-0.214805247204,-1.555886452665,-2.104909262377,
0.336840615111,-0.214805247204,-1.553263400062,-2.104909262377,
0.339458223192,-0.214805247204,-1.550645791981,-2.104909262377,
0.342070360916,-0.214805247204,-1.548033654257,-2.104861325477,
0.344677002504,-0.214805247204,-1.545427012670,-2.104861325477,
0.347278122227,-0.214805247204,-1.542825892946,-2.104861325477,
0.349873694415,-0.214805247204,-1.540230320758,-2.104861325477,
0.352463693450,-0.214805247204,-1.537640321724,-2.104861325477,
0.355048093769,-0.214805247204,-1.535055921404,-2.104909262377,
0.357626869866,-0.214805247204,-1.532477145307,-2.104861325477,
0.360199996290,-0.214805247204,-1.529904018883,-2.104909262377,
0.362767447644,-0.214805247204,-1.527336567529,-2.104765451678,
0.365329198589,-0.214805247204,-1.524774816584,-2.104861325477,
0.367885223842,-0.214805247204,-1.522218791332,-2.104861325477,
0.370435498175,-0.214805247204,-1.519668516999,-2.104861325477,
0.372979996418,-0.214805247204,-1.517124018755,-2.104861325477,
0.375518693458,-0.214805247204,-1.514585321715,-2.104861325477,
0.378051564240,-0.214805247204,-1.512052450933,-2.104861325477,
0.380578583764,-0.214805247204,-1.509525431409,-2.104861325477,
0.383099727091,-0.214805247204,-1.507004288082,-2.104861325477,
0.385614969337,-0.214805247204,-1.504489045836,-2.104861325477,
0.388124285678,-0.214805247204,-1.501979729495,-2.104861325477,
0.390627651348,-0.214805247204,-1.499476363825,-2.104861325477,
0.393125041641,-0.214805247204,-1.496978973533,-2.104765451678,
0.395616431907,-0.214805247204,-1.494487583267,-2.104861325477,
0.398101797557,-0.214805247204,-1.492002217616,-2.104861325477,
0.400581114063,-0.214805247204,-1.489522901110,-2.104861325477,
0.403054356954,-0.214805247204,-1.487049658220,-2.104861325477,
0.405521501820,-0.214805247204,-1.484582513353,-2.104861325477,
0.407982524312,-0.214805247204,-1.482121490861,-2.104861325477,
0.410437400140,-0.214805247204,-1.479666615033,-2.104861325477,
0.412886105076,-0.214805247204,-1.477217910097,-2.104861325477,
0.415328614952,-0.214805247204,-1.474775400221,-2.104909262377,
0.417764905661,-0.214805247204,-1.472339109512,-2.104909262377,
0.420194953159,-0.214805247204,-1.469909062014,-2.104861325477,
0.422618733461,-0.214805247204,-1.467485281712,-2.104861325477,
0.425036222646,-0.214805247204,-1.465067792527,-2.104861325477,
0.427447396854,-0.214805247204,-1.462656618319,-2.104861325477,
0.429852232288,-0.214805247204,-1.460251782885,-2.104909262377,
0.432250705213,-0.214805247204,-1.457853309960,-2.104765451678,
0.434642791958,-0.214805247204,-1.455461223215,-2.104765451678,
0.437028468913,-0.214805247204,-1.453075546261,-2.104909262377,
0.439407712532,-0.214805247204,-1.450696302641,-2.104861325477,
0.441780499334,-0.214805247204,-1.448323515840,-2.104909262377,
0.444146805899,-0.214805247204,-1.445957209274,-2.104765451678,
0.446506608874,-0.214805247204,-1.443597406299,-2.104909262377,
0.448859884969,-0.214805247204,-1.441244130204,-2.104861325477,
0.451206610956,-0.214805247204,-1.438897404217,-2.104861325477,
0.453546763676,-0.214805247204,-1.436557251497,-2.104861325477,
0.455880320032,-0.214805247204,-1.434223695142,-2.104861325477,
0.458207256992,-0.214805247204,-1.431896758182,-2.104861325477,
0.460527551590,-0.214805247204,-1.429576463583,-2.104861325477,
0.462841180926,-0.214805247204,-1.427262834247,-2.104861325477,
0.465148122167,-0.214805247204,-1.424955893007,-2.104861325477,
0.467448352542,-0.214805247204,-1.422655662632,-2.104909262377,
0.469741849349,-0.214805247204,-1.420362165824,-2.104813388578,
0.472028589954,-0.214805247204,-1.418075425219,-2.104861325477,
0.474308551786,-0.214805247204,-1.415795463387,-2.104765451678,
0.476581712343,-0.214805247204,-1.413522302830,-2.104765451678,
0.478848049190,-0.214805247204,-1.411255965983,-2.104861325477,
0.481107539960,-0.214805247204,-1.408996475213,-2.104909262377,
0.483360162352,-0.214805247204,-1.406743852822,-2.104861325477,
0.485605894133,-0.214805247204,-1.404498121041,-2.104909262377,
0.487844713139,-0.214805247204,-1.402259302034,-2.104813388578,
0.490076597274,-0.214805247204,-1.400027417900,-2.104861325477,
0.492301524510,-0.214805247204,-1.397802490664,-2.104765451678,
0.494519472887,-0.214805247204,-1.395584542286,-2.104909262377,
0.496730420517,-0.214805247204,-1.393373594657,-2.104861325477,
0.498934345576,-0.214805247204,-1.391169669597,-2.104765451678,
0.501131226315,-0.214805247204,-1.388972788858,-2.104861325477,
0.503321041050,-0.214805247204,-1.386782974124,-2.104765451678,
0.505503768168,-0.214805247204,-1.384600247005,-2.104765451678,
0.507679386128,-0.214805247204,-1.382424629046,-2.104861325477,
0.509847873456,-0.214805247204,-1.380256141718,-2.104765451678,
0.512009208750,-0.214805247204,-1.378094806423,-2.104861325477,
0.514163370680,-0.214805247204,-1.375940644493,-2.104861325477,
0.516310337984,-0.214805247204,-1.373793677190,-2.104765451678,
0.518450089472,-0.214805247204,-1.371653925701,-2.104765451678,
0.520582604027,-0.214805247204,-1.369521411147,-2.104909262377,
0.522707860600,-0.214805247204,-1.367396154573,-2.104861325477,
0.524825838217,-0.214805247204,-1.365278176956,-2.104861325477,
0.526936515975,-0.214805247204,-1.363167499199,-2.104861325477,
0.529039873040,-0.214805247204,-1.361064142133,-2.104813388578,
0.531135888655,-0.214805247204,-1.358968126518,-2.104861325477,
0.533224542133,-0.214805247204,-1.356879473041,-2.104765451678,
0.535305812858,-0.214805247204,-1.354798202315,-2.104909262377,
0.537379680291,-0.214805247204,-1.352724334883,-2.104861325477,
0.539446123962,-0.214805247204,-1.350657891211,-2.104813388578,
0.541505123477,-0.214805247204,-1.348598891697,-2.104813388578,
0.543556658514,-0.214805247204,-1.346547356659,-2.104765451678,
0.545600708825,-0.214805247204,-1.344503306348,-2.104861325477,
0.547637254237,-0.214805247204,-1.342466760936,-2.104861325477,
0.549666274650,-0.214805247204,-1.340437740523,-2.104765451678,
0.551687750037,-0.214805247204,-1.338416265136,-2.104861325477,
0.553701660449,-0.214805247204,-1.336402354724,-2.104765451678,
0.555707986008,-0.214805247204,-1.334396029166,-2.104861325477,
0.557706706912,-0.214805247204,-1.332397308261,-2.104861325477,
0.559697803436,-0.214805247204,-1.330406211738,-2.104813388578,
0.561681255927,-0.214805247204,-1.328422759246,-2.104909262377,
0.563657044810,-0.214805247204,-1.326446970363,-2.104909262377,
0.565625150585,-0.214805247204,-1.324478864588,-2.104861325477,
0.567585553828,-0.214805247204,-1.322518461346,-2.104861325477,
0.569538235189,-0.214805247204,-1.320565779984,-2.104813388578,
0.571483175397,-0.214805247204,-1.318620839776,-2.104765451678,
0.573420355256,-0.214805247204,-1.316683659917,-2.104765451678,
0.575349755647,-0.214805247204,-1.314754259526,-2.104861325477,
0.577271357527,-0.214805247204,-1.312832657646,-2.104909262377,
0.579185141931,-0.214805247204,-1.310918873242,-2.104909262377,
0.581091089971,-0.214805247204,-1.309012925202,-2.104909262377,
0.582989182836,-0.214805247204,-1.307114832338,-2.104813388578,
0.584879401791,-0.214805247204,-1.305224613382,-2.104909262377,
0.586761728183,-0.214805247204,-1.303342286990,-2.104765451678,
0.588636143432,-0.214805247204,-1.301467871741,-2.104813388578,
0.590502629040,-0.214805247204,-1.299601386133,-2.104861325477,
0.592361166584,-0.214805247204,-1.297742848589,-2.104765451678,
0.594211737722,-0.214805247204,-1.295892277452,-2.104861325477,
0.596054324189,-0.214805247204,-1.294049690985,-2.104909262377,
0.597888907799,-0.214805247204,-1.292215107374,-2.104765451678,
0.599715470447,-0.214805247204,-1.290388544726,-2.104909262377,
0.601533994104,-0.214805247204,-1.288570021069,-2.104909262377,
0.603344460823,-0.214805247204,-1.286759554350,-2.104765451678,
0.605146852735,-0.214805247204,-1.284957162438,-2.104909262377,
0.606941152051,-0.214805247204,-1.283162863123,-2.104861325477,
0.608727341062,-0.214805247204,-1.281376674112,-2.104765451678,
0.610505402139,-0.214805247204,-1.279598613034,-2.104861325477,
0.612275317733,-0.214805247204,-1.277828697440,-2.104861325477,
0.614037070377,-0.214805247204,-1.276066944797,-2.104765451678,
0.615790642681,-0.214805247204,-1.274313372492,-2.104765451678,
0.617536017340,-0.214805247204,-1.272567997833,-2.104765451678,
0.619273177127,-0.214805247204,-1.270830838046,-2.104861325477,
0.621002104897,-0.214805247204,-1.269101910277,-2.104861325477,
0.622722783586,-0.214805247204,-1.267381231588,-2.104909262377,
0.624435196211,-0.214805247204,-1.265668818962,-2.104909262377,
0.626139325873,-0.214805247204,-1.263964689300,-2.104765451678,
0.627835155751,-0.214805247204,-1.262268859422,-2.104765451678,
0.629522669110,-0.214805247204,-1.260581346064,-2.104861325477,
0.631201849292,-0.214805247204,-1.258902165881,-2.104861325477,
0.632872679727,-0.214805247204,-1.257231335446,-2.104861325477,
0.634535143923,-0.214805247204,-1.255568871250,-2.104861325477,
0.636189225472,-0.214805247204,-1.253914789701,-2.104861325477,
0.637834908050,-0.214805247204,-1.252269107123,-2.104861325477,
0.639472175414,-0.214805247204,-1.250631839759,-2.104861325477,
0.641101011405,-0.214805247204,-1.249003003768,-2.104861325477,
0.642721399948,-0.214805247204,-1.247382615226,-2.104813388578,
0.644333325048,-0.214805247204,-1.245770690125,-2.104861325477,
0.645936770798,-0.214805247204,-1.244167244375,-2.104861325477,
0.647531721372,-0.214805247204,-1.242572293801,-2.104813388578,
0.649118161029,-0.214805247204,-1.240985854144,-2.104813388578,
0.650696074111,-0.214805247204,-1.239407941063,-2.104909262377,
0.652265445044,-0.214805247204,-1.237838570129,-2.104765451678,
0.653826258340,-0.214805247204,-1.236277756833,-2.104909262377,
0.655378498594,-0.214805247204,-1.234725516579,-2.104813388578,
0.656922150486,-0.214805247204,-1.233181864687,-2.104765451678,
0.658457198781,-0.214805247204,-1.231646816393,-2.104765451678,
0.659983628328,-0.214805247204,-1.230120386845,-2.104765451678,
0.661501424062,-0.214805247204,-1.228602591111,-2.104861325477,
0.663010571004,-0.214805247204,-1.227093444169,-2.104765451678,
0.664511054259,-0.214805247204,-1.225592960915,-2.104813388578,
0.666002859016,-0.214805247204,-1.224101156157,-2.104861325477,
0.667485970554,-0.214805247204,-1.222618044619,-2.104861325477,
0.668960374234,-0.214805247204,-1.221143640939,-2.104813388578,
0.670426055504,-0.214805247204,-1.219677959669,-2.104765451678,
0.671882999899,-0.214805247204,-1.218221015274,-2.104813388578,
0.673331193039,-0.214805247204,-1.216772822134,-2.104861325477,
0.674770620632,-0.214805247204,-1.215333394542,-2.104861325477,
0.676201268470,-0.214805247204,-1.213902746704,-2.104861325477,
0.677623122433,-0.214805247204,-1.212480892740,-2.104861325477,
0.679036168490,-0.214805247204,-1.211067846684,-2.104813388578,
0.680440392692,-0.214805247204,-1.209663622481,-2.104861325477,
0.681835781182,-0.214805247204,-1.208268233991,-2.104813388578,
0.683222320187,-0.214805247204,-1.206881694986,-2.104765451678,
0.684599996023,-0.214805247204,-1.205504019150,-2.104861325477,
0.685968795093,-0.214805247204,-1.204135220080,-2.104909262377,
0.687328703887,-0.214805247204,-1.202775311286,-2.104861325477,
0.688679708983,-0.214805247204,-1.201424306190,-2.104909262377,
0.690021797048,-0.214805247204,-1.200082218125,-2.104813388578,
0.691354954836,-0.214805247204,-1.198749060338,-2.104909262377,
0.692679169188,-0.214805247204,-1.197424845985,-2.104861325477,
0.693994427036,-0.214805247204,-1.196109588137,-2.104861325477,
0.695300715398,-0.214805247204,-1.194803299775,-2.104861325477,
0.696598021382,-0.214805247204,-1.193505993791,-2.104861325477,
0.697886332185,-0.214805247204,-1.192217682989,-2.104861325477,
0.699165635090,-0.214805247204,-1.190938380083,-2.104765451678,
0.700435917472,-0.214805247204,-1.189668097702,-2.104861325477,
0.701697166793,-0.214805247204,-1.188406848380,-2.104861325477,
0.702949370606,-0.214805247204,-1.187154644568,-2.104861325477,
0.704192516551,-0.214805247204,-1.185911498622,-2.104861325477,
0.705426592360,-0.214805247204,-1.184677422813,-2.104909262377,
0.706651585853,-0.214805247204,-1.183452429321,-2.104909262377,
0.707867484938,-0.214805247204,-1.182236530235,-2.104909262377,
0.709074277617,-0.214805247204,-1.181029737556,-2.104861325477,
0.710271951978,-0.214805247204,-1.179832063195,-2.104765451678,
0.711460496201,-0.214805247204,-1.178643518972,-2.104861325477,
0.712639898556,-0.214805247204,-1.177464116617,-2.104861325477,
0.713810147401,-0.214805247204,-1.176293867772,-2.104861325477,
0.714971231188,-0.214805247204,-1.175132783985,-2.104861325477,
0.716123138457,-0.214805247204,-1.173980876716,-2.104861325477,
0.717265857838,-0.214805247204,-1.172838157335,-2.104861325477,
0.718399378055,-0.214805247204,-1.171704637118,-2.104909262377,
0.719523687919,-0.214805247204,-1.170580327255,-2.104861325477,
0.720638776333,-0.214805247204,-1.169465238840,-2.104861325477,
0.721744632294,-0.214805247204,-1.168359382880,-2.104909262377,
0.722841244885,-0.214805247204,-1.167262770288,-2.104909262377,
0.723928603284,-0.214805247204,-1.166175411889,-2.104861325477,
0.725006696760,-0.214805247204,-1.165097318414,-2.104765451678,
0.726075514671,-0.214805247204,-1.164028500502,-2.104861325477,
0.727135046469,-0.214805247204,-1.162968968704,-2.104861325477,
0.728185281698,-0.214805247204,-1.161918733476,-2.104909262377,
0.729226209990,-0.214805247204,-1.160877805183,-2.104861325477,
0.730257821074,-0.214805247204,-1.159846194099,-2.104909262377,
0.731280104767,-0.214805247204,-1.158823910406,-2.104861325477,
0.732293050980,-0.214805247204,-1.157810964193,-2.104765451678,
0.733296649716,-0.214805247204,-1.156807365458,-2.104861325477,
0.734290891068,-0.214805247204,-1.155813124105,-2.104861325477,
0.735275765226,-0.214805247204,-1.154828249947,-2.104909262377,
0.736251262467,-0.214805247204,-1.153852752706,-2.104861325477,
0.737217373166,-0.214805247204,-1.152886642008,-2.104765451678,
0.738174087785,-0.214805247204,-1.151929927388,-2.104813388578,
0.739121396884,-0.214805247204,-1.150982618289,-2.104909262377,
0.740059291112,-0.214805247204,-1.150044724061,-2.104861325477,
0.740987761213,-0.214805247204,-1.149116253960,-2.104909262377,
0.741906798023,-0.214805247204,-1.148197217150,-2.104861325477,
0.742816392472,-0.214805247204,-1.147287622701,-2.104909262377,
0.743716535582,-0.214805247204,-1.146387479591,-2.104765451678,
0.744607218469,-0.214805247204,-1.145496796704,-2.104861325477,
0.745488432343,-0.214805247204,-1.144615582830,-2.104909262377,
0.746360168507,-0.214805247204,-1.143743846666,-2.104861325477,
0.747222418356,-0.214805247204,-1.142881596817,-2.104861325477,
0.748075173381,-0.214805247204,-1.142028841792,-2.104909262377,
0.748918425165,-0.214805247204,-1.141185590008,-2.104909262377,
0.749752165386,-0.214805247204,-1.140351849788,-2.104909262377,
0.750576385815,-0.214805247204,-1.139527629359,-2.104909262377,
0.751391078317,-0.214805247204,-1.138712936856,-2.104813388578,
0.752196234852,-0.214805247204,-1.137907780321,-2.104861325477,
0.752991847473,-0.214805247204,-1.137112167700,-2.104861325477,
0.753777908328,-0.214805247204,-1.136326106846,-2.104861325477,
0.754554409658,-0.214805247204,-1.135549605515,-2.104909262377,
0.755321343800,-0.214805247204,-1.134782671373,-2.104765451678,
0.756078703185,-0.214805247204,-1.134025311988,-2.104861325477,
0.756826480337,-0.214805247204,-1.133277534836,-2.104765451678,
0.757564667877,-0.214805247204,-1.132539347296,-2.104861325477,
0.758293258519,-0.214805247204,-1.131810756654,-2.104909262377,
0.759012245072,-0.214805247204,-1.131091770102,-2.104909262377,
0.759721620439,-0.214805247204,-1.130382394734,-2.104861325477,
0.760421377620,-0.214805247204,-1.129682637553,-2.104861325477,
0.761111509708,-0.214805247204,-1.128992505465,-2.104765451678,
0.761792009893,-0.214805247204,-1.128312005281,-2.104909262377,
0.762462871456,-0.214805247204,-1.127641143717,-2.104861325477,
0.763124087779,-0.214805247204,-1.126979927394,-2.104765451678,
0.763775652334,-0.214805247204,-1.126328362839,-2.104861325477,
0.764417558691,-0.214805247204,-1.125686456482,-2.104765451678,
0.765049800514,-0.214805247204,-1.125054214659,-2.104765451678,
0.765672371564,-0.214805247204,-1.124431643609,-2.104861325477,
0.766285265697,-0.214805247204,-1.123818749477,-2.104861325477,
0.766888476862,-0.214805247204,-1.123215538311,-2.104861325477,
0.767481999107,-0.214805247204,-1.122622016067,-2.104861325477,
0.768065826573,-0.214805247204,-1.122038188600,-2.104813388578,
0.768639953500,-0.214805247204,-1.121464061674,-2.104861325477,
0.769204374219,-0.214805247204,-1.120899640954,-2.104909262377,
0.769759083161,-0.214805247204,-1.120344932012,-2.104861325477,
0.770304074851,-0.214805247204,-1.119799940322,-2.104909262377,
0.770839343910,-0.214805247204,-1.119264671263,-2.104861325477,
0.771364885055,-0.214805247204,-1.118739130118,-2.104909262377,
0.771880693100,-0.214805247204,-1.118223322074,-2.104909262377,
0.772386762952,-0.214805247204,-1.117717252221,-2.104765451678,
0.772883089619,-0.214805247204,-1.117220925554,-2.104909262377,
0.773369668201,-0.214805247204,-1.116734346972,-2.104813388578,
0.773846493895,-0.214805247204,-1.116257521278,-2.104861325477,
0.774313561997,-0.214805247204,-1.115790453176,-2.104813388578,
0.774770867895,-0.214805247204,-1.115333147278,-2.104765451678,
0.775218407077,-0.214805247204,-1.114885608096,-2.104909262377,
0.775656175126,-0.214805247204,-1.114447840047,-2.104765451678,
0.776084167720,-0.214805247204,-1.114019847453,-2.104909262377,
0.776502380637,-0.214805247204,-1.113601634536,-2.104861325477,
0.776910809747,-0.214805247204,-1.113193205426,-2.104765451678,
0.777309451021,-0.214805247204,-1.112794564152,-2.104861325477,
0.777698300524,-0.214805247204,-1.112405714649,-2.104861325477,
0.778077354418,-0.214805247204,-1.112026660756,-2.104813388578,
0.778446608961,-0.214805247204,-1.111657406212,-2.104861325477,
0.778806060510,-0.214805247204,-1.111297954663,-2.104765451678,
0.779155705517,-0.214805247204,-1.110948309656,-2.104861325477,
0.779495540531,-0.214805247204,-1.110608474642,-2.104861325477,
0.779825562198,-0.214805247204,-1.110278452975,-2.104765451678,
0.780145767261,-0.214805247204,-1.109958247913,-2.104861325477,
0.780456152559,-0.214805247204,-1.109647862614,-2.104861325477,
0.780756715029,-0.214805247204,-1.109347300144,-2.104909262377,
0.781047451705,-0.214805247204,-1.109056563468,-2.104861325477,
0.781328359717,-0.214805247204,-1.108775655456,-2.104861325477,
0.781599436293,-0.214805247204,-1.108504578880,-2.104861325477,
0.781860678758,-0.214805247204,-1.108243336415,-2.104861325477,
0.782112084532,-0.214805247204,-1.107991930641,-2.104861325477,
0.782353651136,-0.214805247204,-1.107750364038,-2.104861325477,
0.782585376183,-0.214805247204,-1.107518638990,-2.104861325477,
0.782807257389,-0.214805247204,-1.107296757785,-2.104909262377,
0.783019292562,-0.214805247204,-1.107084722612,-2.104909262377,
0.783221479609,-0.214805247204,-1.106882535564,-2.104861325477,
0.783413816537,-0.214805247204,-1.106690198636,-2.104909262377,
0.783596301445,-0.214805247204,-1.106507713728,-2.104765451678,
0.783768932534,-0.214805247204,-1.106335082639,-2.104861325477,
0.783931708099,-0.214805247204,-1.106172307074,-2.104765451678,
0.784084626534,-0.214805247204,-1.106019388639,-2.104861325477,
0.784227686329,-0.214805247204,-1.105876328844,-2.104765451678,
0.784360886073,-0.214805247204,-1.105743129100,-2.104861325477,
0.784484224451,-0.214805247204,-1.105619790722,-2.104861325477,
0.784597700246,-0.214805247204,-1.105506314927,-2.104813388578,
0.784701312337,-0.214805247204,-1.105402702836,-2.104861325477,
0.784795059703,-0.214805247204,-1.105308955470,-2.104765451678,
0.784878941417,-0.214805247204,-1.105225073756,-2.104765451678,
0.784952956652,-0.214805247204,-1.105151058521,-2.104813388578,
0.785017104678,-0.214805247204,-1.105086910495,-2.104765451678,
0.785071384861,-0.214805247204,-1.105032630312,-2.104765451678,
0.785115796666,-0.214805247204,-1.104988218507,-2.104909262377,
0.785150339654,-0.214805247204,-1.104953675519,-2.104909262377,
0.785175013485,-0.214805247204,-1.104929001688,-2.104813388578,
0.785189817914,-0.214805247204,-1.104914197259,-2.104861325477,
0.785194752796,-0.214805247204,-1.104909262377,-2.104861325477,
0.785189818083,-0.214805247204,-1.104914197091,-2.104861325477,
0.785175013822,-0.214805247204,-1.104929001352,-2.104861325477,
0.785150340159,-0.214805247204,-1.104953675014,-2.104765451678,
0.785115797340,-0.214805247204,-1.104988217834,-2.104765451678,
0.785071385703,-0.214805247204,-1.105032629470,-2.104909262377,
0.785017105688,-0.214805247204,-1.105086909485,-2.104861325477,
0.784952957831,-0.214805247204,-1.105151057342,-2.104909262377,
0.784878942764,-0.214805247204,-1.105225072409,-2.104861325477,
0.784795061218,-0.214805247204,-1.105308953955,-2.104909262377,
0.784701314021,-0.214805247204,-1.105402701153,-2.104909262377,
0.784597702098,-0.214805247204,-1.105506313076,-2.104861325477,
0.784484226471,-0.214805247204,-1.105619788702,-2.104765451678,
0.784360888261,-0.214805247204,-1.105743126912,-2.104861325477,
0.784227688686,-0.214805247204,-1.105876326488,-2.104861325477,
0.784084629058,-0.214805247204,-1.106019386115,-2.104861325477,
0.783931710792,-0.214805247204,-1.106172304381,-2.104765451678,
0.783768935395,-0.214805247204,-1.106335079778,-2.104861325477,
0.783596304474,-0.214805247204,-1.106507710699,-2.104861325477,
0.783413819734,-0.214805247204,-1.106690195439,-2.104765451678,
0.783221482974,-0.214805247204,-1.106882532199,-2.104813388578,
0.783019296094,-0.214805247204,-1.107084719079,-2.104861325477,
0.782807261089,-0.214805247204,-1.107296754084,-2.104861325477,
0.782585380052,-0.214805247204,-1.107518635121,-2.104909262377,
0.782353655172,-0.214805247204,-1.107750360001,-2.104813388578,
0.782112088737,-0.214805247204,-1.107991926436,-2.104861325477,
0.781860683130,-0.214805247204,-1.108243332043,-2.104909262377,
0.781599440834,-0.214805247204,-1.108504574340,-2.104765451678,
0.781328364425,-0.214805247204,-1.108775650748,-2.104861325477,
0.781047456581,-0.214805247204,-1.109056558592,-2.104861325477,
0.780756720072,-0.214805247204,-1.109347295101,-2.104765451678,
0.780456157770,-0.214805247204,-1.109647857404,-2.104861325477,
0.780145772639,-0.214805247204,-1.109958242534,-2.104765451678,
0.779825567744,-0.214805247204,-1.110278447429,-2.104813388578,
0.779495546244,-0.214805247204,-1.110608468929,-2.104765451678,
0.779155711398,-0.214805247204,-1.110948303776,-2.104909262377,
0.778806066558,-0.214805247204,-1.111297948615,-2.104861325477,
0.778446615176,-0.214805247204,-1.111657399997,-2.104909262377,
0.778077360800,-0.214805247204,-1.112026654373,-2.104765451678,
0.777698307073,-0.214805247204,-1.112405708100,-2.104909262377,
0.777309457738,-0.214805247204,-1.112794557435,-2.104813388578,
0.776910816631,-0.214805247204,-1.113193198542,-2.104765451678,
0.776502387687,-0.214805247204,-1.113601627486,-2.104909262377,
0.776084174938,-0.214805247204,-1.114019840235,-2.104861325477,
0.775656182510,-0.214805247204,-1.114447832663,-2.104909262377,
0.775218414628,-0.214805247204,-1.114885600545,-2.104909262377,
0.774770875613,-0.214805247204,-1.115333139560,-2.104861325477,
0.774313569881,-0.214805247204,-1.115790445292,-2.104861325477,
0.773846501946,-0.214805247204,-1.116257513227,-2.104909262377,
0.773369676418,-0.214805247204,-1.116734338755,-2.104909262377,
0.772883098002,-0.214805247204,-1.117220917171,-2.104861325477,
0.772386771502,-0.214805247204,-1.117717243671,-2.104813388578,
0.771880701815,-0.214805247204,-1.118223313358,-2.104861325477,
0.771364893937,-0.214805247204,-1.118739121236,-2.104861325477,
0.770839352958,-0.214805247204,-1.119264662215,-2.104861325477,
0.770304084065,-0.214805247204,-1.119799931108,-2.104861325477,
0.769759092541,-0.214805247204,-1.120344922633,-2.104861325477,
0.769204383764,-0.214805247204,-1.120899631409,-2.104861325477,
0.768639963210,-0.214805247204,-1.121464051963,-2.104861325477,
0.768065836450,-0.214805247204,-1.122038178724,-2.104765451678,
0.767482009148,-0.214805247204,-1.122622006025,-2.104909262377,
0.766888487069,-0.214805247204,-1.123215528104,-2.104909262377,
0.766285276069,-0.214805247204,-1.123818739104,-2.104765451678,
0.765672382102,-0.214805247204,-1.124431633071,-2.104861325477,
0.765049811217,-0.214805247204,-1.125054203956,-2.104861325477,
0.764417569558,-0.214805247204,-1.125686445615,-2.104861325477,
0.763775663366,-0.214805247204,-1.126328351807,-2.104909262377,
0.763124098976,-0.214805247204,-1.126979916198,-2.104861325477,
0.762462882818,-0.214805247204,-1.127641132355,-2.104861325477,
0.761792021418,-0.214805247204,-1.128311993755,-2.104909262377,
0.761111521399,-0.214805247204,-1.128992493775,-2.104861325477,
0.760421389475,-0.214805247204,-1.129682625699,-2.104909262377,
0.759721632458,-0.214805247204,-1.130382382716,-2.104861325477,
0.759012257254,-0.214805247204,-1.131091757919,-2.104813388578,
0.758293270865,-0.214805247204,-1.131810744308,-2.104861325477,
0.757564680387,-0.214805247204,-1.132539334786,-2.104909262377,
0.756826493011,-0.214805247204,-1.133277522162,-2.104909262377,
0.756078716022,-0.214805247204,-1.134025299151,-2.104813388578,
0.755321356801,-0.214805247204,-1.134782658372,-2.104765451678,
0.754554422822,-0.214805247204,-1.135549592351,-2.104909262377,
0.753777921655,-0.214805247204,-1.136326093518,-2.104861325477,
0.752991860963,-0.214805247204,-1.137112154210,-2.104909262377,
0.752196248505,-0.214805247204,-1.137907766668,-2.104861325477,
0.751391092133,-0.214805247204,-1.138712923040,-2.104765451678,
0.750576399793,-0.214805247204,-1.139527615380,-2.104861325477,
0.749752179527,-0.214805247204,-1.140351835647,-2.104765451678,
0.748918439468,-0.214805247204,-1.141185575705,-2.104861325477,
0.748075187846,-0.214805247204,-1.142028827327,-2.104861325477,
0.747222432983,-0.214805247204,-1.142881582190,-2.104765451678,
0.746360183296,-0.214805247204,-1.143743831877,-2.104765451678,
0.745488447294,-0.214805247204,-1.144615567879,-2.104909262377,
0.744607233582,-0.214805247204,-1.145496781591,-2.104765451678,
0.743716550856,-0.214805247204,-1.146387464317,-2.104909262377,
0.742816407907,-0.214805247204,-1.147287607266,-2.104861325477,
0.741906813620,-0.214805247204,-1.148197201554,-2.104861325477,
0.740987776970,-0.214805247204,-1.149116238203,-2.104861325477,
0.740059307030,-0.214805247204,-1.150044708143,-2.104909262377,
0.739121412963,-0.214805247204,-1.150982602210,-2.104765451678,
0.738174104025,-0.214805247204,-1.151929911148,-2.104765451678,
0.737217389566,-0.214805247204,-1.152886625608,-2.104813388578,
0.736251279028,-0.214805247204,-1.153852736146,-2.104909262377,
0.735275781946,-0.214805247204,-1.154828233227,-2.104813388578,
0.734290907948,-0.214805247204,-1.155813107225,-2.104909262377,
0.733296666755,-0.214805247204,-1.156807348418,-2.104861325477,
0.732293068180,-0.214805247204,-1.157810946994,-2.104813388578,
0.731280122126,-0.214805247204,-1.158823893047,-2.104861325477,
0.730257838592,-0.214805247204,-1.159846176581,-2.104813388578,
0.729226227667,-0.214805247204,-1.160877787506,-2.104861325477,
0.728185299533,-0.214805247204,-1.161918715640,-2.104765451678,
0.727135064464,-0.214805247204,-1.162968950709,-2.104765451678,
0.726075532824,-0.214805247204,-1.164028482349,-2.104861325477,
0.725006715071,-0.214805247204,-1.165097300102,-2.104765451678,
0.723928621754,-0.214805247204,-1.166175393420,-2.104909262377,
0.722841263512,-0.214805247204,-1.167262751661,-2.104765451678,
0.721744651079,-0.214805247204,-1.168359364095,-2.104765451678,
0.720638795276,-0.214805247204,-1.169465219897,-2.104861325477,
0.719523707019,-0.214805247204,-1.170580308155,-2.104765451678,
0.718399397312,-0.214805247204,-1.171704617861,-2.104861325477,
0.717265877253,-0.214805247204,-1.172838137921,-2.104765451678,
0.716123158028,-0.214805247204,-1.173980857145,-2.104909262377,
0.714971250916,-0.214805247204,-1.175132764257,-2.104765451678,
0.713810167285,-0.214805247204,-1.176293847888,-2.104861325477,
0.712639918596,-0.214805247204,-1.177464096577,-2.104861325477,
0.711460516398,-0.214805247204,-1.178643498775,-2.104909262377,
0.710271972331,-0.214805247204,-1.179832042843,-2.104765451678,
0.709074298125,-0.214805247204,-1.181029717048,-2.104861325477,
0.707867505602,-0.214805247204,-1.182236509571,-2.104861325477,
0.706651606671,-0.214805247204,-1.183452408502,-2.104909262377,
0.705426613334,-0.214805247204,-1.184677401840,-2.104765451678,
0.704192537680,-0.214805247204,-1.185911477494,-2.104909262377,
0.702949391889,-0.214805247204,-1.187154623285,-2.104861325477,
0.701697188230,-0.214805247204,-1.188406826943,-2.104861325477,
0.700435939063,-0.214805247204,-1.189668076110,-2.104765451678,
0.699165656835,-0.214805247204,-1.190938358338,-2.104813388578,
0.697886354084,-0.214805247204,-1.192217661089,-2.104909262377,
0.696598043435,-0.214805247204,-1.193505971738,-2.104813388578,
0.695300737605,-0.214805247204,-1.194803277569,-2.104861325477,
0.693994449395,-0.214805247204,-1.196109565778,-2.104909262377,
0.692679191700,-0.214805247204,-1.197424823473,-2.104861325477,
0.691354977501,-0.214805247204,-1.198749037673,-2.104765451678,
0.690021819866,-0.214805247204,-1.200082195308,-2.104765451678,
0.688679731953,-0.214805247204,-1.201424283220,-2.104861325477,
0.687328727009,-0.214805247204,-1.202775288165,-2.104909262377,
0.685968818367,-0.214805247204,-1.204135196807,-2.104861325477,
0.684600019448,-0.214805247204,-1.205503995725,-2.104861325477,
0.683222343764,-0.214805247204,-1.206881671410,-2.104909262377,
0.681835804909,-0.214805247204,-1.208268210264,-2.104765451678,
0.680440416570,-0.214805247204,-1.209663598603,-2.104909262377,
0.679036192518,-0.214805247204,-1.211067822655,-2.104765451678,
0.677623146612,-0.214805247204,-1.212480868561,-2.104813388578,
0.676201292799,-0.214805247204,-1.213902722374,-2.104909262377,
0.674770645111,-0.214805247204,-1.215333370063,-2.104861325477,
0.673331217668,-0.214805247204,-1.216772797505,-2.104765451678,
0.671883024677,-0.214805247204,-1.218220990496,-2.104861325477,
0.670426080431,-0.214805247204,-1.219677934742,-2.104861325477,
0.668960399310,-0.214805247204,-1.221143615863,-2.104909262377,
0.667485995779,-0.214805247204,-1.222618019394,-2.104861325477,
0.666002884390,-0.214805247204,-1.224101130784,-2.104765451678,
0.664511079780,-0.214805247204,-1.225592935393,-2.104909262377,
0.663010596674,-0.214805247204,-1.227093418500,-2.104861325477,
0.661501449880,-0.214805247204,-1.228602565294,-2.104861325477,
0.659983654292,-0.214805247204,-1.230120360881,-2.104765451678,
0.658457224892,-0.214805247204,-1.231646790281,-2.104909262377,
0.656922176744,-0.214805247204,-1.233181838429,-2.104861325477,
0.655378524999,-0.214805247204,-1.234725490174,-2.104909262377,
0.653826284891,-0.214805247204,-1.236277730282,-2.104909262377,
0.652265471742,-0.214805247204,-1.237838543432,-2.104765451678,
0.650696100954,-0.214805247204,-1.239407914219,-2.104909262377,
0.649118188018,-0.214805247204,-1.240985827155,-2.104765451678,
0.647531748507,-0.214805247204,-1.242572266667,-2.104909262377,
0.645936798078,-0.214805247204,-1.244167217096,-2.104861325477,
0.644333352472,-0.214805247204,-1.245770662701,-2.104861325477,
0.642721427516,-0.214805247204,-1.247382587657,-2.104861325477,
0.641101039118,-0.214805247204,-1.249002976055,-2.104861325477,
0.639472203271,-0.214805247204,-1.250631811902,-2.104861325477,
0.637834936051,-0.214805247204,-1.252269079122,-2.104861325477,
0.636189253616,-0.214805247204,-1.253914761557,-2.104861325477,
0.634535172210,-0.214805247204,-1.255568842963,-2.104861325477,
0.632872708157,-0.214805247204,-1.257231307016,-2.104765451678,
0.631201877865,-0.214805247204,-1.258902137308,-2.104861325477,
0.629522697825,-0.214805247204,-1.260581317349,-2.104861325477,
0.627835184608,-0.214805247204,-1.262268830565,-2.104861325477,
0.626139354872,-0.214805247204,-1.263964660302,-2.104909262377,
0.624435225351,-0.214805247204,-1.265668789822,-2.104909262377,
0.622722812867,-0.214805247204,-1.267381202306,-2.104861325477,
0.621002134319,-0.214805247204,-1.269101880854,-2.104765451678,
0.619273206690,-0.214805247204,-1.270830808484,-2.104813388578,
0.617536047043,-0.214805247204,-1.272567968130,-2.104861325477,
0.615790672524,-0.214805247204,-1.274313342649,-2.104861325477,
0.614037100359,-0.214805247204,-1.276066914814,-2.104861325477,
0.612275347855,-0.214805247204,-1.277828667318,-2.104909262377,
0.610505432400,-0.214805247204,-1.279598582773,-2.104861325477,
0.608727371462,-0.214805247204,-1.281376643712,-2.104861325477,
0.606941182589,-0.214805247204,-1.283162832584,-2.104861325477,
0.605146883411,-0.214805247204,-1.284957131762,-2.104813388578,
0.603344491637,-0.214805247204,-1.286759523536,-2.104861325477,
0.601534025056,-0.214805247204,-1.288569990117,-2.104861325477,
0.599715501536,-0.214805247204,-1.290388513637,-2.104861325477,
0.597888939025,-0.214805247204,-1.292215076148,-2.104861325477,
0.596054355551,-0.214805247204,-1.294049659622,-2.104909262377,
0.594211769221,-0.214805247204,-1.295892245952,-2.104909262377,
0.592361198219,-0.214805247204,-1.297742816954,-2.104861325477,
0.590502660811,-0.214805247204,-1.299601354362,-2.104861325477,
0.588636175339,-0.214805247204,-1.301467839834,-2.104861325477,
0.586761760225,-0.214805247204,-1.303342254949,-2.104765451678,
0.584879433968,-0.214805247204,-1.305224581205,-2.104861325477,
0.582989215146,-0.214805247204,-1.307114800027,-2.104909262377,
0.581091122416,-0.214805247204,-1.309012892757,-2.104861325477,
0.579185174510,-0.214805247204,-1.310918840663,-2.104765451678,
0.577271390239,-0.214805247204,-1.312832624934,-2.104861325477,
0.575349788492,-0.214805247204,-1.314754226681,-2.104765451678,
0.573420388235,-0.214805247204,-1.316683626939,-2.104861325477,
0.571483208508,-0.214805247204,-1.318620806665,-2.104909262377,
0.569538268432,-0.214805247204,-1.320565746741,-2.104765451678,
0.567585587203,-0.214805247204,-1.322518427970,-2.104861325477,
0.565625184092,-0.214805247204,-1.324478831081,-2.104765451678,
0.563657078448,-0.214805247204,-1.326446936725,-2.104861325477,
0.561681289696,-0.214805247204,-1.328422725478,-2.104861325477,
0.559697837335,-0.214805247204,-1.330406177838,-2.104861325477,
0.557706740942,-0.214805247204,-1.332397274232,-2.104861325477,
0.555708020167,-0.214805247204,-1.334395995006,-2.104861325477,
0.553701694738,-0.214805247204,-1.336402320435,-2.104861325477,
0.551687784456,-0.214805247204,-1.338416230718,-2.104861325477,
0.549666309197,-0.214805247204,-1.340437705976,-2.104861325477,
0.547637288913,-0.214805247204,-1.342466726260,-2.104861325477,
0.545600743629,-0.214805247204,-1.344503271544,-2.104909262377,
0.543556693445,-0.214805247204,-1.346547321728,-2.104861325477,
0.541505158536,-0.214805247204,-1.348598856637,-2.104909262377,
0.539446159148,-0.214805247204,-1.350657856025,-2.104909262377,
0.537379715604,-0.214805247204,-1.352724299569,-2.104909262377,
0.535305848298,-0.214805247204,-1.354798166875,-2.104861325477,
0.533224577698,-0.214805247204,-1.356879437475,-2.104765451678,
0.531135924347,-0.214805247204,-1.358968090826,-2.104765451678,
0.529039908857,-0.214805247204,-1.361064106316,-2.104765451678,
0.526936551917,-0.214805247204,-1.363167463257,-2.104861325477,
0.524825874284,-0.214805247204,-1.365278140889,-2.104861325477,
0.522707896791,-0.214805247204,-1.367396118382,-2.104909262377,
0.520582640342,-0.214805247204,-1.369521374832,-2.104861325477,
0.518450125911,-0.214805247204,-1.371653889263,-2.104765451678,
0.516310374545,-0.214805247204,-1.373793640628,-2.104861325477,
0.514163407365,-0.214805247204,-1.375940607809,-2.104861325477,
0.512009245558,-0.214805247204,-1.378094769616,-2.104909262377,
0.509847910385,-0.214805247204,-1.380256104788,-2.104861325477,
0.507679423179,-0.214805247204,-1.382424591994,-2.104861325477,
0.505503805341,-0.214805247204,-1.384600209832,-2.104861325477,
0.503321078343,-0.214805247204,-1.386782936830,-2.104861325477,
0.501131263729,-0.214805247204,-1.388972751444,-2.104909262377,
0.498934383111,-0.214805247204,-1.391169632062,-2.104861325477,
0.496730458172,-0.214805247204,-1.393373557002,-2.104861325477,
0.494519510662,-0.214805247204,-1.395584504511,-2.104861325477,
0.492301562403,-0.214805247204,-1.397802452770,-2.104909262377,
0.490076635286,-0.214805247204,-1.400027379887,-2.104909262377,
0.487844751270,-0.214805247204,-1.402259263903,-2.104861325477,
0.485605932382,-0.214805247204,-1.404498082791,-2.104765451678,
0.483360200719,-0.214805247204,-1.406743814455,-2.104909262377,
0.481107578444,-0.214805247204,-1.408996436729,-2.104861325477,
0.478848087792,-0.214805247204,-1.411255927381,-2.104909262377,
0.476581751061,-0.214805247204,-1.413522264112,-2.104861325477,
0.474308590620,-0.214805247204,-1.415795424553,-2.104765451678,
0.472028628904,-0.214805247204,-1.418075386269,-2.104861325477,
0.469741888415,-0.214805247204,-1.420362126759,-2.104861325477,
0.467448391722,-0.214805247204,-1.422655623451,-2.104861325477,
0.465148161462,-0.214805247204,-1.424955853712,-2.104909262377,
0.462841220336,-0.214805247204,-1.427262794837,-2.104861325477,
0.460527591113,-0.214805247204,-1.429576424060,-2.104861325477,
0.458207296628,-0.214805247204,-1.431896718545,-2.104861325477,
0.455880359781,-0.214805247204,-1.434223655392,-2.104861325477,
0.453546803539,-0.214805247204,-1.436557211634,-2.104861325477,
0.451206650931,-0.214805247204,-1.438897364242,-2.104861325477,
0.448859925056,-0.214805247204,-1.441244090118,-2.104909262377,
0.446506649073,-0.214805247204,-1.443597366100,-2.104861325477,
0.444146846209,-0.214805247204,-1.445957168965,-2.104909262377,
0.441780539754,-0.214805247204,-1.448323475419,-2.104861325477,
0.439407753062,-0.214805247204,-1.450696262111,-2.104861325477,
0.437028509553,-0.214805247204,-1.453075505620,-2.104861325477,
0.434642832708,-0.214805247204,-1.455461182465,-2.104861325477,
0.432250746073,-0.214805247204,-1.457853269101,-2.104765451678,
0.429852273256,-0.214757310304,-1.460251741917,-2.104861325477,
0.427447437930,-0.214805247204,-1.462656577243,-2.104765451678,
0.425036263830,-0.214805247204,-1.465067751343,-2.104765451678,
0.422618774753,-0.214805247204,-1.467485240421,-2.104861325477,
0.420194994558,-0.214805247204,-1.469909020616,-2.104909262377,
0.417764947167,-0.214805247204,-1.472339068006,-2.104765451678,
0.415328656564,-0.214805247204,-1.474775358609,-2.104861325477,
0.412886146794,-0.214805247204,-1.477217868379,-2.104861325477,
0.410437441963,-0.214805247204,-1.479666573210,-2.104909262377,
0.407982566240,-0.214805247204,-1.482121448933,-2.104861325477,
0.405521543853,-0.214805247204,-1.484582471320,-2.104765451678,
0.403054399091,-0.214805247204,-1.487049616082,-2.104861325477,
0.400581156304,-0.214805247204,-1.489522858870,-2.104765451678,
0.398101839901,-0.214805247204,-1.492002175272,-2.104861325477,
0.395616474354,-0.214805247204,-1.494487540819,-2.104765451678,
0.393125084190,-0.214805247204,-1.496978930983,-2.104861325477,
0.390627694000,-0.214805247204,-1.499476321173,-2.104861325477,
0.388124328432,-0.214805247204,-1.501979686741,-2.104765451678,
0.385615012192,-0.214805247204,-1.504489002981,-2.104765451678,
0.383099770047,-0.214805247204,-1.507004245126,-2.104909262377,
0.380578626821,-0.214805247204,-1.509525388353,-2.104861325477,
0.378051607396,-0.214805247204,-1.512052407777,-2.104861325477,
0.375518736714,-0.214805247204,-1.514585278459,-2.104813388578,
0.372980039773,-0.214805247204,-1.517123975400,-2.104861325477,
0.370435541628,-0.214805247204,-1.519668473545,-2.104861325477,
0.367885267394,-0.214805247204,-1.522218747779,-2.104861325477,
0.365329242239,-0.214805247204,-1.524774772934,-2.104813388578,
0.362767491392,-0.214805247204,-1.527336523782,-2.104861325477,
0.360200040135,-0.214805247204,-1.529903975039,-2.104861325477,
0.357626913808,-0.214805247204,-1.532477101366,-2.104861325477,
0.355048137806,-0.214805247204,-1.535055877367,-2.104861325477,
0.352463737583,-0.214805247204,-1.537640277591,-2.104813388578,
0.349873738643,-0.214805247204,-1.540230276530,-2.104861325477,
0.347278166550,-0.214805247204,-1.542825848623,-2.104909262377,
0.344677046921,-0.214805247204,-1.545426968252,-2.104909262377,
0.342070405428,-0.214805247204,-1.548033609745,-2.104861325477,
0.339458267797,-0.214805247204,-1.550645747376,-2.104813388578,
0.336840659809,-0.214805247204,-1.553263355364,-2.104813388578,
0.334217607299,-0.214805247204,-1.555886407874,-2.104909262377,
0.331589136155,-0.214805247204,-1.558514879018,-2.104861325477,
0.328955272320,-0.214805247204,-1.561148742854,-2.104813388578,
0.326316041787,-0.214805247204,-1.563787973386,-2.104861325477,
0.323671470607,-0.214805247204,-1.566432544567,-2.104765451678,
0.321021584878,-0.214805247204,-1.569082430295,-2.104861325477,
0.318366410756,-0.214805247204,-1.571737604418,-2.104861325477,
0.315705974444,-0.214805247204,-1.574398040729,-2.104861325477,
0.313040302201,-0.214805247204,-1.577063712972,-2.104861325477,
0.310369420336,-0.214805247204,-1.579734594837,-2.104861325477,
0.307693355209,-0.214805247204,-1.582410659964,-2.104861325477,
0.305012133232,-0.214805247204,-1.585091881941,-2.104765451678,
0.302325780867,-0.214805247204,-1.587778234306,-2.104861325477,
0.299634324628,-0.214805247204,-1.590469690545,-2.104909262377,
0.296937791079,-0.214805247204,-1.593166224094,-2.104861325477,
0.294236206832,-0.214805247204,-1.595867808341,-2.104909262377,
0.291529598552,-0.214805247204,-1.598574416621,-2.104861325477,
0.288817992952,-0.214805247204,-1.601286022222,-2.104765451678,
0.286101416793,-0.214805247204,-1.604002598380,-2.104861325477,
0.283379896889,-0.214805247204,-1.606724118285,-2.104861325477,
0.280653460098,-0.214805247204,-1.609450555075,-2.104861325477,
0.277922133330,-0.214805247204,-1.612181881843,-2.104861325477,
0.275185943542,-0.214805247204,-1.614918071632,-2.104909262377,
0.272444917738,-0.214805247204,-1.617659097435,-2.104765451678,
0.269699082973,-0.214805247204,-1.620404932200,-2.104909262377,
0.266948466345,-0.214805247204,-1.623155548828,-2.104861325477,
0.264193095003,-0.214805247204,-1.625910920170,-2.104861325477,
0.261432996141,-0.214805247204,-1.628671019032,-2.104765451678,
0.258668197000,-0.214805247204,-1.631435818173,-2.104861325477,
0.255898724868,-0.214805247204,-1.634205290306,-2.104861325477,
0.253124607077,-0.214805247204,-1.636979408096,-2.104861325477,
0.250345871008,-0.214805247204,-1.639758144166,-2.104861325477,
0.247562544085,-0.214805247204,-1.642541471089,-2.104765451678,
0.244774653779,-0.214805247204,-1.645329361395,-2.104813388578,
0.241982227604,-0.214805247204,-1.648121787569,-2.104861325477,
0.239185293122,-0.214805247204,-1.650918722051,-2.104909262377,
0.236383877937,-0.214805247204,-1.653720137236,-2.104813388578,
0.233578009698,-0.214805247204,-1.656526005475,-2.104861325477,
0.230767716097,-0.214805247204,-1.659336299076,-2.104909262377,
0.227953024871,-0.214805247204,-1.662150990303,-2.104861325477,
0.225133963799,-0.214805247204,-1.664970051374,-2.104813388578,
0.222310560706,-0.214805247204,-1.667793454468,-2.104909262377,
0.219482843456,-0.214805247204,-1.670621171718,-2.104765451678,
0.216650839958,-0.214805247204,-1.673453175216,-2.104861325477,
0.213814578162,-0.214805247204,-1.676289437011,-2.104909262377,
0.210974086062,-0.214805247204,-1.679129929111,-2.104909262377,
0.208129391693,-0.214805247204,-1.681974623481,-2.104861325477,
0.205280523129,-0.214805247204,-1.684823492044,-2.104861325477,
0.202427508488,-0.214805247204,-1.687676506685,-2.104861325477,
0.199570375929,-0.214805247204,-1.690533639244,-2.104861325477,
0.196709153650,-0.214805247204,-1.693394861523,-2.104861325477,
0.193843869890,-0.214805247204,-1.696260145284,-2.104813388578,
0.190974552928,-0.214805247204,-1.699129462245,-2.104861325477,
0.188101231083,-0.214805247204,-1.702002784090,-2.104813388578,
0.185223932715,-0.214805247204,-1.704880082458,-2.104861325477,
0.182342686220,-0.214805247204,-1.707761328953,-2.104765451678,
0.179457520035,-0.214805247204,-1.710646495138,-2.104909262377,
0.176568462636,-0.214805247204,-1.713535552537,-2.104909262377,
0.173675542537,-0.214805247204,-1.716428472636,-2.104765451678,
0.170778788289,-0.214805247204,-1.719325226884,-2.104861325477,
0.167878228483,-0.214805247204,-1.722225786690,-2.104861325477,
0.164973891746,-0.214805247204,-1.725130123428,-2.104909262377,
0.162065806741,-0.214805247204,-1.728038208432,-2.104861325477,
0.159154002172,-0.214805247204,-1.730950013001,-2.104861325477,
0.156238506776,-0.214805247204,-1.733865508397,-2.104861325477,
0.153319349328,-0.214805247204,-1.736784665845,-2.104861325477,
0.150396558640,-0.214805247204,-1.739707456534,-2.104861325477,
0.147470163556,-0.214805247204,-1.742633851617,-2.104909262377,
0.144540192961,-0.214805247204,-1.745563822212,-2.104861325477,
0.141606675772,-0.214805247204,-1.748497339401,-2.104861325477,
0.138669640941,-0.214805247204,-1.751434374232,-2.104861325477,
0.135729117456,-0.214805247204,-1.754374897718,-2.104861325477,
0.132785134338,-0.214805247204,-1.757318880836,-2.104765451678,
0.129837720643,-0.214805247204,-1.760266294530,-2.104765451678,
0.126886905462,-0.214805247204,-1.763217109711,-2.104861325477,
0.123932717917,-0.214805247204,-1.766171297256,-2.104909262377,
0.120975187165,-0.214805247204,-1.769128828008,-2.104861325477,
0.118014342396,-0.214805247204,-1.772089672777,-2.104861325477,
0.115050212833,-0.214805247204,-1.775053802341,-2.104813388578,
0.112082827729,-0.214805247204,-1.778021187445,-2.104861325477,
0.109112216372,-0.214805247204,-1.780991798802,-2.104813388578,
0.106138408080,-0.214805247204,-1.783965607093,-2.104909262377,
0.103161432204,-0.214805247204,-1.786942582969,-2.104861325477,
0.100181318126,-0.214805247204,-1.789922697048,-2.104813388578,
0.097198095257,-0.214805247204,-1.792905919916,-2.104861325477,
0.094211793042,-0.214805247204,-1.795892222132,-2.104861325477,
0.091222440953,-0.214805247204,-1.798881574220,-2.104861325477,
0.088230068494,-0.214805247204,-1.801873946679,-2.104861325477,
0.085234705200,-0.214805247204,-1.804869309973,-2.104909262377,
0.082236380632,-0.214805247204,-1.807867634541,-2.104861325477,
0.079235124384,-0.214805247204,-1.810868890790,-2.104909262377,
0.076230966075,-0.214805247204,-1.813873049098,-2.104765451678,
0.073223935357,-0.214805247204,-1.816880079816,-2.104861325477,
0.070214061908,-0.214805247204,-1.819889953266,-2.104861325477,
0.067201375433,-0.214805247204,-1.822902639741,-2.104909262377,
0.064185905666,-0.214805247204,-1.825918109507,-2.104765451678,
0.061167682370,-0.214805247204,-1.828936332804,-2.104765451678,
0.058146735332,-0.214805247204,-1.831957279841,-2.104813388578,
0.055123094368,-0.214805247204,-1.834980920805,-2.104861325477,
0.052096789321,-0.214805247204,-1.838007225852,-2.104861325477,
0.049067850059,-0.214805247204,-1.841036165115,-2.104861325477,
0.046036306475,-0.214805247204,-1.844067708698,-2.104861325477,
0.043002188491,-0.214805247204,-1.847101826682,-2.104909262377,
0.039965526052,-0.214805247204,-1.850138489121,-2.104861325477,
0.036926349128,-0.214805247204,-1.853177666045,-2.104765451678,
0.033884687715,-0.214805247204,-1.856219327458,-2.104909262377,
0.030840571833,-0.214805247204,-1.859263443340,-2.104861325477,
0.027794031526,-0.214805247204,-1.862309983648,-2.104861325477,
0.024745096862,-0.214805247204,-1.865358918312,-2.104861325477,
0.021693797932,-0.214805247204,-1.868410217241,-2.104861325477,
0.018640164853,-0.214805247204,-1.871463850320,-2.104765451678,
0.015584227762,-0.214805247204,-1.874519787411,-2.104765451678,
0.012526016820,-0.214805247204,-1.877577998353,-2.104861325477,
0.009465562210,-0.214805247204,-1.880638452963,-2.104861325477,
0.006402894138,-0.214805247204,-1.883701121035,-2.104861325477,
0.003338042831,-0.214805247204,-1.886765972342,-2.104909262377,
0.000271038538,-0.214805247204,-1.889832976635,-2.104861325477,
-0.002798088471,-0.214805247204,-1.892902103644,-2.104813388578,
-0.005869307905,-0.214805247204,-1.895973323079,-2.104861325477,
-0.008942589453,-0.214805247204,-1.899046604626,-2.104861325477,
-0.012017902782,-0.214805247204,-1.902121917955,-2.104909262377,
-0.015095217540,-0.214805247204,-1.905199232713,-2.104861325477,
-0.018174503355,-0.214805247204,-1.908278518528,-2.104861325477,
-0.021255729836,-0.214805247204,-1.911359745009,-2.104861325477,
-0.024338866573,-0.214805247204,-1.914442881746,-2.104765451678,
-0.027423883136,-0.214805247204,-1.917527898309,-2.104861325477,
-0.030510749077,-0.214805247204,-1.920614764250,-2.104765451678,
-0.033599433931,-0.214805247204,-1.923703449104,-2.104861325477,
-0.036689907212,-0.214805247204,-1.926793922385,-2.104861325477,
-0.039782138420,-0.214805247204,-1.929886153594,-2.104909262377,
-0.042876097036,-0.214805247204,-1.932980112209,-2.104765451678,
-0.045971752523,-0.214805247204,-1.936075767696,-2.104861325477,
-0.049069074328,-0.214805247204,-1.939173089501,-2.104909262377,
-0.052168031882,-0.214805247204,-1.942272047055,-2.104765451678,
-0.055268594600,-0.214805247204,-1.945372609773,-2.104861325477,
-0.058370731880,-0.214805247204,-1.948474747053,-2.104861325477,
-0.061474413105,-0.214805247204,-1.951578428279,-2.104861325477,
-0.064579607644,-0.214805247204,-1.954683622818,-2.104813388578,
-0.067686284850,-0.214805247204,-1.957790300023,-2.104861325477,
-0.070794414060,-0.214805247204,-1.960898429233,-2.104813388578,
-0.073903964598,-0.214805247204,-1.964007979772,-2.104813388578,
-0.077014905776,-0.214805247204,-1.967118920949,-2.104909262377,
-0.080127206888,-0.214805247204,-1.970231222061,-2.104909262377,
-0.083240837219,-0.214805247204,-1.973344852392,-2.104861325477,
-0.086355766036,-0.214805247204,-1.976459781210,-2.104909262377,
-0.089471962599,-0.214805247204,-1.979575977772,-2.104861325477,
-0.092589396150,-0.214805247204,-1.982693411323,-2.104765451678,
-0.095708035922,-0.214805247204,-1.985812051095,-2.104861325477,
-0.098827851136,-0.214805247204,-1.988931866309,-2.104909262377,
-0.101948811000,-0.214805247204,-1.992052826173,-2.104861325477,
-0.105070884711,-0.214805247204,-1.995174899884,-2.104909262377,
-0.108194041456,-0.214805247204,-1.998298056629,-2.104861325477,
-0.111318250410,-0.214805247204,-2.001422265583,-2.104861325477,
-0.114443480739,-0.214805247204,-2.004547495913,-2.104909262377,
-0.117569701599,-0.214805247204,-2.007673716772,-2.104861325477,
-0.120696882134,-0.214805247204,-2.010800897307,-2.104909262377,
-0.123824991480,-0.214805247204,-2.013929006653,-2.104909262377,
-0.126953998765,-0.214805247204,-2.017058013938,-2.104861325477,
-0.130083873106,-0.214805247204,-2.020187888279,-2.104861325477,
-0.133214583613,-0.214805247204,-2.023318598786,-2.104861325477,
-0.136346099387,-0.214805247204,-2.026450114560,-2.104861325477,
-0.139478389521,-0.214805247204,-2.029582404694,-2.104861325477,
-0.142611423100,-0.214805247204,-2.032715438273,-2.104909262377,
-0.145745169203,-0.214805247204,-2.035849184377,-2.104909262377,
-0.148879596902,-0.214805247204,-2.038983612075,-2.104909262377,
-0.152014675260,-0.214805247204,-2.042118690433,-2.104765451678,
-0.155150373335,-0.214805247204,-2.045254388509,-2.104909262377,
-0.158286660180,-0.214805247204,-2.048390675354,-2.104909262377,
-0.161423504841,-0.214805247204,-2.051527520014,-2.104909262377,
-0.164560876358,-0.214805247204,-2.054664891531,-2.104765451678,
-0.167698743767,-0.214805247204,-2.057802758940,-2.104765451678,
-0.170837076097,-0.214805247204,-2.060941091270,-2.104861325477,
-0.173975842376,-0.214805247204,-2.064079857549,-2.104909262377,
-0.177115011625,-0.214805247204,-2.067219026798,-2.104861325477,
-0.180254552860,-0.214805247204,-2.070358568034,-2.104765451678,
-0.183394435098,-0.214805247204,-2.073498450271,-2.104813388578,
-0.186534627347,-0.214805247204,-2.076638642520,-2.104909262377,
-0.189675098616,-0.214805247204,-2.079779113789,-2.104909262377,
-0.192815817909,-0.214805247204,-2.082919833082,-2.104861325477,
-0.195956754229,-0.214805247204,-2.086060769403,-2.104861325477,
-0.199097876576,-0.214805247204,-2.089201891750,-2.104861325477,
-0.202239153949,-0.214805247204,-2.092343169122,-2.104909262377,
-0.205380555344,-0.214805247204,-2.095484570517,-2.104861325477,
-0.208522049756,-0.214805247204,-2.098626064930,-2.104909262377,
-0.211663606182,-0.214805247204,-2.101767621355,-2.104861325477,
-0.214805193614,-0.214805247204,-2.104909208787,-2.104765451678,
-0.217946781046,-0.214805247204,-2.108050796220,-2.104909262377,
-0.221088337473,-0.214805247204,-2.111192352646,-2.104765451678,
-0.224229831889,-0.214805247204,-2.114333847062,-2.104765451678,
-0.227371233287,-0.214805247204,-2.117475248460,-2.104765451678,
-0.230512510664,-0.214805247204,-2.120616525838,-2.104765451678,
-0.233653633017,-0.214805247204,-2.123757648190,-2.104861325477,
-0.236794569344,-0.214805247204,-2.126898584517,-2.104765451678,
-0.239935288645,-0.214805247204,-2.130039303819,-2.104909262377,
-0.243075759923,-0.214805247204,-2.133179775097,-2.104765451678,
-0.246215952183,-0.214805247204,-2.136319967356,-2.104765451678,
-0.249355834431,-0.214805247204,-2.139459849604,-2.104861325477,
-0.252495375679,-0.214805247204,-2.142599390852,-2.104861325477,
-0.255634544941,-0.214805247204,-2.145738560114,-2.104861325477,
-0.258773311234,-0.214805247204,-2.148877326407,-2.104813388578,
-0.261911643580,-0.214805247204,-2.152015658753,-2.104813388578,
-0.265049511005,-0.214805247204,-2.155153526178,-2.104909262377,
-0.268186882539,-0.214805247204,-2.158290897712,-2.104909262377,
-0.271323727218,-0.214805247204,-2.161427742392,-2.104861325477,
-0.274460014083,-0.214805247204,-2.164564029256,-2.104909262377,
-0.277595712179,-0.214805247204,-2.167699727352,-2.104765451678,
-0.280730790559,-0.214805247204,-2.170834805732,-2.104909262377,
-0.283865218280,-0.214805247204,-2.173969233453,-2.104861325477,
-0.286998964407,-0.214805247204,-2.177102979580,-2.104861325477,
-0.290131998011,-0.214805247204,-2.180236013185,-2.104861325477,
-0.293264288171,-0.214805247204,-2.183368303344,-2.104861325477,
-0.296395803972,-0.214805247204,-2.186499819145,-2.104861325477,
-0.299526514507,-0.214805247204,-2.189630529680,-2.104765451678,
-0.302656388877,-0.214805247204,-2.192760404050,-2.104861325477,
-0.305785396192,-0.214805247204,-2.195889411365,-2.104765451678,
-0.308913505570,-0.214805247204,-2.199017520743,-2.104765451678,
-0.312040686137,-0.214805247204,-2.202144701310,-2.104909262377,
-0.315166907029,-0.214805247204,-2.205270922203,-2.104861325477,
-0.318292137393,-0.214805247204,-2.208396152566,-2.104765451678,
-0.321416346383,-0.214805247204,-2.211520361556,-2.104861325477,
-0.324539503164,-0.214805247204,-2.214643518337,-2.104909262377,
-0.327661576913,-0.214805247204,-2.217765592086,-2.104861325477,
-0.330782536815,-0.214805247204,-2.220886551988,-2.104813388578,
-0.333902352068,-0.214805247204,-2.224006367241,-2.104909262377,
-0.337020991881,-0.214805247204,-2.227125007054,-2.104909262377,
-0.340138425474,-0.214805247204,-2.230242440647,-2.104813388578,
-0.343254622079,-0.214805247204,-2.233358637252,-2.104765451678,
-0.346369550941,-0.214805247204,-2.236473566114,-2.104861325477,
-0.349483181316,-0.214805247204,-2.239587196489,-2.104861325477,
-0.352595482474,-0.214805247204,-2.242699497647,-2.104861325477,
-0.355706423698,-0.214805247204,-2.245810438872,-2.104861325477,
-0.358815974285,-0.214805247204,-2.248919989458,-2.104909262377,
-0.361924103544,-0.214805247204,-2.252028118717,-2.104861325477,
-0.365030780800,-0.214805247204,-2.255134795973,-2.104861325477,
-0.368135975390,-0.214805247204,-2.258239990563,-2.104861325477,
-0.371239656667,-0.214805247204,-2.261343671840,-2.104765451678,
-0.374341794001,-0.214805247204,-2.264445809174,-2.104909262377,
-0.377442356773,-0.214805247204,-2.267546371946,-2.104909262377,
-0.380541314382,-0.214805247204,-2.270645329555,-2.104861325477,
-0.383638636243,-0.214805247204,-2.273742651417,-2.104861325477,
-0.386734291788,-0.214805247204,-2.276838306961,-2.104861325477,
-0.389828250462,-0.214805247204,-2.279932265635,-2.104861325477,
-0.392920481729,-0.214805247204,-2.283024496902,-2.104861325477,
-0.396010955071,-0.214805247204,-2.286114970245,-2.104765451678,
-0.399099639986,-0.214805247204,-2.289203655160,-2.104861325477,
-0.402186505990,-0.214805247204,-2.292290521163,-2.104861325477,
-0.405271522617,-0.214805247204,-2.295375537790,-2.104765451678,
-0.408354659418,-0.214805247204,-2.298458674591,-2.104861325477,
-0.411435885965,-0.214805247204,-2.301539901138,-2.104861325477,
-0.414515171847,-0.214805247204,-2.304619187020,-2.104861325477,
-0.417592486673,-0.214805247204,-2.307696501846,-2.104861325477,
-0.420667800070,-0.214805247204,-2.310771815244,-2.104861325477,
-0.423741081688,-0.214805247204,-2.313845096861,-2.104861325477,
-0.426812301193,-0.214805247204,-2.316916316366,-2.104861325477,
-0.429881428274,-0.214805247204,-2.319985443447,-2.104861325477,
-0.432948432640,-0.214805247204,-2.323052447813,-2.104861325477,
-0.436013284021,-0.214805247204,-2.326117299194,-2.104861325477,
-0.439075952168,-0.214805247204,-2.329179967341,-2.104765451678,
-0.442136406854,-0.214805247204,-2.332240422027,-2.104861325477,
-0.445194617873,-0.214805247204,-2.335298633046,-2.104861325477,
-0.448250555042,-0.214805247204,-2.338354570215,-2.104861325477,
-0.451304188200,-0.214805247204,-2.341408203374,-2.104813388578,
-0.454355487210,-0.214805247204,-2.344459502383,-2.104909262377,
-0.457404421955,-0.214805247204,-2.347508437128,-2.104813388578,
-0.460450962344,-0.214805247204,-2.350554977518,-2.104765451678,
-0.463495078310,-0.214805247204,-2.353599093483,-2.104765451678,
-0.466536739807,-0.214805247204,-2.356640754980,-2.104765451678,
-0.469575916816,-0.214805247204,-2.359679931989,-2.104909262377,
-0.472612579342,-0.214805247204,-2.362716594515,-2.104909262377,
-0.475646697413,-0.214805247204,-2.365750712586,-2.104909262377,
-0.478678241085,-0.214805247204,-2.368782256258,-2.104861325477,
-0.481707180437,-0.214805247204,-2.371811195610,-2.104861325477,
-0.484733485574,-0.214805247204,-2.374837500747,-2.104861325477,
-0.487757126629,-0.214805247204,-2.377861141802,-2.104909262377,
-0.490778073759,-0.214805247204,-2.380882088933,-2.104861325477,
-0.493796297149,-0.214805247204,-2.383900312322,-2.104765451678,
-0.496811767010,-0.214805247204,-2.386915782183,-2.104861325477,
-0.499824453581,-0.214805247204,-2.389928468754,-2.104861325477,
-0.502834327127,-0.214805247204,-2.392938342300,-2.104861325477,
-0.505841357942,-0.214805247204,-2.395945373116,-2.104861325477,
-0.508845516349,-0.214805247204,-2.398949531522,-2.104909262377,
-0.511846772697,-0.214805247204,-2.401950787870,-2.104909262377,
-0.514845097365,-0.214805247204,-2.404949112539,-2.104765451678,
-0.517840460762,-0.214805247204,-2.407944475935,-2.104813388578,
-0.520832833323,-0.214805247204,-2.410936848496,-2.104813388578,
-0.523822185515,-0.214805247204,-2.413926200688,-2.104765451678,
-0.526808487835,-0.214805247204,-2.416912503008,-2.104861325477,
-0.529791710809,-0.214805247204,-2.419895725982,-2.104765451678,
-0.532771824994,-0.214805247204,-2.422875840167,-2.104861325477,
-0.535748800977,-0.214805247204,-2.425852816151,-2.104861325477,
-0.538722609378,-0.214805247204,-2.428826624551,-2.104909262377,
-0.541693220844,-0.214805247204,-2.431797236018,-2.104861325477,
-0.544660606059,-0.214805247204,-2.434764621232,-2.104909262377,
-0.547624735734,-0.214805247204,-2.437728750907,-2.104861325477,
-0.550585580616,-0.214805247204,-2.440689595789,-2.104909262377,
-0.553543111481,-0.214805247204,-2.443647126654,-2.104861325477,
-0.556497299140,-0.214805247204,-2.446601314313,-2.104861325477,
-0.559448114437,-0.214805247204,-2.449552129610,-2.104861325477,
-0.562395528248,-0.214805247204,-2.452499543421,-2.104861325477,
-0.565339511484,-0.214805247204,-2.455443526657,-2.104861325477,
-0.568280035088,-0.214805247204,-2.458384050261,-2.104813388578,
-0.571217070038,-0.214805247204,-2.461321085211,-2.104765451678,
-0.574150587348,-0.214805247204,-2.464254602521,-2.104909262377,
-0.577080558065,-0.214805247204,-2.467184573238,-2.104861325477,
-0.580006953270,-0.214805247204,-2.470110968443,-2.104861325477,
-0.582929744083,-0.214805247204,-2.473033759256,-2.104861325477,
-0.585848901655,-0.214805247204,-2.475952916828,-2.104861325477,
-0.588764397176,-0.214805247204,-2.478868412349,-2.104765451678,
-0.591676201872,-0.214805247204,-2.481780217045,-2.104909262377,
-0.594584287003,-0.214805247204,-2.484688302177,-2.104909262377,
-0.597488623869,-0.214805247204,-2.487592639043,-2.104861325477,
-0.600389183805,-0.214805247204,-2.490493198978,-2.104861325477,
-0.603285938183,-0.214805247204,-2.493389953356,-2.104909262377,
-0.606178858413,-0.214805247204,-2.496282873587,-2.104861325477,
-0.609067915944,-0.214805247204,-2.499171931118,-2.104861325477,
-0.611953082262,-0.214805247204,-2.502057097436,-2.104765451678,
-0.614834328892,-0.214805247204,-2.504938344065,-2.104861325477,
-0.617711627395,-0.214805247204,-2.507815642569,-2.104765451678,
-0.620584949376,-0.214805247204,-2.510688964549,-2.104861325477,
-0.623454266475,-0.214805247204,-2.513558281648,-2.104861325477,
-0.626319550373,-0.214805247204,-2.516423565546,-2.104861325477,
-0.629180772791,-0.214805247204,-2.519284787965,-2.104861325477,
-0.632037905491,-0.214805247204,-2.522141920664,-2.104861325477,
-0.634890920272,-0.214805247204,-2.524994935445,-2.104861325477,
-0.637739788978,-0.214805247204,-2.527843804151,-2.104861325477,
-0.640584483491,-0.214805247204,-2.530688498664,-2.104861325477,
-0.643424975734,-0.214805247204,-2.533528990907,-2.104861325477,
-0.646261237674,-0.214805247204,-2.536365252848,-2.104861325477,
-0.649093241318,-0.214805247204,-2.539197256491,-2.104861325477,
-0.651920958715,-0.214805247204,-2.542024973888,-2.104909262377,
-0.654744361956,-0.214805247204,-2.544848377129,-2.104765451678,
-0.657563423176,-0.214805247204,-2.547667438349,-2.104861325477,
-0.660378114552,-0.214805247204,-2.550482129725,-2.104765451678,
-0.663188408303,-0.214805247204,-2.553292423477,-2.104861325477,
-0.665994276694,-0.214805247204,-2.556098291868,-2.104861325477,
-0.668795692032,-0.214805247204,-2.558899707205,-2.104909262377,
-0.671592626667,-0.214805247204,-2.561696641840,-2.104861325477,
-0.674385052996,-0.214805247204,-2.564489068169,-2.104861325477,
-0.677172943457,-0.214805247204,-2.567276958630,-2.104861325477,
-0.679956270536,-0.214805247204,-2.570060285709,-2.104909262377,
-0.682735006762,-0.214805247204,-2.572839021936,-2.104861325477,
-0.685509124711,-0.214805247204,-2.575613139884,-2.104765451678,
-0.688278597003,-0.214805247204,-2.578382612176,-2.104813388578,
-0.691043396304,-0.214805247204,-2.581147411477,-2.104813388578,
-0.693803495327,-0.214805247204,-2.583907510500,-2.104909262377,
-0.696558866830,-0.214805247204,-2.586662882004,-2.104861325477,
-0.699309483621,-0.214805247204,-2.589413498794,-2.104861325477,
-0.702055318550,-0.214805247204,-2.592159333723,-2.104861325477,
-0.704796344517,-0.214805247204,-2.594900359691,-2.104765451678,
-0.707532534471,-0.214805247204,-2.597636549644,-2.104861325477,
-0.710263861405,-0.214805247204,-2.600367876579,-2.104861325477,
-0.712990298364,-0.214805247204,-2.603094313537,-2.104861325477,
-0.715711818436,-0.214805247204,-2.605815833610,-2.104861325477,
-0.718428394764,-0.214805247204,-2.608532409937,-2.104861325477,
-0.721140000534,-0.214805247204,-2.611244015708,-2.104861325477,
-0.723846608985,-0.214805247204,-2.613950624159,-2.104861325477,
-0.726548193404,-0.214805247204,-2.616652208577,-2.104813388578,
-0.729244727126,-0.214805247204,-2.619348742299,-2.104861325477,
-0.731936183539,-0.214805247204,-2.622040198712,-2.104909262377,
-0.734622536078,-0.214805247204,-2.624726551251,-2.104861325477,
-0.737303758230,-0.214805247204,-2.627407773404,-2.104861325477,
-0.739979823534,-0.214805247204,-2.630083838707,-2.104861325477,
-0.742650705576,-0.214805247204,-2.632754720750,-2.104861325477,
-0.745316377997,-0.214805247204,-2.635420393171,-2.104909262377,
-0.747976814488,-0.214805247204,-2.638080829661,-2.104765451678,
-0.750631988791,-0.214805247204,-2.640736003964,-2.104765451678,
-0.753281874700,-0.214805247204,-2.643385889873,-2.104861325477,
-0.755926446062,-0.214805247204,-2.646030461236,-2.104765451678,
-0.758565676777,-0.214805247204,-2.648669691950,-2.104909262377,
-0.761199540796,-0.214805247204,-2.651303555970,-2.104861325477,
-0.763828012125,-0.214805247204,-2.653932027298,-2.104861325477,
-0.766451064820,-0.214805247204,-2.656555079993,-2.104765451678,
-0.769068672994,-0.214805247204,-2.659172688167,-2.104861325477,
-0.771680810812,-0.214805247204,-2.661784825985,-2.104813388578,
-0.774287452493,-0.214805247204,-2.664391467667,-2.104813388578,
-0.776888572311,-0.214805247204,-2.666992587484,-2.104765451678,
-0.779484144594,-0.214805247204,-2.669588159767,-2.104861325477,
-0.782074143724,-0.214805247204,-2.672178158897,-2.104765451678,
-0.784658544139,-0.214805247204,-2.674762559312,-2.104909262377,
-0.787237320333,-0.214805247204,-2.677341335506,-2.104909262377,
-0.789810446853,-0.214805247204,-2.679914462026,-2.104861325477,
-0.792377898304,-0.214805247204,-2.682481913477,-2.104861325477,
-0.794939649346,-0.214805247204,-2.685043664520,-2.104861325477,
-0.797495674697,-0.214805247204,-2.687599689870,-2.104765451678,
-0.800045949128,-0.214805247204,-2.690149964301,-2.104861325477,
-0.802590447470,-0.214805247204,-2.692694462643,-2.104861325477,
-0.805129144610,-0.214805247204,-2.695233159783,-2.104909262377,
-0.807662015491,-0.214805247204,-2.697766030664,-2.104909262377,
-0.810189035115,-0.214805247204,-2.700293050288,-2.104765451678,
-0.812710178542,-0.214805247204,-2.702814193716,-2.104909262377,
-0.815225420889,-0.214805247204,-2.705329436062,-2.104909262377,
-0.817734737332,-0.214805247204,-2.707838752505,-2.104861325477,
-0.820238103104,-0.214805247204,-2.710342118277,-2.104765451678,
-0.822735493498,-0.214805247204,-2.712839508671,-2.104813388578,
-0.825226883866,-0.214805247204,-2.715330899040,-2.104861325477,
-0.827712249620,-0.214805247204,-2.717816264793,-2.104861325477,
-0.830191566229,-0.214805247204,-2.720295581402,-2.104909262377,
-0.832664809224,-0.214805247204,-2.722768824397,-2.104909262377,
-0.835131954194,-0.214805247204,-2.725235969368,-2.104765451678,
-0.837592976791,-0.214805247204,-2.727696991964,-2.104861325477,
-0.840047852724,-0.214805247204,-2.730151867897,-2.104861325477,
-0.842496557766,-0.214805247204,-2.732600572939,-2.104909262377,
-0.844939067747,-0.214805247204,-2.735043082921,-2.104861325477,
-0.847375358563,-0.214805247204,-2.737479373736,-2.104861325477,
-0.849805406167,-0.214805247204,-2.739909421340,-2.104765451678,
-0.852229186576,-0.214805247204,-2.742333201750,-2.104909262377,
-0.854646675869,-0.214805247204,-2.744750691042,-2.104861325477,
-0.857057850185,-0.214805247204,-2.747161865358,-2.104861325477,
-0.859462685727,-0.214805247204,-2.749566700901,-2.104765451678,
-0.861861158761,-0.214805247204,-2.751965173935,-2.104861325477,
-0.864253245615,-0.214805247204,-2.754357260788,-2.104909262377,
-0.866638922679,-0.214805247204,-2.756742937852,-2.104813388578,
-0.869018166408,-0.214805247204,-2.759122181582,-2.104861325477,
-0.871390953321,-0.214805247204,-2.761494968494,-2.104861325477,
-0.873757259997,-0.214805247204,-2.763861275170,-2.104909262377,
-0.876117063083,-0.214805247204,-2.766221078257,-2.104861325477,
-0.878470339289,-0.214805247204,-2.768574354462,-2.104861325477,
-0.880817065389,-0.214805247204,-2.770921080562,-2.104909262377,
-0.883157218221,-0.214805247204,-2.773261233394,-2.104861325477,
-0.885490774689,-0.214805247204,-2.775594789862,-2.104861325477,
-0.887817711762,-0.214805247204,-2.777921726935,-2.104813388578,
-0.890138006474,-0.214805247204,-2.780242021647,-2.104861325477,
-0.892451635924,-0.214805247204,-2.782555651098,-2.104861325477,
-0.894758577279,-0.214805247204,-2.784862592452,-2.104861325477,
-0.897058807769,-0.214805247204,-2.787162822942,-2.104861325477,
-0.899352304691,-0.214805247204,-2.789456319865,-2.104861325477,
-0.901639045411,-0.214805247204,-2.791743060584,-2.104861325477,
-0.903919007359,-0.214805247204,-2.794023022532,-2.104765451678,
-0.906192168033,-0.214805247204,-2.796296183206,-2.104861325477,
-0.908458504996,-0.214805247204,-2.798562520170,-2.104861325477,
-0.910717995883,-0.214805247204,-2.800822011056,-2.104909262377,
-0.912970618392,-0.214805247204,-2.803074633565,-2.104909262377,
-0.915216350291,-0.214805247204,-2.805320365464,-2.104861325477,
-0.917455169415,-0.214805247204,-2.807559184588,-2.104861325477,
-0.919687053668,-0.214805247204,-2.809791068841,-2.104861325477,
-0.921911981023,-0.214805247204,-2.812015996196,-2.104861325477,
-0.924129929520,-0.214805247204,-2.814233944693,-2.104861325477,
-0.926340877269,-0.214805247204,-2.816444892442,-2.104813388578,
-0.928544802449,-0.214805247204,-2.818648817622,-2.104861325477,
-0.930741683308,-0.214805247204,-2.820845698481,-2.104861325477,
-0.932931498163,-0.214805247204,-2.823035513336,-2.104861325477,
-0.935114225403,-0.214805247204,-2.825218240576,-2.104861325477,
-0.937289843483,-0.214805247204,-2.827393858657,-2.104861325477,
-0.939458330933,-0.214805247204,-2.829562346107,-2.104861325477,
-0.941619666350,-0.214805247204,-2.831723681523,-2.104861325477,
-0.943773828402,-0.214805247204,-2.833877843575,-2.104765451678,
-0.945920795829,-0.214805247204,-2.836024811002,-2.104765451678,
-0.948060547441,-0.214805247204,-2.838164562614,-2.104861325477,
-0.950193062119,-0.214805247204,-2.840297077292,-2.104861325477,
-0.952318318816,-0.214805247204,-2.842422333990,-2.104861325477,
-0.954436296558,-0.214805247204,-2.844540311731,-2.104861325477,
-0.956546974440,-0.214805247204,-2.846650989613,-2.104861325477,
-0.958650331631,-0.214805247204,-2.848754346804,-2.104909262377,
-0.960746347371,-0.214805247204,-2.850850362544,-2.104765451678,
-0.962835000974,-0.214805247204,-2.852939016147,-2.104861325477,
-0.964916271826,-0.214805247204,-2.855020286999,-2.104861325477,
-0.966990139385,-0.214805247204,-2.857094154558,-2.104861325477,
-0.969056583183,-0.214805247204,-2.859160598356,-2.104861325477,
-0.971115582825,-0.214805247204,-2.861219597998,-2.104765451678,
-0.973167117989,-0.214805247204,-2.863271133163,-2.104909262377,
-0.975211168429,-0.214805247204,-2.865315183602,-2.104909262377,
-0.977247713969,-0.214805247204,-2.867351729142,-2.104861325477,
-0.979276734510,-0.214805247204,-2.869380749683,-2.104861325477,
-0.981298210026,-0.214805247204,-2.871402225200,-2.104813388578,
-0.983312120567,-0.214805247204,-2.873416135740,-2.104861325477,
-0.985318446255,-0.214805247204,-2.875422461429,-2.104765451678,
-0.987317167290,-0.214805247204,-2.877421182463,-2.104909262377,
-0.989308263943,-0.214805247204,-2.879412279117,-2.104909262377,
-0.991291716565,-0.214805247204,-2.881395731739,-2.104861325477,
-0.993267505580,-0.214805247204,-2.883371520753,-2.104861325477,
-0.995235611486,-0.214805247204,-2.885339626659,-2.104909262377,
-0.997196014860,-0.214805247204,-2.887300030033,-2.104765451678,
-0.999148696353,-0.214805247204,-2.889252711526,-2.104765451678,
-1.001093636693,-0.214805247204,-2.891197651866,-2.104765451678,
-1.003030816685,-0.214805247204,-2.893134831858,-2.104909262377,
-1.004960217208,-0.214805247204,-2.895064232382,-2.104861325477,
-1.006881819222,-0.214805247204,-2.896985834395,-2.104861325477,
-1.008795603760,-0.214805247204,-2.898899618933,-2.104861325477,
-1.010701551933,-0.214805247204,-2.900805567106,-2.104765451678,
-1.012599644932,-0.214805247204,-2.902703660105,-2.104909262377,
-1.014489864022,-0.214805247204,-2.904593879195,-2.104861325477,
-1.016372190549,-0.214805247204,-2.906476205722,-2.104861325477,
-1.018246605933,-0.214805247204,-2.908350621106,-2.104909262377,
-1.020113091676,-0.214805247204,-2.910217106849,-2.104909262377,
-1.021971629356,-0.214805247204,-2.912075644529,-2.104861325477,
-1.023822200629,-0.214805247204,-2.913926215803,-2.104765451678,
-1.025664787233,-0.214805247204,-2.915768802406,-2.104861325477,
-1.027499370980,-0.214805247204,-2.917603386153,-2.104861325477,
-1.029325933765,-0.214805247204,-2.919429948938,-2.104861325477,
-1.031144457559,-0.214805247204,-2.921248472733,-2.104861325477,
-1.032954924416,-0.214805247204,-2.923058939589,-2.104765451678,
-1.034757316465,-0.214805247204,-2.924861331639,-2.104909262377,
-1.036551615920,-0.214805247204,-2.926655631093,-2.104861325477,
-1.038337805069,-0.214805247204,-2.928441820242,-2.104861325477,
-1.040115866285,-0.214805247204,-2.930219881458,-2.104861325477,
-1.041885782018,-0.214805247204,-2.931989797192,-2.104909262377,
-1.043647534801,-0.214805247204,-2.933751549974,-2.104765451678,
-1.045401107246,-0.214805247204,-2.935505122419,-2.104861325477,
-1.047146482044,-0.214805247204,-2.937250497218,-2.104861325477,
-1.048883641971,-0.214805247204,-2.938987657145,-2.104765451678,
-1.050612569882,-0.214805247204,-2.940716585055,-2.104765451678,
-1.052333248712,-0.214805247204,-2.942437263885,-2.104765451678,
-1.054045661479,-0.214805247204,-2.944149676652,-2.104861325477,
-1.055749791282,-0.214805247204,-2.945853806455,-2.104861325477,
-1.057445621302,-0.214805247204,-2.947549636475,-2.104813388578,
-1.059133134802,-0.214805247204,-2.949237149975,-2.104909262377,
-1.060812315127,-0.214805247204,-2.950916330300,-2.104861325477,
-1.062483145704,-0.214805247204,-2.952587160877,-2.104861325477,
-1.064145610043,-0.214805247204,-2.954249625216,-2.104813388578,
-1.065799691736,-0.214805247204,-2.955903706909,-2.104861325477,
-1.067445374457,-0.214805247204,-2.957549389630,-2.104861325477,
-1.069082641965,-0.214805247204,-2.959186657138,-2.104765451678,
-1.070711478100,-0.214805247204,-2.960815493273,-2.104861325477,
-1.072331866786,-0.214805247204,-2.962435881959,-2.104765451678,
-1.073943792031,-0.214805247204,-2.964047807204,-2.104765451678,
-1.075547237926,-0.214805247204,-2.965651253099,-2.104861325477,
-1.077142188645,-0.214805247204,-2.967246203818,-2.104861325477,
-1.078728628447,-0.214805247204,-2.968832643620,-2.104861325477,
-1.080306541674,-0.214805247204,-2.970410556847,-2.104861325477,
-1.081875912753,-0.214805247204,-2.971979927927,-2.104861325477,
-1.083436726195,-0.214805247204,-2.973540741369,-2.104813388578,
-1.084988966596,-0.214805247204,-2.975092981769,-2.104909262377,
-1.086532618634,-0.214805247204,-2.976636633808,-2.104813388578,
-1.088067667076,-0.214805247204,-2.978171682249,-2.104765451678,
-1.089594096771,-0.214805247204,-2.979698111944,-2.104765451678,
-1.091111892653,-0.214805247204,-2.981215907826,-2.104813388578,
-1.092621039742,-0.214805247204,-2.982725054915,-2.104861325477,
-1.094121523144,-0.214805247204,-2.984225538317,-2.104861325477,
-1.095613328050,-0.214805247204,-2.985717343223,-2.104861325477,
-1.097096439736,-0.214805247204,-2.987200454909,-2.104861325477,
-1.098570843565,-0.214805247204,-2.988674858738,-2.104861325477,
-1.100036524984,-0.214805247204,-2.990140540157,-2.104813388578,
-1.101493469528,-0.214805247204,-2.991597484701,-2.104813388578,
-1.102941662818,-0.214805247204,-2.993045677991,-2.104861325477,
-1.104381090560,-0.214805247204,-2.994485105733,-2.104861325477,
-1.105811738547,-0.214805247204,-2.995915753721,-2.104861325477,
-1.107233592661,-0.214805247204,-2.997337607835,-2.104861325477,
-1.108646638868,-0.214805247204,-2.998750654041,-2.104861325477,
-1.110050863221,-0.214805247204,-3.000154878394,-2.104861325477,
-1.111446251862,-0.214805247204,-3.001550267035,-2.104765451678,
-1.112832791018,-0.214805247204,-3.002936806192,-2.104861325477,
-1.114210467006,-0.214805247204,-3.004314482179,-2.104861325477,
-1.115579266227,-0.214805247204,-3.005683281400,-2.104861325477,
-1.116939175173,-0.214805247204,-3.007043190346,-2.104861325477,
-1.118290180421,-0.214805247204,-3.008394195594,-2.104765451678,
-1.119632268638,-0.214805247204,-3.009736283811,-2.104909262377,
-1.120965426578,-0.214805247204,-3.011069441751,-2.104861325477,
-1.122289641083,-0.214805247204,-3.012393656256,-2.104909262377,
-1.123604899084,-0.214805247204,-3.013708914257,-2.104765451678,
-1.124911187599,-0.214805247204,-3.015015202772,-2.104909262377,
-1.126208493737,-0.214805247204,-3.016312508910,-2.104765451678,
-1.127496804692,-0.214805247204,-3.017600819866,-2.104909262377,
-1.128776107751,-0.214805247204,-3.018880122925,-2.104861325477,
-1.130046390287,-0.214805247204,-3.020150405460,-2.104813388578,
-1.131307639763,-0.214805247204,-3.021411654936,-2.104861325477,
-1.132559843730,-0.214805247204,-3.022663858903,-2.104861325477,
-1.133802989830,-0.214805247204,-3.023907005003,-2.104909262377,
-1.135037065794,-0.214805247204,-3.025141080967,-2.104909262377,
-1.136262059441,-0.214805247204,-3.026366074614,-2.104765451678,
-1.137477958682,-0.214805247204,-3.027581973855,-2.104765451678,
-1.138684751516,-0.214805247204,-3.028788766690,-2.104861325477,
-1.139882426033,-0.214805247204,-3.029986441207,-2.104909262377,
-1.141070970412,-0.214805247204,-3.031174985585,-2.104861325477,
-1.142250372923,-0.214805247204,-3.032354388096,-2.104765451678,
-1.143420621924,-0.214805247204,-3.033524637098,-2.104765451678,
-1.144581705868,-0.214805247204,-3.034685721041,-2.104909262377,
-1.145733613293,-0.214805247204,-3.035837628466,-2.104861325477,
-1.146876332831,-0.214805247204,-3.036980348005,-2.104909262377,
-1.148009853205,-0.214805247204,-3.038113868378,-2.104861325477,
-1.149134163226,-0.214805247204,-3.039238178399,-2.104861325477,
-1.150249251798,-0.214805247204,-3.040353266971,-2.104861325477,
-1.151355107916,-0.214805247204,-3.041459123089,-2.104861325477,
-1.152451720665,-0.214805247204,-3.042555735838,-2.104765451678,
-1.153539079222,-0.214805247204,-3.043643094395,-2.104861325477,
-1.154617172856,-0.214805247204,-3.044721188029,-2.104909262377,
-1.155685990925,-0.214805247204,-3.045790006099,-2.104861325477,
-1.156745522882,-0.214805247204,-3.046849538055,-2.104909262377,
-1.157795758269,-0.214805247204,-3.047899773442,-2.104909262377,
-1.158836686721,-0.214805247204,-3.048940701894,-2.104909262377,
-1.159868297963,-0.214805247204,-3.049972313137,-2.104861325477,
-1.160890581816,-0.214805247204,-3.050994596989,-2.104765451678,
-1.161903528188,-0.214805247204,-3.052007543361,-2.104861325477,
-1.162907127083,-0.214805247204,-3.053011142256,-2.104861325477,
-1.163901368596,-0.214805247204,-3.054005383769,-2.104861325477,
-1.164886242913,-0.214805247204,-3.054990258086,-2.104861325477,
-1.165861740315,-0.214805247204,-3.055965755488,-2.104861325477,
-1.166827851173,-0.214805247204,-3.056931866346,-2.104861325477,
-1.167784565953,-0.214805247204,-3.057888581126,-2.104861325477,
-1.168731875212,-0.214805247204,-3.058835890385,-2.104765451678,
-1.169669769601,-0.214805247204,-3.059773784774,-2.104861325477,
-1.170598239863,-0.214805247204,-3.060702255036,-2.104765451678,
-1.171517276834,-0.214805247204,-3.061621292007,-2.104861325477,
-1.172426871444,-0.214805247204,-3.062530886617,-2.104909262377,
-1.173327014715,-0.214805247204,-3.063431029888,-2.104861325477,
-1.174217697764,-0.214805247204,-3.064321712937,-2.104765451678,
-1.175098911800,-0.214805247204,-3.065202926973,-2.104909262377,
-1.175970648125,-0.214805247204,-3.066074663298,-2.104909262377,
-1.176832898136,-0.214805247204,-3.066936913309,-2.104765451678,
-1.177685653323,-0.214805247204,-3.067789668496,-2.104861325477,
-1.178528905269,-0.214805247204,-3.068632920442,-2.104861325477,
-1.179362645652,-0.214805247204,-3.069466660825,-2.104861325477,
-1.180186866243,-0.214805247204,-3.070290881417,-2.104861325477,
-1.181001558908,-0.214805247204,-3.071105574081,-2.104909262377,
-1.181806715606,-0.214805247204,-3.071910730779,-2.104813388578,
-1.182602328390,-0.214805247204,-3.072706343563,-2.104861325477,
-1.183388389408,-0.214805247204,-3.073492404581,-2.104909262377,
-1.184164890901,-0.214805247204,-3.074268906074,-2.104861325477,
-1.184931825206,-0.214805247204,-3.075035840380,-2.104765451678,
-1.185689184755,-0.214805247204,-3.075793199928,-2.104909262377,
-1.186436962071,-0.214805247204,-3.076540977244,-2.104813388578,
-1.187175149774,-0.214805247204,-3.077279164947,-2.104765451678,
-1.187903740580,-0.214805247204,-3.078007755753,-2.104861325477,
-1.188622727296,-0.214805247204,-3.078726742469,-2.104909262377,
-1.189332102828,-0.214805247204,-3.079436118001,-2.104909262377,
-1.190031860173,-0.214805247204,-3.080135875346,-2.104765451678,
-1.190721992425,-0.214805247204,-3.080826007599,-2.104909262377,
-1.191402492774,-0.214805247204,-3.081506507947,-2.104861325477,
-1.192073354502,-0.214805247204,-3.082177369675,-2.104861325477,
-1.192734570989,-0.214805247204,-3.082838586162,-2.104861325477,
-1.193386135709,-0.214805247204,-3.083490150882,-2.104861325477,
-1.194028042231,-0.214805247204,-3.084132057404,-2.104909262377,
-1.194660284219,-0.214805247204,-3.084764299392,-2.104861325477,
-1.195282855434,-0.214805247204,-3.085386870608,-2.104813388578,
-1.195895749732,-0.214805247204,-3.085999764905,-2.104765451678,
-1.196498961062,-0.214805247204,-3.086602976235,-2.104861325477,
-1.197092483472,-0.214805247204,-3.087196498645,-2.104765451678,
-1.197676311104,-0.214805247204,-3.087780326277,-2.104813388578,
-1.198250438196,-0.214805247204,-3.088354453369,-2.104861325477,
-1.198814859081,-0.214805247204,-3.088918874254,-2.104765451678,
-1.199369568189,-0.214805247204,-3.089473583362,-2.104765451678,
-1.199914560045,-0.214805247204,-3.090018575218,-2.104861325477,
-1.200449829270,-0.214805247204,-3.090553844443,-2.104861325477,
-1.200975370581,-0.214805247204,-3.091079385754,-2.104861325477,
-1.201491178791,-0.214805247204,-3.091595193964,-2.104861325477,
-1.201997248810,-0.214805247204,-3.092101263983,-2.104861325477,
-1.202493575643,-0.214805247204,-3.092597590816,-2.104813388578,
-1.202980154391,-0.214805247204,-3.093084169564,-2.104861325477,
-1.203456980252,-0.214805247204,-3.093560995425,-2.104909262377,
-1.203924048520,-0.214805247204,-3.094028063693,-2.104909262377,
-1.204381354585,-0.214805247204,-3.094485369758,-2.104861325477,
-1.204828893934,-0.214805247204,-3.094932909107,-2.104861325477,
-1.205266662149,-0.214805247204,-3.095370677322,-2.104861325477,
-1.205694654910,-0.214805247204,-3.095798670083,-2.104813388578,
-1.206112867993,-0.214805247204,-3.096216883167,-2.104909262377,
-1.206521297271,-0.214805247204,-3.096625312444,-2.104861325477,
-1.206919938712,-0.214805247204,-3.097023953885,-2.104765451678,
-1.207308788382,-0.214805247204,-3.097412803555,-2.104861325477,
-1.207687842442,-0.214805247204,-3.097791857616,-2.104765451678,
-1.208057097153,-0.214805247204,-3.098161112326,-2.104861325477,
-1.208416548869,-0.214805247204,-3.098520564043,-2.104765451678,
-1.208766194044,-0.214805247204,-3.098870209217,-2.104765451678,
-1.209106029225,-0.214805247204,-3.099210044398,-2.104765451678,
-1.209436051059,-0.214805247204,-3.099540066233,-2.104909262377,
-1.209756256289,-0.214805247204,-3.099860271463,-2.104813388578,
-1.210066641755,-0.214805247204,-3.100170656928,-2.104765451678,
-1.210367204393,-0.214805247204,-3.100471219566,-2.104861325477,
-1.210657941237,-0.214805247204,-3.100761956410,-2.104861325477,
-1.210938849417,-0.214805247204,-3.101042864590,-2.104861325477,
-1.211209926160,-0.214805247204,-3.101313941334,-2.104765451678,
-1.211471168793,-0.214805247204,-3.101575183966,-2.104861325477,
-1.211722574735,-0.214805247204,-3.101826589908,-2.104909262377,
-1.211964141506,-0.214805247204,-3.102068156679,-2.104861325477,
-1.212195866722,-0.214805247204,-3.102299881895,-2.104861325477,
-1.212417748095,-0.214805247204,-3.102521763268,-2.104861325477,
-1.212629783436,-0.214805247204,-3.102733798609,-2.104861325477,
-1.212831970652,-0.214805247204,-3.102935985825,-2.104861325477,
-1.213024307747,-0.214805247204,-3.103128322920,-2.104861325477,
-1.213206792824,-0.214805247204,-3.103310807997,-2.104861325477,
-1.213379424081,-0.214805247204,-3.103483439254,-2.104909262377,
-1.213542199814,-0.214805247204,-3.103646214987,-2.104861325477,
-1.213695118417,-0.214805247204,-3.103799133590,-2.104861325477,
-1.213838178380,-0.214805247204,-3.103942193554,-2.104909262377,
-1.213971378293,-0.214805247204,-3.104075393466,-2.104861325477,
-1.214094716839,-0.214805247204,-3.104198732012,-2.104861325477,
-1.214208192802,-0.214805247204,-3.104312207975,-2.104909262377,
-1.214311805061,-0.214805247204,-3.104415820234,-2.104765451678,
-1.214405552595,-0.214805247204,-3.104509567768,-2.104861325477,
-1.214489434478,-0.214805247204,-3.104593449651,-2.104765451678,
-1.214563449881,-0.214805247204,-3.104667465054,-2.104813388578,
-1.214627598075,-0.214805247204,-3.104731613249,-2.104861325477,
-1.214681878427,-0.214805247204,-3.104785893600,-2.104861325477,
-1.214726290400,-0.214805247204,-3.104830305573,-2.104909262377,
-1.214760833556,-0.214805247204,-3.104864848730,-2.104861325477,
-1.214785507555,-0.214805247204,-3.104889522729,-2.104765451678,
-1.214800312153,-0.214805247204,-3.104904327326,-2.104909262377,
-1.214805247204,-0.214805247204,-3.104909262377,-2.104765451678,
-1.214800312658,-0.214805247204,-3.104904327831,-2.104861325477,
-1.214785508565,-0.214805247204,-3.104889523739,-2.104861325477,
-1.214760835072,-0.214805247204,-3.104864850245,-2.104909262377,
-1.214726292420,-0.214805247204,-3.104830307593,-2.104813388578,
-1.214681880952,-0.214805247204,-3.104785896125,-2.104813388578,
-1.214627601106,-0.214805247204,-3.104731616279,-2.104861325477,
-1.214563453416,-0.214805247204,-3.104667468590,-2.104909262377,
-1.214489438518,-0.214805247204,-3.104593453691,-2.104909262377,
-1.214405557140,-0.214805247204,-3.104509572313,-2.104765451678,
-1.214311810111,-0.214805247204,-3.104415825284,-2.104861325477,
-1.214208198356,-0.214805247204,-3.104312213530,-2.104909262377,
-1.214094722898,-0.214805247204,-3.104198738071,-2.104765451678,
-1.213971384857,-0.214805247204,-3.104075400030,-2.104909262377,
-1.213838185449,-0.214805247204,-3.103942200622,-2.104909262377,
-1.213695125990,-0.214805247204,-3.103799141163,-2.104909262377,
-1.213542207892,-0.214805247204,-3.103646223065,-2.104861325477,
-1.213379432663,-0.214805247204,-3.103483447836,-2.104765451678,
-1.213206801910,-0.214805247204,-3.103310817084,-2.104765451678,
-1.213024317338,-0.214805247204,-3.103128332511,-2.104765451678,
-1.212831980747,-0.214805247204,-3.102935995920,-2.104861325477,
-1.212629794035,-0.214805247204,-3.102733809208,-2.104765451678,
-1.212417759198,-0.214805247204,-3.102521774371,-2.104909262377,
-1.212195878328,-0.214805247204,-3.102299893501,-2.104861325477,
-1.211964153616,-0.214805247204,-3.102068168789,-2.104861325477,
-1.211722587349,-0.214805247204,-3.101826602522,-2.104813388578,
-1.211471181910,-0.214805247204,-3.101575197083,-2.104765451678,
-1.211209939781,-0.214805247204,-3.101313954954,-2.104861325477,
-1.210938863541,-0.214805247204,-3.101042878714,-2.104813388578,
-1.210657955864,-0.214805247204,-3.100761971037,-2.104861325477,
-1.210367219523,-0.214805247204,-3.100471234696,-2.104861325477,
-1.210066657388,-0.214805247204,-3.100170672561,-2.104861325477,
-1.209756272425,-0.214805247204,-3.099860287598,-2.104861325477,
-1.209436067697,-0.214805247204,-3.099540082870,-2.104861325477,
-1.209106046365,-0.214805247204,-3.099210061538,-2.104861325477,
-1.208766211686,-0.214805247204,-3.098870226859,-2.104861325477,
-1.208416567013,-0.214805247204,-3.098520582186,-2.104861325477,
-1.208057115799,-0.214805247204,-3.098161130972,-2.104861325477,
-1.207687861590,-0.214805247204,-3.097791876763,-2.104813388578,
-1.207308808030,-0.214805247204,-3.097412823203,-2.104765451678,
-1.206919958862,-0.214805247204,-3.097023974035,-2.104861325477,
-1.206521317922,-0.214805247204,-3.096625333095,-2.104861325477,
-1.206112889145,-0.214805247204,-3.096216904318,-2.104861325477,
-1.205694676562,-0.214805247204,-3.095798691736,-2.104861325477,
-1.205266684301,-0.214805247204,-3.095370699475,-2.104909262377,
-1.204828916586,-0.214805247204,-3.094932931759,-2.104813388578,
-1.204381377738,-0.214805247204,-3.094485392911,-2.104861325477,
-1.203924072172,-0.214805247204,-3.094028087345,-2.104861325477,
-1.203457004404,-0.214805247204,-3.093561019577,-2.104861325477,
-1.202980179042,-0.214805247204,-3.093084194215,-2.104861325477,
-1.202493600793,-0.214805247204,-3.092597615966,-2.104909262377,
-1.201997274459,-0.214805247204,-3.092101289632,-2.104861325477,
-1.201491204938,-0.214805247204,-3.091595220111,-2.104861325477,
-1.200975397226,-0.214805247204,-3.091079412399,-2.104861325477,
-1.200449856413,-0.214805247204,-3.090553871586,-2.104765451678,
-1.199914587686,-0.214805247204,-3.090018602859,-2.104909262377,
-1.199369596327,-0.214805247204,-3.089473611500,-2.104765451678,
-1.198814887717,-0.214805247204,-3.088918902890,-2.104861325477,
-1.198250467328,-0.214805247204,-3.088354482502,-2.104909262377,
-1.197676340733,-0.214805247204,-3.087780355906,-2.104813388578,
-1.197092513597,-0.214805247204,-3.087196528771,-2.104909262377,
-1.196498991683,-0.214805247204,-3.086603006856,-2.104813388578,
-1.195895780848,-0.214805247204,-3.085999796022,-2.104909262377,
-1.195282887047,-0.214805247204,-3.085386902220,-2.104861325477,
-1.194660316326,-0.214805247204,-3.084764331500,-2.104765451678,
-1.194028074833,-0.214805247204,-3.084132090006,-2.104813388578,
-1.193386168805,-0.214805247204,-3.083490183979,-2.104861325477,
-1.192734604580,-0.214805247204,-3.082838619753,-2.104813388578,
-1.192073388587,-0.214805247204,-3.082177403760,-2.104861325477,
-1.191402527352,-0.214805247204,-3.081506542525,-2.104909262377,
-1.190722027496,-0.214805247204,-3.080826042669,-2.104909262377,
-1.190031895736,-0.214805247204,-3.080135910909,-2.104765451678,
-1.189332138883,-0.214805247204,-3.079436154057,-2.104861325477,
-1.188622763844,-0.214805247204,-3.078726779017,-2.104765451678,
-1.187903777619,-0.214805247204,-3.078007792792,-2.104861325477,
-1.187175187305,-0.214805247204,-3.077279202478,-2.104813388578,
-1.186437000092,-0.214805247204,-3.076541015266,-2.104765451678,
-1.185689223267,-0.214805247204,-3.075793238440,-2.104861325477,
-1.184931864209,-0.214805247204,-3.075035879382,-2.104765451678,
-1.184164930393,-0.214805247204,-3.074268945567,-2.104861325477,
-1.183388429389,-0.214805247204,-3.073492444563,-2.104909262377,
-1.182602368861,-0.214805247204,-3.072706384034,-2.104909262377,
-1.181806756565,-0.214805247204,-3.071910771739,-2.104813388578,
-1.181001600356,-0.214805247204,-3.071105615529,-2.104813388578,
-1.180186908179,-0.214805247204,-3.070290923352,-2.104813388578,
-1.179362688075,-0.214805247204,-3.069466703248,-2.104861325477,
-1.178528948179,-0.214805247204,-3.068632963352,-2.104765451678,
-1.177685696719,-0.214805247204,-3.067789711892,-2.104861325477,
-1.176832942018,-0.214805247204,-3.066936957191,-2.104861325477,
-1.175970692493,-0.214805247204,-3.066074707666,-2.104765451678,
-1.175098956653,-0.214805247204,-3.065202971826,-2.104861325477,
-1.174217743102,-0.214805247204,-3.064321758275,-2.104861325477,
-1.173327060537,-0.214805247204,-3.063431075711,-2.104861325477,
-1.172426917750,-0.214805247204,-3.062530932923,-2.104861325477,
-1.171517323623,-0.214805247204,-3.061621338797,-2.104909262377,
-1.170598287135,-0.214805247204,-3.060702302308,-2.104909262377,
-1.169669817356,-0.214805247204,-3.059773832529,-2.104861325477,
-1.168731923449,-0.214805247204,-3.058835938623,-2.104765451678,
-1.167784614672,-0.214805247204,-3.057888629845,-2.104765451678,
-1.166827900373,-0.214805247204,-3.056931915546,-2.104909262377,
-1.165861789995,-0.214805247204,-3.055965805168,-2.104861325477,
-1.164886293073,-0.214805247204,-3.054990308247,-2.104813388578,
-1.163901419236,-0.214805247204,-3.054005434409,-2.104861325477,
-1.162907178202,-0.214805247204,-3.053011193376,-2.104861325477,
-1.161903579786,-0.214805247204,-3.052007594959,-2.104861325477,
-1.160890633892,-0.214805247204,-3.050994649065,-2.104861325477,
-1.159868350517,-0.214805247204,-3.049972365690,-2.104765451678,
-1.158836739751,-0.214805247204,-3.048940754925,-2.104813388578,
-1.157795811776,-0.214805247204,-3.047899826950,-2.104765451678,
-1.156745576865,-0.214805247204,-3.046849592039,-2.104861325477,
-1.155686045384,-0.214805247204,-3.045790060557,-2.104861325477,
-1.154617227789,-0.214805247204,-3.044721242963,-2.104861325477,
-1.153539134630,-0.214805247204,-3.043643149803,-2.104765451678,
-1.152451776547,-0.214805247204,-3.042555791720,-2.104861325477,
-1.151355164271,-0.214805247204,-3.041459179444,-2.104765451678,
-1.150249308626,-0.214805247204,-3.040353323799,-2.104909262377,
-1.149134220526,-0.214805247204,-3.039238235699,-2.104909262377,
-1.148009910977,-0.214805247204,-3.038113926150,-2.104861325477,
-1.146876391074,-0.214805247204,-3.036980406247,-2.104861325477,
-1.145733672006,-0.214805247204,-3.035837687179,-2.104765451678,
-1.144581765051,-0.214805247204,-3.034685780224,-2.104813388578,
-1.143420681577,-0.214805247204,-3.033524696750,-2.104765451678,
-1.142250433044,-0.214805247204,-3.032354448217,-2.104861325477,
-1.141071031002,-0.214805247204,-3.031175046175,-2.104909262377,
-1.139882487090,-0.214805247204,-3.029986502263,-2.104861325477,
-1.138684813040,-0.214805247204,-3.028788828214,-2.104765451678,
-1.137478020672,-0.214805247204,-3.027582035846,-2.104861325477,
-1.136262121897,-0.214805247204,-3.026366137070,-2.104861325477,
-1.135037128715,-0.214805247204,-3.025141143888,-2.104765451678,
-1.133803053215,-0.214805247204,-3.023907068389,-2.104765451678,
-1.132559907579,-0.214805247204,-3.022663922752,-2.104861325477,
-1.131307704075,-0.214805247204,-3.021411719248,-2.104765451678,
-1.130046455062,-0.214805247204,-3.020150470235,-2.104765451678,
-1.128776172988,-0.214805247204,-3.018880188162,-2.104861325477,
-1.127496870391,-0.214805247204,-3.017600885564,-2.104909262377,
-1.126208559896,-0.214805247204,-3.016312575069,-2.104909262377,
-1.124911254218,-0.214805247204,-3.015015269391,-2.104861325477,
-1.123604966162,-0.214805247204,-3.013708981335,-2.104813388578,
-1.122289708620,-0.214805247204,-3.012393723793,-2.104909262377,
-1.120965494573,-0.214805247204,-3.011069509746,-2.104861325477,
-1.119632337090,-0.214805247204,-3.009736352263,-2.104909262377,
-1.118290249330,-0.214805247204,-3.008394264503,-2.104909262377,
-1.116939244538,-0.214805247204,-3.007043259711,-2.104765451678,
-1.115579336047,-0.214805247204,-3.005683351220,-2.104861325477,
-1.114210537281,-0.214805247204,-3.004314552454,-2.104861325477,
-1.112832861747,-0.214805247204,-3.002936876920,-2.104861325477,
-1.111446323044,-0.214805247204,-3.001550338217,-2.104909262377,
-1.110050934856,-0.214805247204,-3.000154950029,-2.104765451678,
-1.108646710954,-0.214805247204,-2.998750726128,-2.104909262377,
-1.107233665199,-0.214805247204,-2.997337680372,-2.104861325477,
-1.105811811535,-0.214805247204,-2.995915826709,-2.104861325477,
-1.104381163997,-0.214805247204,-2.994485179170,-2.104765451678,
-1.102941736704,-0.214805247204,-2.993045751877,-2.104909262377,
-1.101493543863,-0.214805247204,-2.991597559036,-2.104909262377,
-1.100036599766,-0.214805247204,-2.990140614939,-2.104909262377,
-1.098570918794,-0.214805247204,-2.988674933967,-2.104765451678,
-1.097096515411,-0.214805247204,-2.987200530584,-2.104861325477,
-1.095613404170,-0.214805247204,-2.985717419343,-2.104861325477,
-1.094121599709,-0.214805247204,-2.984225614882,-2.104861325477,
-1.092621116750,-0.214805247204,-2.982725131924,-2.104909262377,
-1.091111970104,-0.214805247204,-2.981215985277,-2.104861325477,
-1.089594174664,-0.214805247204,-2.979698189837,-2.104909262377,
-1.088067745411,-0.214805247204,-2.978171760584,-2.104861325477,
-1.086532697410,-0.214805247204,-2.976636712583,-2.104813388578,
-1.084989045811,-0.214805247204,-2.975093060985,-2.104861325477,
-1.083436805850,-0.214805247204,-2.973540821023,-2.104861325477,
-1.081875992846,-0.214805247204,-2.971980008020,-2.104909262377,
-1.080306622205,-0.214805247204,-2.970410637378,-2.104765451678,
-1.078728709414,-0.214805247204,-2.968832724587,-2.104909262377,
-1.077142270048,-0.214805247204,-2.967246285221,-2.104909262377,
-1.075547319764,-0.214805247204,-2.965651334937,-2.104813388578,
-1.073943874304,-0.214805247204,-2.964047889477,-2.104765451678,
-1.072331949492,-0.214805247204,-2.962435964665,-2.104813388578,
-1.070711561239,-0.214805247204,-2.960815576412,-2.104813388578,
-1.069082725535,-0.214805247204,-2.959186740709,-2.104909262377,
-1.067445458459,-0.214805247204,-2.957549473632,-2.104765451678,
-1.065799776168,-0.214805247204,-2.955903791341,-2.104861325477,
-1.064145694904,-0.214805247204,-2.954249710078,-2.104813388578,
-1.062483230994,-0.214805247204,-2.952587246167,-2.104861325477,
-1.060812400845,-0.214805247204,-2.950916416018,-2.104861325477,
-1.059133220947,-0.214805247204,-2.949237236120,-2.104909262377,
-1.057445707872,-0.214805247204,-2.947549723046,-2.104909262377,
-1.055749878277,-0.214805247204,-2.945853893451,-2.104813388578,
-1.054045748899,-0.214805247204,-2.944149764072,-2.104861325477,
-1.052333336555,-0.214805247204,-2.942437351728,-2.104861325477,
-1.050612658148,-0.214805247204,-2.940716673321,-2.104909262377,
-1.048883730659,-0.214805247204,-2.938987745833,-2.104861325477,
-1.047146571153,-0.214805247204,-2.937250586326,-2.104765451678,
-1.045401196774,-0.214805247204,-2.935505211947,-2.104861325477,
-1.043647624749,-0.214805247204,-2.933751639922,-2.104765451678,
-1.041885872384,-0.214805247204,-2.931989887557,-2.104813388578,
-1.040115957068,-0.214805247204,-2.930219972241,-2.104861325477,
-1.038337896269,-0.214805247204,-2.928441911442,-2.104861325477,
-1.036551707535,-0.214805247204,-2.926655722708,-2.104765451678,
-1.034757408495,-0.214805247204,-2.924861423668,-2.104861325477,
-1.032955016859,-0.214805247204,-2.923059032032,-2.104861325477,
-1.031144550415,-0.214805247204,-2.921248565589,-2.104909262377,
-1.029326027033,-0.214805247204,-2.919430042206,-2.104765451678,
-1.027499464659,-0.214805247204,-2.917603479832,-2.104765451678,
-1.025664881322,-0.214805247204,-2.915768896495,-2.104813388578,
-1.023822295127,-0.214805247204,-2.913926310301,-2.104861325477,
-1.021971724262,-0.214805247204,-2.912075739435,-2.104765451678,
-1.020113186989,-0.214805247204,-2.910217202162,-2.104909262377,
-1.018246701653,-0.214805247204,-2.908350716826,-2.104861325477,
-1.016372286673,-0.214805247204,-2.906476301847,-2.104861325477,
-1.014489960551,-0.214805247204,-2.904593975725,-2.104861325477,
-1.012599741865,-0.214805247204,-2.902703757038,-2.104861325477,
-1.010701649268,-0.214805247204,-2.900805664442,-2.104861325477,
-1.008795701496,-0.214805247204,-2.898899716669,-2.104765451678,
-1.006881917359,-0.214805247204,-2.896985932532,-2.104861325477,
-1.004960315745,-0.214805247204,-2.895064330918,-2.104765451678,
-1.003030915620,-0.214805247204,-2.893134930793,-2.104861325477,
-1.001093736026,-0.214805247204,-2.891197751199,-2.104765451678,
-0.999148796083,-0.214805247204,-2.889252811256,-2.104861325477,
-0.997196114985,-0.214805247204,-2.887300130158,-2.104765451678,
-0.995235712006,-0.214805247204,-2.885339727179,-2.104861325477,
-0.993267606493,-0.214805247204,-2.883371621666,-2.104813388578,
-0.991291817872,-0.214805247204,-2.881395833045,-2.104861325477,
-0.989308365641,-0.214805247204,-2.879412380815,-2.104861325477,
-0.987317269378,-0.214805247204,-2.877421284551,-2.104909262377,
-0.985318548734,-0.214805247204,-2.875422563907,-2.104861325477,
-0.983312223434,-0.214805247204,-2.873416238607,-2.104813388578,
-0.981298313281,-0.214805247204,-2.871402328454,-2.104861325477,
-0.979276838151,-0.214805247204,-2.869380853325,-2.104861325477,
-0.977247817996,-0.214805247204,-2.867351833169,-2.104861325477,
-0.975211272840,-0.214805247204,-2.865315288013,-2.104861325477,
-0.973167222784,-0.214805247204,-2.863271237958,-2.104861325477,
-0.971115688002,-0.214805247204,-2.861219703175,-2.104765451678,
-0.969056688742,-0.214805247204,-2.859160703915,-2.104861325477,
-0.966990245324,-0.214805247204,-2.857094260497,-2.104909262377,
-0.964916378145,-0.214805247204,-2.855020393318,-2.104813388578,
-0.962835107671,-0.214805247204,-2.852939122844,-2.104813388578,
-0.960746454445,-0.214805247204,-2.850850469619,-2.104861325477,
-0.958650439081,-0.214805247204,-2.848754454254,-2.104909262377,
-0.956547082266,-0.214805247204,-2.846651097439,-2.104909262377,
-0.954436404758,-0.214805247204,-2.844540419931,-2.104813388578,
-0.952318427389,-0.214805247204,-2.842422442563,-2.104765451678,
-0.950193171064,-0.214805247204,-2.840297186237,-2.104861325477,
-0.948060656756,-0.214805247204,-2.838164671930,-2.104861325477,
-0.945920905515,-0.214805247204,-2.836024920688,-2.104909262377,
-0.943773938456,-0.214805247204,-2.833877953630,-2.104861325477,
-0.941619776772,-0.214805247204,-2.831723791945,-2.104861325477,
-0.939458441722,-0.214805247204,-2.829562456895,-2.104861325477,
-0.937289954637,-0.214805247204,-2.827393969811,-2.104765451678,
-0.935114336921,-0.214805247204,-2.825218352094,-2.104909262377,
-0.932931610045,-0.214805247204,-2.823035625218,-2.104813388578,
-0.930741795551,-0.214805247204,-2.820845810724,-2.104861325477,
-0.928544915053,-0.214805247204,-2.818648930227,-2.104813388578,
-0.926340990234,-0.214805247204,-2.816445005407,-2.104861325477,
-0.924130042843,-0.214805247204,-2.814234058017,-2.104861325477,
-0.921912094704,-0.214805247204,-2.812016109877,-2.104861325477,
-0.919687167706,-0.214805247204,-2.809791182879,-2.104861325477,
-0.917455283808,-0.214805247204,-2.807559298981,-2.104765451678,
-0.915216465038,-0.214805247204,-2.805320480211,-2.104861325477,
-0.912970733493,-0.214805247204,-2.803074748666,-2.104861325477,
-0.910718111336,-0.214805247204,-2.800822126509,-2.104813388578,
-0.908458620800,-0.214805247204,-2.798562635973,-2.104861325477,
-0.906192284186,-0.214805247204,-2.796296299359,-2.104765451678,
-0.903919123861,-0.214805247204,-2.794023139034,-2.104861325477,
-0.901639162261,-0.214805247204,-2.791743177434,-2.104861325477,
-0.899352421887,-0.214805247204,-2.789456437060,-2.104909262377,
-0.897058925310,-0.214805247204,-2.787162940483,-2.104861325477,
-0.894758695164,-0.214805247204,-2.784862710337,-2.104813388578,
-0.892451754152,-0.214805247204,-2.782555769326,-2.104861325477,
-0.890138125044,-0.214805247204,-2.780242140217,-2.104909262377,
-0.887817830672,-0.214805247204,-2.777921845845,-2.104861325477,
-0.885490893938,-0.214805247204,-2.775594909112,-2.104861325477,
-0.883157337808,-0.214805247204,-2.773261352982,-2.104909262377,
-0.880817185313,-0.214805247204,-2.770921200487,-2.104813388578,
-0.878470459550,-0.214805247204,-2.768574474723,-2.104765451678,
-0.876117183678,-0.214805247204,-2.766221198851,-2.104861325477,
-0.873757380925,-0.214805247204,-2.763861396099,-2.104909262377,
-0.871391074581,-0.214805247204,-2.761495089754,-2.104909262377,
-0.869018288000,-0.214805247204,-2.759122303173,-2.104909262377,
-0.866639044601,-0.214805247204,-2.756743059774,-2.104861325477,
-0.864253367865,-0.214805247204,-2.754357383038,-2.104861325477,
-0.861861281339,-0.214805247204,-2.751965296512,-2.104813388578,
-0.859462808631,-0.214805247204,-2.749566823804,-2.104909262377,
-0.857057973414,-0.214805247204,-2.747161988587,-2.104861325477,
-0.854646799421,-0.214805247204,-2.744750814595,-2.104765451678,
-0.852229310451,-0.214805247204,-2.742333325625,-2.104861325477,
-0.849805530364,-0.214805247204,-2.739909545537,-2.104861325477,
-0.847375483079,-0.214805247204,-2.737479498253,-2.104813388578,
-0.844939192583,-0.214805247204,-2.735043207756,-2.104909262377,
-0.842496682919,-0.214805247204,-2.732600698092,-2.104909262377,
-0.840047978194,-0.214805247204,-2.730151993367,-2.104861325477,
-0.837593102575,-0.214805247204,-2.727697117749,-2.104861325477,
-0.835132080293,-0.214805247204,-2.725236095466,-2.104765451678,
-0.832664935635,-0.214805247204,-2.722768950808,-2.104765451678,
-0.830191692952,-0.214805247204,-2.720295708125,-2.104861325477,
-0.827712376653,-0.214805247204,-2.717816391826,-2.104861325477,
-0.825227011208,-0.214805247204,-2.715331026381,-2.104861325477,
-0.822735621147,-0.214805247204,-2.712839636321,-2.104909262377,
-0.820238231060,-0.214805247204,-2.710342246233,-2.104861325477,
-0.817734865593,-0.214805247204,-2.707838880766,-2.104861325477,
-0.815225549454,-0.214805247204,-2.705329564627,-2.104861325477,
-0.812710307410,-0.214805247204,-2.702814322583,-2.104909262377,
-0.810189164284,-0.214805247204,-2.700293179457,-2.104861325477,
-0.807662144960,-0.214805247204,-2.697766160133,-2.104861325477,
-0.805129274377,-0.214805247204,-2.695233289550,-2.104861325477,
-0.802590577535,-0.214805247204,-2.692694592708,-2.104813388578,
-0.800046079489,-0.214805247204,-2.690150094663,-2.104909262377,
-0.797495805353,-0.214805247204,-2.687599820526,-2.104765451678,
-0.794939780296,-0.214805247204,-2.685043795470,-2.104909262377,
-0.792378029546,-0.214805247204,-2.682482044719,-2.104861325477,
-0.789810578386,-0.214805247204,-2.679914593559,-2.104861325477,
-0.787237452156,-0.214805247204,-2.677341467329,-2.104861325477,
-0.784658676251,-0.214805247204,-2.674762691424,-2.104861325477,
-0.782074276123,-0.214805247204,-2.672178291296,-2.104861325477,
-0.779484277279,-0.214805247204,-2.669588292452,-2.104861325477,
-0.776888705281,-0.214805247204,-2.666992720454,-2.104861325477,
-0.774287585746,-0.214805247204,-2.664391600919,-2.104813388578,
-0.771680944347,-0.214805247204,-2.661784959520,-2.104861325477,
-0.769068806809,-0.214805247204,-2.659172821982,-2.104861325477,
-0.766451198914,-0.214805247204,-2.656555214088,-2.104765451678,
-0.763828146497,-0.214805247204,-2.653932161670,-2.104861325477,
-0.761199675445,-0.214805247204,-2.651303690619,-2.104909262377,
-0.758565811701,-0.214805247204,-2.648669826875,-2.104765451678,
-0.755926581261,-0.214805247204,-2.646030596434,-2.104765451678,
-0.753282010171,-0.214805247204,-2.643386025344,-2.104765451678,
-0.750632124533,-0.214805247204,-2.640736139706,-2.104861325477,
-0.747976950500,-0.214805247204,-2.638080965673,-2.104765451678,
-0.745316514278,-0.214805247204,-2.635420529451,-2.104909262377,
-0.742650842124,-0.214805247204,-2.632754857298,-2.104909262377,
-0.739979960348,-0.214805247204,-2.630083975521,-2.104765451678,
-0.737303895309,-0.214805247204,-2.627407910482,-2.104861325477,
-0.734622673420,-0.214805247204,-2.624726688593,-2.104861325477,
-0.731936321142,-0.214805247204,-2.622040336316,-2.104765451678,
-0.729244864990,-0.214805247204,-2.619348880163,-2.104765451678,
-0.726548331527,-0.214805247204,-2.616652346700,-2.104861325477,
-0.723846747366,-0.214805247204,-2.613950762540,-2.104861325477,
-0.721140139172,-0.214805247204,-2.611244154345,-2.104765451678,
-0.718428533656,-0.214805247204,-2.608532548830,-2.104765451678,
-0.715711957583,-0.214805247204,-2.605815972756,-2.104861325477,
-0.712990437762,-0.214805247204,-2.603094452935,-2.104861325477,
-0.710264001055,-0.214805247204,-2.600368016228,-2.104861325477,
-0.707532674370,-0.214805247204,-2.597636689543,-2.104909262377,
-0.704796484665,-0.214805247204,-2.594900499838,-2.104861325477,
-0.702055458944,-0.214805247204,-2.592159474117,-2.104909262377,
-0.699309624260,-0.214805247204,-2.589413639433,-2.104765451678,
-0.696559007714,-0.214805247204,-2.586663022887,-2.104861325477,
-0.693803636453,-0.214805247204,-2.583907651626,-2.104861325477,
-0.691043537671,-0.214805247204,-2.581147552844,-2.104861325477,
-0.688278738610,-0.214805247204,-2.578382753783,-2.104909262377,
-0.685509266557,-0.214805247204,-2.575613281730,-2.104861325477,
-0.682735148845,-0.214805247204,-2.572839164018,-2.104861325477,
-0.679956412854,-0.214805247204,-2.570060428027,-2.104861325477,
-0.677173086009,-0.214805247204,-2.567277101183,-2.104765451678,
-0.674385195781,-0.214805247204,-2.564489210954,-2.104861325477,
-0.671592769684,-0.214805247204,-2.561696784857,-2.104861325477,
-0.668795835279,-0.214805247204,-2.558899850452,-2.104861325477,
-0.665994420170,-0.214805247204,-2.556098435343,-2.104861325477,
-0.663188552006,-0.214805247204,-2.553292567179,-2.104861325477,
-0.660378258480,-0.214805247204,-2.550482273653,-2.104765451678,
-0.657563567329,-0.214805247204,-2.547667582502,-2.104765451678,
-0.654744506332,-0.214805247204,-2.544848521505,-2.104909262377,
-0.651921103312,-0.214805247204,-2.542025118485,-2.104861325477,
-0.649093386135,-0.214805247204,-2.539197401308,-2.104861325477,
-0.646261382710,-0.214805247204,-2.536365397883,-2.104861325477,
-0.643425120987,-0.214805247204,-2.533529136160,-2.104861325477,
-0.640584628959,-0.214805247204,-2.530688644132,-2.104861325477,
-0.637739934661,-0.214805247204,-2.527843949834,-2.104861325477,
-0.634891066168,-0.214805247204,-2.524995081341,-2.104861325477,
-0.632038051598,-0.214805247204,-2.522142066771,-2.104861325477,
-0.629180919109,-0.214805247204,-2.519284934282,-2.104861325477,
-0.626319696899,-0.214805247204,-2.516423712072,-2.104861325477,
-0.623454413208,-0.214805247204,-2.513558428381,-2.104909262377,
-0.620585096315,-0.214805247204,-2.510689111488,-2.104861325477,
-0.617711774538,-0.214805247204,-2.507815789711,-2.104765451678,
-0.614834476237,-0.214805247204,-2.504938491410,-2.104813388578,
-0.611953229809,-0.214805247204,-2.502057244982,-2.104861325477,
-0.609068063691,-0.214805247204,-2.499172078864,-2.104909262377,
-0.606179006359,-0.214805247204,-2.496283021532,-2.104909262377,
-0.603286086325,-0.214805247204,-2.493390101498,-2.104813388578,
-0.600389332142,-0.214805247204,-2.490493347316,-2.104861325477,
-0.597488772401,-0.214805247204,-2.487592787574,-2.104861325477,
-0.594584435728,-0.214805247204,-2.484688450901,-2.104861325477,
-0.591676350787,-0.214805247204,-2.481780365960,-2.104861325477,
-0.588764546281,-0.214805247204,-2.478868561454,-2.104813388578,
-0.585849050948,-0.214805247204,-2.475953066121,-2.104909262377,
-0.582929893562,-0.214805247204,-2.473033908735,-2.104909262377,
-0.580007102935,-0.214805247204,-2.470111118108,-2.104861325477,
-0.577080707913,-0.214805247204,-2.467184723086,-2.104765451678,
-0.574150737379,-0.214805247204,-2.464254752552,-2.104861325477,
-0.571217220250,-0.214805247204,-2.461321235423,-2.104765451678,
-0.568280185478,-0.214805247204,-2.458384200652,-2.104861325477,
-0.565339662052,-0.214805247204,-2.455443677225,-2.104813388578,
-0.562395678993,-0.214805247204,-2.452499694166,-2.104861325477,
-0.559448265357,-0.214805247204,-2.449552280530,-2.104813388578,
-0.556497450233,-0.214805247204,-2.446601465406,-2.104765451678,
-0.553543262746,-0.214805247204,-2.443647277919,-2.104861325477,
-0.550585732051,-0.214805247204,-2.440689747224,-2.104861325477,
-0.547624887338,-0.214805247204,-2.437728902511,-2.104861325477,
-0.544660757830,-0.214805247204,-2.434764773003,-2.104765451678,
-0.541693372782,-0.214805247204,-2.431797387955,-2.104861325477,
-0.538722761479,-0.214805247204,-2.428826776652,-2.104861325477,
-0.535748953242,-0.214805247204,-2.425852968415,-2.104765451678,
-0.532771977420,-0.214805247204,-2.422875992593,-2.104861325477,
-0.529791863395,-0.214805247204,-2.419895878568,-2.104861325477,
-0.526808640579,-0.214805247204,-2.416912655752,-2.104861325477,
-0.523822338416,-0.214805247204,-2.413926353589,-2.104909262377,
-0.520832986379,-0.214805247204,-2.410937001552,-2.104813388578,
-0.517840613971,-0.214805247204,-2.407944629145,-2.104909262377,
-0.514845250728,-0.214805247204,-2.404949265901,-2.104861325477,
-0.511846926210,-0.214805247204,-2.401950941383,-2.104765451678,
-0.508845670011,-0.214805247204,-2.398949685185,-2.104861325477,
-0.505841511752,-0.214805247204,-2.395945526926,-2.104909262377,
-0.502834481083,-0.214805247204,-2.392938496256,-2.104909262377,
-0.499824607682,-0.214805247204,-2.389928622855,-2.104765451678,
-0.496811921254,-0.214805247204,-2.386915936428,-2.104909262377,
-0.493796451535,-0.214805247204,-2.383900466708,-2.104861325477,
-0.490778228285,-0.214805247204,-2.380882243459,-2.104909262377,
-0.487757281294,-0.214805247204,-2.377861296467,-2.104861325477,
-0.484733640376,-0.214805247204,-2.374837655549,-2.104909262377,
-0.481707335374,-0.214805247204,-2.371811350547,-2.104861325477,
-0.478678396156,-0.214805247204,-2.368782411329,-2.104765451678,
-0.475646852617,-0.214805247204,-2.365750867790,-2.104861325477,
-0.472612734677,-0.214805247204,-2.362716749850,-2.104909262377,
-0.469576072280,-0.214805247204,-2.359680087454,-2.104861325477,
-0.466536895399,-0.214805247204,-2.356640910572,-2.104861325477,
-0.463495234028,-0.214805247204,-2.353599249201,-2.104861325477,
-0.460451118188,-0.214805247204,-2.350555133361,-2.104861325477,
-0.457404577922,-0.214805247204,-2.347508593095,-2.104861325477,
-0.454355643298,-0.214805247204,-2.344459658471,-2.104861325477,
-0.451304344409,-0.214805247204,-2.341408359582,-2.104861325477,
-0.448250711369,-0.214805247204,-2.338354726543,-2.104909262377,
-0.445194774317,-0.214805247204,-2.335298789491,-2.104861325477,
-0.442136563414,-0.214805247204,-2.332240578587,-2.104861325477,
-0.439076108842,-0.214805247204,-2.329180124015,-2.104861325477,
-0.436013440808,-0.214805247204,-2.326117455981,-2.104909262377,
-0.432948589537,-0.214805247204,-2.323052604711,-2.104909262377,
-0.429881585281,-0.214805247204,-2.319985600454,-2.104861325477,
-0.426812458308,-0.214805247204,-2.316916473481,-2.104765451678,
-0.423741238909,-0.214805247204,-2.313845254082,-2.104813388578,
-0.420667957396,-0.214805247204,-2.310771972569,-2.104765451678,
-0.417592644102,-0.214805247204,-2.307696659275,-2.104765451678,
-0.414515329378,-0.214805247204,-2.304619344551,-2.104861325477,
-0.411436043596,-0.214805247204,-2.301540058769,-2.104861325477,
-0.408354817148,-0.214805247204,-2.298458832321,-2.104861325477,
-0.405271680443,-0.214805247204,-2.295375695616,-2.104861325477,
-0.402186663912,-0.214805247204,-2.292290679085,-2.104861325477,
-0.399099798002,-0.214805247204,-2.289203813175,-2.104813388578,
-0.396011113179,-0.214805247204,-2.286115128352,-2.104765451678,
-0.392920639928,-0.214805247204,-2.283024655101,-2.104909262377,
-0.389828408749,-0.214805247204,-2.279932423923,-2.104909262377,
-0.386734450163,-0.214805247204,-2.276838465336,-2.104909262377,
-0.383638794705,-0.214805247204,-2.273742809878,-2.104909262377,
-0.380541472928,-0.214805247204,-2.270645488101,-2.104861325477,
-0.377442515401,-0.214805247204,-2.267546530575,-2.104765451678,
-0.374341952711,-0.214805247204,-2.264445967884,-2.104861325477,
-0.371239815457,-0.214805247204,-2.261343830631,-2.104861325477,
-0.368136134258,-0.214805247204,-2.258240149431,-2.104861325477,
-0.365030939744,-0.214805247204,-2.255134954918,-2.104861325477,
-0.361924262564,-0.214805247204,-2.252028277737,-2.104861325477,
-0.358816133379,-0.214805247204,-2.248920148552,-2.104909262377,
-0.355706582864,-0.214805247204,-2.245810598037,-2.104861325477,
-0.352595641710,-0.214805247204,-2.242699656883,-2.104765451678,
-0.349483340620,-0.214805247204,-2.239587355794,-2.104909262377,
-0.346369710313,-0.214805247204,-2.236473725486,-2.104861325477,
-0.343254781517,-0.214805247204,-2.233358796690,-2.104765451678,
-0.340138584976,-0.214805247204,-2.230242600149,-2.104861325477,
-0.337021151445,-0.214805247204,-2.227125166618,-2.104861325477,
-0.333902511693,-0.214805247204,-2.224006526866,-2.104861325477,
-0.330782696499,-0.214805247204,-2.220886711673,-2.104765451678,
-0.327661736655,-0.214805247204,-2.217765751828,-2.104861325477,
-0.324539662963,-0.214805247204,-2.214643678136,-2.104861325477,
-0.321416506236,-0.214805247204,-2.211520521409,-2.104861325477,
-0.318292297299,-0.214805247204,-2.208396312472,-2.104813388578,
-0.315167066987,-0.214805247204,-2.205271082160,-2.104765451678,
-0.312040846144,-0.214805247204,-2.202144861317,-2.104909262377,
-0.308913665625,-0.214805247204,-2.199017680799,-2.104861325477,
-0.305785556295,-0.214805247204,-2.195889571468,-2.104813388578,
-0.302656549025,-0.214805247204,-2.192760564198,-2.104909262377,
-0.299526674698,-0.214805247204,-2.189630689871,-2.104909262377,
-0.296395964205,-0.214805247204,-2.186499979378,-2.104861325477,
-0.293264448445,-0.214805247204,-2.183368463618,-2.104765451678,
-0.290132158324,-0.214805247204,-2.180236173497,-2.104765451678,
-0.286999124757,-0.214805247204,-2.177103139930,-2.104861325477,
-0.283865378665,-0.214805247204,-2.173969393839,-2.104909262377,
-0.280730950978,-0.214805247204,-2.170834966152,-2.104861325477,
-0.277595872631,-0.214805247204,-2.167699887804,-2.104765451678,
-0.274460174566,-0.214805247204,-2.164564189739,-2.104909262377,
-0.271323887731,-0.214805247204,-2.161427902904,-2.104861325477,
-0.268187043079,-0.214805247204,-2.158291058253,-2.104909262377,
-0.265049671571,-0.214805247204,-2.155153686744,-2.104861325477,
-0.261911804171,-0.214805247204,-2.152015819344,-2.104861325477,
-0.258773471848,-0.214805247204,-2.148877487021,-2.104909262377,
-0.255634705576,-0.214805247204,-2.145738720749,-2.104861325477,
-0.252495536334,-0.214805247204,-2.142599551507,-2.104765451678,
-0.249355995104,-0.214805247204,-2.139460010278,-2.104765451678,
-0.246216112873,-0.214805247204,-2.136320128046,-2.104861325477,
-0.243075920628,-0.214805247204,-2.133179935802,-2.104861325477,
-0.239935449364,-0.214805247204,-2.130039464537,-2.104861325477,
-0.236794730075,-0.214805247204,-2.126898745248,-2.104861325477,
-0.233653793758,-0.214805247204,-2.123757808931,-2.104861325477,
-0.230512671414,-0.214805247204,-2.120616686587,-2.104765451678,
-0.227371394044,-0.214805247204,-2.117475409217,-2.104765451678,
-0.224229992651,-0.214805247204,-2.114334007824,-2.104861325477,
-0.221088498239,-0.214805247204,-2.111192513413,-2.104765451678,
-0.217946941815,-0.214805247204,-2.108050956988,-2.104861325477,
-0.214805354383,-0.214805247204,-2.104909369556,-2.104861325477,
-0.211663766950,-0.214805247204,-2.101767782123,-2.104861325477,
-0.208522210523,-0.214805247204,-2.098626225696,-2.104861325477,
-0.205380716106,-0.214805247204,-2.095484731279,-2.104861325477,
-0.202239314706,-0.214805247204,-2.092343329879,-2.104813388578,
-0.199098037326,-0.214805247204,-2.089202052499,-2.104765451678,
-0.195956914970,-0.214805247204,-2.086060930143,-2.104861325477,
-0.192815978640,-0.214805247204,-2.082919993813,-2.104909262377,
-0.189675259334,-0.214805247204,-2.079779274508,-2.104765451678,
-0.186534788052,-0.214805247204,-2.076638803225,-2.104861325477,
-0.183394595788,-0.214805247204,-2.073498610961,-2.104861325477,
-0.180254713534,-0.214805247204,-2.070358728707,-2.104861325477,
-0.177115172280,-0.214805247204,-2.067219187453,-2.104909262377,
-0.173976003011,-0.214805247204,-2.064080018185,-2.104861325477,
-0.170837236711,-0.214805247204,-2.060941251884,-2.104765451678,
-0.167698904357,-0.214805247204,-2.057802919531,-2.104909262377,
-0.164561036924,-0.214805247204,-2.054665052098,-2.104861325477,
-0.161423665381,-0.214805247204,-2.051527680554,-2.104765451678,
-0.158286820693,-0.214805247204,-2.048390835866,-2.104861325477,
-0.155150533818,-0.214805247204,-2.045254548992,-2.104765451678,
-0.152014835712,-0.214805247204,-2.042118850885,-2.104861325477,
-0.148879757321,-0.214805247204,-2.038983772495,-2.104861325477,
-0.145745329589,-0.214805247204,-2.035849344762,-2.104861325477,
-0.142611583450,-0.214805247204,-2.032715598623,-2.104765451678,
-0.139478549833,-0.214805247204,-2.029582565006,-2.104861325477,
-0.136346259660,-0.214805247204,-2.026450274834,-2.104861325477,
-0.133214743846,-0.214805247204,-2.023318759019,-2.104861325477,
-0.130084033297,-0.214805247204,-2.020188048471,-2.104861325477,
-0.126954158913,-0.214805247204,-2.017058174086,-2.104861325477,
-0.123825151583,-0.214805247204,-2.013929166756,-2.104765451678,
-0.120697042189,-0.214805247204,-2.010801057363,-2.104909262377,
-0.117569861606,-0.214805247204,-2.007673876779,-2.104861325477,
-0.114443640697,-0.214805247204,-2.004547655870,-2.104861325477,
-0.111318410316,-0.214805247204,-2.001422425489,-2.104861325477,
-0.108194201309,-0.214805247204,-1.998298216482,-2.104861325477,
-0.105071044509,-0.214805247204,-1.995175059682,-2.104861325477,
-0.101948970742,-0.214805247204,-1.992052985915,-2.104861325477,
-0.098828010820,-0.214805247204,-1.988932025994,-2.104765451678,
-0.095708195547,-0.214805247204,-1.985812210721,-2.104861325477,
-0.092589555714,-0.214805247204,-1.982693570887,-2.104909262377,
-0.089472122100,-0.214805247204,-1.979576137274,-2.104813388578,
-0.086355925474,-0.214805247204,-1.976459940647,-2.104861325477,
-0.083240996590,-0.214805247204,-1.973345011764,-2.104765451678,
-0.080127366193,-0.214805247204,-1.970231381366,-2.104861325477,
-0.077015065012,-0.214805247204,-1.967119080185,-2.104861325477,
-0.073904123764,-0.214805247204,-1.964008138937,-2.104861325477,
-0.070794573153,-0.214805247204,-1.960898588326,-2.104813388578,
-0.067686443870,-0.214805247204,-1.957790459043,-2.104861325477,
-0.064579766589,-0.214805247204,-1.954683781762,-2.104861325477,
-0.061474571974,-0.214805247204,-1.951578587147,-2.104861325477,
-0.058370890670,-0.214805247204,-1.948474905843,-2.104861325477,
-0.055268753310,-0.214805247204,-1.945372768483,-2.104861325477,
-0.052168190511,-0.214805247204,-1.942272205684,-2.104861325477,
-0.049069232874,-0.214805247204,-1.939173248047,-2.104861325477,
-0.045971910984,-0.214805247204,-1.936075926157,-2.104765451678,
-0.042876255411,-0.214805247204,-1.932980270584,-2.104909262377,
-0.039782296708,-0.214805247204,-1.929886311881,-2.104861325477,
-0.036690065411,-0.214805247204,-1.926794080584,-2.104861325477,
-0.033599592038,-0.214805247204,-1.923703607212,-2.104861325477,
-0.030510907093,-0.214805247204,-1.920614922266,-2.104861325477,
-0.027424041057,-0.214805247204,-1.917528056231,-2.104861325477,
-0.024339024399,-0.214805247204,-1.914443039572,-2.104861325477,
-0.021255887565,-0.214805247204,-1.911359902738,-2.104861325477,
-0.018174660985,-0.214805247204,-1.908278676159,-2.104765451678,
-0.015095375070,-0.214805247204,-1.905199390243,-2.104765451678,
-0.012018060211,-0.214805247204,-1.902122075384,-2.104909262377,
-0.008942746779,-0.214805247204,-1.899046761952,-2.104861325477,
-0.005869465126,-0.214805247204,-1.895973480300,-2.104861325477,
-0.002798245586,-0.214805247204,-1.892902260759,-2.104813388578,
0.000270881531,-0.214805247204,-1.889833133642,-2.104909262377,
0.003337885934,-0.214805247204,-1.886766129239,-2.104861325477,
0.006402737352,-0.214805247204,-1.883701277821,-2.104861325477,
0.009465405536,-0.214805247204,-1.880638609637,-2.104861325477,
0.012525860260,-0.214805247204,-1.877578154913,-2.104765451678,
0.015584071318,-0.214805247204,-1.874519943855,-2.104909262377,
0.018640008526,-0.214805247204,-1.871464006647,-2.104765451678,
0.021693641724,-0.214805247204,-1.868410373449,-2.104861325477,
0.024744940773,-0.214805247204,-1.865359074400,-2.104813388578,
0.027793875559,-0.214805247204,-1.862310139614,-2.104861325477,
0.030840415990,-0.214805247204,-1.859263599184,-2.104861325477,
0.033884531997,-0.214805247204,-1.856219483177,-2.104861325477,
0.036926193536,-0.214805247204,-1.853177821637,-2.104861325477,
0.039965370588,-0.214805247204,-1.850138644585,-2.104861325477,
0.043002033156,-0.214805247204,-1.847101982017,-2.104909262377,
0.046036151272,-0.214805247204,-1.844067863902,-2.104861325477,
0.049067694987,-0.214805247204,-1.841036320186,-2.104861325477,
0.052096634384,-0.214805247204,-1.838007380789,-2.104861325477,
0.055122939567,-0.214805247204,-1.834981075607,-2.104813388578,
0.058146580667,-0.214805247204,-1.831957434506,-2.104861325477,
0.061167527844,-0.214805247204,-1.828936487330,-2.104813388578,
0.064185751280,-0.214805247204,-1.825918263893,-2.104861325477,
0.067201221188,-0.214805247204,-1.822902793985,-2.104861325477,
0.070213907807,-0.214805247204,-1.819890107366,-2.104909262377,
0.073223781401,-0.214805247204,-1.816880233772,-2.104765451678,
0.076230812265,-0.214805247204,-1.813873202908,-2.104861325477,
0.079234970721,-0.214805247204,-1.810869044452,-2.104765451678,
0.082236227119,-0.214805247204,-1.807867788054,-2.104813388578,
0.085234551838,-0.214805247204,-1.804869463336,-2.104861325477,
0.088229915285,-0.214805247204,-1.801874099889,-2.104765451678,
0.091222287897,-0.214805247204,-1.798881727276,-2.104861325477,
0.094211640141,-0.214805247204,-1.795892375032,-2.104861325477,
0.097197942513,-0.214805247204,-1.792906072660,-2.104861325477,
0.100181165540,-0.214805247204,-1.789922849633,-2.104861325477,
0.103161279778,-0.214805247204,-1.786942735395,-2.104861325477,
0.106138255816,-0.214805247204,-1.783965759358,-2.104909262377,
0.109112064270,-0.214805247204,-1.780991950903,-2.104909262377,
0.112082675792,-0.214805247204,-1.778021339382,-2.104765451678,
0.115050061061,-0.214805247204,-1.775053954112,-2.104861325477,
0.118014190792,-0.214805247204,-1.772089824381,-2.104861325477,
0.120975035730,-0.214805247204,-1.769128979443,-2.104861325477,
0.123932566652,-0.214805247204,-1.766171448521,-2.104861325477,
0.126886754369,-0.214805247204,-1.763217260804,-2.104909262377,
0.129837569724,-0.214805247204,-1.760266445450,-2.104861325477,
0.132784983593,-0.214805247204,-1.757319031580,-2.104909262377,
0.135728966887,-0.214805247204,-1.754375048286,-2.104765451678,
0.138669490550,-0.214805247204,-1.751434524623,-2.104861325477,
0.141606525561,-0.214805247204,-1.748497489613,-2.104861325477,
0.144540042931,-0.214805247204,-1.745563972242,-2.104861325477,
0.147470013708,-0.214805247204,-1.742634001465,-2.104861325477,
0.150396408975,-0.214805247204,-1.739707606198,-2.104861325477,
0.153319199849,-0.214805247204,-1.736784815324,-2.104861325477,
0.156238357483,-0.214805247204,-1.733865657690,-2.104861325477,
0.159153853068,-0.214805247204,-1.730950162106,-2.104765451678,
0.162065657826,-0.214805247204,-1.728038357347,-2.104861325477,
0.164973743022,-0.214805247204,-1.725130272152,-2.104909262377,
0.167878079952,-0.214805247204,-1.722225935221,-2.104861325477,
0.170778639952,-0.214805247204,-1.719325375221,-2.104861325477,
0.173675394395,-0.214805247204,-1.716428620778,-2.104765451678,
0.176568314691,-0.214805247204,-1.713535700482,-2.104765451678,
0.179457372289,-0.214805247204,-1.710646642885,-2.104765451678,
0.182342538673,-0.214805247204,-1.707761476500,-2.104861325477,
0.185223785369,-0.214805247204,-1.704880229804,-2.104765451678,
0.188101083941,-0.214805247204,-1.702002931232,-2.104861325477,
0.190974405989,-0.214805247204,-1.699129609184,-2.104861325477,
0.193843723157,-0.214805247204,-1.696260292016,-2.104861325477,
0.196709007124,-0.214805247204,-1.693395008049,-2.104861325477,
0.199570229612,-0.214805247204,-1.690533785561,-2.104909262377,
0.202427362381,-0.214805247204,-1.687676652792,-2.104813388578,
0.205280377233,-0.214805247204,-1.684823637940,-2.104765451678,
0.208129246010,-0.214805247204,-1.681974769163,-2.104861325477,
0.210973940594,-0.214805247204,-1.679130074579,-2.104861325477,
0.213814432910,-0.214805247204,-1.676289582264,-2.104861325477,
0.216650694922,-0.214805247204,-1.673453320251,-2.104861325477,
0.219482698639,-0.214805247204,-1.670621316534,-2.104861325477,
0.222310416109,-0.214805247204,-1.667793599064,-2.104861325477,
0.225133819424,-0.214805247204,-1.664970195749,-2.104861325477,
0.227952880718,-0.214805247204,-1.662151134455,-2.104765451678,
0.230767572169,-0.214805247204,-1.659336443004,-2.104765451678,
0.233577865996,-0.214805247204,-1.656526149178,-2.104861325477,
0.236383734462,-0.214805247204,-1.653720280711,-2.104765451678,
0.239185149876,-0.214805247204,-1.650918865297,-2.104861325477,
0.241982084588,-0.214805247204,-1.648121930585,-2.104861325477,
0.244774510993,-0.214805247204,-1.645329504180,-2.104765451678,
0.247562401532,-0.214805247204,-1.642541613641,-2.104765451678,
0.250345728690,-0.214805247204,-1.639758286484,-2.104765451678,
0.253124464995,-0.214805247204,-1.636979550179,-2.104861325477,
0.255898583022,-0.214805247204,-1.634205432151,-2.104861325477,
0.258668055393,-0.214805247204,-1.631435959780,-2.104861325477,
0.261432854774,-0.214805247204,-1.628671160399,-2.104861325477,
0.264192953878,-0.214805247204,-1.625911061296,-2.104861325477,
0.266948325462,-0.214805247204,-1.623155689711,-2.104765451678,
0.269698942334,-0.214805247204,-1.620405072839,-2.104861325477,
0.272444777345,-0.214805247204,-1.617659237829,-2.104909262377,
0.275185803395,-0.214805247204,-1.614918211778,-2.104861325477,
0.277921993431,-0.214805247204,-1.612182021742,-2.104861325477,
0.280653320449,-0.214805247204,-1.609450694725,-2.104813388578,
0.283379757490,-0.214805247204,-1.606724257683,-2.104861325477,
0.286101277647,-0.214805247204,-1.604002737526,-2.104861325477,
0.288817854059,-0.214805247204,-1.601286161114,-2.104861325477,
0.291529459915,-0.214805247204,-1.598574555258,-2.104861325477,
0.294236068451,-0.214805247204,-1.595867946722,-2.104861325477,
0.296937652956,-0.214805247204,-1.593166362217,-2.104861325477,
0.299634186764,-0.214805247204,-1.590469828409,-2.104861325477,
0.302325643264,-0.214805247204,-1.587778371909,-2.104861325477,
0.305011995890,-0.214805247204,-1.585092019283,-2.104861325477,
0.307693218131,-0.214805247204,-1.582410797043,-2.104909262377,
0.310369283522,-0.214805247204,-1.579734731651,-2.104909262377,
0.313040165653,-0.214805247204,-1.577063849520,-2.104765451678,
0.315705838164,-0.214805247204,-1.574398177010,-2.104861325477,
0.318366274744,-0.214805247204,-1.571737740430,-2.104765451678,
0.321021449136,-0.214805247204,-1.569082566037,-2.104861325477,
0.323671335136,-0.214805247204,-1.566432680037,-2.104765451678,
0.326315906589,-0.214805247204,-1.563788108584,-2.104861325477,
0.328955137396,-0.214805247204,-1.561148877778,-2.104861325477,
0.331589001506,-0.214805247204,-1.558515013667,-2.104861325477,
0.334217472927,-0.214805247204,-1.555886542246,-2.104861325477,
0.336840525715,-0.214805247204,-1.553263489458,-2.104765451678,
0.339458133982,-0.214805247204,-1.550645881191,-2.104861325477,
0.342070271894,-0.214805247204,-1.548033743280,-2.104861325477,
0.344676913669,-0.214805247204,-1.545427101504,-2.104861325477,
0.347278033581,-0.214805247204,-1.542825981592,-2.104861325477,
0.349873605959,-0.214805247204,-1.540230409215,-2.104861325477,
0.352463605184,-0.214805247204,-1.537640409989,-2.104861325477,
0.355048005695,-0.214805247204,-1.535056009478,-2.104765451678,
0.357626781984,-0.214805247204,-1.532477233189,-2.104861325477,
0.360199908601,-0.214805247204,-1.529904106572,-2.104765451678,
0.362767360149,-0.214805247204,-1.527336655024,-2.104861325477,
0.365329111289,-0.214805247204,-1.524774903884,-2.104861325477,
0.367885136738,-0.214805247204,-1.522218878436,-2.104765451678,
0.370435411267,-0.214805247204,-1.519668603906,-2.104861325477,
0.372979909708,-0.214805247204,-1.517124105465,-2.104861325477,
0.375518606947,-0.214805247204,-1.514585408227,-2.104861325477,
0.378051477927,-0.214805247204,-1.512052537246,-2.104861325477,
0.380578497652,-0.214805247204,-1.509525517521,-2.104861325477,
0.383099641179,-0.214805247204,-1.507004373994,-2.104861325477,
0.385614883627,-0.214805247204,-1.504489131546,-2.104909262377,
0.388124200171,-0.214805247204,-1.501979815002,-2.104861325477,
0.390627566045,-0.214805247204,-1.499476449128,-2.104861325477,
0.393124956541,-0.214805247204,-1.496979058632,-2.104861325477,
0.395616347012,-0.214805247204,-1.494487668161,-2.104765451678,
0.398101712869,-0.214805247204,-1.492002302304,-2.104861325477,
0.400581029581,-0.214805247204,-1.489522985592,-2.104765451678,
0.403054272680,-0.214805247204,-1.487049742493,-2.104909262377,
0.405521417755,-0.214805247204,-1.484582597419,-2.104765451678,
0.407982440456,-0.214805247204,-1.482121574718,-2.104861325477,
0.410437316494,-0.214805247204,-1.479666698679,-2.104861325477,
0.412886021641,-0.214805247204,-1.477217993532,-2.104909262377,
0.415328531729,-0.214805247204,-1.474775483445,-2.104765451678,
0.417764822651,-0.214805247204,-1.472339192523,-2.104909262377,
0.420194870361,-0.214805247204,-1.469909144812,-2.104765451678,
0.422618650878,-0.214805247204,-1.467485364295,-2.104861325477,
0.425036140278,-0.214805247204,-1.465067874895,-2.104813388578,
0.427447314702,-0.214805247204,-1.462656700471,-2.104813388578,
0.429852150353,-0.214805247204,-1.460251864821,-2.104861325477,
0.432250623495,-0.214805247204,-1.457853391678,-2.104765451678,
0.434642710458,-0.214805247204,-1.455461304715,-2.104813388578,
0.437028387632,-0.214805247204,-1.453075627541,-2.104813388578,
0.439407631471,-0.214805247204,-1.450696383702,-2.104909262377,
0.441780418493,-0.214805247204,-1.448323596680,-2.104861325477,
0.444146725281,-0.214805247204,-1.445957289893,-2.104765451678,
0.446506528478,-0.214805247204,-1.443597486695,-2.104861325477,
0.448859804795,-0.214805247204,-1.441244210378,-2.104765451678,
0.451206531007,-0.214805247204,-1.438897484166,-2.104765451678,
0.453546683951,-0.214805247204,-1.436557331222,-2.104861325477,
0.455880240532,-0.214805247204,-1.434223774641,-2.104861325477,
0.458207177718,-0.214805247204,-1.431896837455,-2.104765451678,
0.460527472544,-0.214805247204,-1.429576542629,-2.104909262377,
0.462841102108,-0.214805247204,-1.427262913065,-2.104909262377,
0.465148043577,-0.214805247204,-1.424955971596,-2.104765451678,
0.467448274181,-0.214805247204,-1.422655740992,-2.104909262377,
0.469741771219,-0.214805247204,-1.420362243954,-2.104861325477,
0.472028512054,-0.214805247204,-1.418075503119,-2.104861325477,
0.474308474118,-0.214805247204,-1.415795541055,-2.104861325477,
0.476581634908,-0.214805247204,-1.413522380266,-2.104861325477,
0.478847971988,-0.214805247204,-1.411256043185,-2.104861325477,
0.481107462992,-0.214805247204,-1.408996552181,-2.104861325477,
0.483360085618,-0.214805247204,-1.406743929555,-2.104861325477,
0.485605817634,-0.214805247204,-1.404498197539,-2.104861325477,
0.487844636877,-0.214805247204,-1.402259378296,-2.104909262377,
0.490076521249,-0.214805247204,-1.400027493925,-2.104909262377,
0.492301448722,-0.214805247204,-1.397802566451,-2.104861325477,
0.494519397338,-0.214805247204,-1.395584617835,-2.104861325477,
0.496730345207,-0.214805247204,-1.393373669966,-2.104861325477,
0.498934270507,-0.214805247204,-1.391169744666,-2.104861325477,
0.501131151486,-0.214805247204,-1.388972863687,-2.104861325477,
0.503320966462,-0.214805247204,-1.386783048711,-2.104765451678,
0.505503693823,-0.214805247204,-1.384600321350,-2.104909262377,
0.507679312025,-0.214805247204,-1.382424703148,-2.104861325477,
0.509847799597,-0.214805247204,-1.380256215576,-2.104861325477,
0.512009135136,-0.214805247204,-1.378094880037,-2.104861325477,
0.514163297310,-0.214805247204,-1.375940717863,-2.104813388578,
0.516310264860,-0.214805247204,-1.373793750313,-2.104861325477,
0.518450016595,-0.214805247204,-1.371653998578,-2.104909262377,
0.520582531397,-0.214805247204,-1.369521483776,-2.104861325477,
0.522707788218,-0.214805247204,-1.367396226955,-2.104813388578,
0.524825766084,-0.214805247204,-1.365278249089,-2.104861325477,
0.526936444091,-0.214805247204,-1.363167571082,-2.104909262377,
0.529039801407,-0.214805247204,-1.361064213766,-2.104813388578,
0.531135817273,-0.214805247204,-1.358968197901,-2.104861325477,
0.533224471001,-0.214805247204,-1.356879544172,-2.104765451678,
0.535305741979,-0.214805247204,-1.354798273194,-2.104765451678,
0.537379609665,-0.214805247204,-1.352724405509,-2.104909262377,
0.539446053589,-0.214805247204,-1.350657961584,-2.104861325477,
0.541505053359,-0.214805247204,-1.348598961815,-2.104909262377,
0.543556588651,-0.214805247204,-1.346547426522,-2.104765451678,
0.545600639218,-0.214805247204,-1.344503375955,-2.104765451678,
0.547637184886,-0.214805247204,-1.342466830287,-2.104861325477,
0.549666205556,-0.214805247204,-1.340437809617,-2.104765451678,
0.551687681201,-0.214805247204,-1.338416333972,-2.104909262377,
0.553701591871,-0.214805247204,-1.336402423302,-2.104861325477,
0.555707917689,-0.214805247204,-1.334396097484,-2.104861325477,
0.557706638853,-0.214805247204,-1.332397376320,-2.104861325477,
0.559697735637,-0.214805247204,-1.330406279536,-2.104861325477,
0.561681188390,-0.214805247204,-1.328422826784,-2.104909262377,
0.563656977535,-0.214805247204,-1.326447037639,-2.104861325477,
0.565625083572,-0.214805247204,-1.324478931601,-2.104765451678,
0.567585487078,-0.214805247204,-1.322518528096,-2.104861325477,
0.569538168703,-0.214805247204,-1.320565846470,-2.104909262377,
0.571483109175,-0.214805247204,-1.318620905998,-2.104765451678,
0.573420289299,-0.214805247204,-1.316683725874,-2.104765451678,
0.575349689956,-0.214805247204,-1.314754325217,-2.104813388578,
0.577271292102,-0.214805247204,-1.312832723071,-2.104861325477,
0.579185076774,-0.214805247204,-1.310918938400,-2.104909262377,
0.581091025081,-0.214805247204,-1.309012990092,-2.104765451678,
0.582989118214,-0.214805247204,-1.307114896959,-2.104909262377,
0.584879337439,-0.214805247204,-1.305224677734,-2.104909262377,
0.586761664100,-0.214805247204,-1.303342351073,-2.104861325477,
0.588636079619,-0.214805247204,-1.301467935554,-2.104861325477,
0.590502565498,-0.214805247204,-1.299601449675,-2.104813388578,
0.592361103313,-0.214805247204,-1.297742911860,-2.104765451678,
0.594211674723,-0.214805247204,-1.295892340450,-2.104813388578,
0.596054261463,-0.214805247204,-1.294049753710,-2.104861325477,
0.597888845347,-0.214805247204,-1.292215169826,-2.104909262377,
0.599715408268,-0.214805247204,-1.290388606905,-2.104861325477,
0.601533932200,-0.214805247204,-1.288570082973,-2.104909262377,
0.603344399194,-0.214805247204,-1.286759615979,-2.104765451678,
0.605146791382,-0.214805247204,-1.284957223791,-2.104861325477,
0.606941090974,-0.214805247204,-1.283162924199,-2.104861325477,
0.608727280262,-0.214805247204,-1.281376734911,-2.104813388578,
0.610505341617,-0.214805247204,-1.279598673556,-2.104909262377,
0.612275257489,-0.214805247204,-1.277828757684,-2.104813388578,
0.614037010412,-0.214805247204,-1.276067004762,-2.104909262377,
0.615790582996,-0.214805247204,-1.274313432178,-2.104861325477,
0.617535957934,-0.214805247204,-1.272568057239,-2.104813388578,
0.619273118002,-0.214805247204,-1.270830897171,-2.104861325477,
0.621002046053,-0.214805247204,-1.269101969120,-2.104765451678,
0.622722725023,-0.214805247204,-1.267381290150,-2.104861325477,
0.624435137931,-0.214805247204,-1.265668877242,-2.104765451678,
0.626139267876,-0.214805247204,-1.263964747297,-2.104861325477,
0.627835098038,-0.214805247204,-1.262268917135,-2.104765451678,
0.629522611680,-0.214805247204,-1.260581403493,-2.104909262377,
0.631201792147,-0.214805247204,-1.258902223026,-2.104813388578,
0.632872622867,-0.214805247204,-1.257231392306,-2.104909262377,
0.634535087349,-0.214805247204,-1.255568927824,-2.104861325477,
0.636189169185,-0.214805247204,-1.253914845989,-2.104861325477,
0.637834852049,-0.214805247204,-1.252269163124,-2.104861325477,
0.639472119701,-0.214805247204,-1.250631895473,-2.104861325477,
0.641100955980,-0.214805247204,-1.249003059194,-2.104861325477,
0.642721344810,-0.214805247204,-1.247382670363,-2.104909262377,
0.644333270200,-0.214805247204,-1.245770744973,-2.104861325477,
0.645936716239,-0.214805247204,-1.244167298934,-2.104861325477,
0.647531667104,-0.214805247204,-1.242572348070,-2.104861325477,
0.649118107051,-0.214805247204,-1.240985908122,-2.104813388578,
0.650696020424,-0.214805247204,-1.239407994750,-2.104909262377,
0.652265391649,-0.214805247204,-1.237838623525,-2.104861325477,
0.653826205237,-0.214805247204,-1.236277809936,-2.104861325477,
0.655378445784,-0.214805247204,-1.234725569390,-2.104909262377,
0.656922097969,-0.214805247204,-1.233181917204,-2.104813388578,
0.658457146557,-0.214805247204,-1.231646868616,-2.104861325477,
0.659983576399,-0.214805247204,-1.230120438774,-2.104765451678,
0.661501372428,-0.214805247204,-1.228602642745,-2.104909262377,
0.663010519666,-0.214805247204,-1.227093495508,-2.104861325477,
0.664511003216,-0.214805247204,-1.225593011958,-2.104861325477,
0.666002808270,-0.214805247204,-1.224101206903,-2.104909262377,
0.667485920104,-0.214805247204,-1.222618095069,-2.104909262377,
0.668960324081,-0.214805247204,-1.221143691092,-2.104861325477,
0.670426005649,-0.214805247204,-1.219678009524,-2.104861325477,
0.671882950343,-0.214805247204,-1.218221064831,-2.104861325477,
0.673331143782,-0.214805247204,-1.216772871392,-2.104861325477,
0.674770571673,-0.214805247204,-1.215333443500,-2.104861325477,
0.676201219811,-0.214805247204,-1.213902795362,-2.104861325477,
0.677623074075,-0.214805247204,-1.212480941098,-2.104861325477,
0.679036120432,-0.214805247204,-1.211067894741,-2.104861325477,
0.680440344936,-0.214805247204,-1.209663670237,-2.104765451678,
0.681835733728,-0.214805247204,-1.208268281446,-2.104861325477,
0.683222273035,-0.214805247204,-1.206881742138,-2.104861325477,
0.684599949174,-0.214805247204,-1.205504066000,-2.104861325477,
0.685968748546,-0.214805247204,-1.204135266627,-2.104861325477,
0.687328657644,-0.214805247204,-1.202775357529,-2.104861325477,
0.688679663044,-0.214805247204,-1.201424352129,-2.104861325477,
0.690021751413,-0.214805247204,-1.200082263760,-2.104909262377,
0.691354909506,-0.214805247204,-1.198749105667,-2.104765451678,
0.692679124164,-0.214805247204,-1.197424891010,-2.104861325477,
0.693994382317,-0.214805247204,-1.196109632856,-2.104909262377,
0.695300670986,-0.214805247204,-1.194803344187,-2.104861325477,
0.696597977277,-0.214805247204,-1.193506037897,-2.104861325477,
0.697886288386,-0.214805247204,-1.192217726787,-2.104861325477,
0.699165591599,-0.214805247204,-1.190938423575,-2.104909262377,
0.700435874288,-0.214805247204,-1.189668140885,-2.104861325477,
0.701697123918,-0.214805247204,-1.188406891255,-2.104861325477,
0.702949328040,-0.214805247204,-1.187154687134,-2.104861325477,
0.704192474294,-0.214805247204,-1.185911540879,-2.104861325477,
0.705426550413,-0.214805247204,-1.184677464760,-2.104765451678,
0.706651544215,-0.214805247204,-1.183452470958,-2.104909262377,
0.707867443612,-0.214805247204,-1.182236571561,-2.104861325477,
0.709074236601,-0.214805247204,-1.181029778572,-2.104861325477,
0.710271911274,-0.214805247204,-1.179832103899,-2.104861325477,
0.711460455809,-0.214805247204,-1.178643559365,-2.104861325477,
0.712639858475,-0.214805247204,-1.177464156698,-2.104909262377,
0.713810107633,-0.214805247204,-1.176293907540,-2.104861325477,
0.714971191733,-0.214805247204,-1.175132823440,-2.104861325477,
0.716123099315,-0.214805247204,-1.173980915859,-2.104861325477,
0.717265819010,-0.214805247204,-1.172838196163,-2.104861325477,
0.718399339540,-0.214805247204,-1.171704675633,-2.104861325477,
0.719523649719,-0.214805247204,-1.170580365455,-2.104813388578,
0.720638738448,-0.214805247204,-1.169465276725,-2.104813388578,
0.721744594724,-0.214805247204,-1.168359420450,-2.104861325477,
0.722841207630,-0.214805247204,-1.167262807543,-2.104861325477,
0.723928566346,-0.214805247204,-1.166175448828,-2.104909262377,
0.725006660137,-0.214805247204,-1.165097355036,-2.104861325477,
0.726075478365,-0.214805247204,-1.164028536808,-2.104861325477,
0.727135010481,-0.214805247204,-1.162969004693,-2.104861325477,
0.728185246026,-0.214805247204,-1.161918769147,-2.104861325477,
0.729226174637,-0.214805247204,-1.160877840536,-2.104861325477,
0.730257786039,-0.214805247204,-1.159846229135,-2.104765451678,
0.731280070050,-0.214805247204,-1.158823945123,-2.104861325477,
0.732293016582,-0.214805247204,-1.157810998592,-2.104765451678,
0.733296615636,-0.214805247204,-1.156807399537,-2.104861325477,
0.734290857308,-0.214805247204,-1.155813157865,-2.104861325477,
0.735275731786,-0.214805247204,-1.154828283388,-2.104765451678,
0.736251229347,-0.214805247204,-1.153852785826,-2.104861325477,
0.737217340366,-0.214805247204,-1.152886674807,-2.104861325477,
0.738174055306,-0.214805247204,-1.151929959867,-2.104861325477,
0.739121364726,-0.214805247204,-1.150982650447,-2.104861325477,
0.740059259275,-0.214805247204,-1.150044755898,-2.104861325477,
0.740987729698,-0.214805247204,-1.149116285475,-2.104861325477,
0.741906766830,-0.214805247204,-1.148197248343,-2.104861325477,
0.742816361601,-0.214805247204,-1.147287653572,-2.104909262377,
0.743716505034,-0.214805247204,-1.146387510139,-2.104861325477,
0.744607188244,-0.214805247204,-1.145496826929,-2.104861325477,
0.745488402441,-0.214805247204,-1.144615612732,-2.104861325477,
0.746360138928,-0.214805247204,-1.143743876245,-2.104861325477,
0.747222389101,-0.214805247204,-1.142881626072,-2.104861325477,
0.748075144450,-0.214805247204,-1.142028870723,-2.104765451678,
0.748918396558,-0.214805247204,-1.141185618615,-2.104813388578,
0.749752137104,-0.214805247204,-1.140351878069,-2.104861325477,
0.750576357858,-0.214805247204,-1.139527657315,-2.104861325477,
0.751391050685,-0.214805247204,-1.138712964488,-2.104861325477,
0.752196207546,-0.214805247204,-1.137907807628,-2.104861325477,
0.752991820492,-0.214805247204,-1.137112194681,-2.104813388578,
0.753777881673,-0.214805247204,-1.136326133500,-2.104765451678,
0.754554383330,-0.214805247204,-1.135549631843,-2.104909262377,
0.755321317799,-0.214805247204,-1.134782697375,-2.104861325477,
0.756078677510,-0.214805247204,-1.134025337663,-2.104909262377,
0.756826454990,-0.214805247204,-1.133277560184,-2.104861325477,
0.757564642857,-0.214805247204,-1.132539372317,-2.104813388578,
0.758293233826,-0.214805247204,-1.131810781347,-2.104765451678,
0.759012220706,-0.214805247204,-1.131091794467,-2.104765451678,
0.759721596402,-0.214805247204,-1.130382418771,-2.104909262377,
0.760421353911,-0.214805247204,-1.129682661262,-2.104861325477,
0.761111486328,-0.214805247204,-1.128992528845,-2.104861325477,
0.761791986841,-0.214805247204,-1.128312028332,-2.104861325477,
0.762462848734,-0.214805247204,-1.127641166440,-2.104861325477,
0.763124065385,-0.214805247204,-1.126979949788,-2.104861325477,
0.763775630270,-0.214805247204,-1.126328384904,-2.104861325477,
0.764417536956,-0.214805247204,-1.125686478217,-2.104861325477,
0.765049779110,-0.214805247204,-1.125054236064,-2.104861325477,
0.765672350490,-0.214805247204,-1.124431664683,-2.104765451678,
0.766285244952,-0.214805247204,-1.123818770221,-2.104765451678,
0.766888456448,-0.214805247204,-1.123215558725,-2.104861325477,
0.767481979023,-0.214805247204,-1.122622036150,-2.104765451678,
0.768065806821,-0.214805247204,-1.122038208352,-2.104765451678,
0.768639934078,-0.214805247204,-1.121464081095,-2.104813388578,
0.769204355129,-0.214805247204,-1.120899660044,-2.104861325477,
0.769759064402,-0.214805247204,-1.120344950771,-2.104765451678,
0.770304056424,-0.214805247204,-1.119799958749,-2.104765451678,
0.770839325815,-0.214805247204,-1.119264689359,-2.104861325477,
0.771364867292,-0.214805247204,-1.118739147881,-2.104861325477,
0.771880675668,-0.214805247204,-1.118223339505,-2.104813388578,
0.772386745853,-0.214805247204,-1.117717269320,-2.104861325477,
0.772883072853,-0.214805247204,-1.117220942321,-2.104861325477,
0.773369651767,-0.214805247204,-1.116734363406,-2.104765451678,
0.773846477794,-0.214805247204,-1.116257537379,-2.104861325477,
0.774313546229,-0.214805247204,-1.115790468944,-2.104909262377,
0.774770852460,-0.214805247204,-1.115333162713,-2.104765451678,
0.775218391976,-0.214805247204,-1.114885623198,-2.104861325477,
0.775656160358,-0.214805247204,-1.114447854816,-2.104861325477,
0.776084153286,-0.214805247204,-1.114019861888,-2.104909262377,
0.776502366536,-0.214805247204,-1.113601648637,-2.104861325477,
0.776910795980,-0.214805247204,-1.113193219193,-2.104909262377,
0.777309437588,-0.214805247204,-1.112794577585,-2.104765451678,
0.777698287425,-0.214805247204,-1.112405727748,-2.104909262377,
0.778077341653,-0.214805247204,-1.112026673520,-2.104861325477,
0.778446596531,-0.214805247204,-1.111657418643,-2.104861325477,
0.778806048414,-0.214805247204,-1.111297966759,-2.104909262377,
0.779155693756,-0.214805247204,-1.110948321417,-2.104909262377,
0.779495529104,-0.214805247204,-1.110608486069,-2.104909262377,
0.779825551106,-0.214805247204,-1.110278464067,-2.104909262377,
0.780145756504,-0.214805247204,-1.109958258669,-2.104909262377,
0.780456142137,-0.214805247204,-1.109647873036,-2.104765451678,
0.780756704943,-0.214805247204,-1.109347310231,-2.104861325477,
0.781047441954,-0.214805247204,-1.109056573219,-2.104813388578,
0.781328350302,-0.214805247204,-1.108775664872,-2.104765451678,
0.781599427213,-0.214805247204,-1.108504587960,-2.104861325477,
0.781860670013,-0.214805247204,-1.108243345160,-2.104861325477,
0.782112076123,-0.214805247204,-1.107991939050,-2.104813388578,
0.782353643062,-0.214805247204,-1.107750372111,-2.104861325477,
0.782585368446,-0.214805247204,-1.107518646728,-2.104765451678,
0.782807249987,-0.214805247204,-1.107296765186,-2.104861325477,
0.783019285496,-0.214805247204,-1.107084729678,-2.104861325477,
0.783221472880,-0.214805247204,-1.106882542294,-2.104861325477,
0.783413810143,-0.214805247204,-1.106690205030,-2.104765451678,
0.783596295388,-0.214805247204,-1.106507719785,-2.104861325477,
0.783768926813,-0.214805247204,-1.106335088360,-2.104813388578,
0.783931702714,-0.214805247204,-1.106172312459,-2.104909262377,
0.784084621485,-0.214805247204,-1.106019393688,-2.104861325477,
0.784227681617,-0.214805247204,-1.105876333556,-2.104909262377,
0.784360881697,-0.214805247204,-1.105743133476,-2.104909262377,
0.784484220412,-0.214805247204,-1.105619794762,-2.104861325477,
0.784597696543,-0.214805247204,-1.105506318630,-2.104861325477,
0.784701308971,-0.214805247204,-1.105402706203,-2.104861325477,
0.784795056673,-0.214805247204,-1.105308958500,-2.104861325477,
0.784878938724,-0.214805247204,-1.105225076450,-2.104765451678,
0.784952954296,-0.214805247204,-1.105151060878,-2.104861325477,
0.785017102658,-0.214805247204,-1.105086912515,-2.104765451678,
0.785071383178,-0.214805247204,-1.105032631995,-2.104861325477,
0.785115795319,-0.214805247204,-1.104988219854,-2.104861325477,
0.785150338644,-0.214805247204,-1.104953676529,-2.104765451678,
0.785175012811,-0.214805247204,-1.104929002362,-2.104861325477,
0.785189817578,-0.214805247204,-1.104914197596,-2.104909262377,
0.785194752796,-0.214805247204,-1.104909262377,-2.104861325477,
0.785189818419,-0.214805247204,-1.104914196754,-2.104909262377,
0.785175014495,-0.214805247204,-1.104929000678,-2.104909262377,
0.785150341170,-0.214805247204,-1.104953674004,-2.104765451678,
0.785115798686,-0.214805247204,-1.104988216487,-2.104765451678,
0.785071387387,-0.214805247204,-1.105032627787,-2.104813388578,
0.785017107708,-0.214757310304,-1.105086907465,-2.104813388578,
0.784952960188,-0.214805247204,-1.105151054986,-2.104765451678,
0.784878945457,-0.214805247204,-1.105225069716,-2.104765451678,
0.784795064248,-0.214805247204,-1.105308950925,-2.104861325477,
0.784701317387,-0.214805247204,-1.105402697786,-2.104909262377,
0.784597705801,-0.214805247204,-1.105506309373,-2.104765451678,
0.784484230511,-0.214805247204,-1.105619784663,-2.104861325477,
0.784360892637,-0.214805247204,-1.105743122536,-2.104765451678,
0.784227693398,-0.214805247204,-1.105876321775,-2.104861325477,
0.784084634107,-0.214805247204,-1.106019381066,-2.104861325477,
0.783931716177,-0.214805247204,-1.106172298996,-2.104861325477,
0.783768941116,-0.214805247204,-1.106335074057,-2.104813388578,
0.783596310532,-0.214805247204,-1.106507704641,-2.104861325477,
0.783413826128,-0.214805247204,-1.106690189046,-2.104861325477,
0.783221489704,-0.214805247204,-1.106882525469,-2.104765451678,
0.783019303160,-0.214805247204,-1.107084712013,-2.104909262377,
0.782807268491,-0.214805247204,-1.107296746682,-2.104861325477,
0.782585387790,-0.214805247204,-1.107518627383,-2.104861325477,
0.782353663246,-0.214805247204,-1.107750351928,-2.104765451678,
0.782112097146,-0.214805247204,-1.107991918027,-2.104909262377,
0.781860691875,-0.214805247204,-1.108243323298,-2.104909262377,
0.781599449914,-0.214805247204,-1.108504565259,-2.104861325477,
0.781328373841,-0.214805247204,-1.108775641332,-2.104765451678,
0.781047466332,-0.214805247204,-1.109056548841,-2.104765451678,
0.780756730159,-0.214805247204,-1.109347285014,-2.104861325477,
0.780456168191,-0.214805247204,-1.109647846982,-2.104861325477,
0.780145783396,-0.214805247204,-1.109958231778,-2.104765451678,
0.779825578835,-0.214805247204,-1.110278436338,-2.104861325477,
0.779495557671,-0.214805247204,-1.110608457502,-2.104861325477,
0.779155723159,-0.214805247204,-1.110948292014,-2.104765451678,
0.778806078654,-0.214805247204,-1.111297936519,-2.104813388578,
0.778446627607,-0.214805247204,-1.111657387567,-2.104861325477,
0.778077373565,-0.214805247204,-1.112026641609,-2.104909262377,
0.777698320172,-0.214805247204,-1.112405695001,-2.104765451678,
0.777309471171,-0.214805247204,-1.112794544002,-2.104861325477,
0.776910830398,-0.214805247204,-1.113193184775,-2.104909262377,
0.776502401788,-0.214805247204,-1.113601613385,-2.104861325477,
0.776084189372,-0.214805247204,-1.114019825801,-2.104861325477,
0.775656197278,-0.214805247204,-1.114447817895,-2.104861325477,
0.775218429730,-0.214805247204,-1.114885585443,-2.104861325477,
0.774770891048,-0.214805247204,-1.115333124125,-2.104861325477,
0.774313585649,-0.214805247204,-1.115790429524,-2.104861325477,
0.773846518047,-0.214805247204,-1.116257497126,-2.104861325477,
0.773369692852,-0.214805247204,-1.116734322322,-2.104861325477,
0.772883114769,-0.214805247204,-1.117220900404,-2.104861325477,
0.772386788601,-0.214805247204,-1.117717226572,-2.104765451678,
0.771880719247,-0.214805247204,-1.118223295927,-2.104909262377,
0.771364911700,-0.214805247204,-1.118739103473,-2.104765451678,
0.770839371053,-0.214805247204,-1.119264644120,-2.104861325477,
0.770304102492,-0.214805247204,-1.119799912681,-2.104765451678,
0.769759111299,-0.214805247204,-1.120344903874,-2.104861325477,
0.769204402854,-0.214805247204,-1.120899612319,-2.104861325477,
0.768639982632,-0.214805247204,-1.121464032541,-2.104861325477,
0.768065856202,-0.214805247204,-1.122038158971,-2.104909262377,
0.767482029232,-0.214805247204,-1.122621985941,-2.104861325477,
0.766888507483,-0.214805247204,-1.123215507690,-2.104861325477,
0.766285296813,-0.214805247204,-1.123818718360,-2.104861325477,
0.765672403177,-0.214805247204,-1.124431611997,-2.104861325477,
0.765049832622,-0.214805247204,-1.125054182552,-2.104909262377,
0.764417591293,-0.214805247204,-1.125686423880,-2.104765451678,
0.763775685430,-0.214805247204,-1.126328329743,-2.104909262377,
0.763124121369,-0.214805247204,-1.126979893804,-2.104861325477,
0.762462905541,-0.214805247204,-1.127641109633,-2.104861325477,
0.761792044470,-0.214805247204,-1.128311970703,-2.104861325477,
0.761111544779,-0.214805247204,-1.128992470394,-2.104909262377,
0.760421413183,-0.214805247204,-1.129682601990,-2.104909262377,
0.759721656495,-0.214805247204,-1.130382358678,-2.104765451678,
0.759012281619,-0.214805247204,-1.131091733554,-2.104861325477,
0.758293295558,-0.214805247204,-1.131810719615,-2.104861325477,
0.757564705408,-0.214805247204,-1.132539309765,-2.104909262377,
0.756826518359,-0.214805247204,-1.133277496814,-2.104765451678,
0.756078741697,-0.214805247204,-1.134025273476,-2.104861325477,
0.755321382803,-0.214805247204,-1.134782632371,-2.104861325477,
0.754554449150,-0.214805247204,-1.135549566023,-2.104861325477,
0.753777948309,-0.214805247204,-1.136326066864,-2.104765451678,
0.752991887943,-0.214805247204,-1.137112127230,-2.104813388578,
0.752196275811,-0.214805247204,-1.137907739362,-2.104909262377,
0.751391119764,-0.214805247204,-1.138712895409,-2.104765451678,
0.750576427750,-0.214805247204,-1.139527587423,-2.104765451678,
0.749752207808,-0.214805247204,-1.140351807365,-2.104861325477,
0.748918468074,-0.214805247204,-1.141185547099,-2.104861325477,
0.748075216777,-0.214805247204,-1.142028798396,-2.104909262377,
0.747222462238,-0.214805247204,-1.142881552935,-2.104861325477,
0.746360212875,-0.214805247204,-1.143743802299,-2.104861325477,
0.745488477196,-0.214805247204,-1.144615537977,-2.104765451678,
0.744607263807,-0.214805247204,-1.145496751366,-2.104765451678,
0.743716581404,-0.214805247204,-1.146387433769,-2.104765451678,
0.742816438778,-0.214805247204,-1.147287576395,-2.104861325477,
0.741906844813,-0.214805247204,-1.148197170361,-2.104909262377,
0.740987808485,-0.214805247204,-1.149116206688,-2.104861325477,
0.740059338867,-0.214805247204,-1.150044676306,-2.104909262377,
0.739121445121,-0.214805247204,-1.150982570052,-2.104909262377,
0.738174136504,-0.214805247204,-1.151929878669,-2.104861325477,
0.737217422365,-0.214805247204,-1.152886592808,-2.104861325477,
0.736251312148,-0.214805247204,-1.153852703025,-2.104861325477,
0.735275815386,-0.214805247204,-1.154828199787,-2.104909262377,
0.734290941708,-0.214805247204,-1.155813073465,-2.104909262377,
0.733296700835,-0.214805247204,-1.156807314338,-2.104861325477,
0.732293102578,-0.214805247204,-1.157810912595,-2.104861325477,
0.731280156843,-0.214805247204,-1.158823858330,-2.104861325477,
0.730257873628,-0.214805247204,-1.159846141546,-2.104861325477,
0.729226263021,-0.214805247204,-1.160877752152,-2.104861325477,
0.728185335205,-0.214805247204,-1.161918679969,-2.104765451678,
0.727135100452,-0.214805247204,-1.162968914721,-2.104813388578,
0.726075569130,-0.214805247204,-1.164028446044,-2.104861325477,
0.725006751693,-0.214805247204,-1.165097263480,-2.104813388578,
0.723928658692,-0.214805247204,-1.166175356481,-2.104861325477,
0.722841300767,-0.214805247204,-1.167262714407,-2.104861325477,
0.721744688649,-0.214805247204,-1.168359326525,-2.104861325477,
0.720638833161,-0.214805247204,-1.169465182012,-2.104909262377,
0.719523745219,-0.214805247204,-1.170580269955,-2.104861325477,
0.718399435826,-0.214805247204,-1.171704579347,-2.104765451678,
0.717265916081,-0.214805247204,-1.172838099092,-2.104861325477,
0.716123197170,-0.214805247204,-1.173980818003,-2.104765451678,
0.714971290371,-0.214805247204,-1.175132724802,-2.104765451678,
0.713810207054,-0.214805247204,-1.176293808120,-2.104861325477,
0.712639958677,-0.214805247204,-1.177464056496,-2.104861325477,
0.711460556791,-0.214805247204,-1.178643458383,-2.104813388578,
0.710272013035,-0.214805247204,-1.179832002138,-2.104909262377,
0.709074339141,-0.214805247204,-1.181029676032,-2.104861325477,
0.707867546928,-0.214805247204,-1.182236468245,-2.104861325477,
0.706651648308,-0.214805247204,-1.183452366865,-2.104861325477,
0.705426655281,-0.214805247204,-1.184677359892,-2.104813388578,
0.704192579936,-0.214805247204,-1.185911435237,-2.104861325477,
0.702949434455,-0.214805247204,-1.187154580719,-2.104861325477,
0.701697231105,-0.214805247204,-1.188406784068,-2.104909262377,
0.700435982246,-0.214805247204,-1.189668032927,-2.104909262377,
0.699165700327,-0.214805247204,-1.190938314847,-2.104861325477,
0.697886397883,-0.214805247204,-1.192217617290,-2.104861325477,
0.696598087541,-0.214805247204,-1.193505927632,-2.104765451678,
0.695300782017,-0.214805247204,-1.194803233156,-2.104861325477,
0.693994494114,-0.214805247204,-1.196109521059,-2.104861325477,
0.692679236725,-0.214805247204,-1.197424778448,-2.104813388578,
0.691355022830,-0.214805247204,-1.198748992343,-2.104861325477,
0.690021865500,-0.214805247204,-1.200082149673,-2.104861325477,
0.688679777892,-0.214805247204,-1.201424237281,-2.104861325477,
0.687328773252,-0.214805247204,-1.202775241921,-2.104861325477,
0.685968864913,-0.214805247204,-1.204135150260,-2.104813388578,
0.684600066298,-0.214805247204,-1.205503948875,-2.104765451678,
0.683222390916,-0.214805247204,-1.206881624257,-2.104909262377,
0.681835852364,-0.214805247204,-1.208268162809,-2.104813388578,
0.680440464326,-0.214805247204,-1.209663550847,-2.104861325477,
0.679036240576,-0.214805247204,-1.211067774598,-2.104861325477,
0.677623194970,-0.214805247204,-1.212480820203,-2.104765451678,
0.676201341457,-0.214805247204,-1.213902673716,-2.104861325477,
0.674770694069,-0.214805247204,-1.215333321104,-2.104861325477,
0.673331266925,-0.214805247204,-1.216772748248,-2.104861325477,
0.671883074233,-0.214805247204,-1.218220940940,-2.104861325477,
0.670426130286,-0.214805247204,-1.219677884887,-2.104909262377,
0.668960449462,-0.214805247204,-1.221143565711,-2.104861325477,
0.667486046229,-0.214805247204,-1.222617968945,-2.104765451678,
0.666002935136,-0.214805247204,-1.224101080037,-2.104909262377,
0.664511130823,-0.214805247204,-1.225592884350,-2.104861325477,
0.663010648012,-0.214805247204,-1.227093367161,-2.104861325477,
0.661501501513,-0.214805247204,-1.228602513660,-2.104765451678,
0.659983706221,-0.214805247204,-1.230120308952,-2.104861325477,
0.658457277115,-0.214805247204,-1.231646738058,-2.104765451678,
0.656922229261,-0.214805247204,-1.233181785912,-2.104813388578,
0.655378577809,-0.214805247204,-1.234725437364,-2.104861325477,
0.653826337994,-0.214805247204,-1.236277677179,-2.104813388578,
0.652265525137,-0.214805247204,-1.237838490037,-2.104861325477,
0.650696154641,-0.214805247204,-1.239407860532,-2.104813388578,
0.649118241996,-0.214805247204,-1.240985773177,-2.104813388578,
0.647531802775,-0.214805247204,-1.242572212398,-2.104909262377,
0.645936852636,-0.214805247204,-1.244167162537,-2.104909262377,
0.644333407320,-0.214805247204,-1.245770607853,-2.104909262377,
0.642721482653,-0.214805247204,-1.247382532520,-2.104861325477,
0.641101094544,-0.214805247204,-1.249002920629,-2.104765451678,
0.639472258985,-0.214805247204,-1.250631756188,-2.104861325477,
0.637834992052,-0.214805247204,-1.252269023121,-2.104765451678,
0.636189309904,-0.214805247204,-1.253914705269,-2.104861325477,
0.634535228784,-0.214805247204,-1.255568786389,-2.104861325477,
0.632872765017,-0.214805247204,-1.257231250156,-2.104813388578,
0.631201935010,-0.214805247204,-1.258902080163,-2.104909262377,
0.629522755254,-0.214805247204,-1.260581259919,-2.104861325477,
0.627835242322,-0.214805247204,-1.262268772851,-2.104765451678,
0.626139412868,-0.214805247204,-1.263964602305,-2.104813388578,
0.624435283631,-0.214805247204,-1.265668731542,-2.104861325477,
0.622722871429,-0.214805247204,-1.267381143744,-2.104861325477,
0.621002193163,-0.214805247204,-1.269101822011,-2.104861325477,
0.619273265814,-0.214805247204,-1.270830749359,-2.104861325477,
0.617536106448,-0.214805247204,-1.272567908725,-2.104861325477,
0.615790732210,-0.214805247204,-1.274313282964,-2.104861325477,
0.614037160324,-0.214805247204,-1.276066854849,-2.104765451678,
0.612275408099,-0.214805247204,-1.277828607075,-2.104813388578,
0.610505492922,-0.214805247204,-1.279598522252,-2.104765451678,
0.608727432261,-0.214805247204,-1.281376582912,-2.104765451678,
0.606941243665,-0.214805247204,-1.283162771508,-2.104765451678,
0.605146944764,-0.214805247204,-1.284957070409,-2.104861325477,
0.603344553266,-0.214805247204,-1.286759461907,-2.104765451678,
0.601534086960,-0.214805247204,-1.288569928213,-2.104765451678,
0.599715563714,-0.214805247204,-1.290388451459,-2.104861325477,
0.597889001478,-0.214805247204,-1.292215013696,-2.104909262377,
0.596054418277,-0.214805247204,-1.294049596896,-2.104861325477,
0.594211832219,-0.214805247204,-1.295892182954,-2.104765451678,
0.592361261490,-0.214805247204,-1.297742753684,-2.104861325477,
0.590502724353,-0.214805247204,-1.299601290821,-2.104861325477,
0.588636239152,-0.214805247204,-1.301467776022,-2.104813388578,
0.586761824307,-0.214805247204,-1.303342190866,-2.104861325477,
0.584879498320,-0.214805247204,-1.305224516853,-2.104861325477,
0.582989279768,-0.214805247204,-1.307114735405,-2.104861325477,
0.581091187306,-0.214805247204,-1.309012827867,-2.104909262377,
0.579185239667,-0.214805247204,-1.310918775506,-2.104765451678,
0.577271455664,-0.214805247204,-1.312832559509,-2.104765451678,
0.575349854183,-0.214805247204,-1.314754160990,-2.104813388578,
0.573420454191,-0.214805247204,-1.316683560982,-2.104765451678,
0.571483274730,-0.214805247204,-1.318620740444,-2.104861325477,
0.569538334918,-0.214805247204,-1.320565680255,-2.104909262377,
0.567585653953,-0.214805247204,-1.322518361221,-2.104765451678,
0.565625251105,-0.214805247204,-1.324478764068,-2.104861325477,
0.563657145724,-0.214805247204,-1.326446869450,-2.104909262377,
0.561681357233,-0.214805247204,-1.328422657940,-2.104861325477,
0.559697905133,-0.214805247204,-1.330406110040,-2.104861325477,
0.557706809000,-0.214805247204,-1.332397206173,-2.104765451678,
0.555708088485,-0.214805247204,-1.334395926688,-2.104861325477,
0.553701763315,-0.214805247204,-1.336402251858,-2.104861325477,
0.551687853292,-0.214805247204,-1.338416161881,-2.104861325477,
0.549666378291,-0.214805247204,-1.340437636882,-2.104861325477,
0.547637358264,-0.214805247204,-1.342466656909,-2.104861325477,
0.545600813236,-0.214805247204,-1.344503201937,-2.104909262377,
0.543556763308,-0.214805247204,-1.346547251865,-2.104861325477,
0.541505228654,-0.214805247204,-1.348598786519,-2.104861325477,
0.539446229520,-0.214805247204,-1.350657785653,-2.104765451678,
0.537379786230,-0.214805247204,-1.352724228944,-2.104861325477,
0.535305919177,-0.214805247204,-1.354798095997,-2.104765451678,
0.533224648829,-0.214805247204,-1.356879366344,-2.104765451678,
0.531135995729,-0.214805247204,-1.358968019444,-2.104813388578,
0.529039980491,-0.214805247204,-1.361064034683,-2.104765451678,
0.526936623800,-0.214805247204,-1.363167391373,-2.104909262377,
0.524825946417,-0.214805247204,-1.365278068756,-2.104861325477,
0.522707969173,-0.214805247204,-1.367396046001,-2.104861325477,
0.520582712971,-0.214805247204,-1.369521302202,-2.104861325477,
0.518450198787,-0.214805247204,-1.371653816386,-2.104861325477,
0.516310447669,-0.214805247204,-1.373793567504,-2.104765451678,
0.514163480734,-0.214805247204,-1.375940534440,-2.104861325477,
0.512009319172,-0.214805247204,-1.378094696001,-2.104861325477,
0.509847984244,-0.214805247204,-1.380256030930,-2.104861325477,
0.507679497281,-0.214805247204,-1.382424517892,-2.104861325477,
0.505503879686,-0.214805247204,-1.384600135487,-2.104861325477,
0.503321152931,-0.214805247204,-1.386782862242,-2.104765451678,
0.501131338558,-0.214805247204,-1.388972676615,-2.104861325477,
0.498934458181,-0.214805247204,-1.391169556992,-2.104861325477,
0.496730533481,-0.214805247204,-1.393373481692,-2.104861325477,
0.494519586210,-0.214805247204,-1.395584428963,-2.104861325477,
0.492301638190,-0.214805247204,-1.397802376983,-2.104861325477,
0.490076711311,-0.214805247204,-1.400027303862,-2.104765451678,
0.487844827532,-0.214805247204,-1.402259187642,-2.104909262377,
0.485606008880,-0.214805247204,-1.404498006293,-2.104765451678,
0.483360277452,-0.214805247204,-1.406743737721,-2.104861325477,
0.481107655412,-0.214805247204,-1.408996359761,-2.104765451678,
0.478848164994,-0.214805247204,-1.411255850179,-2.104813388578,
0.476581828496,-0.214805247204,-1.413522186677,-2.104909262377,
0.474308668288,-0.214805247204,-1.415795346886,-2.104909262377,
0.472028706803,-0.214805247204,-1.418075308370,-2.104861325477,
0.469741966545,-0.214805247204,-1.420362048628,-2.104861325477,
0.467448470082,-0.214805247204,-1.422655545091,-2.104861325477,
0.465148240051,-0.214805247204,-1.424955775122,-2.104909262377,
0.462841299154,-0.214805247204,-1.427262716019,-2.104765451678,
0.460527670159,-0.214805247204,-1.429576345014,-2.104861325477,
0.458207375901,-0.214805247204,-1.431896639272,-2.104861325477,
0.455880439281,-0.214805247204,-1.434223575893,-2.104861325477,
0.453546883263,-0.214805247204,-1.436557131910,-2.104909262377,
0.451206730881,-0.214805247204,-1.438897284293,-2.104861325477,
0.448860005229,-0.214805247204,-1.441244009944,-2.104861325477,
0.446506729469,-0.214805247204,-1.443597285704,-2.104765451678,
0.444146926827,-0.214805247204,-1.445957088346,-2.104861325477,
0.441780620594,-0.214805247204,-1.448323394580,-2.104765451678,
0.439407834123,-0.214805247204,-1.450696181050,-2.104861325477,
0.437028590834,-0.214805247204,-1.453075424340,-2.104861325477,
0.434642914207,-0.214805247204,-1.455461100966,-2.104861325477,
0.432250827790,-0.214805247204,-1.457853187383,-2.104861325477,
0.429852355191,-0.214805247204,-1.460251659982,-2.104909262377,
0.427447520082,-0.214805247204,-1.462656495091,-2.104861325477,
0.425036346198,-0.214805247204,-1.465067668975,-2.104765451678,
0.422618857335,-0.214805247204,-1.467485157838,-2.104813388578,
0.420195077355,-0.214805247204,-1.469908937819,-2.104909262377,
0.417765030177,-0.214805247204,-1.472338984996,-2.104765451678,
0.415328739787,-0.214805247204,-1.474775275386,-2.104861325477,
0.412886230229,-0.214805247204,-1.477217784945,-2.104909262377,
0.410437525609,-0.214805247204,-1.479666489564,-2.104909262377,
0.407982650096,-0.214805247204,-1.482121365077,-2.104909262377,
0.405521627918,-0.214805247204,-1.484582387255,-2.104909262377,
0.403054483364,-0.214805247204,-1.487049531809,-2.104861325477,
0.400581240785,-0.214805247204,-1.489522774388,-2.104765451678,
0.398101924589,-0.214805247204,-1.492002090584,-2.104909262377,
0.395616559248,-0.214805247204,-1.494487455925,-2.104861325477,
0.393125169290,-0.214805247204,-1.496978845884,-2.104909262377,
0.390627779304,-0.214805247204,-1.499476235869,-2.104909262377,
0.388124413939,-0.214805247204,-1.501979601235,-2.104909262377,
0.385615097901,-0.214805247204,-1.504488917272,-2.104909262377,
0.383099855958,-0.214805247204,-1.507004159215,-2.104909262377,
0.380578712933,-0.214805247204,-1.509525302241,-2.104813388578,
0.378051693708,-0.214805247204,-1.512052321465,-2.104909262377,
0.375518823225,-0.214805247204,-1.514585191948,-2.104861325477,
0.372980126483,-0.214805247204,-1.517123888691,-2.104765451678,
0.370435628536,-0.214805247204,-1.519668386638,-2.104909262377,
0.367885354498,-0.214805247204,-1.522218660676,-2.104909262377,
0.365329329539,-0.214805247204,-1.524774685634,-2.104765451678,
0.362767578886,-0.214805247204,-1.527336436287,-2.104909262377,
0.360200127823,-0.214805247204,-1.529903887350,-2.104861325477,
0.357627001689,-0.214805247204,-1.532477013484,-2.104909262377,
0.355048225880,-0.214805247204,-1.535055789293,-2.104909262377,
0.352463825848,-0.214805247204,-1.537640189325,-2.104909262377,
0.349873827099,-0.214805247204,-1.540230188074,-2.104813388578,
0.347278255196,-0.214805247204,-1.542825759977,-2.104861325477,
0.344677135756,-0.214805247204,-1.545426879418,-2.104909262377,
0.342070494450,-0.214805247204,-1.548033520723,-2.104813388578,
0.339458357007,-0.214805247204,-1.550645658167,-2.104909262377,
0.336840749205,-0.214805247204,-1.553263265968,-2.104861325477,
0.334217696880,-0.214805247204,-1.555886318293,-2.104909262377,
0.331589225921,-0.214805247204,-1.558514789253,-2.104861325477,
0.328955362269,-0.214805247204,-1.561148652905,-2.104909262377,
0.326316131919,-0.214805247204,-1.563787883254,-2.104909262377,
0.323671560920,-0.214805247204,-1.566432454253,-2.104861325477,
0.321021675373,-0.214805247204,-1.569082339801,-2.104861325477,
0.318366501430,-0.214805247204,-1.571737513743,-2.104861325477,
0.315706065297,-0.214805247204,-1.574397949876,-2.104909262377,
0.313040393233,-0.214805247204,-1.577063621941,-2.104909262377,
0.310369511545,-0.214805247204,-1.579734503629,-2.104765451678,
0.307693446594,-0.214805247204,-1.582410568579,-2.104861325477,
0.305012224792,-0.214805247204,-1.585091790381,-2.104909262377,
0.302325872602,-0.214805247204,-1.587778142571,-2.104861325477,
0.299634416537,-0.214805247204,-1.590469598636,-2.104861325477,
0.296937883160,-0.214805247204,-1.593166132013,-2.104813388578,
0.294236299086,-0.214805247204,-1.595867716088,-2.104861325477,
0.291529690977,-0.214805247204,-1.598574324197,-2.104909262377,
0.288818085546,-0.214805247204,-1.601285929627,-2.104861325477,
0.286101509557,-0.214805247204,-1.604002505616,-2.104765451678,
0.283379989820,-0.214805247204,-1.606724025353,-2.104861325477,
0.280653553197,-0.214805247204,-1.609450461976,-2.104765451678,
0.277922226595,-0.214805247204,-1.612181788578,-2.104765451678,
0.275186036973,-0.214805247204,-1.614917978201,-2.104861325477,
0.272445011334,-0.214805247204,-1.617659003839,-2.104765451678,
0.269699176732,-0.214805247204,-1.620404838441,-2.104861325477,
0.266948560267,-0.214805247204,-1.623155454906,-2.104861325477,
0.264193189087,-0.214805247204,-1.625910826086,-2.104861325477,
0.261433090386,-0.214805247204,-1.628670924788,-2.104765451678,
0.258668291404,-0.214805247204,-1.631435723769,-2.104861325477,
0.255898819431,-0.214805247204,-1.634205195743,-2.104861325477,
0.253124701798,-0.214805247204,-1.636979313375,-2.104765451678,
0.250345965886,-0.214805247204,-1.639758049287,-2.104861325477,
0.247562639119,-0.214805247204,-1.642541376054,-2.104813388578,
0.244774748968,-0.214805247204,-1.645329266205,-2.104861325477,
0.241982322948,-0.214805247204,-1.648121692225,-2.104765451678,
0.239185388620,-0.214805247204,-1.650918626554,-2.104765451678,
0.236383973587,-0.214805247204,-1.653720041586,-2.104861325477,
0.233578105499,-0.214805247204,-1.656525909674,-2.104861325477,
0.230767812048,-0.214805247204,-1.659336203125,-2.104861325477,
0.227953120972,-0.214805247204,-1.662150894201,-2.104861325477,
0.225134060049,-0.214805247204,-1.664969955124,-2.104909262377,
0.222310657103,-0.214805247204,-1.667793358070,-2.104861325477,
0.219482940000,-0.214805247204,-1.670621075174,-2.104861325477,
0.216650936647,-0.214805247204,-1.673453078526,-2.104861325477,
0.213814674997,-0.214805247204,-1.676289340176,-2.104861325477,
0.210974183041,-0.214805247204,-1.679129832132,-2.104861325477,
0.208129488814,-0.214805247204,-1.681974526359,-2.104813388578,
0.205280620392,-0.214805247204,-1.684823394781,-2.104909262377,
0.202427605893,-0.214805247204,-1.687676409281,-2.104909262377,
0.199570473473,-0.214805247204,-1.690533541700,-2.104765451678,
0.196709251333,-0.214805247204,-1.693394763840,-2.104861325477,
0.193843967711,-0.214805247204,-1.696260047462,-2.104765451678,
0.190974650886,-0.214805247204,-1.699129364287,-2.104909262377,
0.188101329178,-0.214805247204,-1.702002685995,-2.104861325477,
0.185224030945,-0.214805247204,-1.704879984229,-2.104861325477,
0.182342784584,-0.214805247204,-1.707761230589,-2.104909262377,
0.179457618532,-0.214805247204,-1.710646396641,-2.104765451678,
0.176568561266,-0.214805247204,-1.713535453907,-2.104861325477,
0.173675641298,-0.214805247204,-1.716428373875,-2.104861325477,
0.170778887181,-0.214805247204,-1.719325127993,-2.104765451678,
0.167878327504,-0.214805247204,-1.722225687670,-2.104861325477,
0.164973990895,-0.214805247204,-1.725130024279,-2.104861325477,
0.162065906018,-0.214805247204,-1.728038109156,-2.104861325477,
0.159154101575,-0.214805247204,-1.730949913598,-2.104861325477,
0.156238606304,-0.214805247204,-1.733865408869,-2.104861325477,
0.153319448981,-0.214805247204,-1.736784566192,-2.104861325477,
0.150396658416,-0.214805247204,-1.739707356758,-2.104909262377,
0.147470263455,-0.214805247204,-1.742633751718,-2.104861325477,
0.144540292981,-0.214805247204,-1.745563722192,-2.104861325477,
0.141606775912,-0.214805247204,-1.748497239261,-2.104909262377,
0.138669741201,-0.214805247204,-1.751434273972,-2.104861325477,
0.135729217834,-0.214805247204,-1.754374797339,-2.104813388578,
0.132785234834,-0.214805247204,-1.757318780340,-2.104861325477,
0.129837821256,-0.214805247204,-1.760266193918,-2.104861325477,
0.126887006190,-0.214805247204,-1.763217008983,-2.104765451678,
0.123932818760,-0.214805247204,-1.766171196414,-2.104861325477,
0.120975288121,-0.214805247204,-1.769128727052,-2.104861325477,
0.118014443465,-0.214805247204,-1.772089571708,-2.104765451678,
0.115050314013,-0.214805247204,-1.775053701160,-2.104861325477,
0.112082929020,-0.214805247204,-1.778021086154,-2.104813388578,
0.109112317772,-0.214805247204,-1.780991697401,-2.104861325477,
0.106138509589,-0.214805247204,-1.783965505584,-2.104861325477,
0.103161533821,-0.214805247204,-1.786942481352,-2.104813388578,
0.100181419849,-0.214805247204,-1.789922595324,-2.104861325477,
0.097198197086,-0.214805247204,-1.792905818087,-2.104909262377,
0.094211894975,-0.214805247204,-1.795892120198,-2.104861325477,
0.091222542990,-0.214805247204,-1.798881472184,-2.104861325477,
0.088230170634,-0.214805247204,-1.801873844540,-2.104909262377,
0.085234807441,-0.214805247204,-1.804869207733,-2.104861325477,
0.082236482973,-0.214805247204,-1.807867532200,-2.104861325477,
0.079235226824,-0.214805247204,-1.810868788349,-2.104861325477,
0.076231068615,-0.214805247204,-1.813872946558,-2.104861325477,
0.073224037994,-0.214805247204,-1.816879977179,-2.104861325477,
0.070214164641,-0.214805247204,-1.819889850532,-2.104861325477,
0.067201478261,-0.214805247204,-1.822902536912,-2.104861325477,
0.064186008589,-0.214805247204,-1.825918006584,-2.104861325477,
0.061167785386,-0.214805247204,-1.828936229787,-2.104813388578,
0.058146838441,-0.214805247204,-1.831957176732,-2.104861325477,
0.055123197569,-0.214805247204,-1.834980817604,-2.104765451678,
0.052096892612,-0.214805247204,-1.838007122561,-2.104861325477,
0.049067953439,-0.214805247204,-1.841036061734,-2.104909262377,
0.046036409944,-0.214805247204,-1.844067605229,-2.104765451678,
0.043002292047,-0.214805247204,-1.847101723126,-2.104765451678,
0.039965629694,-0.214805247204,-1.850138385479,-2.104909262377,
0.036926452855,-0.214805247204,-1.853177562318,-2.104861325477,
0.033884791527,-0.214805247204,-1.856219223646,-2.104909262377,
0.030840675728,-0.214805247204,-1.859263339445,-2.104861325477,
0.027794135503,-0.214805247204,-1.862309879670,-2.104765451678,
0.024745200920,-0.214805247204,-1.865358814253,-2.104765451678,
0.021693902071,-0.214805247204,-1.868410113102,-2.104861325477,
0.018640269071,-0.214805247204,-1.871463746102,-2.104813388578,
0.015584332058,-0.214805247204,-1.874519683115,-2.104765451678,
0.012526121193,-0.214805247204,-1.877577893980,-2.104861325477,
0.009465666659,-0.214805247204,-1.880638348514,-2.104861325477,
0.006402998662,-0.214805247204,-1.883701016511,-2.104909262377,
0.003338147429,-0.214805247204,-1.886765867744,-2.104861325477,
0.000271143209,-0.214805247204,-1.889832871964,-2.104861325477,
-0.002797983729,-0.214805247204,-1.892901998902,-2.104765451678,
-0.005869203092,-0.214805247204,-1.895973218265,-2.104861325477,
-0.008942484570,-0.214805247204,-1.899046499743,-2.104861325477,
-0.012017797830,-0.214805247204,-1.902121813003,-2.104765451678,
-0.015095112520,-0.214805247204,-1.905199127693,-2.104909262377,
-0.018174398268,-0.214805247204,-1.908278413441,-2.104909262377,
-0.021255624684,-0.214805247204,-1.911359639857,-2.104909262377,
-0.024338761356,-0.214805247204,-1.914442776529,-2.104861325477,
-0.027423777855,-0.214805247204,-1.917527793028,-2.104861325477,
-0.030510643734,-0.214805247204,-1.920614658907,-2.104861325477,
-0.033599328526,-0.214805247204,-1.923703343699,-2.104909262377,
-0.036689801747,-0.214805247204,-1.926793816920,-2.104861325477,
-0.039782032896,-0.214805247204,-1.929886048069,-2.104861325477,
-0.042875991453,-0.214805247204,-1.932980006626,-2.104765451678,
-0.045971646882,-0.214805247204,-1.936075662055,-2.104765451678,
-0.049068968631,-0.214805247204,-1.939172983804,-2.104861325477,
-0.052167926130,-0.214805247204,-1.942271941303,-2.104909262377,
-0.055268488794,-0.214805247204,-1.945372503967,-2.104861325477,
-0.058370626020,-0.214805247204,-1.948474641194,-2.104765451678,
-0.061474307194,-0.214805247204,-1.951578322367,-2.104861325477,
-0.064579501682,-0.214805247204,-1.954683516855,-2.104861325477,
-0.067686178837,-0.214805247204,-1.957790194010,-2.104861325477,
-0.070794307998,-0.214805247204,-1.960898323171,-2.104765451678,
-0.073903858489,-0.214805247204,-1.964007873662,-2.104861325477,
-0.077014799619,-0.214805247204,-1.967118814792,-2.104861325477,
-0.080127100686,-0.214805247204,-1.970231115859,-2.104765451678,
-0.083240730971,-0.214805247204,-1.973344746144,-2.104861325477,
-0.086355659745,-0.214805247204,-1.976459674919,-2.104765451678,
-0.089471856265,-0.214805247204,-1.979575871438,-2.104909262377,
-0.092589289774,-0.214805247204,-1.982693304948,-2.104861325477,
-0.095707929506,-0.214805247204,-1.985811944679,-2.104861325477,
-0.098827744680,-0.214805247204,-1.988931759853,-2.104861325477,
-0.101948704505,-0.214805247204,-1.992052719679,-2.104861325477,
-0.105070778179,-0.214805247204,-1.995174793352,-2.104861325477,
-0.108193934887,-0.214805247204,-1.998297950061,-2.104813388578,
-0.111318143807,-0.214805247204,-2.001422158980,-2.104861325477,
-0.114443374102,-0.214805247204,-2.004547389275,-2.104909262377,
-0.117569594928,-0.214805247204,-2.007673610101,-2.104909262377,
-0.120696775430,-0.214805247204,-2.010800790604,-2.104813388578,
-0.123824884746,-0.214805247204,-2.013928899919,-2.104909262377,
-0.126953892000,-0.214805247204,-2.017057907174,-2.104861325477,
-0.130083766312,-0.214805247204,-2.020187781486,-2.104765451678,
-0.133214476791,-0.214805247204,-2.023318491965,-2.104765451678,
-0.136345992538,-0.214805247204,-2.026450007711,-2.104765451678,
-0.139478282646,-0.214805247204,-2.029582297819,-2.104861325477,
-0.142611316201,-0.214805247204,-2.032715331374,-2.104861325477,
-0.145745062280,-0.214805247204,-2.035849077454,-2.104861325477,
-0.148879489956,-0.214805247204,-2.038983505129,-2.104861325477,
-0.152014568292,-0.214805247204,-2.042118583466,-2.104909262377,
-0.155150266347,-0.214805247204,-2.045254281521,-2.104861325477,
-0.158286553173,-0.214805247204,-2.048390568346,-2.104861325477,
-0.161423397815,-0.214805247204,-2.051527412988,-2.104861325477,
-0.164560769314,-0.214805247204,-2.054664784488,-2.104909262377,
-0.167698636707,-0.214805247204,-2.057802651880,-2.104909262377,
-0.170836969022,-0.214805247204,-2.060940984195,-2.104861325477,
-0.173975735286,-0.214805247204,-2.064079750460,-2.104861325477,
-0.177114904522,-0.214805247204,-2.067218919695,-2.104861325477,
-0.180254445745,-0.214805247204,-2.070358460919,-2.104861325477,
-0.183394327972,-0.214805247204,-2.073498343145,-2.104765451678,
-0.186534520211,-0.214805247204,-2.076638535384,-2.104861325477,
-0.189674991471,-0.214805247204,-2.079779006644,-2.104861325477,
-0.192815710756,-0.214805247204,-2.082919725929,-2.104765451678,
-0.195956647069,-0.214805247204,-2.086060662243,-2.104861325477,
-0.199097769411,-0.214805247204,-2.089201784584,-2.104909262377,
-0.202239046779,-0.214805247204,-2.092343061952,-2.104765451678,
-0.205380448170,-0.214805247204,-2.095484463343,-2.104861325477,
-0.208521942580,-0.214805247204,-2.098625957753,-2.104861325477,
-0.211663499003,-0.214805247204,-2.101767514177,-2.104861325477,
-0.214805086435,-0.214805247204,-2.104909101608,-2.104861325477,
-0.217946673868,-0.214805247204,-2.108050689041,-2.104765451678,
-0.221088230296,-0.214805247204,-2.111192245470,-2.104861325477,
-0.224229724714,-0.214805247204,-2.114333739888,-2.104813388578,
-0.227371126117,-0.214805247204,-2.117475141290,-2.104909262377,
-0.230512403499,-0.214805247204,-2.120616418672,-2.104861325477,
-0.233653525857,-0.214805247204,-2.123757541031,-2.104861325477,
-0.236794462191,-0.214805247204,-2.126898477364,-2.104813388578,
-0.239935181500,-0.214805247204,-2.130039196674,-2.104861325477,
-0.243075652787,-0.214805247204,-2.133179667960,-2.104909262377,
-0.246215845057,-0.214805247204,-2.136319860230,-2.104765451678,
-0.249355727316,-0.214805247204,-2.139459742489,-2.104909262377,
-0.252495268576,-0.214805247204,-2.142599283750,-2.104765451678,
-0.255634437851,-0.214805247204,-2.145738453025,-2.104765451678,
-0.258773204159,-0.214805247204,-2.148877219332,-2.104813388578,
-0.261911536520,-0.214805247204,-2.152015551693,-2.104765451678,
-0.265049403961,-0.214805247204,-2.155153419135,-2.104813388578,
-0.268186775513,-0.214805247204,-2.158290790686,-2.104909262377,
-0.271323620211,-0.214805247204,-2.161427635384,-2.104765451678,
-0.274459907095,-0.214805247204,-2.164563922268,-2.104861325477,
-0.277595605212,-0.214805247204,-2.167699620385,-2.104909262377,
-0.280730683613,-0.214805247204,-2.170834698786,-2.104765451678,
-0.283865111357,-0.214805247204,-2.173969126530,-2.104861325477,
-0.286998857508,-0.214805247204,-2.177102872681,-2.104765451678,
-0.290131891137,-0.214805247204,-2.180235906310,-2.104909262377,
-0.293264181323,-0.214805247204,-2.183368196496,-2.104813388578,
-0.296395697150,-0.214805247204,-2.186499712324,-2.104861325477,
-0.299526407713,-0.214805247204,-2.189630422886,-2.104765451678,
-0.302656282112,-0.214805247204,-2.192760297286,-2.104861325477,
-0.305785289458,-0.214805247204,-2.195889304631,-2.104861325477,
-0.308913398866,-0.214805247204,-2.199017414040,-2.104861325477,
-0.312040579466,-0.214805247204,-2.202144594639,-2.104861325477,
-0.315166800392,-0.214805247204,-2.205270815565,-2.104765451678,
-0.318292030789,-0.214805247204,-2.208396045963,-2.104765451678,
-0.321416239815,-0.214805247204,-2.211520254988,-2.104861325477,
-0.324539396632,-0.214805247204,-2.214643411806,-2.104861325477,
-0.327661470419,-0.214805247204,-2.217765485592,-2.104861325477,
-0.330782430359,-0.214805247204,-2.220886445532,-2.104861325477,
-0.333902245652,-0.214805247204,-2.224006260825,-2.104813388578,
-0.337020885506,-0.214805247204,-2.227124900679,-2.104765451678,
-0.340138319140,-0.214805247204,-2.230242334313,-2.104861325477,
-0.343254515788,-0.214805247204,-2.233358530961,-2.104861325477,
-0.346369444693,-0.214805247204,-2.236473459867,-2.104861325477,
-0.349483075113,-0.214805247204,-2.239587090287,-2.104765451678,
-0.352595376318,-0.214805247204,-2.242699391491,-2.104909262377,
-0.355706317589,-0.214805247204,-2.245810332762,-2.104861325477,
-0.358815868223,-0.214805247204,-2.248919883397,-2.104765451678,
-0.361923997532,-0.214805247204,-2.252028012705,-2.104765451678,
-0.365030674837,-0.214805247204,-2.255134690010,-2.104765451678,
-0.368135869478,-0.214805247204,-2.258239884651,-2.104861325477,
-0.371239550808,-0.214805247204,-2.261343565981,-2.104861325477,
-0.374341688194,-0.214805247204,-2.264445703368,-2.104909262377,
-0.377442251021,-0.214805247204,-2.267546266194,-2.104909262377,
-0.380541208685,-0.214805247204,-2.270645223859,-2.104861325477,
-0.383638530603,-0.214805247204,-2.273742545776,-2.104909262377,
-0.386734186205,-0.214805247204,-2.276838201378,-2.104861325477,
-0.389828144937,-0.214805247204,-2.279932160110,-2.104909262377,
-0.392920376264,-0.214805247204,-2.283024391437,-2.104861325477,
-0.396010849667,-0.214805247204,-2.286114864840,-2.104861325477,
-0.399099534643,-0.214805247204,-2.289203549817,-2.104861325477,
-0.402186400710,-0.214805247204,-2.292290415883,-2.104861325477,
-0.405271417400,-0.214805247204,-2.295375432573,-2.104765451678,
-0.408354554266,-0.214805247204,-2.298458569439,-2.104861325477,
-0.411435780879,-0.214805247204,-2.301539796052,-2.104765451678,
-0.414515066827,-0.214805247204,-2.304619082001,-2.104861325477,
-0.417592381721,-0.214805247204,-2.307696396894,-2.104861325477,
-0.420667695187,-0.214805247204,-2.310771710360,-2.104765451678,
-0.423740976874,-0.214805247204,-2.313844992047,-2.104909262377,
-0.426812196450,-0.214805247204,-2.316916211623,-2.104765451678,
-0.429881323603,-0.214805247204,-2.319985338776,-2.104765451678,
-0.432948328042,-0.214805247204,-2.323052343216,-2.104909262377,
-0.436013179497,-0.214805247204,-2.326117194670,-2.104909262377,
-0.439075847719,-0.214805247204,-2.329179862893,-2.104861325477,
-0.442136302481,-0.214805247204,-2.332240317654,-2.104765451678,
-0.445194513577,-0.214805247204,-2.335298528751,-2.104909262377,
-0.448250450825,-0.214805247204,-2.338354465998,-2.104813388578,
-0.451304084062,-0.214805247204,-2.341408099235,-2.104861325477,
-0.454355383151,-0.214805247204,-2.344459398325,-2.104909262377,
-0.457404317978,-0.214805247204,-2.347508333151,-2.104765451678,
-0.460450858449,-0.214805247204,-2.350554873623,-2.104909262377,
-0.463494974498,-0.214805247204,-2.353598989671,-2.104909262377,
-0.466536636080,-0.214805247204,-2.356640651253,-2.104909262377,
-0.469575813174,-0.214805247204,-2.359679828347,-2.104861325477,
-0.472612475786,-0.214805247204,-2.362716490959,-2.104813388578,
-0.475646593945,-0.214805247204,-2.365750609118,-2.104813388578,
-0.478678137705,-0.214805247204,-2.368782152878,-2.104813388578,
-0.481707077146,-0.214805247204,-2.371811092319,-2.104861325477,
-0.484733382374,-0.214805247204,-2.374837397547,-2.104909262377,
-0.487757023520,-0.214805247204,-2.377861038693,-2.104813388578,
-0.490777970743,-0.214805247204,-2.380881985916,-2.104861325477,
-0.493796194226,-0.214805247204,-2.383900209399,-2.104861325477,
-0.496811664181,-0.214805247204,-2.386915679355,-2.104813388578,
-0.499824350847,-0.214805247204,-2.389928366021,-2.104861325477,
-0.502834224490,-0.214805247204,-2.392938239663,-2.104861325477,
-0.505841255403,-0.214805247204,-2.395945270576,-2.104909262377,
-0.508845413908,-0.214805247204,-2.398949429082,-2.104813388578,
-0.511846670356,-0.214805247204,-2.401950685529,-2.104765451678,
-0.514844995125,-0.214805247204,-2.404949010298,-2.104861325477,
-0.517840358622,-0.214805247204,-2.407944373795,-2.104861325477,
-0.520832731286,-0.214805247204,-2.410936746459,-2.104909262377,
-0.523822083582,-0.214805247204,-2.413926098755,-2.104861325477,
-0.526808386006,-0.214805247204,-2.416912401180,-2.104861325477,
-0.529791609086,-0.214805247204,-2.419895624259,-2.104765451678,
-0.532771723378,-0.214805247204,-2.422875738551,-2.104813388578,
-0.535748699469,-0.214805247204,-2.425852714642,-2.104861325477,
-0.538722507977,-0.214805247204,-2.428826523150,-2.104861325477,
-0.541693119554,-0.214805247204,-2.431797134727,-2.104909262377,
-0.544660504879,-0.214805247204,-2.434764520052,-2.104861325477,
-0.547624634665,-0.214805247204,-2.437728649839,-2.104861325477,
-0.550585479659,-0.214805247204,-2.440689494833,-2.104861325477,
-0.553543010638,-0.214805247204,-2.443647025812,-2.104909262377,
-0.556497198412,-0.214805247204,-2.446601213585,-2.104861325477,
-0.559448013825,-0.214805247204,-2.449552028998,-2.104909262377,
-0.562395427752,-0.214805247204,-2.452499442926,-2.104861325477,
-0.565339411105,-0.214805247204,-2.455443426279,-2.104861325477,
-0.568279934828,-0.214805247204,-2.458383950001,-2.104861325477,
-0.571216969898,-0.214805247204,-2.461320985071,-2.104861325477,
-0.574150487328,-0.214805247204,-2.464254502501,-2.104861325477,
-0.577080458166,-0.214805247204,-2.467184473339,-2.104765451678,
-0.580006853494,-0.214805247204,-2.470110868668,-2.104861325477,
-0.582929644430,-0.214805247204,-2.473033659603,-2.104861325477,
-0.585848802127,-0.214805247204,-2.475952817300,-2.104909262377,
-0.588764297774,-0.214805247204,-2.478868312947,-2.104861325477,
-0.591676102596,-0.214805247204,-2.481780117769,-2.104861325477,
-0.594584187855,-0.214805247204,-2.484688203028,-2.104861325477,
-0.597488524849,-0.214805247204,-2.487592540022,-2.104861325477,
-0.600389084914,-0.214805247204,-2.490493100087,-2.104861325477,
-0.603285839422,-0.214805247204,-2.493389854595,-2.104861325477,
-0.606178759784,-0.214805247204,-2.496282774957,-2.104909262377,
-0.609067817447,-0.214805247204,-2.499171832621,-2.104861325477,
-0.611952983898,-0.214805247204,-2.502056999072,-2.104909262377,
-0.614834230662,-0.214805247204,-2.504938245835,-2.104861325477,
-0.617711529301,-0.214805247204,-2.507815544474,-2.104765451678,
-0.620584851418,-0.214805247204,-2.510688866591,-2.104861325477,
-0.623454168654,-0.214805247204,-2.513558183827,-2.104909262377,
-0.626319452690,-0.214805247204,-2.516423467863,-2.104861325477,
-0.629180675247,-0.214805247204,-2.519284690420,-2.104765451678,
-0.632037808087,-0.214805247204,-2.522141823260,-2.104813388578,
-0.634890823009,-0.214805247204,-2.524994838182,-2.104909262377,
-0.637739691857,-0.214805247204,-2.527843707030,-2.104909262377,
-0.640584386512,-0.214805247204,-2.530688401685,-2.104861325477,
-0.643424878900,-0.214805247204,-2.533528894073,-2.104861325477,
-0.646261140985,-0.214805247204,-2.536365156158,-2.104909262377,
-0.649093144774,-0.214805247204,-2.539197159947,-2.104909262377,
-0.651920862318,-0.214805247204,-2.542024877491,-2.104861325477,
-0.654744265707,-0.214805247204,-2.544848280880,-2.104765451678,
-0.657563327075,-0.214805247204,-2.547667342248,-2.104861325477,
-0.660378018601,-0.214805247204,-2.550482033774,-2.104861325477,
-0.663188312503,-0.214805247204,-2.553292327676,-2.104861325477,
-0.665994181045,-0.214805247204,-2.556098196218,-2.104861325477,
-0.668795596535,-0.214805247204,-2.558899611708,-2.104861325477,
-0.671592531323,-0.214805247204,-2.561696546497,-2.104861325477,
-0.674384957806,-0.214805247204,-2.564488972979,-2.104765451678,
-0.677172848423,-0.214805247204,-2.567276863596,-2.104909262377,
-0.679956175658,-0.214805247204,-2.570060190831,-2.104861325477,
-0.682734912041,-0.214805247204,-2.572838927215,-2.104813388578,
-0.685509030148,-0.214805247204,-2.575613045321,-2.104861325477,
-0.688278502599,-0.214805247204,-2.578382517772,-2.104861325477,
-0.691043302060,-0.214805247204,-2.581147317233,-2.104765451678,
-0.693803401243,-0.214805247204,-2.583907416417,-2.104861325477,
-0.696558772909,-0.214805247204,-2.586662788082,-2.104861325477,
-0.699309389862,-0.214805247204,-2.589413405035,-2.104909262377,
-0.702055224954,-0.214805247204,-2.592159240128,-2.104813388578,
-0.704796251087,-0.214805247204,-2.594900266260,-2.104861325477,
-0.707532441206,-0.214805247204,-2.597636456379,-2.104861325477,
-0.710263768307,-0.214805247204,-2.600367783480,-2.104813388578,
-0.712990205432,-0.214805247204,-2.603094220605,-2.104861325477,
-0.715711725673,-0.214805247204,-2.605815740846,-2.104861325477,
-0.718428302170,-0.214805247204,-2.608532317343,-2.104861325477,
-0.721139908110,-0.214805247204,-2.611243923283,-2.104909262377,
-0.723846516732,-0.214805247204,-2.613950531905,-2.104861325477,
-0.726548101322,-0.214805247204,-2.616652116496,-2.104861325477,
-0.729244635217,-0.214805247204,-2.619348650391,-2.104813388578,
-0.731936091804,-0.214805247204,-2.622040106977,-2.104765451678,
-0.734622444517,-0.214805247204,-2.624726459691,-2.104861325477,
-0.737303666845,-0.214805247204,-2.627407682019,-2.104765451678,
-0.739979732325,-0.214805247204,-2.630083747498,-2.104765451678,
-0.742650614545,-0.214805247204,-2.632754629718,-2.104861325477,
-0.745316287144,-0.214805247204,-2.635420302317,-2.104861325477,
-0.747976723814,-0.214805247204,-2.638080738987,-2.104909262377,
-0.750631898297,-0.214805247204,-2.640735913470,-2.104861325477,
-0.753281784387,-0.214805247204,-2.643385799560,-2.104861325477,
-0.755926355931,-0.214805247204,-2.646030371104,-2.104861325477,
-0.758565586828,-0.214805247204,-2.648669602002,-2.104765451678,
-0.761199451031,-0.214805247204,-2.651303466204,-2.104765451678,
-0.763827922544,-0.214805247204,-2.653931937717,-2.104909262377,
-0.766450975424,-0.214805247204,-2.656554990598,-2.104861325477,
-0.769068583785,-0.214805247204,-2.659172598958,-2.104909262377,
-0.771680721790,-0.214805247204,-2.661784736963,-2.104765451678,
-0.774287363659,-0.214805247204,-2.664391378832,-2.104765451678,
-0.776888483666,-0.214805247204,-2.666992498839,-2.104813388578,
-0.779484056138,-0.214805247204,-2.669588071311,-2.104909262377,
-0.782074055459,-0.214805247204,-2.672178070632,-2.104861325477,
-0.784658456065,-0.214805247204,-2.674762471238,-2.104909262377,
-0.787237232451,-0.214805247204,-2.677341247624,-2.104861325477,
-0.789810359164,-0.214805247204,-2.679914374338,-2.104861325477,
-0.792377810810,-0.214805247204,-2.682481825983,-2.104861325477,
-0.794939562047,-0.214805247204,-2.685043577220,-2.104813388578,
-0.797495587593,-0.214805247204,-2.687599602766,-2.104861325477,
-0.800045862221,-0.214805247204,-2.690149877394,-2.104765451678,
-0.802590360760,-0.214805247204,-2.692694375934,-2.104765451678,
-0.805129058098,-0.214805247204,-2.695233073272,-2.104861325477,
-0.807661929179,-0.214805247204,-2.697765944352,-2.104765451678,
-0.810188949003,-0.214805247204,-2.700292964177,-2.104765451678,
-0.812710092631,-0.214805247204,-2.702814107804,-2.104813388578,
-0.815225335180,-0.214805247204,-2.705329350353,-2.104909262377,
-0.817734651825,-0.214805247204,-2.707838666998,-2.104909262377,
-0.820238017800,-0.214805247204,-2.710342032974,-2.104765451678,
-0.822735408399,-0.214805247204,-2.712839423572,-2.104765451678,
-0.825226798973,-0.214805247204,-2.715330814146,-2.104813388578,
-0.827712164932,-0.214805247204,-2.717816180105,-2.104861325477,
-0.830191481748,-0.214805247204,-2.720295496921,-2.104909262377,
-0.832664724950,-0.214805247204,-2.722768740124,-2.104813388578,
-0.835131870129,-0.214805247204,-2.725235885303,-2.104861325477,
-0.837592892935,-0.214805247204,-2.727696908108,-2.104909262377,
-0.840047769079,-0.214805247204,-2.730151784252,-2.104861325477,
-0.842496474331,-0.214805247204,-2.732600489504,-2.104909262377,
-0.844938984524,-0.214805247204,-2.735042999698,-2.104861325477,
