-0.316958780297,-0.316958780297,-2.104813388578,-2.104813388578,
-0.313817192865,-0.317006717196,-2.101671801145,-2.104861325477,
-0.310675636438,-0.317006717196,-2.098530244719,-2.104861325477,
-0.307534142024,-0.316958780297,-2.095388750305,-2.104813388578,
-0.304392740628,-0.316958780297,-2.092247348909,-2.104765451678,
-0.301251463253,-0.316958780297,-2.089106071534,-2.104909262377,
-0.298110340903,-0.316958780297,-2.085964949184,-2.104765451678,
-0.294969404579,-0.316958780297,-2.082824012860,-2.104813388578,
-0.291828685282,-0.316958780297,-2.079683293563,-2.104813388578,
-0.288688214009,-0.316958780297,-2.076542822289,-2.104861325477,
-0.285548021754,-0.316958780297,-2.073402630035,-2.104861325477,
-0.282408139512,-0.316958780297,-2.070262747792,-2.104909262377,
-0.279268598270,-0.316958780297,-2.067123206550,-2.104813388578,
-0.276129429014,-0.316958780297,-2.063984037295,-2.104909262377,
-0.272990662729,-0.316958780297,-2.060845271009,-2.104765451678,
-0.269852330390,-0.316958780297,-2.057706938671,-2.104765451678,
-0.266714462973,-0.316958780297,-2.054569071254,-2.104909262377,
-0.263577091448,-0.316958780297,-2.051431699729,-2.104861325477,
-0.260440246778,-0.316958780297,-2.048294855059,-2.104861325477,
-0.257303959923,-0.316958780297,-2.045158568204,-2.104909262377,
-0.254168261837,-0.316958780297,-2.042022870118,-2.104813388578,
-0.251033183468,-0.316958780297,-2.038887791749,-2.104813388578,
-0.247898755759,-0.316958780297,-2.035753364039,-2.104813388578,
-0.244765009643,-0.316958780297,-2.032619617924,-2.104765451678,
-0.241631976051,-0.316958780297,-2.029486584332,-2.104861325477,
-0.238499685905,-0.316958780297,-2.026354294185,-2.104909262377,
-0.235368170117,-0.316958780297,-2.023222778398,-2.104765451678,
-0.232237459597,-0.316958780297,-2.020092067877,-2.104813388578,
-0.229107585241,-0.316958780297,-2.016962193522,-2.104765451678,
-0.225978577941,-0.316958780297,-2.013833186222,-2.104813388578,
-0.222850468579,-0.316958780297,-2.010705076860,-2.104813388578,
-0.219723288028,-0.316958780297,-2.007577896309,-2.104861325477,
-0.216597067152,-0.316958780297,-2.004451675433,-2.104765451678,
-0.213471836805,-0.316958780297,-2.001326445086,-2.104765451678,
-0.210347627833,-0.316958780297,-1.998202236114,-2.104861325477,
-0.207224471070,-0.317006717196,-1.995079079351,-2.104861325477,
-0.204102397340,-0.316958780297,-1.991957005621,-2.104813388578,
-0.200981437457,-0.316958780297,-1.988836045738,-2.104909262377,
-0.197861622224,-0.316958780297,-1.985716230505,-2.104765451678,
-0.194742982431,-0.316958780297,-1.982597590712,-2.104861325477,
-0.191625548859,-0.316958780297,-1.979480157140,-2.104861325477,
-0.188509352276,-0.316958780297,-1.976363960556,-2.104909262377,
-0.185394423436,-0.316958780297,-1.973249031717,-2.104861325477,
-0.182280793083,-0.316958780297,-1.970135401364,-2.104861325477,
-0.179168491948,-0.316958780297,-1.967023100228,-2.104909262377,
-0.176057550747,-0.316958780297,-1.963912159027,-2.104765451678,
-0.172948000184,-0.316958780297,-1.960802608465,-2.104861325477,
-0.169839870950,-0.316958780297,-1.957694479230,-2.104765451678,
-0.166733193719,-0.316958780297,-1.954587802000,-2.104765451678,
-0.163627999155,-0.316958780297,-1.951482607435,-2.104861325477,
-0.160524317903,-0.316958780297,-1.948378926184,-2.104861325477,
-0.157422180596,-0.316958780297,-1.945276788877,-2.104861325477,
-0.154321617852,-0.316958780297,-1.942176226132,-2.104861325477,
-0.151222660270,-0.316958780297,-1.939077268550,-2.104861325477,
-0.148125338436,-0.316958780297,-1.935979946717,-2.104861325477,
-0.145029682921,-0.316958780297,-1.932884291202,-2.104813388578,
-0.141935724276,-0.317054654096,-1.929790332557,-2.104813388578,
-0.138843493038,-0.317006717196,-1.926698101319,-2.104813388578,
-0.135753019726,-0.316910843397,-1.923607628007,-2.104861325477,
-0.132664334842,-0.316958780297,-1.920518943123,-2.104861325477,
-0.129577468870,-0.316958780297,-1.917432077150,-2.104909262377,
-0.126492452275,-0.316958780297,-1.914347060556,-2.104861325477,
-0.123409315506,-0.316958780297,-1.911263923786,-2.104909262377,
-0.120328088992,-0.316958780297,-1.908182697272,-2.104765451678,
-0.117248803143,-0.316958780297,-1.905103411424,-2.104813388578,
-0.114171488351,-0.316958780297,-1.902026096632,-2.104765451678,
-0.111096174988,-0.316958780297,-1.898950783269,-2.104813388578,
-0.108022893406,-0.316958780297,-1.895877501686,-2.104765451678,
-0.104951673936,-0.316958780297,-1.892806282217,-2.104909262377,
-0.101882546891,-0.316958780297,-1.889737155172,-2.104909262377,
-0.098815542561,-0.316958780297,-1.886670150842,-2.104861325477,
-0.095750691217,-0.316958780297,-1.883605299498,-2.104909262377,
-0.092688023108,-0.316958780297,-1.880542631388,-2.104861325477,
-0.089627568460,-0.317006717196,-1.877482176741,-2.104765451678,
-0.086569357479,-0.317006717196,-1.874423965760,-2.104909262377,
-0.083513420349,-0.316958780297,-1.871368028630,-2.104765451678,
-0.080459787230,-0.316958780297,-1.868314395511,-2.104813388578,
-0.077408488261,-0.316958780297,-1.865263096542,-2.104861325477,
-0.074359553557,-0.316958780297,-1.862214161837,-2.104861325477,
-0.071313013208,-0.316958780297,-1.859167621489,-2.104765451678,
-0.068268897285,-0.316958780297,-1.856123505565,-2.104861325477,
-0.065227235829,-0.316958780297,-1.853081844110,-2.104813388578,
-0.062188058863,-0.316958780297,-1.850042667144,-2.104861325477,
-0.059151396380,-0.316958780297,-1.847006004661,-2.104813388578,
-0.056117278353,-0.316958780297,-1.843971886633,-2.104909262377,
-0.053085734725,-0.316958780297,-1.840940343006,-2.104861325477,
-0.050056795418,-0.316958780297,-1.837911403699,-2.104813388578,
-0.047030490326,-0.316958780297,-1.834885098606,-2.104813388578,
-0.044006849316,-0.316958780297,-1.831861457597,-2.104813388578,
-0.040985902232,-0.316958780297,-1.828840510513,-2.104909262377,
-0.037967678889,-0.316958780297,-1.825822287170,-2.104813388578,
-0.034952209075,-0.316958780297,-1.822806817356,-2.104909262377,
-0.031939522553,-0.316958780297,-1.819794130833,-2.104765451678,
-0.028929649055,-0.316958780297,-1.816784257335,-2.104909262377,
-0.025922618288,-0.316958780297,-1.813777226569,-2.104909262377,
-0.022918459931,-0.316958780297,-1.810773068211,-2.104909262377,
-0.019917203632,-0.316958780297,-1.807771811913,-2.104765451678,
-0.016918879014,-0.316958780297,-1.804773487295,-2.104909262377,
-0.013923515669,-0.316958780297,-1.801778123950,-2.104909262377,
-0.010931143159,-0.316958780297,-1.798785751440,-2.104909262377,
-0.007941791019,-0.316958780297,-1.795796399299,-2.104909262377,
-0.004955488751,-0.316958780297,-1.792810097032,-2.104861325477,
-0.001972265829,-0.316958780297,-1.789826874110,-2.104813388578,
0.001007848302,-0.316958780297,-1.786846759978,-2.104765451678,
0.003984824232,-0.316958780297,-1.783869784049,-2.104909262377,
0.006958632578,-0.316958780297,-1.780895975703,-2.104861325477,
0.009929243990,-0.316958780297,-1.777925364291,-2.104909262377,
0.012896629149,-0.316958780297,-1.774957979132,-2.104813388578,
0.015860758768,-0.316958780297,-1.771993849512,-2.104909262377,
0.018821603594,-0.316958780297,-1.769033004687,-2.104909262377,
0.021779134402,-0.316958780297,-1.766075473879,-2.104861325477,
0.024733322004,-0.316958780297,-1.763121286277,-2.104765451678,
0.027684137243,-0.316958780297,-1.760170471037,-2.104861325477,
0.030631550996,-0.316958780297,-1.757223057285,-2.104861325477,
0.033575534173,-0.316958780297,-1.754279074108,-2.104765451678,
0.036516057717,-0.316958780297,-1.751338550563,-2.104909262377,
0.039453092608,-0.316958780297,-1.748401515673,-2.104909262377,
0.042386609858,-0.316958780297,-1.745467998423,-2.104909262377,
0.045316580514,-0.316958780297,-1.742538027767,-2.104861325477,
0.048242975658,-0.316958780297,-1.739611632623,-2.104861325477,
0.051165766409,-0.316958780297,-1.736688841872,-2.104861325477,
0.054084923919,-0.316958780297,-1.733769684362,-2.104765451678,
0.057000419377,-0.316958780297,-1.730854188903,-2.104861325477,
0.059912224010,-0.316958780297,-1.727942384271,-2.104861325477,
0.062820309078,-0.316958780297,-1.725034299203,-2.104765451678,
0.065724645879,-0.316958780297,-1.722129962401,-2.104909262377,
0.068625205750,-0.316958780297,-1.719229402530,-2.104813388578,
0.071521960063,-0.316958780297,-1.716332648218,-2.104813388578,
0.074414880228,-0.316958780297,-1.713439728053,-2.104861325477,
0.077303937693,-0.316958780297,-1.710550670588,-2.104765451678,
0.080189103944,-0.316958780297,-1.707665504337,-2.104765451678,
0.083070350506,-0.316958780297,-1.704784257774,-2.104765451678,
0.085947648943,-0.316958780297,-1.701906959338,-2.104765451678,
0.088820970855,-0.316958780297,-1.699033637426,-2.104909262377,
0.091690287885,-0.316958780297,-1.696164320395,-2.104861325477,
0.094555571715,-0.316958780297,-1.693299036566,-2.104861325477,
0.097416794063,-0.316958780297,-1.690437814217,-2.104765451678,
0.100273926693,-0.316958780297,-1.687580681588,-2.104765451678,
0.103126941404,-0.316958780297,-1.684727666877,-2.104765451678,
0.105975810038,-0.316958780297,-1.681878798242,-2.104813388578,
0.108820504480,-0.317006717196,-1.679034103801,-2.104909262377,
0.111660996651,-0.317006717196,-1.676193611629,-2.104861325477,
0.114497258519,-0.316958780297,-1.673357349762,-2.104861325477,
0.117329262090,-0.316958780297,-1.670525346191,-2.104861325477,
0.120156979413,-0.316958780297,-1.667697628867,-2.104861325477,
0.122980382581,-0.316958780297,-1.664874225700,-2.104861325477,
0.125799443727,-0.316958780297,-1.662055164554,-2.104861325477,
0.128614135028,-0.316958780297,-1.659240473253,-2.104909262377,
0.131424428704,-0.316958780297,-1.656430179577,-2.104765451678,
0.134230297019,-0.317054654096,-1.653624311262,-2.104765451678,
0.137031712280,-0.316958780297,-1.650822896000,-2.104765451678,
0.139828646839,-0.316958780297,-1.648025961442,-2.104909262377,
0.142621073090,-0.316958780297,-1.645233535191,-2.104861325477,
0.145408963474,-0.316958780297,-1.642445644807,-2.104909262377,
0.148192290475,-0.316958780297,-1.639662317806,-2.104813388578,
0.150971026623,-0.316958780297,-1.636883581658,-2.104813388578,
0.153745144493,-0.316958780297,-1.634109463788,-2.104813388578,
0.156514616705,-0.316958780297,-1.631339991576,-2.104813388578,
0.159279415926,-0.316958780297,-1.628575192355,-2.104861325477,
0.162039514868,-0.316958780297,-1.625815093413,-2.104861325477,
0.164794886291,-0.316958780297,-1.623059721990,-2.104861325477,
0.167545503000,-0.316958780297,-1.620309105281,-2.104861325477,
0.170291337847,-0.316958780297,-1.617563270434,-2.104765451678,
0.173032363733,-0.316958780297,-1.614822244548,-2.104765451678,
0.175768553604,-0.316958780297,-1.612086054677,-2.104765451678,
0.178499880455,-0.316958780297,-1.609354727826,-2.104765451678,
0.181226317329,-0.316958780297,-1.606628290951,-2.104813388578,
0.183947837318,-0.316958780297,-1.603906770963,-2.104861325477,
0.186664413561,-0.316958780297,-1.601190194720,-2.104909262377,
0.189376019246,-0.316958780297,-1.598478589034,-2.104765451678,
0.192082627612,-0.316958780297,-1.595771980669,-2.104765451678,
0.194784211944,-0.316958780297,-1.593070396336,-2.104861325477,
0.197480745580,-0.316958780297,-1.590373862700,-2.104813388578,
0.200172201906,-0.316958780297,-1.587682406375,-2.104909262377,
0.202858554358,-0.316958780297,-1.584996053923,-2.104813388578,
0.205539776423,-0.316958780297,-1.582314831858,-2.104813388578,
0.208215841638,-0.317006717196,-1.579638766643,-2.104861325477,
0.210886723592,-0.316958780297,-1.576967884689,-2.104861325477,
0.213552395924,-0.316958780297,-1.574302212357,-2.104765451678,
0.216212832325,-0.316958780297,-1.571641775956,-2.104861325477,
0.218868006538,-0.316958780297,-1.568986601743,-2.104861325477,
0.221517892356,-0.316958780297,-1.566336715924,-2.104909262377,
0.224162463628,-0.316958780297,-1.563692144653,-2.104813388578,
0.226801694252,-0.316958780297,-1.561052914029,-2.104765451678,
0.229435558179,-0.316958780297,-1.558419050102,-2.104861325477,
0.232064029415,-0.316958780297,-1.555790578866,-2.104813388578,
0.234687082018,-0.316958780297,-1.553167526263,-2.104909262377,
0.237304690099,-0.316958780297,-1.550549918182,-2.104861325477,
0.239916827823,-0.316958780297,-1.547937780458,-2.104909262377,
0.242523469410,-0.316958780297,-1.545331138870,-2.104909262377,
0.245124589134,-0.316958780297,-1.542730019147,-2.104765451678,
0.247720161322,-0.316958780297,-1.540134446959,-2.104765451678,
0.250310160356,-0.316958780297,-1.537544447924,-2.104813388578,
0.252894560676,-0.316958780297,-1.534960047605,-2.104765451678,
0.255473336773,-0.316958780297,-1.532381271508,-2.104861325477,
0.258046463197,-0.316958780297,-1.529808145084,-2.104813388578,
0.260613914551,-0.316958780297,-1.527240693730,-2.104765451678,
0.263175665496,-0.316958780297,-1.524678942785,-2.104813388578,
0.265731690748,-0.316958780297,-1.522122917532,-2.104861325477,
0.268281965081,-0.316958780297,-1.519572643199,-2.104909262377,
0.270826463325,-0.316958780297,-1.517028144956,-2.104909262377,
0.273365160365,-0.316958780297,-1.514489447916,-2.104861325477,
0.275898031147,-0.316958780297,-1.511956577134,-2.104861325477,
0.278425050671,-0.316958780297,-1.509429557610,-2.104813388578,
0.280946193998,-0.316958780297,-1.506908414283,-2.104909262377,
0.283461436244,-0.316958780297,-1.504393172037,-2.104813388578,
0.285970752585,-0.316958780297,-1.501883855696,-2.104861325477,
0.288474118255,-0.316958780297,-1.499380490026,-2.104765451678,
0.290971508547,-0.316958780297,-1.496883099733,-2.104765451678,
0.293462898813,-0.316958780297,-1.494391709467,-2.104765451678,
0.295948264464,-0.316958780297,-1.491906343817,-2.104909262377,
0.298427580969,-0.316958780297,-1.489427027311,-2.104813388578,
0.300900823860,-0.316958780297,-1.486953784420,-2.104813388578,
0.303367968727,-0.316958780297,-1.484486639554,-2.104909262377,
0.305828991219,-0.316958780297,-1.482025617062,-2.104909262377,
0.308283867047,-0.316958780297,-1.479570741234,-2.104861325477,
0.310732571983,-0.316958780297,-1.477122036298,-2.104765451678,
0.313175081859,-0.316958780297,-1.474679526422,-2.104813388578,
0.315611372568,-0.316958780297,-1.472243235713,-2.104861325477,
0.318041420066,-0.316958780297,-1.469813188215,-2.104765451678,
0.320465200368,-0.316958780297,-1.467389407913,-2.104909262377,
0.322882689553,-0.316958780297,-1.464971918728,-2.104861325477,
0.325293863761,-0.316958780297,-1.462560744520,-2.104861325477,
0.327698699195,-0.316958780297,-1.460155909086,-2.104861325477,
0.330097172120,-0.316958780297,-1.457757436161,-2.104861325477,
0.332489258865,-0.316958780297,-1.455365349416,-2.104813388578,
0.334874935819,-0.316958780297,-1.452979672461,-2.104813388578,
0.337254179439,-0.316958780297,-1.450600428842,-2.104861325477,
0.339626966240,-0.316958780297,-1.448227642040,-2.104813388578,
0.341993272806,-0.316958780297,-1.445861335475,-2.104765451678,
0.344353075781,-0.316958780297,-1.443501532500,-2.104813388578,
0.346706351876,-0.316958780297,-1.441148256405,-2.104909262377,
0.349053077863,-0.316958780297,-1.438801530418,-2.104813388578,
0.351393230583,-0.316958780297,-1.436461377698,-2.104813388578,
0.353726786938,-0.316958780297,-1.434127821342,-2.104813388578,
0.356053723898,-0.316958780297,-1.431800884382,-2.104813388578,
0.358374018497,-0.316958780297,-1.429480589784,-2.104909262377,
0.360687647833,-0.316958780297,-1.427166960447,-2.104813388578,
0.362994589073,-0.316958780297,-1.424860019207,-2.104765451678,
0.365294819448,-0.316958780297,-1.422559788832,-2.104813388578,
0.367588316256,-0.316958780297,-1.420266292025,-2.104909262377,
0.369875056861,-0.316958780297,-1.417979551420,-2.104861325477,
0.372155018693,-0.316958780297,-1.415699589588,-2.104861325477,
0.374428179250,-0.316958780297,-1.413426429031,-2.104861325477,
0.376694516097,-0.316958780297,-1.411160092183,-2.104861325477,
0.378954006867,-0.316958780297,-1.408900601414,-2.104813388578,
0.381206629258,-0.316958780297,-1.406647979022,-2.104813388578,
0.383452361039,-0.316958780297,-1.404402247241,-2.104861325477,
0.385691180045,-0.316958780297,-1.402163428235,-2.104861325477,
0.387923064180,-0.316958780297,-1.399931544100,-2.104861325477,
0.390147991416,-0.316958780297,-1.397706616864,-2.104861325477,
0.392365939794,-0.316958780297,-1.395488668487,-2.104765451678,
0.394576887423,-0.316958780297,-1.393277720857,-2.104765451678,
0.396780812483,-0.316958780297,-1.391073795797,-2.104765451678,
0.398977693222,-0.316958780297,-1.388876915059,-2.104813388578,
0.401167507956,-0.316958780297,-1.386687100324,-2.104861325477,
0.403350235075,-0.316958780297,-1.384504373206,-2.104861325477,
0.405525853034,-0.316958780297,-1.382328755246,-2.104861325477,
0.407694340362,-0.316958780297,-1.380160267918,-2.104813388578,
0.409855675657,-0.316958780297,-1.377998932624,-2.104765451678,
0.412009837587,-0.316958780297,-1.375844770694,-2.104861325477,
0.414156804890,-0.316958780297,-1.373697803390,-2.104813388578,
0.416296556379,-0.316958780297,-1.371558051902,-2.104765451678,
0.418429070933,-0.316958780297,-1.369425537347,-2.104813388578,
0.420554327507,-0.316958780297,-1.367300280774,-2.104909262377,
0.422672305124,-0.316958780297,-1.365182303157,-2.104909262377,
0.424782982881,-0.316958780297,-1.363071625399,-2.104765451678,
0.426886339947,-0.316958780297,-1.360968268334,-2.104861325477,
0.428982355562,-0.316958780297,-1.358872252719,-2.104813388578,
0.431071009039,-0.316958780297,-1.356783599241,-2.104813388578,
0.433152279765,-0.316958780297,-1.354702328516,-2.104765451678,
0.435226147197,-0.316958780297,-1.352628461083,-2.104909262377,
0.437292590869,-0.316958780297,-1.350562017412,-2.104861325477,
0.439351590383,-0.316958780297,-1.348503017897,-2.104909262377,
0.441403125421,-0.316958780297,-1.346451482860,-2.104909262377,
0.443447175732,-0.316958780297,-1.344407432549,-2.104813388578,
0.445483721144,-0.316958780297,-1.342370887137,-2.104813388578,
0.447512741557,-0.316958780297,-1.340341866724,-2.104909262377,
0.449534216944,-0.316958780297,-1.338320391336,-2.104909262377,
0.451548127356,-0.316958780297,-1.336306480925,-2.104813388578,
0.453554452914,-0.316958780297,-1.334300155366,-2.104813388578,
0.455553173819,-0.316958780297,-1.332301434462,-2.104765451678,
0.457544270342,-0.316958780297,-1.330310337938,-2.104909262377,
0.459527722834,-0.316958780297,-1.328326885447,-2.104909262377,
0.461503511717,-0.316958780297,-1.326351096564,-2.104813388578,
0.463471617492,-0.316958780297,-1.324382990789,-2.104765451678,
0.465432020734,-0.316958780297,-1.322422587546,-2.104813388578,
0.467384702096,-0.316958780297,-1.320469906185,-2.104813388578,
0.469329642304,-0.316958780297,-1.318524965977,-2.104909262377,
0.471266822163,-0.316958780297,-1.316587786118,-2.104861325477,
0.473196222554,-0.316958780297,-1.314658385727,-2.104765451678,
0.475117824434,-0.316958780297,-1.312736783847,-2.104909262377,
0.477031608838,-0.316958780297,-1.310822999443,-2.104909262377,
0.478937556878,-0.316958780297,-1.308917051403,-2.104909262377,
0.480835649742,-0.316958780297,-1.307018958538,-2.104909262377,
0.482725868698,-0.316958780297,-1.305128739583,-2.104813388578,
0.484608195090,-0.316958780297,-1.303246413191,-2.104909262377,
0.486482610339,-0.316958780297,-1.301371997942,-2.104765451678,
0.488349095946,-0.316958780297,-1.299505512334,-2.104909262377,
0.490207633491,-0.316958780297,-1.297646974790,-2.104861325477,
0.492058204628,-0.316958780297,-1.295796403652,-2.104861325477,
0.493900791095,-0.316958780297,-1.293953817185,-2.104765451678,
0.495735374706,-0.316958780297,-1.292119233575,-2.104909262377,
0.497561937354,-0.316958780297,-1.290292670927,-2.104909262377,
0.499380461011,-0.316958780297,-1.288474147270,-2.104813388578,
0.501190927730,-0.316958780297,-1.286663680551,-2.104861325477,
0.502993319642,-0.316958780297,-1.284861288639,-2.104765451678,
0.504787618957,-0.316958780297,-1.283066989323,-2.104813388578,
0.506573807968,-0.316958780297,-1.281280800312,-2.104813388578,
0.508351869045,-0.316958780297,-1.279502739235,-2.104765451678,
0.510121784640,-0.316958780297,-1.277732823641,-2.104909262377,
0.511883537283,-0.316958780297,-1.275971070997,-2.104765451678,
0.513637109588,-0.316958780297,-1.274217498693,-2.104909262377,
0.515382484247,-0.316958780297,-1.272472124034,-2.104861325477,
0.517119644034,-0.316958780297,-1.270734964247,-2.104909262377,
0.518848571803,-0.316958780297,-1.269006036477,-2.104765451678,
0.520569250492,-0.316958780297,-1.267285357788,-2.104861325477,
0.522281663118,-0.316958780297,-1.265572945163,-2.104861325477,
0.523985792780,-0.316958780297,-1.263868815501,-2.104861325477,
0.525681622658,-0.316958780297,-1.262172985622,-2.104861325477,
0.527369136016,-0.316958780297,-1.260485472264,-2.104909262377,
0.529048316199,-0.316958780297,-1.258806292082,-2.104861325477,
0.530719146634,-0.316958780297,-1.257135461647,-2.104909262377,
0.532381610830,-0.316958780297,-1.255472997451,-2.104765451678,
0.534035692379,-0.316958780297,-1.253818915902,-2.104765451678,
0.535681374957,-0.316958780297,-1.252173233324,-2.104861325477,
0.537318642321,-0.316958780297,-1.250535965960,-2.104765451678,
0.538947478312,-0.316958780297,-1.248907129969,-2.104813388578,
0.540567866854,-0.316958780297,-1.247286741426,-2.104861325477,
0.542179791955,-0.316958780297,-1.245674816326,-2.104765451678,
0.543783237705,-0.316958780297,-1.244071370576,-2.104861325477,
0.545378188279,-0.316958780297,-1.242476420002,-2.104861325477,
0.546964627936,-0.316958780297,-1.240889980345,-2.104813388578,
0.548542541017,-0.316958780297,-1.239312067263,-2.104861325477,
0.550111911951,-0.316958780297,-1.237742696330,-2.104909262377,
0.551672725247,-0.316958780297,-1.236181883034,-2.104765451678,
0.553224965501,-0.316958780297,-1.234629642780,-2.104765451678,
0.554768617393,-0.316958780297,-1.233085990888,-2.104909262377,
0.556303665687,-0.316958780297,-1.231550942593,-2.104813388578,
0.557830095235,-0.316958780297,-1.230024513046,-2.104909262377,
0.559347890969,-0.316958780297,-1.228506717312,-2.104813388578,
0.560857037911,-0.316958780297,-1.226997570370,-2.104861325477,
0.562357521165,-0.316958780297,-1.225497087115,-2.104813388578,
0.563849325923,-0.316958780297,-1.224005282358,-2.104765451678,
0.565332437461,-0.316958780297,-1.222522170820,-2.104765451678,
0.566806841141,-0.316958780297,-1.221047767140,-2.104813388578,
0.568272522411,-0.316958780297,-1.219582085870,-2.104861325477,
0.569729466806,-0.316958780297,-1.218125141475,-2.104861325477,
0.571177659946,-0.316958780297,-1.216676948335,-2.104813388578,
0.572617087538,-0.316958780297,-1.215237520742,-2.104813388578,
0.574047735376,-0.316958780297,-1.213806872904,-2.104861325477,
0.575469589340,-0.316958780297,-1.212385018941,-2.104765451678,
0.576882635396,-0.316958780297,-1.210971972884,-2.104765451678,
0.578286859599,-0.316958780297,-1.209567748682,-2.104909262377,
0.579682248089,-0.316958780297,-1.208172360192,-2.104861325477,
0.581068787094,-0.316958780297,-1.206785821187,-2.104861325477,
0.582446462930,-0.316958780297,-1.205408145351,-2.104813388578,
0.583815262000,-0.316958780297,-1.204039346281,-2.104861325477,
0.585175170794,-0.316958780297,-1.202679437487,-2.104861325477,
0.586526175890,-0.316958780297,-1.201328432391,-2.104861325477,
0.587868263955,-0.316958780297,-1.199986344326,-2.104909262377,
0.589201421742,-0.316958780297,-1.198653186538,-2.104861325477,
0.590525636095,-0.316958780297,-1.197328972186,-2.104909262377,
0.591840893943,-0.316958780297,-1.196013714338,-2.104813388578,
0.593147182305,-0.316958780297,-1.194707425976,-2.104861325477,
0.594444488289,-0.316958780297,-1.193410119991,-2.104909262377,
0.595732799091,-0.316958780297,-1.192121809189,-2.104765451678,
0.597012101997,-0.316958780297,-1.190842506284,-2.104861325477,
0.598282384378,-0.316958780297,-1.189572223902,-2.104861325477,
0.599543633700,-0.316958780297,-1.188310974581,-2.104861325477,
0.600795837512,-0.317006717196,-1.187058770768,-2.104765451678,
0.602038983458,-0.316958780297,-1.185815624823,-2.104861325477,
0.603273059267,-0.316958780297,-1.184581549014,-2.104813388578,
0.604498052759,-0.316958780297,-1.183356555521,-2.104909262377,
0.605713951845,-0.316958780297,-1.182140656436,-2.104861325477,
0.606920744524,-0.316958780297,-1.180933863757,-2.104909262377,
0.608118418885,-0.316958780297,-1.179736189396,-2.104909262377,
0.609306963108,-0.316958780297,-1.178547645173,-2.104909262377,
0.610486365463,-0.316958780297,-1.177368242818,-2.104861325477,
0.611656614308,-0.316958780297,-1.176197993973,-2.104909262377,
0.612817698095,-0.316958780297,-1.175036910186,-2.104765451678,
0.613969605363,-0.316958780297,-1.173885002917,-2.104765451678,
0.615112324745,-0.316958780297,-1.172742283536,-2.104765451678,
0.616245844961,-0.316958780297,-1.171608763319,-2.104909262377,
0.617370154825,-0.316958780297,-1.170484453455,-2.104861325477,
0.618485243240,-0.316958780297,-1.169369365041,-2.104765451678,
0.619591099200,-0.316958780297,-1.168263509080,-2.104813388578,
0.620687711792,-0.316958780297,-1.167166896489,-2.104765451678,
0.621775070191,-0.316958780297,-1.166079538090,-2.104861325477,
0.622853163666,-0.316958780297,-1.165001444614,-2.104909262377,
0.623921981578,-0.316958780297,-1.163932626703,-2.104861325477,
0.624981513376,-0.316958780297,-1.162873094905,-2.104909262377,
0.626031748604,-0.316958780297,-1.161822859676,-2.104765451678,
0.627072676897,-0.316958780297,-1.160781931384,-2.104765451678,
0.628104287981,-0.316958780297,-1.159750320300,-2.104861325477,
0.629126571674,-0.316958780297,-1.158728036607,-2.104765451678,
0.630139517887,-0.316958780297,-1.157715090394,-2.104765451678,
0.631143116622,-0.316958780297,-1.156711491658,-2.104861325477,
0.632137357975,-0.316958780297,-1.155717250306,-2.104861325477,
0.633122232133,-0.316958780297,-1.154732376148,-2.104909262377,
0.634097729374,-0.316958780297,-1.153756878907,-2.104861325477,
0.635063840072,-0.316958780297,-1.152790768208,-2.104861325477,
0.636020554692,-0.316958780297,-1.151834053589,-2.104813388578,
0.636967863791,-0.316958780297,-1.150886744490,-2.104765451678,
0.637905758019,-0.316958780297,-1.149948850262,-2.104909262377,
0.638834228120,-0.316958780297,-1.149020380161,-2.104765451678,
0.639753264930,-0.316958780297,-1.148101343351,-2.104813388578,
0.640662859379,-0.316958780297,-1.147191748902,-2.104861325477,
0.641563002489,-0.316958780297,-1.146291605792,-2.104813388578,
0.642453685376,-0.316958780297,-1.145400922905,-2.104909262377,
0.643334899250,-0.316958780297,-1.144519709031,-2.104765451678,
0.644206635414,-0.316958780297,-1.143647972867,-2.104765451678,
0.645068885263,-0.316958780297,-1.142785723018,-2.104861325477,
0.645921640288,-0.316958780297,-1.141932967993,-2.104765451678,
0.646764892072,-0.316958780297,-1.141089716209,-2.104813388578,
0.647598632292,-0.316958780297,-1.140255975988,-2.104861325477,
0.648422852721,-0.316958780297,-1.139431755559,-2.104813388578,
0.649237545224,-0.316958780297,-1.138617063057,-2.104765451678,
0.650042701759,-0.316958780297,-1.137811906522,-2.104909262377,
0.650838314380,-0.316958780297,-1.137016293901,-2.104813388578,
0.651624375234,-0.316958780297,-1.136230233046,-2.104765451678,
0.652400876565,-0.316958780297,-1.135453731716,-2.104909262377,
0.653167810707,-0.316958780297,-1.134686797574,-2.104861325477,
0.653925170092,-0.316958780297,-1.133929438189,-2.104861325477,
0.654672947244,-0.316958780297,-1.133181661037,-2.104861325477,
0.655411134784,-0.316958780297,-1.132443473497,-2.104765451678,
0.656139725426,-0.316958780297,-1.131714882855,-2.104813388578,
0.656858711978,-0.316958780297,-1.130995896302,-2.104861325477,
0.657568087346,-0.316958780297,-1.130286520935,-2.104765451678,
0.658267844527,-0.316958780297,-1.129586763754,-2.104861325477,
0.658957976615,-0.316958780297,-1.128896631666,-2.104813388578,
0.659638476799,-0.316958780297,-1.128216131481,-2.104813388578,
0.660309338363,-0.316958780297,-1.127545269918,-2.104861325477,
0.660970554686,-0.316958780297,-1.126884053595,-2.104765451678,
0.661622119241,-0.316958780297,-1.126232489040,-2.104765451678,
0.662264025598,-0.316958780297,-1.125590582683,-2.104813388578,
0.662896267421,-0.316958780297,-1.124958340860,-2.104909262377,
0.663518838471,-0.316958780297,-1.124335769809,-2.104861325477,
0.664131732603,-0.316958780297,-1.123722875677,-2.104861325477,
0.664734943769,-0.316958780297,-1.123119664512,-2.104909262377,
0.665328466013,-0.316958780297,-1.122526142267,-2.104813388578,
0.665912293480,-0.316958780297,-1.121942314801,-2.104765451678,
0.666486420406,-0.316958780297,-1.121368187874,-2.104861325477,
0.667050841126,-0.316958780297,-1.120803767155,-2.104909262377,
0.667605550068,-0.316958780297,-1.120249058213,-2.104765451678,
0.668150541758,-0.316958780297,-1.119704066523,-2.104861325477,
0.668685810817,-0.316958780297,-1.119168797464,-2.104909262377,
0.669211351962,-0.316958780297,-1.118643256319,-2.104909262377,
0.669727160006,-0.316958780297,-1.118127448274,-2.104909262377,
0.670233229859,-0.316958780297,-1.117621378422,-2.104909262377,
0.670729556526,-0.316958780297,-1.117125051755,-2.104861325477,
0.671216135108,-0.316958780297,-1.116638473173,-2.104861325477,
0.671692960802,-0.316958780297,-1.116161647479,-2.104909262377,
0.672160028904,-0.316958780297,-1.115694579377,-2.104861325477,
0.672617334802,-0.316958780297,-1.115237273479,-2.104765451678,
0.673064873984,-0.316958780297,-1.114789734297,-2.104861325477,
0.673502642033,-0.316958780297,-1.114351966248,-2.104813388578,
0.673930634627,-0.316958780297,-1.113923973654,-2.104861325477,
0.674348847544,-0.316958780297,-1.113505760737,-2.104765451678,
0.674757276654,-0.316958780297,-1.113097331627,-2.104861325477,
0.675155917928,-0.316958780297,-1.112698690353,-2.104861325477,
0.675544767431,-0.316958780297,-1.112309840850,-2.104765451678,
0.675923821324,-0.316958780297,-1.111930786956,-2.104909262377,
0.676293075868,-0.316958780297,-1.111561532413,-2.104813388578,
0.676652527417,-0.316958780297,-1.111202080864,-2.104813388578,
0.677002172424,-0.316958780297,-1.110852435857,-2.104861325477,
0.677342007438,-0.316958780297,-1.110512600843,-2.104909262377,
0.677672029105,-0.316958780297,-1.110182579176,-2.104861325477,
0.677992234167,-0.316958780297,-1.109862374113,-2.104765451678,
0.678302619466,-0.316958780297,-1.109551988815,-2.104765451678,
0.678603181936,-0.316958780297,-1.109251426345,-2.104861325477,
0.678893918612,-0.316958780297,-1.108960689669,-2.104861325477,
0.679174826624,-0.316958780297,-1.108679781657,-2.104861325477,
0.679445903200,-0.316958780297,-1.108408705081,-2.104861325477,
0.679707145665,-0.316958780297,-1.108147462616,-2.104813388578,
0.679958551439,-0.316958780297,-1.107896056842,-2.104813388578,
0.680200118042,-0.316958780297,-1.107654490238,-2.104861325477,
0.680431843090,-0.316958780297,-1.107422765191,-2.104861325477,
0.680653724295,-0.316958780297,-1.107200883985,-2.104909262377,
0.680865759468,-0.316958780297,-1.106988848812,-2.104861325477,
0.681067946516,-0.316958780297,-1.106786661764,-2.104765451678,
0.681260283444,-0.316958780297,-1.106594324837,-2.104813388578,
0.681442768352,-0.316958780297,-1.106411839929,-2.104813388578,
0.681615399441,-0.316958780297,-1.106239208840,-2.104765451678,
0.681778175006,-0.317054654096,-1.106076433275,-2.104765451678,
0.681931093441,-0.316958780297,-1.105923514840,-2.104765451678,
0.682074153236,-0.316958780297,-1.105780455045,-2.104861325477,
0.682207352980,-0.316958780297,-1.105647255301,-2.104861325477,
0.682330691358,-0.316958780297,-1.105523916923,-2.104861325477,
0.682444167153,-0.316958780297,-1.105410441128,-2.104861325477,
0.682547779244,-0.316958780297,-1.105306829037,-2.104861325477,
0.682641526610,-0.316958780297,-1.105213081671,-2.104813388578,
0.682725408324,-0.316958780297,-1.105129199957,-2.104861325477,
0.682799423559,-0.316958780297,-1.105055184722,-2.104765451678,
0.682863571585,-0.316958780297,-1.104991036696,-2.104813388578,
0.682917851768,-0.316958780297,-1.104936756513,-2.104765451678,
0.682962263573,-0.316958780297,-1.104892344708,-2.104861325477,
0.682996806561,-0.316958780297,-1.104857801720,-2.104765451678,
0.683021480392,-0.316958780297,-1.104833127889,-2.104909262377,
0.683036284821,-0.316958780297,-1.104818323460,-2.104909262377,
0.683041219703,-0.316958780297,-1.104813388578,-2.104909262377,
0.683036284989,-0.316958780297,-1.104818323291,-2.104909262377,
0.683021480728,-0.316958780297,-1.104833127552,-2.104909262377,
0.682996807066,-0.316958780297,-1.104857801215,-2.104765451678,
0.682962264246,-0.316958780297,-1.104892344034,-2.104765451678,
0.682917852610,-0.316958780297,-1.104936755671,-2.104909262377,
0.682863572595,-0.316958780297,-1.104991035686,-2.104813388578,
0.682799424738,-0.316958780297,-1.105055183543,-2.104765451678,
0.682725409671,-0.316958780297,-1.105129198610,-2.104813388578,
0.682641528125,-0.316958780297,-1.105213080156,-2.104861325477,
0.682547780927,-0.316958780297,-1.105306827353,-2.104765451678,
0.682444169004,-0.316958780297,-1.105410439276,-2.104861325477,
0.682330693378,-0.316958780297,-1.105523914903,-2.104813388578,
0.682207355168,-0.316958780297,-1.105647253113,-2.104765451678,
0.682074155592,-0.316958780297,-1.105780452688,-2.104909262377,
0.681931095965,-0.316958780297,-1.105923512316,-2.104861325477,
0.681778177699,-0.316958780297,-1.106076430582,-2.104861325477,
0.681615402302,-0.316958780297,-1.106239205979,-2.104765451678,
0.681442771381,-0.316958780297,-1.106411836900,-2.104909262377,
0.681260286641,-0.316958780297,-1.106594321640,-2.104861325477,
0.681067949881,-0.316958780297,-1.106786658400,-2.104861325477,
0.680865763001,-0.316958780297,-1.106988845279,-2.104861325477,
0.680653727996,-0.316958780297,-1.107200880284,-2.104909262377,
0.680431846959,-0.316958780297,-1.107422761322,-2.104909262377,
0.680200122079,-0.316958780297,-1.107654486202,-2.104765451678,
0.679958555644,-0.316958780297,-1.107896052637,-2.104765451678,
0.679707150037,-0.316958780297,-1.108147458244,-2.104909262377,
0.679445907740,-0.316958780297,-1.108408700540,-2.104861325477,
0.679174831332,-0.316958780297,-1.108679776949,-2.104861325477,
0.678893923488,-0.316958780297,-1.108960684793,-2.104813388578,
0.678603186979,-0.316958780297,-1.109251421302,-2.104765451678,
0.678302624676,-0.316958780297,-1.109551983604,-2.104861325477,
0.677992239546,-0.316958780297,-1.109862368735,-2.104765451678,
0.677672034650,-0.316958780297,-1.110182573630,-2.104861325477,
0.677342013151,-0.316958780297,-1.110512595130,-2.104861325477,
0.677002178304,-0.316958780297,-1.110852429976,-2.104765451678,
0.676652533465,-0.316958780297,-1.111202074816,-2.104813388578,
0.676293082083,-0.316958780297,-1.111561526198,-2.104861325477,
0.675923827707,-0.316958780297,-1.111930780574,-2.104861325477,
0.675544773980,-0.316958780297,-1.112309834301,-2.104861325477,
0.675155924645,-0.316958780297,-1.112698683636,-2.104909262377,
0.674757283538,-0.316958780297,-1.113097324743,-2.104813388578,
0.674348854594,-0.316958780297,-1.113505753687,-2.104765451678,
0.673930641844,-0.316958780297,-1.113923966436,-2.104861325477,
0.673502649417,-0.316958780297,-1.114351958864,-2.104861325477,
0.673064881535,-0.316958780297,-1.114789726746,-2.104813388578,
0.672617342520,-0.316958780297,-1.115237265761,-2.104909262377,
0.672160036788,-0.316958780297,-1.115694571493,-2.104861325477,
0.671692968853,-0.316958780297,-1.116161639428,-2.104765451678,
0.671216143325,-0.316958780297,-1.116638464956,-2.104813388578,
0.670729564909,-0.316958780297,-1.117125043372,-2.104861325477,
0.670233238409,-0.316958780297,-1.117621369872,-2.104909262377,
0.669727168722,-0.316958780297,-1.118127439559,-2.104765451678,
0.669211360844,-0.316958780297,-1.118643247437,-2.104861325477,
0.668685819865,-0.317006717196,-1.119168788416,-2.104909262377,
0.668150550971,-0.316910843397,-1.119704057309,-2.104765451678,
0.667605559447,-0.316958780297,-1.120249048833,-2.104909262377,
0.667050850671,-0.316958780297,-1.120803757610,-2.104765451678,
0.666486430117,-0.316958780297,-1.121368178164,-2.104861325477,
0.665912303356,-0.316958780297,-1.121942304924,-2.104813388578,
0.665328476055,-0.316958780297,-1.122526132226,-2.104909262377,
0.664734953976,-0.316958780297,-1.123119654305,-2.104861325477,
0.664131742976,-0.316958780297,-1.123722865305,-2.104909262377,
0.663518849009,-0.316958780297,-1.124335759272,-2.104765451678,
0.662896278124,-0.316958780297,-1.124958330157,-2.104813388578,
0.662264036465,-0.316958780297,-1.125590571816,-2.104813388578,
0.661622130273,-0.316958780297,-1.126232478008,-2.104909262377,
0.660970565882,-0.316958780297,-1.126884042398,-2.104813388578,
0.660309349725,-0.316958780297,-1.127545258556,-2.104861325477,
0.659638488325,-0.316958780297,-1.128216119956,-2.104765451678,
0.658957988305,-0.316958780297,-1.128896619975,-2.104813388578,
0.658267856381,-0.316958780297,-1.129586751899,-2.104861325477,
0.657568099364,-0.316958780297,-1.130286508916,-2.104765451678,
0.656858724161,-0.316958780297,-1.130995884120,-2.104765451678,
0.656139737772,-0.316958780297,-1.131714870509,-2.104909262377,
0.655411147294,-0.316958780297,-1.132443460986,-2.104813388578,
0.654672959918,-0.316958780297,-1.133181648363,-2.104861325477,
0.653925182929,-0.316958780297,-1.133929425352,-2.104765451678,
0.653167823708,-0.316958780297,-1.134686784573,-2.104813388578,
0.652400889729,-0.316958780297,-1.135453718552,-2.104861325477,
0.651624388562,-0.316958780297,-1.136230219719,-2.104909262377,
0.650838327870,-0.316958780297,-1.137016280411,-2.104861325477,
0.650042715412,-0.316958780297,-1.137811892869,-2.104861325477,
0.649237559039,-0.316958780297,-1.138617049241,-2.104861325477,
0.648422866700,-0.316958780297,-1.139431741581,-2.104765451678,
0.647598646433,-0.316958780297,-1.140255961847,-2.104765451678,
0.646764906375,-0.316958780297,-1.141089701906,-2.104813388578,
0.645921654753,-0.316958780297,-1.141932953528,-2.104765451678,
0.645068899890,-0.316958780297,-1.142785708391,-2.104765451678,
0.644206650203,-0.316958780297,-1.143647958078,-2.104813388578,
0.643334914201,-0.316958780297,-1.144519694080,-2.104909262377,
0.642453700489,-0.316958780297,-1.145400907792,-2.104909262377,
0.641563017763,-0.316958780297,-1.146291590518,-2.104909262377,
0.640662874814,-0.316958780297,-1.147191733467,-2.104813388578,
0.639753280526,-0.316958780297,-1.148101327754,-2.104861325477,
0.638834243877,-0.316958780297,-1.149020364404,-2.104861325477,
0.637905773937,-0.316958780297,-1.149948834344,-2.104813388578,
0.636967879870,-0.316958780297,-1.150886728411,-2.104909262377,
0.636020570932,-0.316958780297,-1.151834037349,-2.104909262377,
0.635063856472,-0.316958780297,-1.152790751808,-2.104861325477,
0.634097745934,-0.316958780297,-1.153756862346,-2.104765451678,
0.633122248853,-0.316958780297,-1.154732359428,-2.104861325477,
0.632137374855,-0.316958780297,-1.155717233425,-2.104813388578,
0.631143133662,-0.316958780297,-1.156711474619,-2.104813388578,
0.630139535086,-0.316958780297,-1.157715073194,-2.104813388578,
0.629126589033,-0.316958780297,-1.158728019248,-2.104765451678,
0.628104305499,-0.316958780297,-1.159750302782,-2.104765451678,
0.627072694574,-0.316958780297,-1.160781913707,-2.104909262377,
0.626031766440,-0.316958780297,-1.161822841841,-2.104861325477,
0.624981531371,-0.316958780297,-1.162873076910,-2.104765451678,
0.623921999731,-0.316958780297,-1.163932608550,-2.104861325477,
0.622853181978,-0.316958780297,-1.165001426303,-2.104861325477,
0.621775088660,-0.316958780297,-1.166079519620,-2.104765451678,
0.620687730419,-0.316958780297,-1.167166877862,-2.104765451678,
0.619591117985,-0.316958780297,-1.168263490295,-2.104765451678,
0.618485262183,-0.316958780297,-1.169369346098,-2.104861325477,
0.617370173925,-0.316958780297,-1.170484434355,-2.104765451678,
0.616245864219,-0.316958780297,-1.171608744062,-2.104813388578,
0.615112344159,-0.316958780297,-1.172742264121,-2.104765451678,
0.613969624935,-0.316958780297,-1.173884983346,-2.104813388578,
0.612817717823,-0.316958780297,-1.175036890458,-2.104861325477,
0.611656634192,-0.316958780297,-1.176197974089,-2.104909262377,
0.610486385503,-0.316958780297,-1.177368222778,-2.104813388578,
0.609306983305,-0.317006717196,-1.178547624976,-2.104861325477,
0.608118439237,-0.316958780297,-1.179736169043,-2.104909262377,
0.606920765032,-0.316958780297,-1.180933843249,-2.104765451678,
0.605713972509,-0.316958780297,-1.182140635772,-2.104813388578,
0.604498073578,-0.316958780297,-1.183356534703,-2.104909262377,
0.603273080240,-0.316958780297,-1.184581528040,-2.104765451678,
0.602039004586,-0.317006717196,-1.185815603694,-2.104909262377,
0.600795858795,-0.316958780297,-1.187058749485,-2.104861325477,
0.599543655137,-0.316958780297,-1.188310953144,-2.104909262377,
0.598282405970,-0.316958780297,-1.189572202311,-2.104813388578,
0.597012123742,-0.316958780297,-1.190842484539,-2.104909262377,
0.595732820991,-0.316958780297,-1.192121787290,-2.104765451678,
0.594444510342,-0.316958780297,-1.193410097938,-2.104813388578,
0.593147204511,-0.316958780297,-1.194707403769,-2.104765451678,
0.591840916302,-0.316958780297,-1.196013691979,-2.104909262377,
0.590525658607,-0.316958780297,-1.197328949674,-2.104909262377,
0.589201444407,-0.316958780297,-1.198653163873,-2.104909262377,
0.587868286772,-0.316958780297,-1.199986321508,-2.104813388578,
0.586526198860,-0.316958780297,-1.201328409421,-2.104861325477,
0.585175193915,-0.316958780297,-1.202679414365,-2.104765451678,
0.583815285273,-0.316958780297,-1.204039323007,-2.104909262377,
0.582446486355,-0.316958780297,-1.205408121926,-2.104861325477,
0.581068810670,-0.316958780297,-1.206785797610,-2.104813388578,
0.579682271816,-0.316958780297,-1.208172336464,-2.104909262377,
0.578286883477,-0.316958780297,-1.209567724804,-2.104861325477,
0.576882659425,-0.316958780297,-1.210971948856,-2.104861325477,
0.575469613519,-0.316958780297,-1.212384994762,-2.104765451678,
0.574047759706,-0.316958780297,-1.213806848575,-2.104813388578,
0.572617112017,-0.316958780297,-1.215237496263,-2.104909262377,
0.571177684575,-0.316958780297,-1.216676923706,-2.104861325477,
0.569729491584,-0.316958780297,-1.218125116697,-2.104861325477,
0.568272547338,-0.316958780297,-1.219582060943,-2.104765451678,
0.566806866217,-0.316958780297,-1.221047742064,-2.104861325477,
0.565332462686,-0.316958780297,-1.222522145595,-2.104861325477,
0.563849351296,-0.316958780297,-1.224005256984,-2.104861325477,
0.562357546687,-0.316958780297,-1.225497061594,-2.104861325477,
0.560857063580,-0.316958780297,-1.226997544700,-2.104861325477,
0.559347916786,-0.316958780297,-1.228506691494,-2.104909262377,
0.557830121199,-0.316958780297,-1.230024487082,-2.104861325477,
0.556303691799,-0.316958780297,-1.231550916482,-2.104861325477,
0.554768643651,-0.317006717196,-1.233085964630,-2.104813388578,
0.553224991906,-0.316958780297,-1.234629616375,-2.104909262377,
0.551672751798,-0.316958780297,-1.236181856483,-2.104765451678,
0.550111938648,-0.316958780297,-1.237742669632,-2.104765451678,
0.548542567861,-0.316958780297,-1.239312040420,-2.104861325477,
0.546964654925,-0.316958780297,-1.240889953356,-2.104813388578,
0.545378215413,-0.316958780297,-1.242476392867,-2.104861325477,
0.543783264984,-0.316958780297,-1.244071343296,-2.104765451678,
0.542179819379,-0.316958780297,-1.245674788902,-2.104909262377,
0.540567894423,-0.316958780297,-1.247286713858,-2.104813388578,
0.538947506025,-0.316958780297,-1.248907102256,-2.104813388578,
0.537318670178,-0.316958780297,-1.250535938103,-2.104861325477,
0.535681402958,-0.316958780297,-1.252173205323,-2.104909262377,
0.534035720523,-0.316958780297,-1.253818887758,-2.104765451678,
0.532381639117,-0.316958780297,-1.255472969164,-2.104813388578,
0.530719175064,-0.316958780297,-1.257135433217,-2.104765451678,
0.529048344772,-0.316958780297,-1.258806263509,-2.104861325477,
0.527369164731,-0.316958780297,-1.260485443549,-2.104861325477,
0.525681651515,-0.316958780297,-1.262172956766,-2.104861325477,
0.523985821778,-0.316958780297,-1.263868786502,-2.104909262377,
0.522281692258,-0.316958780297,-1.265572916023,-2.104765451678,
0.520569279774,-0.316958780297,-1.267285328507,-2.104813388578,
0.518848601225,-0.316958780297,-1.269006007055,-2.104813388578,
0.517119673596,-0.316958780297,-1.270734934684,-2.104861325477,
0.515382513950,-0.316958780297,-1.272472094331,-2.104861325477,
0.513637139431,-0.316958780297,-1.274217468850,-2.104861325477,
0.511883567266,-0.316958780297,-1.275971041015,-2.104861325477,
0.510121814762,-0.316958780297,-1.277732793519,-2.104909262377,
0.508351899307,-0.316958780297,-1.279502708974,-2.104813388578,
0.506573838368,-0.316958780297,-1.281280769912,-2.104765451678,
0.504787649496,-0.316958780297,-1.283066958785,-2.104765451678,
0.502993350318,-0.316958780297,-1.284861257963,-2.104909262377,
0.501190958544,-0.316958780297,-1.286663649737,-2.104765451678,
0.499380491963,-0.316958780297,-1.288474116318,-2.104861325477,
0.497561968443,-0.316958780297,-1.290292639838,-2.104861325477,
0.495735405932,-0.316958780297,-1.292119202349,-2.104861325477,
0.493900822458,-0.316958780297,-1.293953785823,-2.104861325477,
0.492058236128,-0.316958780297,-1.295796372153,-2.104909262377,
0.490207665126,-0.316958780297,-1.297646943155,-2.104813388578,
0.488349127718,-0.316958780297,-1.299505480563,-2.104813388578,
0.486482642246,-0.316958780297,-1.301371966035,-2.104909262377,
0.484608227131,-0.316958780297,-1.303246381149,-2.104861325477,
0.482725900875,-0.316958780297,-1.305128707406,-2.104861325477,
0.480835682053,-0.316958780297,-1.307018926228,-2.104861325477,
0.478937589323,-0.316958780297,-1.308917018958,-2.104861325477,
0.477031641417,-0.316958780297,-1.310822966864,-2.104813388578,
0.475117857146,-0.316958780297,-1.312736751135,-2.104765451678,
0.473196255399,-0.316958780297,-1.314658352882,-2.104765451678,
0.471266855141,-0.316958780297,-1.316587753139,-2.104765451678,
0.469329675415,-0.316958780297,-1.318524932866,-2.104861325477,
0.467384735339,-0.316958780297,-1.320469872942,-2.104861325477,
0.465432054110,-0.316958780297,-1.322422554171,-2.104861325477,
0.463471650999,-0.316958780297,-1.324382957282,-2.104861325477,
0.461503545355,-0.316958780297,-1.326351062926,-2.104813388578,
0.459527756602,-0.316958780297,-1.328326851678,-2.104861325477,
0.457544304242,-0.316958780297,-1.330310304039,-2.104861325477,
0.455553207848,-0.316958780297,-1.332301400432,-2.104765451678,
0.453554487074,-0.316958780297,-1.334300121207,-2.104813388578,
0.451548161645,-0.316958780297,-1.336306446636,-2.104861325477,
0.449534251362,-0.316958780297,-1.338320356918,-2.104765451678,
0.447512776104,-0.316958780297,-1.340341832177,-2.104909262377,
0.445483755820,-0.316958780297,-1.342370852461,-2.104765451678,
0.443447210536,-0.316958780297,-1.344407397745,-2.104909262377,
0.441403160352,-0.316958780297,-1.346451447928,-2.104765451678,
0.439351625443,-0.316958780297,-1.348502982838,-2.104765451678,
0.437292626055,-0.316958780297,-1.350561982226,-2.104861325477,
0.435226182511,-0.316958780297,-1.352628425770,-2.104765451678,
0.433152315204,-0.316958780297,-1.354702293076,-2.104909262377,
0.431071044605,-0.316958780297,-1.356783563676,-2.104861325477,
0.428982391253,-0.316958780297,-1.358872217027,-2.104765451678,
0.426886375764,-0.316958780297,-1.360968232517,-2.104765451678,
0.424783018823,-0.316958780297,-1.363071589457,-2.104861325477,
0.422672341191,-0.316958780297,-1.365182267090,-2.104861325477,
0.420554363698,-0.316958780297,-1.367300244583,-2.104765451678,
0.418429107248,-0.317006717196,-1.369425501032,-2.104765451678,
0.416296592817,-0.316958780297,-1.371558015463,-2.104909262377,
0.414156841452,-0.316958780297,-1.373697766829,-2.104861325477,
0.412009874271,-0.316958780297,-1.375844734009,-2.104909262377,
0.409855712464,-0.316958780297,-1.377998895816,-2.104861325477,
0.407694377292,-0.316958780297,-1.380160230989,-2.104909262377,
0.405525890086,-0.316958780297,-1.382328718195,-2.104861325477,
0.403350272248,-0.316958780297,-1.384504336033,-2.104909262377,
0.401167545250,-0.316958780297,-1.386687063030,-2.104909262377,
0.398977730636,-0.316958780297,-1.388876877644,-2.104765451678,
0.396780850018,-0.316958780297,-1.391073758263,-2.104909262377,
0.394576925078,-0.316958780297,-1.393277683202,-2.104909262377,
0.392365977569,-0.316958780297,-1.395488630712,-2.104861325477,
0.390148029310,-0.316958780297,-1.397706578971,-2.104909262377,
0.387923102193,-0.316958780297,-1.399931506088,-2.104765451678,
0.385691218177,-0.316958780297,-1.402163390104,-2.104861325477,
0.383452399289,-0.316958780297,-1.404402208992,-2.104861325477,
0.381206667625,-0.316958780297,-1.406647940655,-2.104861325477,
0.378954045351,-0.316958780297,-1.408900562930,-2.104909262377,
0.376694554698,-0.316958780297,-1.411160053582,-2.104861325477,
0.374428217968,-0.316958780297,-1.413426390313,-2.104861325477,
0.372155057527,-0.316958780297,-1.415699550754,-2.104861325477,
0.369875095810,-0.316958780297,-1.417979512470,-2.104861325477,
0.367588355321,-0.316958780297,-1.420266252959,-2.104861325477,
0.365294858629,-0.316958780297,-1.422559749652,-2.104861325477,
0.362994628368,-0.316958780297,-1.424859979912,-2.104861325477,
0.360687687243,-0.316958780297,-1.427166921038,-2.104861325477,
0.358374058020,-0.316958780297,-1.429480550261,-2.104861325477,
0.356053763535,-0.316958780297,-1.431800844746,-2.104909262377,
0.353726826688,-0.316958780297,-1.434127781593,-2.104861325477,
0.351393270445,-0.316958780297,-1.436461337835,-2.104909262377,
0.349053117838,-0.316958780297,-1.438801490443,-2.104813388578,
0.346706391962,-0.316958780297,-1.441148216318,-2.104861325477,
0.344353115979,-0.316958780297,-1.443501492301,-2.104765451678,
0.341993313115,-0.316958780297,-1.445861295165,-2.104765451678,
0.339627006660,-0.317006717196,-1.448227601620,-2.104861325477,
0.337254219969,-0.316910843397,-1.450600388312,-2.104765451678,
0.334874976460,-0.316958780297,-1.452979631821,-2.104861325477,
0.332489299615,-0.316958780297,-1.455365308666,-2.104765451678,
0.330097212979,-0.316958780297,-1.457757395301,-2.104861325477,
0.327698740163,-0.317006717196,-1.460155868118,-2.104861325477,
0.325293904837,-0.316958780297,-1.462560703444,-2.104909262377,
0.322882730737,-0.316958780297,-1.464971877544,-2.104861325477,
0.320465241659,-0.316958780297,-1.467389366621,-2.104909262377,
0.318041461464,-0.316958780297,-1.469813146816,-2.104909262377,
0.315611414074,-0.317054654096,-1.472243194207,-2.104861325477,
0.313175123471,-0.316958780297,-1.474679484810,-2.104861325477,
0.310732613700,-0.316958780297,-1.477121994580,-2.104861325477,
0.308283908870,-0.316958780297,-1.479570699411,-2.104861325477,
0.305829033147,-0.316958780297,-1.482025575134,-2.104765451678,
0.303368010760,-0.316958780297,-1.484486597521,-2.104765451678,
0.300900865997,-0.316958780297,-1.486953742283,-2.104861325477,
0.298427623210,-0.316958780297,-1.489426985070,-2.104813388578,
0.295948306808,-0.316958780297,-1.491906301473,-2.104909262377,
0.293462941261,-0.316958780297,-1.494391667020,-2.104861325477,
0.290971551097,-0.316958780297,-1.496883057184,-2.104765451678,
0.288474160907,-0.316958780297,-1.499380447374,-2.104909262377,
0.285970795339,-0.316958780297,-1.501883812942,-2.104909262377,
0.283461479099,-0.316958780297,-1.504393129182,-2.104909262377,
0.280946236954,-0.316958780297,-1.506908371327,-2.104765451678,
0.278425093727,-0.316958780297,-1.509429514553,-2.104861325477,
0.275898074303,-0.316958780297,-1.511956533978,-2.104909262377,
0.273365203621,-0.316958780297,-1.514489404660,-2.104813388578,
0.270826506680,-0.316958780297,-1.517028101601,-2.104813388578,
0.268282008535,-0.316958780297,-1.519572599746,-2.104909262377,
0.265731734301,-0.316958780297,-1.522122873980,-2.104861325477,
0.263175709146,-0.316958780297,-1.524678899135,-2.104861325477,
0.260613958298,-0.316958780297,-1.527240649982,-2.104909262377,
0.258046507041,-0.316958780297,-1.529808101239,-2.104861325477,
0.255473380714,-0.316958780297,-1.532381227566,-2.104765451678,
0.252894604713,-0.316958780297,-1.534960003568,-2.104765451678,
0.250310204489,-0.316958780297,-1.537544403791,-2.104861325477,
0.247720205550,-0.316958780297,-1.540134402731,-2.104765451678,
0.245124633457,-0.316958780297,-1.542729974824,-2.104861325477,
0.242523513828,-0.316958780297,-1.545331094453,-2.104861325477,
0.239916872335,-0.316958780297,-1.547937735946,-2.104813388578,
0.237304734704,-0.316958780297,-1.550549873577,-2.104861325477,
0.234687126716,-0.316958780297,-1.553167481565,-2.104909262377,
0.232064074206,-0.316958780297,-1.555790534075,-2.104861325477,
0.229435603062,-0.316958780297,-1.558419005219,-2.104765451678,
0.226801739226,-0.316958780297,-1.561052869054,-2.104861325477,
0.224162508694,-0.317006717196,-1.563692099587,-2.104765451678,
0.221517937513,-0.316958780297,-1.566336670767,-2.104861325477,
0.218868051785,-0.316958780297,-1.568986556496,-2.104861325477,
0.216212877662,-0.316958780297,-1.571641730618,-2.104861325477,
0.213552441351,-0.316958780297,-1.574302166930,-2.104765451678,
0.210886769108,-0.316958780297,-1.576967839173,-2.104765451678,
0.208215887243,-0.316958780297,-1.579638721038,-2.104861325477,
0.205539822116,-0.316958780297,-1.582314786165,-2.104861325477,
0.202858600139,-0.316958780297,-1.584996008142,-2.104765451678,
0.200172247774,-0.316958780297,-1.587682360507,-2.104861325477,
0.197480791535,-0.316958780297,-1.590373816746,-2.104861325477,
0.194784257986,-0.316958780297,-1.593070350295,-2.104861325477,
0.192082673739,-0.316958780297,-1.595771934542,-2.104861325477,
0.189376065459,-0.316958780297,-1.598478542822,-2.104861325477,
0.186664459858,-0.316958780297,-1.601190148422,-2.104765451678,
0.183947883700,-0.316958780297,-1.603906724581,-2.104765451678,
0.181226363795,-0.316958780297,-1.606628244485,-2.104909262377,
0.178499927005,-0.316958780297,-1.609354681276,-2.104909262377,
0.175768600237,-0.316958780297,-1.612086008044,-2.104861325477,
0.173032410448,-0.316958780297,-1.614822197832,-2.104909262377,
0.170291384645,-0.316958780297,-1.617563223636,-2.104861325477,
0.167545549880,-0.316958780297,-1.620309058401,-2.104909262377,
0.164794933252,-0.316958780297,-1.623059675029,-2.104765451678,
0.162039561910,-0.316958780297,-1.625815046370,-2.104813388578,
0.159279463048,-0.316958780297,-1.628575145233,-2.104861325477,
0.156514663907,-0.316958780297,-1.631339944374,-2.104861325477,
0.153745191774,-0.316958780297,-1.634109416506,-2.104909262377,
0.150971073984,-0.316958780297,-1.636883534297,-2.104813388578,
0.148192337914,-0.316958780297,-1.639662270366,-2.104909262377,
0.145409010991,-0.316958780297,-1.642445597289,-2.104813388578,
0.142621120685,-0.316958780297,-1.645233487595,-2.104861325477,
0.139828694511,-0.316958780297,-1.648025913770,-2.104765451678,
0.137031760029,-0.316958780297,-1.650822848251,-2.104813388578,
0.134230344844,-0.316958780297,-1.653624263437,-2.104909262377,
0.131424476605,-0.316958780297,-1.656430131676,-2.104861325477,
0.128614183004,-0.316958780297,-1.659240425277,-2.104861325477,
0.125799491777,-0.316958780297,-1.662055116503,-2.104861325477,
0.122980430706,-0.316958780297,-1.664874177575,-2.104765451678,
0.120157027612,-0.316958780297,-1.667697580668,-2.104909262377,
0.117329310362,-0.316958780297,-1.670525297918,-2.104861325477,
0.114497306864,-0.316958780297,-1.673357301416,-2.104813388578,
0.111661045069,-0.316958780297,-1.676193563212,-2.104909262377,
0.108820552969,-0.316958780297,-1.679034055312,-2.104909262377,
0.105975858599,-0.316958780297,-1.681878749681,-2.104861325477,
0.103126990036,-0.316958780297,-1.684727618245,-2.104765451678,
0.100273975395,-0.316958780297,-1.687580632886,-2.104765451678,
0.097416842836,-0.316958780297,-1.690437765445,-2.104813388578,
0.094555620557,-0.316958780297,-1.693298987724,-2.104813388578,
0.091690336796,-0.316958780297,-1.696164271484,-2.104861325477,
0.088821019835,-0.316958780297,-1.699033588446,-2.104861325477,
0.085947697990,-0.316958780297,-1.701906910291,-2.104765451678,
0.083070399622,-0.316958780297,-1.704784208659,-2.104909262377,
0.080189153127,-0.316958780297,-1.707665455154,-2.104813388578,
0.077303986942,-0.316958780297,-1.710550621339,-2.104909262377,
0.074414929543,-0.316958780297,-1.713439678738,-2.104813388578,
0.071522009444,-0.316958780297,-1.716332598837,-2.104765451678,
0.068625255196,-0.316958780297,-1.719229353084,-2.104861325477,
0.065724695390,-0.316958780297,-1.722129912891,-2.104765451678,
0.062820358652,-0.316958780297,-1.725034249628,-2.104765451678,
0.059912273648,-0.317006717196,-1.727942334633,-2.104861325477,
0.057000469079,-0.316958780297,-1.730854139202,-2.104861325477,
0.054084973683,-0.316958780297,-1.733769634598,-2.104909262377,
0.051165816235,-0.316958780297,-1.736688792046,-2.104765451678,
0.048243025546,-0.316958780297,-1.739611582734,-2.104765451678,
0.045316630463,-0.316958780297,-1.742537977818,-2.104909262377,
0.042386659868,-0.316958780297,-1.745467948413,-2.104765451678,
0.039453142679,-0.316958780297,-1.748401465602,-2.104861325477,
0.036516107848,-0.316958780297,-1.751338500433,-2.104861325477,
0.033575584362,-0.316958780297,-1.754279023918,-2.104765451678,
0.030631601244,-0.316958780297,-1.757223007036,-2.104861325477,
0.027684187550,-0.316958780297,-1.760170420731,-2.104861325477,
0.024733372369,-0.316958780297,-1.763121235912,-2.104861325477,
0.021779184824,-0.316958780297,-1.766075423457,-2.104861325477,
0.018821654072,-0.316958780297,-1.769032954209,-2.104861325477,
0.015860809303,-0.316958780297,-1.771993798978,-2.104909262377,
0.012896679739,-0.316958780297,-1.774957928541,-2.104765451678,
0.009929294635,-0.316958780297,-1.777925313645,-2.104861325477,
0.006958683278,-0.316958780297,-1.780895925002,-2.104909262377,
0.003984874987,-0.316958780297,-1.783869733294,-2.104909262377,
0.001007899111,-0.316958780297,-1.786846709170,-2.104861325477,
-0.001972214968,-0.316958780297,-1.789826823248,-2.104909262377,
-0.004955437836,-0.316958780297,-1.792810046117,-2.104861325477,
-0.007941740052,-0.316958780297,-1.795796348332,-2.104861325477,
-0.010931092140,-0.316958780297,-1.798785700421,-2.104861325477,
-0.013923464599,-0.316958780297,-1.801778072880,-2.104861325477,
-0.016918827894,-0.316958780297,-1.804773436174,-2.104861325477,
-0.019917152461,-0.316958780297,-1.807771760742,-2.104861325477,
-0.022918408710,-0.316958780297,-1.810773016990,-2.104765451678,
-0.025922567018,-0.316958780297,-1.813777175299,-2.104765451678,
-0.028929597736,-0.316958780297,-1.816784206017,-2.104765451678,
-0.031939471186,-0.316958780297,-1.819794079466,-2.104813388578,
-0.034952157661,-0.316958780297,-1.822806765941,-2.104861325477,
-0.037967627427,-0.316958780297,-1.825822235708,-2.104861325477,
-0.040985850724,-0.316958780297,-1.828840459004,-2.104909262377,
-0.044006797761,-0.316958780297,-1.831861406042,-2.104861325477,
-0.047030438725,-0.316958780297,-1.834885047006,-2.104861325477,
-0.050056743772,-0.316958780297,-1.837911352053,-2.104909262377,
-0.053085683035,-0.316958780297,-1.840940291315,-2.104909262377,
-0.056117226618,-0.316958780297,-1.843971834899,-2.104861325477,
-0.059151344602,-0.316958780297,-1.847005952883,-2.104765451678,
-0.062188007041,-0.316958780297,-1.850042615322,-2.104813388578,
-0.065227183965,-0.316958780297,-1.853081792246,-2.104765451678,
-0.068268845378,-0.316958780297,-1.856123453659,-2.104861325477,
-0.071312961260,-0.316958780297,-1.859167569541,-2.104861325477,
-0.074359501568,-0.316958780297,-1.862214109848,-2.104909262377,
-0.077408436232,-0.316958780297,-1.865263044512,-2.104861325477,
-0.080459735161,-0.316958780297,-1.868314343442,-2.104861325477,
-0.083513368240,-0.316958780297,-1.871367976521,-2.104861325477,
-0.086569305331,-0.316958780297,-1.874423913612,-2.104813388578,
-0.089627516273,-0.316958780297,-1.877482124554,-2.104861325477,
-0.092687970883,-0.316958780297,-1.880542579164,-2.104861325477,
-0.095750638955,-0.316958780297,-1.883605247236,-2.104765451678,
-0.098815490262,-0.316958780297,-1.886670098543,-2.104861325477,
-0.101882494555,-0.316958780297,-1.889737102836,-2.104861325477,
-0.104951621564,-0.316958780297,-1.892806229845,-2.104909262377,
-0.108022840999,-0.316958780297,-1.895877449279,-2.104813388578,
-0.111096122546,-0.316958780297,-1.898950730827,-2.104765451678,
-0.114171435875,-0.316958780297,-1.902026044156,-2.104909262377,
-0.117248750633,-0.316958780297,-1.905103358914,-2.104909262377,
-0.120328036448,-0.316958780297,-1.908182644729,-2.104765451678,
-0.123409262929,-0.316958780297,-1.911263871210,-2.104861325477,
-0.126492399666,-0.316958780297,-1.914347007947,-2.104813388578,
-0.129577416229,-0.316958780297,-1.917432024510,-2.104861325477,
-0.132664282170,-0.316958780297,-1.920518890451,-2.104765451678,
-0.135752967024,-0.316958780297,-1.923607575305,-2.104813388578,
-0.138843440306,-0.316958780297,-1.926698048586,-2.104909262377,
-0.141935671514,-0.316958780297,-1.929790279794,-2.104909262377,
-0.145029630129,-0.316958780297,-1.932884238410,-2.104813388578,
-0.148125285616,-0.316958780297,-1.935979893897,-2.104861325477,
-0.151222607421,-0.316958780297,-1.939077215702,-2.104861325477,
-0.154321564975,-0.316958780297,-1.942176173256,-2.104861325477,
-0.157422127693,-0.316958780297,-1.945276735974,-2.104909262377,
-0.160524264973,-0.316958780297,-1.948378873254,-2.104765451678,
-0.163627946199,-0.317006717196,-1.951482554479,-2.104765451678,
-0.166733140738,-0.316958780297,-1.954587749018,-2.104909262377,
-0.169839817943,-0.316958780297,-1.957694426224,-2.104861325477,
-0.172947947153,-0.316958780297,-1.960802555434,-2.104861325477,
-0.176057497692,-0.316958780297,-1.963912105972,-2.104861325477,
-0.179168438869,-0.316958780297,-1.967023047150,-2.104861325477,
-0.182280739981,-0.316958780297,-1.970135348262,-2.104909262377,
-0.185394370312,-0.316958780297,-1.973248978592,-2.104813388578,
-0.188509299130,-0.316958780297,-1.976363907410,-2.104813388578,
-0.191625495692,-0.316958780297,-1.979480103973,-2.104813388578,
-0.194742929243,-0.316958780297,-1.982597537524,-2.104861325477,
-0.197861569015,-0.316958780297,-1.985716177296,-2.104861325477,
-0.200981384229,-0.316958780297,-1.988835992510,-2.104909262377,
-0.204102344093,-0.316958780297,-1.991956952374,-2.104909262377,
-0.207224417804,-0.316958780297,-1.995079026085,-2.104861325477,
-0.210347574549,-0.316958780297,-1.998202182830,-2.104861325477,
-0.213471783503,-0.316958780297,-2.001326391784,-2.104861325477,
-0.216597013833,-0.316958780297,-2.004451622113,-2.104813388578,
-0.219723234692,-0.316958780297,-2.007577842973,-2.104765451678,
-0.222850415227,-0.316958780297,-2.010705023508,-2.104909262377,
-0.225978524573,-0.317054654096,-2.013833132854,-2.104861325477,
-0.229107531858,-0.316958780297,-2.016962140139,-2.104861325477,
-0.232237406199,-0.316958780297,-2.020092014480,-2.104861325477,
-0.235368116706,-0.316958780297,-2.023222724987,-2.104813388578,
-0.238499632480,-0.316958780297,-2.026354240761,-2.104861325477,
-0.241631922614,-0.316958780297,-2.029486530895,-2.104861325477,
-0.244764956193,-0.316958780297,-2.032619564474,-2.104861325477,
-0.247898702297,-0.316958780297,-2.035753310577,-2.104813388578,
-0.251033129995,-0.316958780297,-2.038887738276,-2.104765451678,
-0.254168208353,-0.316958780297,-2.042022816634,-2.104861325477,
-0.257303906429,-0.316958780297,-2.045158514709,-2.104909262377,
-0.260440193274,-0.316958780297,-2.048294801554,-2.104909262377,
-0.263577037934,-0.316958780297,-2.051431646215,-2.104861325477,
-0.266714409451,-0.316958780297,-2.054569017732,-2.104765451678,
-0.269852276860,-0.316958780297,-2.057706885141,-2.104765451678,
-0.272990609191,-0.316958780297,-2.060845217471,-2.104813388578,
-0.276129375469,-0.316958780297,-2.063983983750,-2.104765451678,
-0.279268544718,-0.316958780297,-2.067123152999,-2.104909262377,
-0.282408085954,-0.316958780297,-2.070262694234,-2.104861325477,
-0.285547968191,-0.316958780297,-2.073402576472,-2.104813388578,
-0.288688160440,-0.316958780297,-2.076542768721,-2.104813388578,
-0.291828631709,-0.316958780297,-2.079683239990,-2.104861325477,
-0.294969351003,-0.316958780297,-2.082823959283,-2.104861325477,
-0.298110287323,-0.316958780297,-2.085964895603,-2.104813388578,
-0.301251409670,-0.316958780297,-2.089106017950,-2.104813388578,
-0.304392687042,-0.316958780297,-2.092247295323,-2.104909262377,
-0.307534088437,-0.316958780297,-2.095388696718,-2.104765451678,
-0.310675582850,-0.316958780297,-2.098530191130,-2.104861325477,
-0.313817139275,-0.316958780297,-2.101671747556,-2.104813388578,
-0.316958726707,-0.316958780297,-2.104813334988,-2.104813388578,
-0.320100314140,-0.316958780297,-2.107954922420,-2.104861325477,
-0.323241870566,-0.316958780297,-2.111096478847,-2.104813388578,
-0.326383364982,-0.316958780297,-2.114237973263,-2.104813388578,
-0.329524766380,-0.316958780297,-2.117379374661,-2.104909262377,
-0.332666043758,-0.316958780297,-2.120520652038,-2.104861325477,
-0.335807166110,-0.316958780297,-2.123661774391,-2.104861325477,
-0.338948102437,-0.316958780297,-2.126802710718,-2.104861325477,
-0.342088821739,-0.316958780297,-2.129943430019,-2.104909262377,
-0.345229293017,-0.316958780297,-2.133083901297,-2.104813388578,
-0.348369485276,-0.316958780297,-2.136224093557,-2.104813388578,
-0.351509367524,-0.316958780297,-2.139363975805,-2.104861325477,
-0.354648908772,-0.316958780297,-2.142503517053,-2.104909262377,
-0.357788078034,-0.316958780297,-2.145642686315,-2.104909262377,
-0.360926844327,-0.316958780297,-2.148781452608,-2.104765451678,
-0.364065176673,-0.316958780297,-2.151919784954,-2.104909262377,
-0.367203044098,-0.316958780297,-2.155057652379,-2.104765451678,
-0.370340415632,-0.316958780297,-2.158195023913,-2.104909262377,
-0.373477260312,-0.316958780297,-2.161331868592,-2.104765451678,
-0.376613547176,-0.316958780297,-2.164468155457,-2.104765451678,
-0.379749245272,-0.316958780297,-2.167603853553,-2.104909262377,
-0.382884323652,-0.316958780297,-2.170738931933,-2.104909262377,
-0.386018751373,-0.316958780297,-2.173873359654,-2.104813388578,
-0.389152497500,-0.316958780297,-2.177007105781,-2.104813388578,
-0.392285531105,-0.316958780297,-2.180140139385,-2.104765451678,
-0.395417821264,-0.316958780297,-2.183272429545,-2.104909262377,
-0.398549337065,-0.316958780297,-2.186403945346,-2.104765451678,
-0.401680047600,-0.316958780297,-2.189534655881,-2.104861325477,
-0.404809921970,-0.316958780297,-2.192664530251,-2.104861325477,
-0.407938929285,-0.316958780297,-2.195793537566,-2.104861325477,
-0.411067038663,-0.316958780297,-2.198921646944,-2.104765451678,
-0.414194219230,-0.316958780297,-2.202048827511,-2.104861325477,
-0.417320440123,-0.316958780297,-2.205175048403,-2.104909262377,
-0.420445670486,-0.316958780297,-2.208300278767,-2.104765451678,
-0.423569879476,-0.316958780297,-2.211424487757,-2.104861325477,
-0.426693036257,-0.316958780297,-2.214547644538,-2.104861325477,
-0.429815110006,-0.316958780297,-2.217669718287,-2.104861325477,
-0.432936069908,-0.316958780297,-2.220790678189,-2.104909262377,
-0.436055885161,-0.316958780297,-2.223910493442,-2.104861325477,
-0.439174524974,-0.316958780297,-2.227029133255,-2.104861325477,
-0.442291958567,-0.316958780297,-2.230146566848,-2.104909262377,
-0.445408155172,-0.316958780297,-2.233262763453,-2.104909262377,
-0.448523084034,-0.316958780297,-2.236377692315,-2.104909262377,
-0.451636714409,-0.316958780297,-2.239491322690,-2.104765451678,
-0.454749015567,-0.316958780297,-2.242603623848,-2.104813388578,
-0.457859956792,-0.316958780297,-2.245714565072,-2.104861325477,
-0.460969507378,-0.316958780297,-2.248824115659,-2.104861325477,
-0.464077636637,-0.316958780297,-2.251932244918,-2.104861325477,
-0.467184313893,-0.316958780297,-2.255038922174,-2.104765451678,
-0.470289508483,-0.316958780297,-2.258144116764,-2.104909262377,
-0.473393189761,-0.316958780297,-2.261247798041,-2.104909262377,
-0.476495327094,-0.316958780297,-2.264349935375,-2.104861325477,
-0.479595889866,-0.316958780297,-2.267450498147,-2.104765451678,
-0.482694847475,-0.316958780297,-2.270549455756,-2.104861325477,
-0.485792169337,-0.316958780297,-2.273646777617,-2.104765451678,
-0.488887824881,-0.316958780297,-2.276742433162,-2.104909262377,
-0.491981783555,-0.316958780297,-2.279836391836,-2.104765451678,
-0.495074014822,-0.316958780297,-2.282928623103,-2.104861325477,
-0.498164488165,-0.316958780297,-2.286019096445,-2.104813388578,
-0.501253173080,-0.316958780297,-2.289107781360,-2.104861325477,
-0.504340039084,-0.316958780297,-2.292194647364,-2.104765451678,
-0.507425055710,-0.316958780297,-2.295279663991,-2.104861325477,
-0.510508192511,-0.316958780297,-2.298362800792,-2.104861325477,
-0.513589419058,-0.316958780297,-2.301444027339,-2.104909262377,
-0.516668704940,-0.316958780297,-2.304523313221,-2.104861325477,
-0.519746019766,-0.316958780297,-2.307600628047,-2.104909262377,
-0.522821333164,-0.316958780297,-2.310675941444,-2.104909262377,
-0.525894614781,-0.316958780297,-2.313749223062,-2.104813388578,
-0.528965834286,-0.316958780297,-2.316820442567,-2.104909262377,
-0.532034961367,-0.316958780297,-2.319889569648,-2.104765451678,
-0.535101965733,-0.316958780297,-2.322956574014,-2.104861325477,
-0.538166817114,-0.316958780297,-2.326021425395,-2.104765451678,
-0.541229485261,-0.316958780297,-2.329084093542,-2.104813388578,
-0.544289939947,-0.316958780297,-2.332144548228,-2.104909262377,
-0.547348150966,-0.316958780297,-2.335202759247,-2.104909262377,
-0.550404088135,-0.316958780297,-2.338258696416,-2.104861325477,
-0.553457721294,-0.316958780297,-2.341312329574,-2.104909262377,
-0.556509020303,-0.316958780297,-2.344363628584,-2.104861325477,
-0.559557955048,-0.316958780297,-2.347412563329,-2.104861325477,
-0.562604495438,-0.316958780297,-2.350459103718,-2.104861325477,
-0.565648611403,-0.316958780297,-2.353503219684,-2.104765451678,
-0.568690272900,-0.316910843397,-2.356544881181,-2.104765451678,
-0.571729449909,-0.316958780297,-2.359584058190,-2.104909262377,
-0.574766112435,-0.316958780297,-2.362620720716,-2.104813388578,
-0.577800230506,-0.316958780297,-2.365654838787,-2.104909262377,
-0.580831774178,-0.316958780297,-2.368686382459,-2.104861325477,
-0.583860713530,-0.316958780297,-2.371715321811,-2.104765451678,
-0.586887018667,-0.316958780297,-2.374741626948,-2.104861325477,
-0.589910659722,-0.316958780297,-2.377765268003,-2.104909262377,
-0.592931606853,-0.316958780297,-2.380786215133,-2.104861325477,
-0.595949830243,-0.316958780297,-2.383804438523,-2.104861325477,
-0.598965300103,-0.316958780297,-2.386819908384,-2.104765451678,
-0.601977986674,-0.316958780297,-2.389832594955,-2.104813388578,
-0.604987860220,-0.316958780297,-2.392842468501,-2.104861325477,
-0.607994891036,-0.316958780297,-2.395849499316,-2.104861325477,
-0.610999049442,-0.316958780297,-2.398853657723,-2.104861325477,
-0.614000305790,-0.316958780297,-2.401854914071,-2.104765451678,
-0.616998630459,-0.316958780297,-2.404853238739,-2.104765451678,
-0.619993993855,-0.316958780297,-2.407848602135,-2.104909262377,
-0.622986366416,-0.316958780297,-2.410840974696,-2.104909262377,
-0.625975718608,-0.316958780297,-2.413830326889,-2.104861325477,
-0.628962020928,-0.316958780297,-2.416816629209,-2.104765451678,
-0.631945243902,-0.316958780297,-2.419799852183,-2.104765451678,
-0.634925358087,-0.316958780297,-2.422779966368,-2.104765451678,
-0.637902334071,-0.316958780297,-2.425756942351,-2.104861325477,
-0.640876142471,-0.316958780297,-2.428730750752,-2.104813388578,
-0.643846753938,-0.316958780297,-2.431701362218,-2.104765451678,
-0.646814139152,-0.316958780297,-2.434668747433,-2.104813388578,
-0.649778268827,-0.316958780297,-2.437632877108,-2.104909262377,
-0.652739113709,-0.316958780297,-2.440593721990,-2.104861325477,
-0.655696644574,-0.316958780297,-2.443551252855,-2.104861325477,
-0.658650832234,-0.316958780297,-2.446505440514,-2.104861325477,
-0.661601647530,-0.316958780297,-2.449456255811,-2.104765451678,
-0.664549061342,-0.316958780297,-2.452403669622,-2.104813388578,
-0.667493044577,-0.316958780297,-2.455347652858,-2.104909262377,
-0.670433568181,-0.316958780297,-2.458288176462,-2.104861325477,
-0.673370603131,-0.316958780297,-2.461225211412,-2.104861325477,
-0.676304120441,-0.316958780297,-2.464158728722,-2.104909262377,
-0.679234091158,-0.316958780297,-2.467088699439,-2.104861325477,
-0.682160486363,-0.316958780297,-2.470015094644,-2.104765451678,
-0.685083277176,-0.316958780297,-2.472937885456,-2.104813388578,
-0.688002434748,-0.316958780297,-2.475857043029,-2.104813388578,
-0.690917930269,-0.316958780297,-2.478772538550,-2.104813388578,
-0.693829734965,-0.316958780297,-2.481684343246,-2.104765451678,
-0.696737820097,-0.316958780297,-2.484592428377,-2.104765451678,
-0.699642156963,-0.316958780297,-2.487496765243,-2.104813388578,
-0.702542716898,-0.316958780297,-2.490397325179,-2.104765451678,
-0.705439471276,-0.316958780297,-2.493294079557,-2.104765451678,
-0.708332391507,-0.317006717196,-2.496186999787,-2.104813388578,
-0.711221449038,-0.316958780297,-2.499076057318,-2.104861325477,
-0.714106615356,-0.316958780297,-2.501961223636,-2.104909262377,
-0.716987861985,-0.316958780297,-2.504842470266,-2.104813388578,
-0.719865160489,-0.316958780297,-2.507719768769,-2.104861325477,
-0.722738482469,-0.316958780297,-2.510593090750,-2.104861325477,
-0.725607799568,-0.316958780297,-2.513462407849,-2.104861325477,
-0.728473083466,-0.316958780297,-2.516327691747,-2.104813388578,
-0.731334305885,-0.316958780297,-2.519188914165,-2.104909262377,
-0.734191438584,-0.316958780297,-2.522046046865,-2.104909262377,
-0.737044453366,-0.316958780297,-2.524899061646,-2.104765451678,
-0.739893322071,-0.316958780297,-2.527747930352,-2.104909262377,
-0.742738016584,-0.316958780297,-2.530592624865,-2.104765451678,
-0.745578508827,-0.316958780297,-2.533433117108,-2.104765451678,
-0.748414770768,-0.316958780297,-2.536269379048,-2.104861325477,
-0.751246774411,-0.316958780297,-2.539101382692,-2.104861325477,
-0.754074491808,-0.316958780297,-2.541929100089,-2.104765451678,
-0.756897895049,-0.316958780297,-2.544752503330,-2.104909262377,
-0.759716956269,-0.316958780297,-2.547571564550,-2.104861325477,
-0.762531647645,-0.316958780297,-2.550386255926,-2.104909262377,
-0.765341941397,-0.316958780297,-2.553196549677,-2.104861325477,
-0.768147809788,-0.316958780297,-2.556002418068,-2.104909262377,
-0.770949225125,-0.316958780297,-2.558803833406,-2.104765451678,
-0.773746159760,-0.316958780297,-2.561600768041,-2.104861325477,
-0.776538586089,-0.316958780297,-2.564393194370,-2.104909262377,
-0.779326476550,-0.316958780297,-2.567181084831,-2.104909262377,
-0.782109803629,-0.316958780297,-2.569964411910,-2.104909262377,
-0.784888539856,-0.316958780297,-2.572743148136,-2.104909262377,
-0.787662657804,-0.316958780297,-2.575517266085,-2.104909262377,
-0.790432130096,-0.316958780297,-2.578286738377,-2.104765451678,
-0.793196929397,-0.316958780297,-2.581051537678,-2.104861325477,
-0.795957028420,-0.316958780297,-2.583811636701,-2.104813388578,
-0.798712399924,-0.316958780297,-2.586567008204,-2.104909262377,
-0.801463016714,-0.316958780297,-2.589317624995,-2.104861325477,
-0.804208851643,-0.316958780297,-2.592063459924,-2.104765451678,
-0.806949877611,-0.316958780297,-2.594804485891,-2.104765451678,
-0.809686067564,-0.316958780297,-2.597540675845,-2.104765451678,
-0.812417394499,-0.316958780297,-2.600272002779,-2.104813388578,
-0.815143831457,-0.316958780297,-2.602998439738,-2.104765451678,
-0.817865351530,-0.316958780297,-2.605719959810,-2.104909262377,
-0.820581927857,-0.316958780297,-2.608436536138,-2.104909262377,
-0.823293533628,-0.316958780297,-2.611148141908,-2.104861325477,
-0.826000142079,-0.316958780297,-2.613854750359,-2.104765451678,
-0.828701726497,-0.316958780297,-2.616556334778,-2.104813388578,
-0.831398260219,-0.316958780297,-2.619252868500,-2.104909262377,
-0.834089716632,-0.316958780297,-2.621944324913,-2.104813388578,
-0.836776069171,-0.316958780297,-2.624630677452,-2.104813388578,
-0.839457291324,-0.316958780297,-2.627311899604,-2.104765451678,
-0.842133356627,-0.316958780297,-2.629987964908,-2.104861325477,
-0.844804238670,-0.316958780297,-2.632658846950,-2.104861325477,
-0.847469911091,-0.316958780297,-2.635324519371,-2.104909262377,
-0.850130347581,-0.316958780297,-2.637984955862,-2.104765451678,
-0.852785521884,-0.316958780297,-2.640640130165,-2.104909262377,
-0.855435407793,-0.316958780297,-2.643290016074,-2.104765451678,
-0.858079979156,-0.316958780297,-2.645934587436,-2.104861325477,
-0.860719209871,-0.316958780297,-2.648573818151,-2.104861325477,
-0.863353073890,-0.316958780297,-2.651207682170,-2.104861325477,
-0.865981545218,-0.316958780297,-2.653836153499,-2.104765451678,
-0.868604597913,-0.316958780297,-2.656459206194,-2.104861325477,
-0.871222206087,-0.316958780297,-2.659076814368,-2.104861325477,
-0.873834343905,-0.316958780297,-2.661688952186,-2.104765451678,
-0.876440985587,-0.316958780297,-2.664295593867,-2.104909262377,
-0.879042105404,-0.316958780297,-2.666896713685,-2.104813388578,
-0.881637677687,-0.316958780297,-2.669492285968,-2.104765451678,
-0.884227676817,-0.316958780297,-2.672082285098,-2.104909262377,
-0.886812077232,-0.316958780297,-2.674666685513,-2.104765451678,
-0.889390853426,-0.316958780297,-2.677245461706,-2.104861325477,
-0.891963979946,-0.316958780297,-2.679818588227,-2.104813388578,
-0.894531431397,-0.316958780297,-2.682386039678,-2.104909262377,
-0.897093182440,-0.316958780297,-2.684947790720,-2.104909262377,
-0.899649207790,-0.316958780297,-2.687503816071,-2.104861325477,
-0.902199482221,-0.316958780297,-2.690054090502,-2.104813388578,
-0.904743980563,-0.316958780297,-2.692598588844,-2.104765451678,
-0.907282677703,-0.316958780297,-2.695137285984,-2.104765451678,
-0.909815548584,-0.316958780297,-2.697670156865,-2.104765451678,
-0.912342568208,-0.316958780297,-2.700197176489,-2.104909262377,
-0.914863711636,-0.316958780297,-2.702718319916,-2.104909262377,
-0.917378953983,-0.316958780297,-2.705233562263,-2.104765451678,
-0.919888270425,-0.316958780297,-2.707742878706,-2.104813388578,
-0.922391636197,-0.316958780297,-2.710246244478,-2.104909262377,
-0.924889026591,-0.316958780297,-2.712743634872,-2.104813388578,
-0.927380416960,-0.316958780297,-2.715235025240,-2.104861325477,
-0.929865782713,-0.316958780297,-2.717720390994,-2.104909262377,
-0.932345099322,-0.316958780297,-2.720199707603,-2.104861325477,
-0.934818342317,-0.316958780297,-2.722672950598,-2.104765451678,
-0.937285487288,-0.316958780297,-2.725140095568,-2.104861325477,
-0.939746509884,-0.316958780297,-2.727601118165,-2.104861325477,
-0.942201385817,-0.316958780297,-2.730055994098,-2.104861325477,
-0.944650090859,-0.316958780297,-2.732504699140,-2.104861325477,
-0.947092600841,-0.316958780297,-2.734947209121,-2.104909262377,
-0.949528891656,-0.316958780297,-2.737383499937,-2.104909262377,
-0.951958939260,-0.316958780297,-2.739813547541,-2.104861325477,
-0.954382719670,-0.316958780297,-2.742237327950,-2.104861325477,
-0.956800208962,-0.316958780297,-2.744654817243,-2.104861325477,
-0.959211383278,-0.316958780297,-2.747065991559,-2.104909262377,
-0.961616218821,-0.316958780297,-2.749470827101,-2.104861325477,
-0.964014691855,-0.316958780297,-2.751869300135,-2.104861325477,
-0.966406778708,-0.316958780297,-2.754261386989,-2.104861325477,
-0.968792455772,-0.316958780297,-2.756647064053,-2.104861325477,
-0.971171699502,-0.316958780297,-2.759026307782,-2.104861325477,
-0.973544486414,-0.316958780297,-2.761399094695,-2.104765451678,
-0.975910793090,-0.316958780297,-2.763765401371,-2.104861325477,
-0.978270596177,-0.316958780297,-2.766125204457,-2.104765451678,
-0.980623872382,-0.316958780297,-2.768478480663,-2.104813388578,
-0.982970598482,-0.316958780297,-2.770825206763,-2.104765451678,
-0.985310751314,-0.316958780297,-2.773165359595,-2.104909262377,
-0.987644307782,-0.316958780297,-2.775498916063,-2.104765451678,
-0.989971244855,-0.316958780297,-2.777825853136,-2.104909262377,
-0.992291539567,-0.316958780297,-2.780146147848,-2.104813388578,
-0.994605169018,-0.316958780297,-2.782459777298,-2.104861325477,
-0.996912110372,-0.316958780297,-2.784766718653,-2.104861325477,
-0.999212340862,-0.316958780297,-2.787066949143,-2.104765451678,
-1.001505837785,-0.316958780297,-2.789360446065,-2.104909262377,
-1.003792578504,-0.316958780297,-2.791647186785,-2.104813388578,
-1.006072540452,-0.316958780297,-2.793927148733,-2.104813388578,
-1.008345701126,-0.316958780297,-2.796200309407,-2.104813388578,
-1.010612038090,-0.316958780297,-2.798466646370,-2.104861325477,
-1.012871528976,-0.316958780297,-2.800726137257,-2.104813388578,
-1.015124151485,-0.316958780297,-2.802978759766,-2.104861325477,
-1.017369883384,-0.316958780297,-2.805224491665,-2.104861325477,
-1.019608702508,-0.316958780297,-2.807463310789,-2.104909262377,
-1.021840586761,-0.316958780297,-2.809695195042,-2.104861325477,
-1.024065514116,-0.316958780297,-2.811920122397,-2.104861325477,
-1.026283462613,-0.316958780297,-2.814138070894,-2.104861325477,
-1.028494410362,-0.316958780297,-2.816349018643,-2.104861325477,
-1.030698335542,-0.316958780297,-2.818552943823,-2.104861325477,
-1.032895216401,-0.316958780297,-2.820749824682,-2.104765451678,
-1.035085031256,-0.316958780297,-2.822939639537,-2.104861325477,
-1.037267758496,-0.316958780297,-2.825122366776,-2.104909262377,
-1.039443376577,-0.316958780297,-2.827297984857,-2.104861325477,
-1.041611864027,-0.316958780297,-2.829466472307,-2.104861325477,
-1.043773199443,-0.316958780297,-2.831627807724,-2.104861325477,
-1.045927361495,-0.316958780297,-2.833781969776,-2.104813388578,
-1.048074328922,-0.316958780297,-2.835928937203,-2.104861325477,
-1.050214080534,-0.316958780297,-2.838068688815,-2.104861325477,
-1.052346595212,-0.316958780297,-2.840201203493,-2.104813388578,
-1.054471851910,-0.316958780297,-2.842326460190,-2.104765451678,
-1.056589829651,-0.316958780297,-2.844444437932,-2.104861325477,
-1.058700507533,-0.316958780297,-2.846555115814,-2.104909262377,
-1.060803864724,-0.316958780297,-2.848658473005,-2.104861325477,
-1.062899880464,-0.316958780297,-2.850754488745,-2.104861325477,
-1.064988534067,-0.316958780297,-2.852843142348,-2.104909262377,
-1.067069804919,-0.316958780297,-2.854924413200,-2.104861325477,
-1.069143672478,-0.316958780297,-2.856998280759,-2.104861325477,
-1.071210116276,-0.316958780297,-2.859064724557,-2.104765451678,
-1.073269115918,-0.317054654096,-2.861123724199,-2.104909262377,
-1.075320651083,-0.316910843397,-2.863175259363,-2.104861325477,
-1.077364701522,-0.316958780297,-2.865219309803,-2.104861325477,
-1.079401247062,-0.316958780297,-2.867255855343,-2.104765451678,
-1.081430267603,-0.316958780297,-2.869284875884,-2.104861325477,
-1.083451743120,-0.316958780297,-2.871306351400,-2.104765451678,
-1.085465653660,-0.316958780297,-2.873320261941,-2.104765451678,
-1.087471979349,-0.316958780297,-2.875326587629,-2.104765451678,
-1.089470700383,-0.316958780297,-2.877325308664,-2.104909262377,
-1.091461797037,-0.316958780297,-2.879316405317,-2.104813388578,
-1.093445249659,-0.316958780297,-2.881299857939,-2.104861325477,
-1.095421038673,-0.316958780297,-2.883275646954,-2.104861325477,
-1.097389144579,-0.316958780297,-2.885243752860,-2.104765451678,
-1.099349547953,-0.316958780297,-2.887204156234,-2.104909262377,
-1.101302229446,-0.316958780297,-2.889156837727,-2.104909262377,
-1.103247169787,-0.316958780297,-2.891101778067,-2.104765451678,
-1.105184349778,-0.316958780297,-2.893038958059,-2.104909262377,
-1.107113750302,-0.316958780297,-2.894968358582,-2.104861325477,
-1.109035352315,-0.316958780297,-2.896889960596,-2.104813388578,
-1.110949136853,-0.316958780297,-2.898803745133,-2.104861325477,
-1.112855085026,-0.316958780297,-2.900709693307,-2.104861325477,
-1.114753178025,-0.316958780297,-2.902607786306,-2.104909262377,
-1.116643397115,-0.316958780297,-2.904498005396,-2.104909262377,
-1.118525723642,-0.316958780297,-2.906380331923,-2.104861325477,
-1.120400139026,-0.316958780297,-2.908254747307,-2.104909262377,
-1.122266624769,-0.316958780297,-2.910121233050,-2.104765451678,
-1.124125162449,-0.316958780297,-2.911979770730,-2.104861325477,
-1.125975733723,-0.316958780297,-2.913830342003,-2.104909262377,
-1.127818320326,-0.316958780297,-2.915672928607,-2.104909262377,
-1.129652904073,-0.316958780297,-2.917507512354,-2.104813388578,
-1.131479466858,-0.316958780297,-2.919334075139,-2.104813388578,
-1.133297990653,-0.316958780297,-2.921152598933,-2.104909262377,
-1.135108457509,-0.316958780297,-2.922963065790,-2.104861325477,
-1.136910849559,-0.316958780297,-2.924765457839,-2.104909262377,
-1.138705149013,-0.316958780297,-2.926559757294,-2.104909262377,
-1.140491338162,-0.316958780297,-2.928345946443,-2.104861325477,
-1.142269399378,-0.316958780297,-2.930124007659,-2.104765451678,
-1.144039315112,-0.316958780297,-2.931893923392,-2.104861325477,
-1.145801067894,-0.316958780297,-2.933655676175,-2.104909262377,
-1.147554640339,-0.316958780297,-2.935409248620,-2.104765451678,
-1.149300015138,-0.316958780297,-2.937154623418,-2.104909262377,
-1.151037175065,-0.316958780297,-2.938891783345,-2.104861325477,
-1.152766102975,-0.316958780297,-2.940620711256,-2.104861325477,
-1.154486781805,-0.316958780297,-2.942341390086,-2.104861325477,
-1.156199194572,-0.316958780297,-2.944053802853,-2.104909262377,
-1.157903324375,-0.316958780297,-2.945757932656,-2.104861325477,
-1.159599154395,-0.316958780297,-2.947453762676,-2.104813388578,
-1.161286667895,-0.316958780297,-2.949141276176,-2.104861325477,
-1.162965848220,-0.316958780297,-2.950820456501,-2.104861325477,
-1.164636678797,-0.316958780297,-2.952491287078,-2.104909262377,
-1.166299143136,-0.316958780297,-2.954153751417,-2.104909262377,
-1.167953224829,-0.316958780297,-2.955807833110,-2.104909262377,
-1.169598907550,-0.316958780297,-2.957453515831,-2.104861325477,
-1.171236175058,-0.316958780297,-2.959090783339,-2.104861325477,
-1.172865011193,-0.316958780297,-2.960719619474,-2.104765451678,
-1.174485399879,-0.316958780297,-2.962340008160,-2.104813388578,
-1.176097325124,-0.316958780297,-2.963951933405,-2.104861325477,
-1.177700771019,-0.316958780297,-2.965555379300,-2.104765451678,
-1.179295721738,-0.316958780297,-2.967150330019,-2.104765451678,
-1.180882161540,-0.316958780297,-2.968736769821,-2.104765451678,
-1.182460074767,-0.316958780297,-2.970314683048,-2.104861325477,
-1.184029445847,-0.316958780297,-2.971884054127,-2.104861325477,
-1.185590259289,-0.316958780297,-2.973444867569,-2.104909262377,
-1.187142499689,-0.316958780297,-2.974997107970,-2.104861325477,
-1.188686151728,-0.316958780297,-2.976540760008,-2.104909262377,
-1.190221200169,-0.316958780297,-2.978075808450,-2.104861325477,
-1.191747629864,-0.316958780297,-2.979602238145,-2.104765451678,
-1.193265425746,-0.316958780297,-2.981120034027,-2.104861325477,
-1.194774572835,-0.316958780297,-2.982629181116,-2.104765451678,
-1.196275056238,-0.316958780297,-2.984129664518,-2.104765451678,
-1.197766861143,-0.316958780297,-2.985621469424,-2.104861325477,
-1.199249972829,-0.316958780297,-2.987104581110,-2.104765451678,
-1.200724376658,-0.316958780297,-2.988578984939,-2.104909262377,
-1.202190058077,-0.316958780297,-2.990044666358,-2.104909262377,
-1.203647002621,-0.316958780297,-2.991501610902,-2.104765451678,
-1.205095195911,-0.316958780297,-2.992949804191,-2.104861325477,
-1.206534623653,-0.316958780297,-2.994389231934,-2.104909262377,
-1.207965271641,-0.316958780297,-2.995819879921,-2.104861325477,
-1.209387125755,-0.316958780297,-2.997241734035,-2.104813388578,
-1.210800171961,-0.316958780297,-2.998654780242,-2.104909262377,
-1.212204396314,-0.316958780297,-3.000059004595,-2.104909262377,
-1.213599784955,-0.316958780297,-3.001454393236,-2.104909262377,
-1.214986324112,-0.316958780297,-3.002840932392,-2.104861325477,
-1.216364000099,-0.316958780297,-3.004218608380,-2.104909262377,
-1.217732799320,-0.316958780297,-3.005587407601,-2.104765451678,
-1.219092708266,-0.316958780297,-3.006947316547,-2.104813388578,
-1.220443713514,-0.316958780297,-3.008298321795,-2.104909262377,
-1.221785801731,-0.316958780297,-3.009640410012,-2.104909262377,
-1.223118959671,-0.316958780297,-3.010973567952,-2.104765451678,
-1.224443174176,-0.316958780297,-3.012297782457,-2.104813388578,
-1.225758432177,-0.316958780297,-3.013613040458,-2.104813388578,
-1.227064720692,-0.316958780297,-3.014919328973,-2.104813388578,
-1.228362026830,-0.316958780297,-3.016216635111,-2.104909262377,
-1.229650337786,-0.316958780297,-3.017504946066,-2.104861325477,
-1.230929640845,-0.316958780297,-3.018784249125,-2.104861325477,
-1.232199923380,-0.316958780297,-3.020054531661,-2.104861325477,
-1.233461172856,-0.316958780297,-3.021315781137,-2.104909262377,
-1.234713376823,-0.316958780297,-3.022567985104,-2.104861325477,
-1.235956522923,-0.316958780297,-3.023811131204,-2.104765451678,
-1.237190598887,-0.316958780297,-3.025045207168,-2.104861325477,
-1.238415592534,-0.316958780297,-3.026270200815,-2.104861325477,
-1.239631491775,-0.316958780297,-3.027486100056,-2.104861325477,
-1.240838284610,-0.316958780297,-3.028692892890,-2.104909262377,
-1.242035959127,-0.316958780297,-3.029890567407,-2.104765451678,
-1.243224503505,-0.316958780297,-3.031079111786,-2.104813388578,
-1.244403906016,-0.316958780297,-3.032258514297,-2.104765451678,
-1.245574155018,-0.316958780297,-3.033428763298,-2.104765451678,
-1.246735238961,-0.316958780297,-3.034589847242,-2.104861325477,
-1.247887146386,-0.316958780297,-3.035741754667,-2.104765451678,
-1.249029865925,-0.316958780297,-3.036884474205,-2.104861325477,
-1.250163386298,-0.316958780297,-3.038017994579,-2.104861325477,
-1.251287696319,-0.316958780297,-3.039142304600,-2.104861325477,
-1.252402784891,-0.316958780297,-3.040257393172,-2.104861325477,
-1.253508641009,-0.316958780297,-3.041363249290,-2.104909262377,
-1.254605253758,-0.316958780297,-3.042459862039,-2.104765451678,
-1.255692612315,-0.316958780297,-3.043547220596,-2.104765451678,
-1.256770705949,-0.316958780297,-3.044625314230,-2.104765451678,
-1.257839524019,-0.316958780297,-3.045694132299,-2.104861325477,
-1.258899055975,-0.316958780297,-3.046753664256,-2.104765451678,
-1.259949291362,-0.316958780297,-3.047803899643,-2.104861325477,
-1.260990219814,-0.316958780297,-3.048844828095,-2.104861325477,
-1.262021831057,-0.316958780297,-3.049876439337,-2.104861325477,
-1.263044114909,-0.316958780297,-3.050898723190,-2.104765451678,
-1.264057061281,-0.316958780297,-3.051911669562,-2.104861325477,
-1.265060660176,-0.316958780297,-3.052915268457,-2.104765451678,
-1.266054901689,-0.316958780297,-3.053909509970,-2.104813388578,
-1.267039776006,-0.316958780297,-3.054894384287,-2.104813388578,
-1.268015273408,-0.316958780297,-3.055869881688,-2.104765451678,
-1.268981384266,-0.316958780297,-3.056835992547,-2.104909262377,
-1.269938099046,-0.316958780297,-3.057792707327,-2.104909262377,
-1.270885408305,-0.316958780297,-3.058740016586,-2.104813388578,
-1.271823302694,-0.316958780297,-3.059677910975,-2.104861325477,
-1.272751772956,-0.316910843397,-3.060606381237,-2.104813388578,
-1.273670809927,-0.316958780297,-3.061525418208,-2.104861325477,
-1.274580404537,-0.316958780297,-3.062435012818,-2.104813388578,
-1.275480547808,-0.316958780297,-3.063335156089,-2.104861325477,
-1.276371230857,-0.316958780297,-3.064225839138,-2.104765451678,
-1.277252444893,-0.316958780297,-3.065107053173,-2.104813388578,
-1.278124181218,-0.316958780297,-3.065978789499,-2.104765451678,
-1.278986431229,-0.316958780297,-3.066841039510,-2.104861325477,
-1.279839186416,-0.316958780297,-3.067693794697,-2.104813388578,
-1.280682438362,-0.316958780297,-3.068537046643,-2.104861325477,
-1.281516178745,-0.316958780297,-3.069370787026,-2.104861325477,
-1.282340399337,-0.316958780297,-3.070195007617,-2.104765451678,
-1.283155092002,-0.316958780297,-3.071009700282,-2.104861325477,
-1.283960248699,-0.316958780297,-3.071814856980,-2.104765451678,
-1.284755861483,-0.316958780297,-3.072610469764,-2.104813388578,
-1.285541922501,-0.316958780297,-3.073396530782,-2.104861325477,
-1.286318423994,-0.316958780297,-3.074173032275,-2.104861325477,
-1.287085358300,-0.316958780297,-3.074939966580,-2.104765451678,
-1.287842717848,-0.316958780297,-3.075697326129,-2.104813388578,
-1.288590495164,-0.316958780297,-3.076445103445,-2.104909262377,
-1.289328682867,-0.316958780297,-3.077183291148,-2.104909262377,
-1.290057273673,-0.316958780297,-3.077911881954,-2.104909262377,
-1.290776260389,-0.316958780297,-3.078630868670,-2.104765451678,
-1.291485635921,-0.316958780297,-3.079340244202,-2.104861325477,
-1.292185393266,-0.316958780297,-3.080040001547,-2.104861325477,
-1.292875525519,-0.317006717196,-3.080730133799,-2.104909262377,
-1.293556025867,-0.316958780297,-3.081410634148,-2.104861325477,
-1.294226887595,-0.316958780297,-3.082081495876,-2.104813388578,
-1.294888104083,-0.316958780297,-3.082742712363,-2.104861325477,
-1.295539668802,-0.316958780297,-3.083394277083,-2.104765451678,
-1.296181575324,-0.316958780297,-3.084036183605,-2.104861325477,
-1.296813817312,-0.316958780297,-3.084668425593,-2.104861325477,
-1.297436388528,-0.316958780297,-3.085290996808,-2.104813388578,
-1.298049282825,-0.316958780297,-3.085903891106,-2.104909262377,
-1.298652494155,-0.316958780297,-3.086507102436,-2.104765451678,
-1.299246016565,-0.316958780297,-3.087100624846,-2.104909262377,
-1.299829844197,-0.316958780297,-3.087684452478,-2.104909262377,
-1.300403971289,-0.316958780297,-3.088258579570,-2.104765451678,
-1.300968392174,-0.316958780297,-3.088823000455,-2.104765451678,
-1.301523101282,-0.316958780297,-3.089377709563,-2.104861325477,
-1.302068093138,-0.316958780297,-3.089922701419,-2.104765451678,
-1.302603362363,-0.316958780297,-3.090457970644,-2.104765451678,
-1.303128903674,-0.316958780297,-3.090983511955,-2.104765451678,
-1.303644711884,-0.316958780297,-3.091499320165,-2.104861325477,
-1.304150781903,-0.316958780297,-3.092005390184,-2.104765451678,
-1.304647108736,-0.316958780297,-3.092501717017,-2.104765451678,
-1.305133687484,-0.316958780297,-3.092988295765,-2.104909262377,
-1.305610513345,-0.316958780297,-3.093465121626,-2.104813388578,
-1.306077581613,-0.316958780297,-3.093932189894,-2.104813388578,
-1.306534887678,-0.316958780297,-3.094389495959,-2.104861325477,
-1.306982427027,-0.316958780297,-3.094837035308,-2.104861325477,
-1.307420195242,-0.316958780297,-3.095274803523,-2.104765451678,
-1.307848188003,-0.316958780297,-3.095702796284,-2.104765451678,
-1.308266401087,-0.316958780297,-3.096121009367,-2.104909262377,
-1.308674830364,-0.316958780297,-3.096529438645,-2.104909262377,
-1.309073471805,-0.316958780297,-3.096928080086,-2.104765451678,
-1.309462321475,-0.316958780297,-3.097316929756,-2.104909262377,
-1.309841375536,-0.316958780297,-3.097695983816,-2.104861325477,
-1.310210630246,-0.316958780297,-3.098065238527,-2.104765451678,
-1.310570081963,-0.316958780297,-3.098424690243,-2.104765451678,
-1.310919727137,-0.316958780297,-3.098774335418,-2.104765451678,
-1.311259562318,-0.316958780297,-3.099114170599,-2.104765451678,
-1.311589584153,-0.316958780297,-3.099444192433,-2.104765451678,
-1.311909789383,-0.316958780297,-3.099764397663,-2.104765451678,
-1.312220174848,-0.316958780297,-3.100074783129,-2.104861325477,
-1.312520737486,-0.316958780297,-3.100375345767,-2.104861325477,
-1.312811474330,-0.316958780297,-3.100666082611,-2.104861325477,
-1.313092382510,-0.316958780297,-3.100946990791,-2.104765451678,
-1.313363459254,-0.316958780297,-3.101218067534,-2.104909262377,
-1.313624701886,-0.316958780297,-3.101479310167,-2.104909262377,
-1.313876107828,-0.316958780297,-3.101730716109,-2.104765451678,
-1.314117674599,-0.316958780297,-3.101972282880,-2.104861325477,
-1.314349399815,-0.316958780297,-3.102204008096,-2.104861325477,
-1.314571281188,-0.316958780297,-3.102425889469,-2.104909262377,
-1.314783316529,-0.316958780297,-3.102637924810,-2.104861325477,
-1.314985503745,-0.316958780297,-3.102840112026,-2.104765451678,
-1.315177840840,-0.316958780297,-3.103032449121,-2.104765451678,
-1.315360325917,-0.317006717196,-3.103214934198,-2.104861325477,
-1.315532957174,-0.316958780297,-3.103387565455,-2.104909262377,
-1.315695732907,-0.316958780297,-3.103550341188,-2.104861325477,
-1.315848651510,-0.316958780297,-3.103703259791,-2.104861325477,
-1.315991711474,-0.316958780297,-3.103846319754,-2.104813388578,
-1.316124911386,-0.316958780297,-3.103979519667,-2.104813388578,
-1.316248249932,-0.316958780297,-3.104102858213,-2.104909262377,
-1.316361725895,-0.316958780297,-3.104216334176,-2.104861325477,
-1.316465338154,-0.316958780297,-3.104319946435,-2.104765451678,
-1.316559085688,-0.316958780297,-3.104413693969,-2.104861325477,
-1.316642967571,-0.316958780297,-3.104497575852,-2.104861325477,
-1.316716982974,-0.316958780297,-3.104571591255,-2.104909262377,
-1.316781131169,-0.316958780297,-3.104635739449,-2.104909262377,
-1.316835411520,-0.316958780297,-3.104690019801,-2.104813388578,
-1.316879823493,-0.316958780297,-3.104734431774,-2.104861325477,
-1.316914366650,-0.316958780297,-3.104768974930,-2.104861325477,
-1.316939040649,-0.316958780297,-3.104793648929,-2.104861325477,
-1.316953845246,-0.316958780297,-3.104808453527,-2.104861325477,
-1.316958780297,-0.316958780297,-3.104813388578,-2.104861325477,
-1.316953845751,-0.316958780297,-3.104808454032,-2.104765451678,
-1.316939041659,-0.316958780297,-3.104793649939,-2.104861325477,
-1.316914368165,-0.316958780297,-3.104768976446,-2.104861325477,
-1.316879825513,-0.316958780297,-3.104734433794,-2.104909262377,
-1.316835414045,-0.316958780297,-3.104690022326,-2.104909262377,
-1.316781134199,-0.316958780297,-3.104635742480,-2.104765451678,
-1.316716986510,-0.316958780297,-3.104571594790,-2.104813388578,
-1.316642971611,-0.316958780297,-3.104497579892,-2.104813388578,
-1.316559090233,-0.316958780297,-3.104413698514,-2.104765451678,
-1.316465343204,-0.316958780297,-3.104319951485,-2.104765451678,
-1.316361731450,-0.316958780297,-3.104216339730,-2.104909262377,
-1.316248255991,-0.316958780297,-3.104102864272,-2.104765451678,
-1.316124917950,-0.316958780297,-3.103979526231,-2.104861325477,
-1.315991718542,-0.316958780297,-3.103846326823,-2.104861325477,
-1.315848659083,-0.316958780297,-3.103703267364,-2.104861325477,
-1.315695740985,-0.316958780297,-3.103550349266,-2.104909262377,
-1.315532965756,-0.316958780297,-3.103387574037,-2.104861325477,
-1.315360335004,-0.316958780297,-3.103214943284,-2.104861325477,
-1.315177850431,-0.316958780297,-3.103032458712,-2.104861325477,
-1.314985513840,-0.316958780297,-3.102840122121,-2.104861325477,
-1.314783327128,-0.316958780297,-3.102637935409,-2.104861325477,
-1.314571292291,-0.316958780297,-3.102425900572,-2.104909262377,
-1.314349411421,-0.316958780297,-3.102204019702,-2.104765451678,
-1.314117686709,-0.316958780297,-3.101972294990,-2.104909262377,
-1.313876120442,-0.316958780297,-3.101730728723,-2.104861325477,
-1.313624715003,-0.316958780297,-3.101479323284,-2.104861325477,
-1.313363472874,-0.316958780297,-3.101218081155,-2.104765451678,
-1.313092396634,-0.316958780297,-3.100947004914,-2.104909262377,
-1.312811488957,-0.316958780297,-3.100666097238,-2.104813388578,
-1.312520752616,-0.316958780297,-3.100375360897,-2.104861325477,
-1.312220190481,-0.316958780297,-3.100074798762,-2.104909262377,
-1.311909805518,-0.316958780297,-3.099764413799,-2.104909262377,
-1.311589600790,-0.316958780297,-3.099444209071,-2.104861325477,
-1.311259579458,-0.317006717196,-3.099114187739,-2.104813388578,
-1.310919744779,-0.316958780297,-3.098774353060,-2.104861325477,
-1.310570100107,-0.316958780297,-3.098424708387,-2.104813388578,
-1.310210648892,-0.316958780297,-3.098065257173,-2.104765451678,
-1.309841394683,-0.316958780297,-3.097696002964,-2.104909262377,
-1.309462341123,-0.316958780297,-3.097316949404,-2.104861325477,
-1.309073491955,-0.316958780297,-3.096928100236,-2.104861325477,
-1.308674851015,-0.316958780297,-3.096529459296,-2.104861325477,
-1.308266422238,-0.316958780297,-3.096121030519,-2.104909262377,
-1.307848209656,-0.316958780297,-3.095702817936,-2.104861325477,
-1.307420217395,-0.316958780297,-3.095274825675,-2.104861325477,
-1.306982449680,-0.316958780297,-3.094837057960,-2.104861325477,
-1.306534910831,-0.316958780297,-3.094389519112,-2.104813388578,
-1.306077605266,-0.316958780297,-3.093932213546,-2.104765451678,
-1.305610537497,-0.316958780297,-3.093465145778,-2.104813388578,
-1.305133712135,-0.316958780297,-3.092988320416,-2.104861325477,
-1.304647133886,-0.316958780297,-3.092501742167,-2.104909262377,
-1.304150807552,-0.316958780297,-3.092005415833,-2.104813388578,
-1.303644738032,-0.316958780297,-3.091499346312,-2.104861325477,
-1.303128930319,-0.316958780297,-3.090983538600,-2.104861325477,
-1.302603389506,-0.316958780297,-3.090457997787,-2.104909262377,
-1.302068120779,-0.316910843397,-3.089922729060,-2.104765451678,
-1.301523129421,-0.316958780297,-3.089377737701,-2.104765451678,
-1.300968420810,-0.316958780297,-3.088823029091,-2.104861325477,
-1.300404000422,-0.316958780297,-3.088258608702,-2.104765451678,
-1.299829873826,-0.316958780297,-3.087684482107,-2.104861325477,
-1.299246046691,-0.316958780297,-3.087100654971,-2.104861325477,
-1.298652524776,-0.316958780297,-3.086507133057,-2.104861325477,
-1.298049313942,-0.316958780297,-3.085903922222,-2.104765451678,
-1.297436420140,-0.316958780297,-3.085291028421,-2.104861325477,
-1.296813849420,-0.316958780297,-3.084668457700,-2.104861325477,
-1.296181607926,-0.316958780297,-3.084036216207,-2.104765451678,
-1.295539701899,-0.316958780297,-3.083394310179,-2.104861325477,
-1.294888137673,-0.316958780297,-3.082742745954,-2.104861325477,
-1.294226921680,-0.316958780297,-3.082081529961,-2.104909262377,
-1.293556060445,-0.316958780297,-3.081410668726,-2.104861325477,
-1.292875560589,-0.316958780297,-3.080730168870,-2.104861325477,
-1.292185428830,-0.316958780297,-3.080040037110,-2.104861325477,
-1.291485671977,-0.316958780297,-3.079340280257,-2.104861325477,
-1.290776296937,-0.316958780297,-3.078630905218,-2.104909262377,
-1.290057310712,-0.316958780297,-3.077911918993,-2.104861325477,
-1.289328720398,-0.316958780297,-3.077183328679,-2.104861325477,
-1.288590533186,-0.316958780297,-3.076445141466,-2.104909262377,
-1.287842756360,-0.316958780297,-3.075697364641,-2.104861325477,
-1.287085397302,-0.316958780297,-3.074940005583,-2.104861325477,
-1.286318463487,-0.316958780297,-3.074173071767,-2.104909262377,
-1.285541962483,-0.316958780297,-3.073396570763,-2.104765451678,
-1.284755901954,-0.316958780297,-3.072610510235,-2.104861325477,
-1.283960289659,-0.316958780297,-3.071814897939,-2.104861325477,
-1.283155133449,-0.316958780297,-3.071009741730,-2.104765451678,
-1.282340441272,-0.316958780297,-3.070195049553,-2.104765451678,
-1.281516221168,-0.316958780297,-3.069370829449,-2.104909262377,
-1.280682481272,-0.316958780297,-3.068537089553,-2.104861325477,
-1.279839229812,-0.316958780297,-3.067693838093,-2.104861325477,
-1.278986475111,-0.316958780297,-3.066841083392,-2.104861325477,
-1.278124225586,-0.316958780297,-3.065978833867,-2.104765451678,
-1.277252489746,-0.316958780297,-3.065107098027,-2.104861325477,
-1.276371276195,-0.316958780297,-3.064225884476,-2.104861325477,
-1.275480593631,-0.316958780297,-3.063335201911,-2.104861325477,
-1.274580450843,-0.316958780297,-3.062435059124,-2.104861325477,
-1.273670856717,-0.316958780297,-3.061525464997,-2.104861325477,
-1.272751820229,-0.316958780297,-3.060606428509,-2.104765451678,
-1.271823350449,-0.316958780297,-3.059677958730,-2.104861325477,
-1.270885456543,-0.316958780297,-3.058740064823,-2.104909262377,
-1.269938147765,-0.316958780297,-3.057792756046,-2.104861325477,
-1.268981433466,-0.316958780297,-3.056836041747,-2.104909262377,
-1.268015323088,-0.316958780297,-3.055869931369,-2.104765451678,
-1.267039826167,-0.316958780297,-3.054894434447,-2.104861325477,
-1.266054952329,-0.316958780297,-3.053909560610,-2.104909262377,
-1.265060711296,-0.316958780297,-3.052915319576,-2.104861325477,
-1.264057112879,-0.316958780297,-3.051911721160,-2.104765451678,
-1.263044166985,-0.316958780297,-3.050898775266,-2.104909262377,
-1.262021883610,-0.317006717196,-3.049876491891,-2.104861325477,
-1.260990272845,-0.316958780297,-3.048844881125,-2.104765451678,
-1.259949344870,-0.316958780297,-3.047803953150,-2.104861325477,
-1.258899109959,-0.316958780297,-3.046753718239,-2.104861325477,
-1.257839578477,-0.316958780297,-3.045694186758,-2.104909262377,
-1.256770760883,-0.316958780297,-3.044625369163,-2.104765451678,
-1.255692667723,-0.316958780297,-3.043547276004,-2.104813388578,
-1.254605309640,-0.316958780297,-3.042459917921,-2.104909262377,
-1.253508697364,-0.316958780297,-3.041363305645,-2.104765451678,
-1.252402841719,-0.316958780297,-3.040257450000,-2.104813388578,
-1.251287753619,-0.316958780297,-3.039142361900,-2.104861325477,
-1.250163444070,-0.316958780297,-3.038018052350,-2.104909262377,
-1.249029924167,-0.316958780297,-3.036884532448,-2.104909262377,
-1.247887205099,-0.316958780297,-3.035741813380,-2.104861325477,
-1.246735298144,-0.316958780297,-3.034589906425,-2.104861325477,
-1.245574214670,-0.316958780297,-3.033428822951,-2.104861325477,
-1.244403966137,-0.316958780297,-3.032258574418,-2.104861325477,
-1.243224564095,-0.316958780297,-3.031079172376,-2.104813388578,
-1.242036020183,-0.316958780297,-3.029890628464,-2.104861325477,
-1.240838346134,-0.316958780297,-3.028692954414,-2.104909262377,
-1.239631553766,-0.316958780297,-3.027486162046,-2.104813388578,
-1.238415654990,-0.316958780297,-3.026270263271,-2.104861325477,
-1.237190661808,-0.316958780297,-3.025045270089,-2.104861325477,
-1.235956586309,-0.316958780297,-3.023811194589,-2.104861325477,
-1.234713440672,-0.316958780297,-3.022568048953,-2.104909262377,
-1.233461237168,-0.316958780297,-3.021315845449,-2.104909262377,
-1.232199988155,-0.316958780297,-3.020054596436,-2.104909262377,
-1.230929706082,-0.316958780297,-3.018784314362,-2.104765451678,
-1.229650403484,-0.316958780297,-3.017505011765,-2.104909262377,
-1.228362092989,-0.316958780297,-3.016216701270,-2.104861325477,
-1.227064787311,-0.316958780297,-3.014919395592,-2.104813388578,
-1.225758499255,-0.316958780297,-3.013613107536,-2.104765451678,
-1.224443241713,-0.316958780297,-3.012297849994,-2.104861325477,
-1.223119027666,-0.316958780297,-3.010973635947,-2.104861325477,
-1.221785870183,-0.316958780297,-3.009640478464,-2.104765451678,
-1.220443782423,-0.316958780297,-3.008298390704,-2.104813388578,
-1.219092777631,-0.316958780297,-3.006947385912,-2.104765451678,
-1.217732869141,-0.316958780297,-3.005587477421,-2.104765451678,
-1.216364070374,-0.316958780297,-3.004218678655,-2.104765451678,
-1.214986394840,-0.316958780297,-3.002841003121,-2.104861325477,
-1.213599856137,-0.316958780297,-3.001454464418,-2.104861325477,
-1.212204467949,-0.316958780297,-3.000059076230,-2.104861325477,
-1.210800244048,-0.316958780297,-2.998654852328,-2.104909262377,
-1.209387198292,-0.316958780297,-2.997241806573,-2.104909262377,
-1.207965344629,-0.316958780297,-2.995819952909,-2.104765451678,
-1.206534697090,-0.316958780297,-2.994389305371,-2.104765451678,
-1.205095269797,-0.316958780297,-2.992949878078,-2.104861325477,
-1.203647076956,-0.316958780297,-2.991501685237,-2.104861325477,
-1.202190132859,-0.316958780297,-2.990044741140,-2.104861325477,
-1.200724451887,-0.316958780297,-2.988579060168,-2.104909262377,
-1.199250048504,-0.316958780297,-2.987104656785,-2.104861325477,
-1.197766937264,-0.316958780297,-2.985621545544,-2.104861325477,
-1.196275132802,-0.316958780297,-2.984129741083,-2.104765451678,
-1.194774649844,-0.316958780297,-2.982629258124,-2.104909262377,
-1.193265503197,-0.316958780297,-2.981120111478,-2.104861325477,
-1.191747707757,-0.316958780297,-2.979602316038,-2.104765451678,
-1.190221278504,-0.316958780297,-2.978075886785,-2.104813388578,
-1.188686230503,-0.316958780297,-2.976540838784,-2.104909262377,
-1.187142578905,-0.316958780297,-2.974997187185,-2.104765451678,
-1.185590338943,-0.316958780297,-2.973444947224,-2.104765451678,
-1.184029525940,-0.316958780297,-2.971884134220,-2.104765451678,
-1.182460155298,-0.316958780297,-2.970314763579,-2.104861325477,
-1.180882242507,-0.316958780297,-2.968736850788,-2.104909262377,
-1.179295803141,-0.316958780297,-2.967150411422,-2.104861325477,
-1.177700852857,-0.316958780297,-2.965555461138,-2.104813388578,
-1.176097407397,-0.316958780297,-2.963952015678,-2.104765451678,
-1.174485482585,-0.316958780297,-2.962340090866,-2.104765451678,
-1.172865094332,-0.316958780297,-2.960719702613,-2.104813388578,
-1.171236258629,-0.316958780297,-2.959090866909,-2.104861325477,
-1.169598991552,-0.317006717196,-2.957453599833,-2.104813388578,
-1.167953309261,-0.316958780297,-2.955807917542,-2.104861325477,
-1.166299227998,-0.316958780297,-2.954153836278,-2.104861325477,
-1.164636764087,-0.316958780297,-2.952491372368,-2.104861325477,
-1.162965933938,-0.316958780297,-2.950820542219,-2.104909262377,
-1.161286754040,-0.316958780297,-2.949141362321,-2.104861325477,
-1.159599240966,-0.316958780297,-2.947453849246,-2.104909262377,
-1.157903411371,-0.316958780297,-2.945758019651,-2.104861325477,
-1.156199281992,-0.316958780297,-2.944053890273,-2.104861325477,
-1.154486869649,-0.316958780297,-2.942341477929,-2.104909262377,
-1.152766191241,-0.316958780297,-2.940620799522,-2.104861325477,
-1.151037263753,-0.316958780297,-2.938891872033,-2.104765451678,
-1.149300104246,-0.316910843397,-2.937154712527,-2.104861325477,
-1.147554729867,-0.316958780297,-2.935409338148,-2.104909262377,
-1.145801157842,-0.316958780297,-2.933655766123,-2.104909262377,
-1.144039405478,-0.316958780297,-2.931894013758,-2.104861325477,
-1.142269490161,-0.316958780297,-2.930124098442,-2.104813388578,
-1.140491429362,-0.316958780297,-2.928346037643,-2.104861325477,
-1.138705240628,-0.316958780297,-2.926559848909,-2.104909262377,
-1.136910941588,-0.316958780297,-2.924765549869,-2.104813388578,
-1.135108549952,-0.316958780297,-2.922963158233,-2.104861325477,
-1.133298083509,-0.316958780297,-2.921152691789,-2.104909262377,
-1.131479560126,-0.316958780297,-2.919334168407,-2.104909262377,
-1.129652997752,-0.316958780297,-2.917507606033,-2.104765451678,
-1.127818414415,-0.316958780297,-2.915673022696,-2.104861325477,
-1.125975828221,-0.316958780297,-2.913830436501,-2.104909262377,
-1.124125257355,-0.316958780297,-2.911979865636,-2.104909262377,
-1.122266720082,-0.316958780297,-2.910121328363,-2.104861325477,
-1.120400234746,-0.316958780297,-2.908254843027,-2.104909262377,
-1.118525819767,-0.316958780297,-2.906380428047,-2.104765451678,
-1.116643493645,-0.316958780297,-2.904498101925,-2.104861325477,
-1.114753274958,-0.316958780297,-2.902607883239,-2.104765451678,
-1.112855182362,-0.316958780297,-2.900709790642,-2.104813388578,
-1.110949234589,-0.316958780297,-2.898803842870,-2.104765451678,
-1.109035450452,-0.316958780297,-2.896890058733,-2.104765451678,
-1.107113848838,-0.316958780297,-2.894968457119,-2.104765451678,
-1.105184448713,-0.316958780297,-2.893039056994,-2.104765451678,
-1.103247269119,-0.316958780297,-2.891101877400,-2.104813388578,
-1.101302329176,-0.316958780297,-2.889156937457,-2.104765451678,
-1.099349648078,-0.316958780297,-2.887204256359,-2.104861325477,
-1.097389245099,-0.316958780297,-2.885243853380,-2.104861325477,
-1.095421139586,-0.316958780297,-2.883275747867,-2.104909262377,
-1.093445350965,-0.316958780297,-2.881299959246,-2.104861325477,
-1.091461898735,-0.316958780297,-2.879316507015,-2.104909262377,
-1.089470802472,-0.316958780297,-2.877325410752,-2.104813388578,
-1.087472081827,-0.316958780297,-2.875326690108,-2.104861325477,
-1.085465756527,-0.316958780297,-2.873320364808,-2.104861325477,
-1.083451846374,-0.316958780297,-2.871306454655,-2.104909262377,
-1.081430371245,-0.316958780297,-2.869284979525,-2.104813388578,
-1.079401351089,-0.316958780297,-2.867255959370,-2.104861325477,
-1.077364805933,-0.316958780297,-2.865219414214,-2.104861325477,
-1.075320755878,-0.316958780297,-2.863175364158,-2.104861325477,
-1.073269221095,-0.316958780297,-2.861123829376,-2.104861325477,
-1.071210221835,-0.316958780297,-2.859064830116,-2.104813388578,
-1.069143778417,-0.316958780297,-2.856998386698,-2.104765451678,
-1.067069911238,-0.316958780297,-2.854924519519,-2.104861325477,
-1.064988640764,-0.316958780297,-2.852843249045,-2.104909262377,
-1.062899987539,-0.316958780297,-2.850754595819,-2.104765451678,
-1.060803972175,-0.316958780297,-2.848658580455,-2.104765451678,
-1.058700615359,-0.316958780297,-2.846555223640,-2.104909262377,
-1.056589937851,-0.316958780297,-2.844444546132,-2.104909262377,
-1.054471960483,-0.316958780297,-2.842326568763,-2.104861325477,
-1.052346704157,-0.316958780297,-2.840201312438,-2.104861325477,
-1.050214189850,-0.316958780297,-2.838068798130,-2.104813388578,
-1.048074438608,-0.316958780297,-2.835929046888,-2.104909262377,
-1.045927471550,-0.316958780297,-2.833782079830,-2.104813388578,
-1.043773309865,-0.316958780297,-2.831627918146,-2.104765451678,
-1.041611974815,-0.316958780297,-2.829466583096,-2.104861325477,
-1.039443487731,-0.316958780297,-2.827298096011,-2.104813388578,
-1.037267870014,-0.316958780297,-2.825122478295,-2.104909262377,
-1.035085143138,-0.316958780297,-2.822939751419,-2.104861325477,
-1.032895328645,-0.316958780297,-2.820749936925,-2.104765451678,
-1.030698448147,-0.317006717196,-2.818553056427,-2.104765451678,
-1.028494523327,-0.316958780297,-2.816349131608,-2.104861325477,
-1.026283575937,-0.316958780297,-2.814138184217,-2.104861325477,
-1.024065627797,-0.316958780297,-2.811920236078,-2.104813388578,
-1.021840700799,-0.316958780297,-2.809695309080,-2.104909262377,
-1.019608816901,-0.316958780297,-2.807463425182,-2.104765451678,
-1.017369998131,-0.316958780297,-2.805224606412,-2.104813388578,
-1.015124266586,-0.316958780297,-2.802978874867,-2.104861325477,
-1.012871644429,-0.316958780297,-2.800726252710,-2.104765451678,
-1.010612153893,-0.316958780297,-2.798466762174,-2.104861325477,
-1.008345817279,-0.316958780297,-2.796200425560,-2.104909262377,
-1.006072656954,-0.316958780297,-2.793927265235,-2.104765451678,
-1.003792695354,-0.316958780297,-2.791647303635,-2.104765451678,
-1.001505954980,-0.316958780297,-2.789360563261,-2.104861325477,
-0.999212458403,-0.316958780297,-2.787067066684,-2.104861325477,
-0.996912228257,-0.316958780297,-2.784766836538,-2.104861325477,
-0.994605287246,-0.316958780297,-2.782459895526,-2.104765451678,
-0.992291658137,-0.316958780297,-2.780146266418,-2.104909262377,
-0.989971363765,-0.316958780297,-2.777825972046,-2.104909262377,
-0.987644427032,-0.316958780297,-2.775499035312,-2.104909262377,
-0.985310870902,-0.316958780297,-2.773165479182,-2.104909262377,
-0.982970718407,-0.316958780297,-2.770825326687,-2.104861325477,
-0.980623992643,-0.316958780297,-2.768478600924,-2.104861325477,
-0.978270716772,-0.316958780297,-2.766125325052,-2.104909262377,
-0.975910914019,-0.316958780297,-2.763765522299,-2.104861325477,
-0.973544607674,-0.316958780297,-2.761399215955,-2.104909262377,
-0.971171821093,-0.316958780297,-2.759026429374,-2.104765451678,
-0.968792577694,-0.316958780297,-2.756647185975,-2.104861325477,
-0.966406900958,-0.316958780297,-2.754261509239,-2.104861325477,
-0.964014814432,-0.316958780297,-2.751869422713,-2.104909262377,
-0.961616341724,-0.316958780297,-2.749470950005,-2.104861325477,
-0.959211506507,-0.316958780297,-2.747066114788,-2.104765451678,
-0.956800332515,-0.316958780297,-2.744654940795,-2.104813388578,
-0.954382843545,-0.316958780297,-2.742237451825,-2.104861325477,
-0.951959063457,-0.316958780297,-2.739813671738,-2.104765451678,
-0.949529016173,-0.316958780297,-2.737383624453,-2.104813388578,
-0.947092725676,-0.316958780297,-2.734947333957,-2.104861325477,
-0.944650216012,-0.316958780297,-2.732504824293,-2.104861325477,
-0.942201511287,-0.316958780297,-2.730056119568,-2.104909262377,
-0.939746635669,-0.316958780297,-2.727601243949,-2.104861325477,
-0.937285613386,-0.316958780297,-2.725140221667,-2.104861325477,
-0.934818468728,-0.316958780297,-2.722673077009,-2.104765451678,
-0.932345226045,-0.316958780297,-2.720199834326,-2.104813388578,
-0.929865909746,-0.316958780297,-2.717720518027,-2.104861325477,
-0.927380544301,-0.316958780297,-2.715235152582,-2.104861325477,
-0.924889154241,-0.316958780297,-2.712743762521,-2.104909262377,
-0.922391764153,-0.316958780297,-2.710246372433,-2.104861325477,
-0.919888398686,-0.316958780297,-2.707743006967,-2.104861325477,
-0.917379082547,-0.316958780297,-2.705233690828,-2.104765451678,
-0.914863840503,-0.316958780297,-2.702718448784,-2.104861325477,
-0.912342697377,-0.316958780297,-2.700197305658,-2.104765451678,
-0.909815678053,-0.316958780297,-2.697670286334,-2.104909262377,
-0.907282807470,-0.316958780297,-2.695137415751,-2.104861325477,
-0.904744110628,-0.316958780297,-2.692598718909,-2.104861325477,
-0.902199612583,-0.316958780297,-2.690054220863,-2.104861325477,
-0.899649338446,-0.316958780297,-2.687503946727,-2.104765451678,
-0.897093313390,-0.316958780297,-2.684947921670,-2.104861325477,
-0.894531562640,-0.316958780297,-2.682386170920,-2.104861325477,
-0.891964111479,-0.316958780297,-2.679818719760,-2.104861325477,
-0.889390985249,-0.316958780297,-2.677245593530,-2.104813388578,
-0.886812209344,-0.316958780297,-2.674666817625,-2.104861325477,
-0.884227809216,-0.317006717196,-2.672082417497,-2.104861325477,
-0.881637810372,-0.316958780297,-2.669492418653,-2.104861325477,
-0.879042238374,-0.316958780297,-2.666896846654,-2.104813388578,
-0.876441118839,-0.316958780297,-2.664295727120,-2.104909262377,
-0.873834477440,-0.316958780297,-2.661689085721,-2.104861325477,
-0.871222339902,-0.316958780297,-2.659076948183,-2.104765451678,
-0.868604732008,-0.316958780297,-2.656459340288,-2.104861325477,
-0.865981679590,-0.316958780297,-2.653836287871,-2.104909262377,
-0.863353208539,-0.316958780297,-2.651207816819,-2.104861325477,
-0.860719344795,-0.316958780297,-2.648573953075,-2.104909262377,
-0.858080114354,-0.316958780297,-2.645934722635,-2.104861325477,
-0.855435543264,-0.316958780297,-2.643290151545,-2.104909262377,
-0.852785657626,-0.316958780297,-2.640640265907,-2.104765451678,
-0.850130483593,-0.316958780297,-2.637985091874,-2.104813388578,
-0.847470047371,-0.316958780297,-2.635324655652,-2.104861325477,
-0.844804375218,-0.316958780297,-2.632658983498,-2.104765451678,
-0.842133493441,-0.316958780297,-2.629988101722,-2.104861325477,
-0.839457428402,-0.316958780297,-2.627312036683,-2.104861325477,
-0.836776206513,-0.316958780297,-2.624630814794,-2.104909262377,
-0.834089854236,-0.316958780297,-2.621944462516,-2.104861325477,
-0.831398398084,-0.316958780297,-2.619253006364,-2.104765451678,
-0.828701864620,-0.316958780297,-2.616556472901,-2.104909262377,
-0.826000280460,-0.316958780297,-2.613854888740,-2.104813388578,
-0.823293672265,-0.316958780297,-2.611148280546,-2.104861325477,
-0.820582066750,-0.316958780297,-2.608436675030,-2.104813388578,
-0.817865490676,-0.316958780297,-2.605720098957,-2.104861325477,
-0.815143970855,-0.316958780297,-2.602998579136,-2.104861325477,
-0.812417534148,-0.316958780297,-2.600272142429,-2.104861325477,
-0.809686207463,-0.316958780297,-2.597540815744,-2.104861325477,
-0.806950017758,-0.316958780297,-2.594804626039,-2.104909262377,
-0.804208992037,-0.316958780297,-2.592063600318,-2.104765451678,
-0.801463157353,-0.316958780297,-2.589317765634,-2.104909262377,
-0.798712540807,-0.316958780297,-2.586567149088,-2.104909262377,
-0.795957169546,-0.316958780297,-2.583811777827,-2.104861325477,
-0.793197070764,-0.316958780297,-2.581051679045,-2.104861325477,
-0.790432271703,-0.316958780297,-2.578286879984,-2.104861325477,
-0.787662799650,-0.316958780297,-2.575517407931,-2.104909262377,
-0.784888681938,-0.316958780297,-2.572743290219,-2.104765451678,
-0.782109945947,-0.316958780297,-2.569964554228,-2.104765451678,
-0.779326619103,-0.316958780297,-2.567181227383,-2.104765451678,
-0.776538728874,-0.316958780297,-2.564393337155,-2.104861325477,
-0.773746302777,-0.316958780297,-2.561600911058,-2.104861325477,
-0.770949368372,-0.316958780297,-2.558803976652,-2.104909262377,
-0.768147953263,-0.316958780297,-2.556002561544,-2.104909262377,
-0.765342085099,-0.316958780297,-2.553196693380,-2.104861325477,
-0.762531791573,-0.316958780297,-2.550386399854,-2.104861325477,
-0.759717100422,-0.316958780297,-2.547571708703,-2.104861325477,
-0.756898039425,-0.316958780297,-2.544752647706,-2.104813388578,
-0.754074636405,-0.316958780297,-2.541929244686,-2.104813388578,
-0.751246919228,-0.316958780297,-2.539101527509,-2.104909262377,
-0.748414915803,-0.316958780297,-2.536269524084,-2.104861325477,
-0.745578654080,-0.316958780297,-2.533433262361,-2.104861325477,
-0.742738162052,-0.316958780297,-2.530592770333,-2.104861325477,
-0.739893467754,-0.316958780297,-2.527748076035,-2.104861325477,
-0.737044599261,-0.316958780297,-2.524899207542,-2.104909262377,
-0.734191584691,-0.316958780297,-2.522046192972,-2.104909262377,
-0.731334452202,-0.316958780297,-2.519189060483,-2.104909262377,
-0.728473229992,-0.316958780297,-2.516327838273,-2.104765451678,
-0.725607946301,-0.316958780297,-2.513462554582,-2.104861325477,
-0.722738629408,-0.316958780297,-2.510593237689,-2.104861325477,
-0.719865307631,-0.316958780297,-2.507719915912,-2.104765451678,
-0.716988009330,-0.316958780297,-2.504842617611,-2.104765451678,
-0.714106762902,-0.316958780297,-2.501961371183,-2.104765451678,
-0.711221596784,-0.316958780297,-2.499076205065,-2.104861325477,
-0.708332539452,-0.316958780297,-2.496187147732,-2.104861325477,
-0.705439619418,-0.316958780297,-2.493294227699,-2.104861325477,
-0.702542865236,-0.316958780297,-2.490397473516,-2.104861325477,
-0.699642305494,-0.316958780297,-2.487496913775,-2.104861325477,
-0.696737968821,-0.316958780297,-2.484592577101,-2.104909262377,
-0.693829883880,-0.316958780297,-2.481684492161,-2.104765451678,
-0.690918079374,-0.316958780297,-2.478772687655,-2.104909262377,
-0.688002584041,-0.316958780297,-2.475857192322,-2.104909262377,
-0.685083426655,-0.316958780297,-2.472938034936,-2.104765451678,
-0.682160636028,-0.316958780297,-2.470015244309,-2.104861325477,
-0.679234241006,-0.316958780297,-2.467088849287,-2.104813388578,
-0.676304270472,-0.316958780297,-2.464158878753,-2.104765451678,
-0.673370753343,-0.316958780297,-2.461225361624,-2.104909262377,
-0.670433718572,-0.316958780297,-2.458288326852,-2.104765451678,
-0.667493195146,-0.316958780297,-2.455347803426,-2.104861325477,
-0.664549212086,-0.316958780297,-2.452403820367,-2.104765451678,
-0.661601798450,-0.316958780297,-2.449456406731,-2.104861325477,
-0.658650983327,-0.316958780297,-2.446505591607,-2.104861325477,
-0.655696795839,-0.316958780297,-2.443551404120,-2.104861325477,
-0.652739265144,-0.316958780297,-2.440593873425,-2.104909262377,
-0.649778420431,-0.316958780297,-2.437633028712,-2.104813388578,
-0.646814290923,-0.316958780297,-2.434668899204,-2.104909262377,
-0.643846905875,-0.316958780297,-2.431701514156,-2.104861325477,
-0.640876294572,-0.316958780297,-2.428730902853,-2.104861325477,
-0.637902486335,-0.316958780297,-2.425757094616,-2.104909262377,
-0.634925510513,-0.316958780297,-2.422780118794,-2.104861325477,
-0.631945396488,-0.316958780297,-2.419800004769,-2.104861325477,
-0.628962173672,-0.316958780297,-2.416816781953,-2.104909262377,
-0.625975871509,-0.316958780297,-2.413830479790,-2.104813388578,
-0.622986519472,-0.316958780297,-2.410841127753,-2.104861325477,
-0.619994147065,-0.316958780297,-2.407848755345,-2.104861325477,
-0.616998783821,-0.316958780297,-2.404853392102,-2.104765451678,
-0.614000459303,-0.316958780297,-2.401855067584,-2.104861325477,
-0.610999203105,-0.316958780297,-2.398853811385,-2.104861325477,
-0.607995044846,-0.316958780297,-2.395849653126,-2.104813388578,
-0.604988014176,-0.316958780297,-2.392842622457,-2.104861325477,
-0.601978140775,-0.316958780297,-2.389832749056,-2.104909262377,
-0.598965454348,-0.316958780297,-2.386820062628,-2.104813388578,
-0.595949984628,-0.316958780297,-2.383804592909,-2.104861325477,
-0.592931761379,-0.316958780297,-2.380786369659,-2.104909262377,
-0.589910814387,-0.316958780297,-2.377765422668,-2.104861325477,
-0.586887173469,-0.316958780297,-2.374741781750,-2.104861325477,
-0.583860868467,-0.316958780297,-2.371715476748,-2.104909262377,
-0.580831929249,-0.316958780297,-2.368686537530,-2.104861325477,
-0.577800385710,-0.316958780297,-2.365654993991,-2.104765451678,
-0.574766267770,-0.316958780297,-2.362620876051,-2.104861325477,
-0.571729605374,-0.316958780297,-2.359584213654,-2.104765451678,
-0.568690428492,-0.316958780297,-2.356545036773,-2.104861325477,
-0.565648767122,-0.316958780297,-2.353503375402,-2.104909262377,
-0.562604651281,-0.316958780297,-2.350459259562,-2.104909262377,
-0.559558111015,-0.316958780297,-2.347412719296,-2.104861325477,
-0.556509176391,-0.316958780297,-2.344363784672,-2.104765451678,
-0.553457877502,-0.316958780297,-2.341312485783,-2.104861325477,
-0.550404244463,-0.316958780297,-2.338258852743,-2.104861325477,
-0.547348307411,-0.316958780297,-2.335202915691,-2.104909262377,
-0.544290096507,-0.316958780297,-2.332144704788,-2.104861325477,
-0.541229641935,-0.316958780297,-2.329084250216,-2.104909262377,
-0.538166973901,-0.316958780297,-2.326021582182,-2.104861325477,
-0.535102122631,-0.316958780297,-2.322956730911,-2.104765451678,
-0.532035118374,-0.316958780297,-2.319889726655,-2.104909262377,
-0.528965991401,-0.316958780297,-2.316820599681,-2.104861325477,
-0.525894772002,-0.316958780297,-2.313749380283,-2.104861325477,
-0.522821490489,-0.316958780297,-2.310676098770,-2.104813388578,
-0.519746177195,-0.316958780297,-2.307600785476,-2.104861325477,
-0.516668862471,-0.316958780297,-2.304523470752,-2.104861325477,
-0.513589576689,-0.316958780297,-2.301444184970,-2.104765451678,
-0.510508350241,-0.316958780297,-2.298362958522,-2.104861325477,
-0.507425213536,-0.316958780297,-2.295279821817,-2.104909262377,
-0.504340197005,-0.316958780297,-2.292194805286,-2.104861325477,
-0.501253331095,-0.316958780297,-2.289107939376,-2.104861325477,
-0.498164646272,-0.316958780297,-2.286019254553,-2.104861325477,
-0.495074173021,-0.316958780297,-2.282928781302,-2.104861325477,
-0.491981941843,-0.316958780297,-2.279836550123,-2.104861325477,
-0.488887983256,-0.316958780297,-2.276742591537,-2.104861325477,
-0.485792327798,-0.316958780297,-2.273646936079,-2.104861325477,
-0.482695006021,-0.316958780297,-2.270549614302,-2.104813388578,
-0.479596048495,-0.316958780297,-2.267450656775,-2.104861325477,
-0.476495485804,-0.316958780297,-2.264350094085,-2.104861325477,
-0.473393348551,-0.316958780297,-2.261247956831,-2.104861325477,
-0.470289667351,-0.316958780297,-2.258144275632,-2.104909262377,
-0.467184472838,-0.316958780297,-2.255039081118,-2.104909262377,
-0.464077795657,-0.316958780297,-2.251932403938,-2.104861325477,
-0.460969666472,-0.316958780297,-2.248824274753,-2.104765451678,
-0.457860115957,-0.316958780297,-2.245714724238,-2.104861325477,
-0.454749174803,-0.316958780297,-2.242603783084,-2.104909262377,
-0.451636873714,-0.316958780297,-2.239491481994,-2.104813388578,
-0.448523243406,-0.316958780297,-2.236377851687,-2.104861325477,
-0.445408314610,-0.316958780297,-2.233262922891,-2.104861325477,
-0.442292118069,-0.316958780297,-2.230146726350,-2.104909262377,
-0.439174684538,-0.316958780297,-2.227029292819,-2.104861325477,
-0.436056044786,-0.316958780297,-2.223910653067,-2.104765451678,
-0.432936229593,-0.316958780297,-2.220790837873,-2.104861325477,
-0.429815269748,-0.316958780297,-2.217669878029,-2.104861325477,
-0.426693196056,-0.317006717196,-2.214547804337,-2.104861325477,
-0.423570039329,-0.316958780297,-2.211424647610,-2.104909262377,
-0.420445830392,-0.316958780297,-2.208300438673,-2.104909262377,
-0.417320600080,-0.316958780297,-2.205175208361,-2.104909262377,
-0.414194379237,-0.316958780297,-2.202048987518,-2.104813388578,
-0.411067198719,-0.316958780297,-2.198921806999,-2.104909262377,
-0.407939089388,-0.316958780297,-2.195793697668,-2.104861325477,
-0.404810082118,-0.316958780297,-2.192664690399,-2.104909262377,
-0.401680207791,-0.316958780297,-2.189534816072,-2.104861325477,
-0.398549497298,-0.316958780297,-2.186404105579,-2.104813388578,
-0.395417981538,-0.316958780297,-2.183272589819,-2.104765451678,
-0.392285691417,-0.316958780297,-2.180140299698,-2.104861325477,
-0.389152657850,-0.316958780297,-2.177007266131,-2.104861325477,
-0.386018911759,-0.316958780297,-2.173873520039,-2.104861325477,
-0.382884484072,-0.316958780297,-2.170739092352,-2.104765451678,
-0.379749405725,-0.316958780297,-2.167604014005,-2.104765451678,
-0.376613707659,-0.316958780297,-2.164468315940,-2.104909262377,
-0.373477420824,-0.316958780297,-2.161332029105,-2.104861325477,
-0.370340576173,-0.316958780297,-2.158195184453,-2.104861325477,
-0.367203204664,-0.316958780297,-2.155057812945,-2.104813388578,
-0.364065337264,-0.316958780297,-2.151919945545,-2.104861325477,
-0.360927004941,-0.316958780297,-2.148781613222,-2.104861325477,
-0.357788238669,-0.316958780297,-2.145642846950,-2.104909262377,
-0.354649069428,-0.316958780297,-2.142503677708,-2.104765451678,
-0.351509528198,-0.316958780297,-2.139364136478,-2.104813388578,
-0.348369645966,-0.316958780297,-2.136224254247,-2.104861325477,
-0.345229453722,-0.316958780297,-2.133084062002,-2.104909262377,
-0.342088982457,-0.316958780297,-2.129943590738,-2.104861325477,
-0.338948263168,-0.316958780297,-2.126802871449,-2.104861325477,
-0.335807326851,-0.316958780297,-2.123661935132,-2.104861325477,
-0.332666204507,-0.316958780297,-2.120520812788,-2.104861325477,
-0.329524927137,-0.316958780297,-2.117379535418,-2.104861325477,
-0.326383525744,-0.316958780297,-2.114238134025,-2.104861325477,
-0.323242031333,-0.317006717196,-2.111096639613,-2.104765451678,
-0.320100474908,-0.316958780297,-2.107955083189,-2.104765451678,
-0.316958887476,-0.316958780297,-2.104813495757,-2.104813388578,
-0.313817300044,-0.316958780297,-2.101671908324,-2.104861325477,
-0.310675743616,-0.316958780297,-2.098530351897,-2.104765451678,
-0.307534249199,-0.316958780297,-2.095388857480,-2.104765451678,
-0.304392847799,-0.316958780297,-2.092247456080,-2.104765451678,
-0.301251570419,-0.316958780297,-2.089106178700,-2.104861325477,
-0.298110448063,-0.316958780297,-2.085965056344,-2.104861325477,
-0.294969511733,-0.316958780297,-2.082824120014,-2.104861325477,
-0.291828792428,-0.316958780297,-2.079683400708,-2.104909262377,
-0.288688321145,-0.316958780297,-2.076542929426,-2.104861325477,
-0.285548128881,-0.316958780297,-2.073402737162,-2.104909262377,
-0.282408246627,-0.316958780297,-2.070262854908,-2.104909262377,
-0.279268705373,-0.316958780297,-2.067123313654,-2.104909262377,
-0.276129536105,-0.316958780297,-2.063984144385,-2.104861325477,
-0.272990769804,-0.316958780297,-2.060845378085,-2.104861325477,
-0.269852437451,-0.316958780297,-2.057707045731,-2.104861325477,
-0.266714570018,-0.316958780297,-2.054569178298,-2.104861325477,
-0.263577198474,-0.316958780297,-2.051431806755,-2.104909262377,
-0.260440353786,-0.316958780297,-2.048294962067,-2.104765451678,
-0.257304066912,-0.316958780297,-2.045158675192,-2.104909262377,
-0.254168368805,-0.316958780297,-2.042022977086,-2.104861325477,
-0.251033290415,-0.316958780297,-2.038887898695,-2.104861325477,
-0.247898862682,-0.316958780297,-2.035753470963,-2.104861325477,
-0.244765116543,-0.316958780297,-2.032619724824,-2.104861325477,
-0.241632082926,-0.316958780297,-2.029486691207,-2.104861325477,
-0.238499792754,-0.316958780297,-2.026354401034,-2.104909262377,
-0.235368276940,-0.316958780297,-2.023222885220,-2.104861325477,
-0.232237566391,-0.316958780297,-2.020092174671,-2.104813388578,
-0.229107692006,-0.316958780297,-2.016962300287,-2.104813388578,
-0.225978684676,-0.316958780297,-2.013833292957,-2.104909262377,
-0.222850575283,-0.316958780297,-2.010705183563,-2.104909262377,
-0.219723394699,-0.316958780297,-2.007578002980,-2.104909262377,
-0.216597173790,-0.316958780297,-2.004451782071,-2.104861325477,
-0.213471943409,-0.316958780297,-2.001326551690,-2.104813388578,
-0.210347734402,-0.316958780297,-1.998202342683,-2.104813388578,
-0.207224577602,-0.316958780297,-1.995079185883,-2.104861325477,
-0.204102503835,-0.316958780297,-1.991957112116,-2.104861325477,
-0.200981543914,-0.316958780297,-1.988836152194,-2.104909262377,
-0.197861728641,-0.316958780297,-1.985716336921,-2.104861325477,
-0.194743088807,-0.316958780297,-1.982597697088,-2.104813388578,
-0.191625655194,-0.316958780297,-1.979480263474,-2.104909262377,
-0.188509458567,-0.316958780297,-1.976364066848,-2.104861325477,
-0.185394529684,-0.316958780297,-1.973249137964,-2.104861325477,
-0.182280899286,-0.316910843397,-1.970135507567,-2.104861325477,
-0.179168598105,-0.316958780297,-1.967023206386,-2.104765451678,
-0.176057656857,-0.316958780297,-1.963912265138,-2.104861325477,
-0.172948106246,-0.316958780297,-1.960802714527,-2.104813388578,
-0.169839976963,-0.316958780297,-1.957694585243,-2.104861325477,
-0.166733299682,-0.316958780297,-1.954587907963,-2.104861325477,
-0.163628105067,-0.316958780297,-1.951482713348,-2.104909262377,
-0.160524423763,-0.316958780297,-1.948379032044,-2.104765451678,
-0.157422286403,-0.316958780297,-1.945276894684,-2.104813388578,
-0.154321723604,-0.317006717196,-1.942176331885,-2.104909262377,
-0.151222765967,-0.316958780297,-1.939077374248,-2.104813388578,
-0.148125444077,-0.316958780297,-1.935980052358,-2.104813388578,
-0.145029788504,-0.316958780297,-1.932884396785,-2.104765451678,
-0.141935829801,-0.316958780297,-1.929790438082,-2.104813388578,
-0.138843598504,-0.316958780297,-1.926698206785,-2.104861325477,
-0.135753125132,-0.316958780297,-1.923607733412,-2.104813388578,
-0.132664440186,-0.316958780297,-1.920519048466,-2.104909262377,
-0.129577574151,-0.316958780297,-1.917432182431,-2.104861325477,
-0.126492557492,-0.316958780297,-1.914347165773,-2.104861325477,
-0.123409420658,-0.316958780297,-1.911264028939,-2.104909262377,
-0.120328194079,-0.316958780297,-1.908182802359,-2.104861325477,
-0.117248908163,-0.316958780297,-1.905103516444,-2.104861325477,
-0.114171593304,-0.316958780297,-1.902026201585,-2.104909262377,
-0.111096279872,-0.316958780297,-1.898950888153,-2.104861325477,
-0.108022998220,-0.316958780297,-1.895877606500,-2.104861325477,
-0.104951778679,-0.316958780297,-1.892806386960,-2.104765451678,
-0.101882651562,-0.316958780297,-1.889737259843,-2.104765451678,
-0.098815647159,-0.316958780297,-1.886670255440,-2.104765451678,
-0.095750795741,-0.316958780297,-1.883605404022,-2.104813388578,
-0.092688127557,-0.316958780297,-1.880542735838,-2.104861325477,
-0.089627672833,-0.316958780297,-1.877482281114,-2.104861325477,
-0.086569461775,-0.316958780297,-1.874424070056,-2.104861325477,
-0.083513524567,-0.316958780297,-1.871368132848,-2.104861325477,
-0.080459891369,-0.316958780297,-1.868314499650,-2.104861325477,
-0.077408592320,-0.316958780297,-1.865263200601,-2.104765451678,
-0.074359657534,-0.316958780297,-1.862214265815,-2.104861325477,
-0.071313117104,-0.316958780297,-1.859167725384,-2.104909262377,
-0.068269001097,-0.316958780297,-1.856123609377,-2.104813388578,
-0.065227339557,-0.316958780297,-1.853081947838,-2.104861325477,
-0.062188162506,-0.316958780297,-1.850042770786,-2.104861325477,
-0.059151499937,-0.316958780297,-1.847006108218,-2.104861325477,
-0.056117381822,-0.316958780297,-1.843971990102,-2.104765451678,
-0.053085838106,-0.316958780297,-1.840940446387,-2.104765451678,
-0.050056898709,-0.316958780297,-1.837911506990,-2.104765451678,
-0.047030593527,-0.316958780297,-1.834885201807,-2.104813388578,
-0.044006952426,-0.316958780297,-1.831861560707,-2.104765451678,
-0.040986005250,-0.316958780297,-1.828840613530,-2.104909262377,
-0.037967781813,-0.316958780297,-1.825822390094,-2.104861325477,
-0.034952311905,-0.316958780297,-1.822806920185,-2.104909262377,
-0.031939625286,-0.316958780297,-1.819794233567,-2.104861325477,
-0.028929751692,-0.316958780297,-1.816784359973,-2.104765451678,
-0.025922720828,-0.316958780297,-1.813777329109,-2.104813388578,
-0.022918562372,-0.316958780297,-1.810773170653,-2.104861325477,
-0.019917305974,-0.316958780297,-1.807771914255,-2.104861325477,
-0.016918981256,-0.316958780297,-1.804773589536,-2.104861325477,
-0.013923617809,-0.316958780297,-1.801778226089,-2.104909262377,
-0.010931245196,-0.317006717196,-1.798785853477,-2.104861325477,
-0.007941892952,-0.316958780297,-1.795796501233,-2.104813388578,
-0.004955590580,-0.316958780297,-1.792810198861,-2.104765451678,
-0.001972367553,-0.316958780297,-1.789826975834,-2.104861325477,
0.001007746685,-0.316958780297,-1.786846861595,-2.104861325477,
0.003984722722,-0.316958780297,-1.783869885558,-2.104765451678,
0.006958531177,-0.316958780297,-1.780896077104,-2.104909262377,
0.009929142698,-0.316958780297,-1.777925465582,-2.104813388578,
0.012896527968,-0.317006717196,-1.774958080313,-2.104909262377,
0.015860657699,-0.316958780297,-1.771993950582,-2.104909262377,
0.018821502637,-0.316958780297,-1.769033105644,-2.104861325477,
0.021779033559,-0.316958780297,-1.766075574722,-2.104765451678,
0.024733221276,-0.316958780297,-1.763121387005,-2.104861325477,
0.027684036630,-0.316958780297,-1.760170571650,-2.104909262377,
0.030631450500,-0.316958780297,-1.757223157781,-2.104765451678,
0.033575433794,-0.316958780297,-1.754279174487,-2.104861325477,
0.036515957457,-0.316958780297,-1.751338650824,-2.104909262377,
0.039452992467,-0.316958780297,-1.748401615813,-2.104861325477,
0.042386509837,-0.316958780297,-1.745468098443,-2.104765451678,
0.045316480615,-0.316958780297,-1.742538127666,-2.104765451678,
0.048242875882,-0.316958780297,-1.739611732399,-2.104909262377,
0.051165666756,-0.316958780297,-1.736688941525,-2.104813388578,
0.054084824390,-0.316958780297,-1.733769783890,-2.104813388578,
0.057000319974,-0.316958780297,-1.730854288306,-2.104909262377,
0.059912124733,-0.316958780297,-1.727942483548,-2.104861325477,
0.062820209928,-0.316958780297,-1.725034398352,-2.104861325477,
0.065724546859,-0.316958780297,-1.722130061422,-2.104765451678,
0.068625106859,-0.316958780297,-1.719229501422,-2.104765451678,
0.071521861302,-0.316958780297,-1.716332746979,-2.104909262377,
0.074414781598,-0.316958780297,-1.713439826683,-2.104861325477,
0.077303839195,-0.316958780297,-1.710550769085,-2.104861325477,
0.080189005580,-0.316958780297,-1.707665602701,-2.104861325477,
0.083070252276,-0.316958780297,-1.704784356005,-2.104909262377,
0.085947550847,-0.316958780297,-1.701907057433,-2.104861325477,
0.088820872896,-0.316958780297,-1.699033735385,-2.104765451678,
0.091690190064,-0.316958780297,-1.696164418217,-2.104813388578,
0.094555474031,-0.316958780297,-1.693299134250,-2.104765451678,
0.097416696519,-0.316958780297,-1.690437911762,-2.104861325477,
0.100273829288,-0.316958780297,-1.687580778993,-2.104909262377,
0.103126844140,-0.316958780297,-1.684727764141,-2.104861325477,
0.105975712917,-0.316958780297,-1.681878895364,-2.104861325477,
0.108820407501,-0.316958780297,-1.679034200780,-2.104861325477,
0.111660899816,-0.316958780297,-1.676193708464,-2.104813388578,
0.114497161829,-0.316958780297,-1.673357446452,-2.104909262377,
0.117329165546,-0.317006717196,-1.670525442735,-2.104909262377,
0.120156883016,-0.316958780297,-1.667697725265,-2.104861325477,
0.122980286331,-0.316958780297,-1.664874321950,-2.104861325477,
0.125799347625,-0.316958780297,-1.662055260656,-2.104909262377,
0.128614039076,-0.316958780297,-1.659240569205,-2.104813388578,
0.131424332902,-0.316958780297,-1.656430275378,-2.104861325477,
0.134230201369,-0.316958780297,-1.653624406912,-2.104861325477,
0.137031616783,-0.316958780297,-1.650822991498,-2.104861325477,
0.139828551495,-0.316958780297,-1.648026056786,-2.104813388578,
0.142620977900,-0.316958780297,-1.645233630380,-2.104765451678,
0.145408868439,-0.316958780297,-1.642445739841,-2.104861325477,
0.148192195596,-0.316958780297,-1.639662412684,-2.104909262377,
0.150970931901,-0.316958780297,-1.636883676379,-2.104909262377,
0.153745049929,-0.316958780297,-1.634109558352,-2.104765451678,
0.156514522300,-0.316958780297,-1.631340085981,-2.104765451678,
0.159279321681,-0.316958780297,-1.628575286600,-2.104909262377,
0.162039420784,-0.316958780297,-1.625815187496,-2.104909262377,
0.164794792369,-0.316958780297,-1.623059815912,-2.104909262377,
0.167545409241,-0.316958780297,-1.620309199040,-2.104765451678,
0.170291244251,-0.316958780297,-1.617563364029,-2.104861325477,
0.173032270301,-0.316958780297,-1.614822337979,-2.104909262377,
0.175768460338,-0.316958780297,-1.612086147943,-2.104813388578,
0.178499787355,-0.316958780297,-1.609354820925,-2.104765451678,
0.181226224397,-0.316958780297,-1.606628383884,-2.104861325477,
0.183947744554,-0.316958780297,-1.603906863727,-2.104861325477,
0.186664320966,-0.316958780297,-1.601190287315,-2.104861325477,
0.189375926822,-0.316958780297,-1.598478681459,-2.104861325477,
0.192082535358,-0.316958780297,-1.595772072923,-2.104765451678,
0.194784119862,-0.316958780297,-1.593070488418,-2.104765451678,
0.197480653671,-0.316958780297,-1.590373954609,-2.104861325477,
0.200172110171,-0.316958780297,-1.587682498110,-2.104813388578,
0.202858462797,-0.316958780297,-1.584996145484,-2.104765451678,
0.205539685037,-0.316958780297,-1.582314923243,-2.104765451678,
0.208215750429,-0.316958780297,-1.579638857852,-2.104861325477,
0.210886632560,-0.316958780297,-1.576967975721,-2.104861325477,
0.213552305070,-0.316958780297,-1.574302303210,-2.104909262377,
0.216212741650,-0.316958780297,-1.571641866630,-2.104909262377,
0.218867916043,-0.316958780297,-1.568986692238,-2.104909262377,
0.221517802043,-0.316958780297,-1.566336806238,-2.104813388578,
0.224162373496,-0.316958780297,-1.563692234785,-2.104861325477,
0.226801604302,-0.316958780297,-1.561053003978,-2.104765451678,
0.229435468413,-0.316958780297,-1.558419139868,-2.104861325477,
0.232063939834,-0.316958780297,-1.555790668447,-2.104765451678,
0.234686992622,-0.316958780297,-1.553167615659,-2.104909262377,
0.237304600889,-0.316958780297,-1.550550007392,-2.104909262377,
0.239916738800,-0.316958780297,-1.547937869480,-2.104861325477,
0.242523380576,-0.316958780297,-1.545331227705,-2.104813388578,
0.245124500488,-0.316958780297,-1.542730107793,-2.104765451678,
0.247720072865,-0.316958780297,-1.540134535415,-2.104765451678,
0.250310072091,-0.316958780297,-1.537544536190,-2.104813388578,
0.252894472602,-0.316958780297,-1.534960135679,-2.104813388578,
0.255473248891,-0.316958780297,-1.532381359390,-2.104909262377,
0.258046375508,-0.316958780297,-1.529808232773,-2.104813388578,
0.260613827056,-0.316958780297,-1.527240781225,-2.104765451678,
0.263175578196,-0.316958780297,-1.524679030085,-2.104909262377,
0.265731603644,-0.316958780297,-1.522123004636,-2.104813388578,
0.268281878174,-0.316958780297,-1.519572730107,-2.104909262377,
0.270826376615,-0.316958780297,-1.517028231666,-2.104813388578,
0.273365073853,-0.316958780297,-1.514489534427,-2.104765451678,
0.275897944834,-0.316958780297,-1.511956663447,-2.104813388578,
0.278424964559,-0.316958780297,-1.509429643722,-2.104813388578,
0.280946108086,-0.316958780297,-1.506908500195,-2.104909262377,
0.283461350534,-0.316958780297,-1.504393257747,-2.104765451678,
0.285970667078,-0.316958780297,-1.501883941203,-2.104813388578,
0.288474032952,-0.316958780297,-1.499380575329,-2.104861325477,
0.290971423448,-0.316958780297,-1.496883184833,-2.104909262377,
0.293462813919,-0.316958780297,-1.494391794362,-2.104765451678,
0.295948179775,-0.316958780297,-1.491906428505,-2.104861325477,
0.298427496488,-0.316958780297,-1.489427111793,-2.104861325477,
0.300900739587,-0.316958780297,-1.486953868694,-2.104861325477,
0.303367884661,-0.316958780297,-1.484486723619,-2.104861325477,
0.305828907362,-0.316958780297,-1.482025700918,-2.104861325477,
0.308283783401,-0.316958780297,-1.479570824880,-2.104813388578,
0.310732488548,-0.316958780297,-1.477122119733,-2.104909262377,
0.313174998635,-0.316958780297,-1.474679609645,-2.104813388578,
0.315611289557,-0.316958780297,-1.472243318723,-2.104813388578,
0.318041337268,-0.316958780297,-1.469813271013,-2.104861325477,
0.320465117785,-0.316958780297,-1.467389490496,-2.104861325477,
0.322882607185,-0.316958780297,-1.464972001096,-2.104765451678,
0.325293781609,-0.316958780297,-1.462560826672,-2.104861325477,
0.327698617259,-0.316958780297,-1.460155991021,-2.104765451678,
0.330097090402,-0.316958780297,-1.457757517879,-2.104909262377,
0.332489177365,-0.316958780297,-1.455365430916,-2.104909262377,
0.334874854539,-0.316958780297,-1.452979753742,-2.104861325477,
0.337254098378,-0.316958780297,-1.450600509903,-2.104765451678,
0.339626885400,-0.317006717196,-1.448227722881,-2.104909262377,
0.341993192187,-0.317006717196,-1.445861416093,-2.104861325477,
0.344352995385,-0.316958780297,-1.443501612896,-2.104813388578,
0.346706271702,-0.316958780297,-1.441148336579,-2.104813388578,
0.349052997914,-0.316958780297,-1.438801610367,-2.104861325477,
0.351393150858,-0.316958780297,-1.436461457423,-2.104813388578,
0.353726707439,-0.316958780297,-1.434127900842,-2.104861325477,
0.356053644625,-0.316958780297,-1.431800963656,-2.104909262377,
0.358373939450,-0.316958780297,-1.429480668830,-2.104861325477,
0.360687569015,-0.316958780297,-1.427167039266,-2.104765451678,
0.362994510483,-0.316958780297,-1.424860097797,-2.104861325477,
0.365294741088,-0.316958780297,-1.422559867193,-2.104861325477,
0.367588238126,-0.316958780297,-1.420266370155,-2.104861325477,
0.369874978961,-0.316958780297,-1.417979629320,-2.104909262377,
0.372154941025,-0.316958780297,-1.415699667256,-2.104861325477,
0.374428101814,-0.316958780297,-1.413426506466,-2.104909262377,
0.376694438895,-0.317006717196,-1.411160169386,-2.104861325477,
0.378953929898,-0.316958780297,-1.408900678382,-2.104909262377,
0.381206552525,-0.316958780297,-1.406648055756,-2.104765451678,
0.383452284541,-0.316958780297,-1.404402323739,-2.104909262377,
0.385691103784,-0.316958780297,-1.402163504497,-2.104861325477,
0.387922988155,-0.316958780297,-1.399931620125,-2.104813388578,
0.390147915629,-0.316958780297,-1.397706692652,-2.104861325477,
0.392365864245,-0.316958780297,-1.395488744035,-2.104813388578,
0.394576812114,-0.316958780297,-1.393277796167,-2.104861325477,
0.396780737414,-0.316958780297,-1.391073870867,-2.104861325477,
0.398977618393,-0.316958780297,-1.388876989888,-2.104909262377,
0.401167433369,-0.316958780297,-1.386687174912,-2.104861325477,
0.403350160729,-0.316958780297,-1.384504447551,-2.104813388578,
0.405525778932,-0.316958780297,-1.382328829349,-2.104765451678,
0.407694266504,-0.316958780297,-1.380160341777,-2.104813388578,
0.409855602043,-0.316958780297,-1.377999006238,-2.104861325477,
0.412009764217,-0.316958780297,-1.375844844064,-2.104861325477,
0.414156731767,-0.316958780297,-1.373697876514,-2.104861325477,
0.416296483502,-0.316958780297,-1.371558124779,-2.104909262377,
0.418428998304,-0.316958780297,-1.369425609977,-2.104909262377,
0.420554255125,-0.316958780297,-1.367300353156,-2.104861325477,
0.422672232991,-0.316958780297,-1.365182375290,-2.104765451678,
0.424782910998,-0.317006717196,-1.363071697283,-2.104861325477,
0.426886268314,-0.316958780297,-1.360968339967,-2.104813388578,
0.428982284179,-0.316958780297,-1.358872324101,-2.104765451678,
0.431070937908,-0.316958780297,-1.356783670373,-2.104861325477,
0.433152208886,-0.316958780297,-1.354702399395,-2.104861325477,
0.435226076571,-0.316958780297,-1.352628531709,-2.104765451678,
0.437292520496,-0.316958780297,-1.350562087785,-2.104861325477,
0.439351520265,-0.316958780297,-1.348503088015,-2.104765451678,
0.441403055557,-0.316958780297,-1.346451552723,-2.104765451678,
0.443447106125,-0.316958780297,-1.344407502156,-2.104861325477,
0.445483651793,-0.316958780297,-1.342370956488,-2.104813388578,
0.447512672463,-0.316958780297,-1.340341935818,-2.104861325477,
0.449534148108,-0.316958780297,-1.338320460173,-2.104909262377,
0.451548058778,-0.316958780297,-1.336306549503,-2.104909262377,
0.453554384596,-0.316958780297,-1.334300223685,-2.104861325477,
0.455553105760,-0.316958780297,-1.332301502521,-2.104909262377,
0.457544202544,-0.316958780297,-1.330310405737,-2.104765451678,
0.459527655296,-0.316958780297,-1.328326952984,-2.104909262377,
0.461503444441,-0.316958780297,-1.326351163839,-2.104909262377,
0.463471550479,-0.316958780297,-1.324383057802,-2.104813388578,
0.465431953984,-0.316958780297,-1.322422654296,-2.104765451678,
0.467384635610,-0.316958780297,-1.320469972671,-2.104909262377,
0.469329576082,-0.316958780297,-1.318525032199,-2.104813388578,
0.471266756206,-0.316958780297,-1.316587852075,-2.104765451678,
0.473196156863,-0.316958780297,-1.314658451418,-2.104765451678,
0.475117759009,-0.316958780297,-1.312736849272,-2.104813388578,
0.477031543680,-0.316958780297,-1.310823064600,-2.104861325477,
0.478937491988,-0.316958780297,-1.308917116293,-2.104909262377,
0.480835585121,-0.316958780297,-1.307019023160,-2.104765451678,
0.482725804346,-0.316958780297,-1.305128803935,-2.104813388578,
0.484608131007,-0.316958780297,-1.303246477274,-2.104909262377,
0.486482546526,-0.316958780297,-1.301372061755,-2.104861325477,
0.488349032404,-0.316958780297,-1.299505575876,-2.104861325477,
0.490207570220,-0.316958780297,-1.297647038061,-2.104813388578,
0.492058141630,-0.316958780297,-1.295796466651,-2.104861325477,
0.493900728370,-0.316958780297,-1.293953879911,-2.104861325477,
0.495735312254,-0.316958780297,-1.292119296027,-2.104909262377,
0.497561875175,-0.317006717196,-1.290292733106,-2.104861325477,
0.499380399107,-0.316958780297,-1.288474209174,-2.104861325477,
0.501190866101,-0.316958780297,-1.286663742180,-2.104861325477,
0.502993258289,-0.317006717196,-1.284861349992,-2.104861325477,
0.504787557881,-0.316958780297,-1.283067050400,-2.104909262377,
0.506573747169,-0.316958780297,-1.281280861112,-2.104765451678,
0.508351808524,-0.316958780297,-1.279502799757,-2.104765451678,
0.510121724396,-0.316958780297,-1.277732883885,-2.104909262377,
0.511883477318,-0.316958780297,-1.275971130962,-2.104861325477,
0.513637049902,-0.316958780297,-1.274217558378,-2.104861325477,
0.515382424841,-0.316958780297,-1.272472183440,-2.104909262377,
0.517119584909,-0.316958780297,-1.270735023372,-2.104765451678,
0.518848512960,-0.316958780297,-1.269006095321,-2.104861325477,
0.520569191930,-0.316958780297,-1.267285416350,-2.104861325477,
0.522281604838,-0.316958780297,-1.265573003442,-2.104861325477,
0.523985734783,-0.316958780297,-1.263868873498,-2.104861325477,
0.525681564945,-0.316958780297,-1.262173043336,-2.104861325477,
0.527369078587,-0.316958780297,-1.260485529694,-2.104909262377,
0.529048259054,-0.316958780297,-1.258806349227,-2.104861325477,
0.530719089774,-0.316958780297,-1.257135518507,-2.104861325477,
0.532381554256,-0.316958780297,-1.255473054025,-2.104813388578,
0.534035636091,-0.316958780297,-1.253818972189,-2.104813388578,
0.535681318956,-0.316958780297,-1.252173289325,-2.104813388578,
0.537318586607,-0.316958780297,-1.250536021673,-2.104861325477,
0.538947422886,-0.316958780297,-1.248907185394,-2.104765451678,
0.540567811717,-0.316958780297,-1.247286796564,-2.104813388578,
0.542179737107,-0.316958780297,-1.245674871174,-2.104861325477,
0.543783183146,-0.316958780297,-1.244071425135,-2.104765451678,
0.545378134010,-0.316958780297,-1.242476474270,-2.104909262377,
0.546964573958,-0.316958780297,-1.240890034323,-2.104813388578,
0.548542487330,-0.317054654096,-1.239312120950,-2.104861325477,
0.550111858555,-0.316958780297,-1.237742749725,-2.104765451678,
0.551672672144,-0.316958780297,-1.236181936137,-2.104909262377,
0.553224912690,-0.316958780297,-1.234629695590,-2.104909262377,
0.554768564876,-0.317006717196,-1.233086043405,-2.104861325477,
0.556303613464,-0.316958780297,-1.231550994817,-2.104861325477,
0.557830043306,-0.316958780297,-1.230024564975,-2.104813388578,
0.559347839335,-0.316958780297,-1.228506768946,-2.104909262377,
0.560856986572,-0.317054654096,-1.226997621708,-2.104765451678,
0.562357470122,-0.316958780297,-1.225497138158,-2.104765451678,
0.563849275177,-0.316958780297,-1.224005333104,-2.104765451678,
0.565332387011,-0.316958780297,-1.222522221270,-2.104861325477,
0.566806790988,-0.316958780297,-1.221047817293,-2.104861325477,
0.568272472556,-0.316958780297,-1.219582135725,-2.104765451678,
0.569729417249,-0.316958780297,-1.218125191031,-2.104765451678,
0.571177610688,-0.316958780297,-1.216676997592,-2.104909262377,
0.572617038580,-0.316958780297,-1.215237569701,-2.104909262377,
0.574047686718,-0.316958780297,-1.213806921563,-2.104861325477,
0.575469540982,-0.316958780297,-1.212385067299,-2.104861325477,
0.576882587339,-0.316958780297,-1.210972020942,-2.104813388578,
0.578286811843,-0.316958780297,-1.209567796438,-2.104861325477,
0.579682200634,-0.317006717196,-1.208172407646,-2.104861325477,
0.581068739942,-0.316958780297,-1.206785868339,-2.104909262377,
0.582446416080,-0.316958780297,-1.205408192200,-2.104813388578,
0.583815215453,-0.316958780297,-1.204039392827,-2.104813388578,
0.585175124551,-0.316958780297,-1.202679483730,-2.104909262377,
0.586526129951,-0.316958780297,-1.201328478330,-2.104861325477,
0.587868218320,-0.316958780297,-1.199986389961,-2.104861325477,
0.589201376413,-0.316958780297,-1.198653231868,-2.104861325477,
0.590525591070,-0.316958780297,-1.197329017210,-2.104861325477,
0.591840849224,-0.316958780297,-1.196013759057,-2.104909262377,
0.593147137893,-0.316958780297,-1.194707470388,-2.104909262377,
0.594444444183,-0.316958780297,-1.193410164097,-2.104765451678,
0.595732755293,-0.316958780297,-1.192121852988,-2.104861325477,
0.597012058505,-0.316958780297,-1.190842549775,-2.104861325477,
0.598282341195,-0.316958780297,-1.189572267086,-2.104861325477,
0.599543590825,-0.316958780297,-1.188311017456,-2.104765451678,
0.600795794946,-0.316958780297,-1.187058813334,-2.104861325477,
0.602038941201,-0.316958780297,-1.185815667080,-2.104765451678,
0.603273017320,-0.316958780297,-1.184581590961,-2.104861325477,
0.604498011122,-0.316958780297,-1.183356597159,-2.104861325477,
0.605713910519,-0.316958780297,-1.182140697762,-2.104765451678,
0.606920703508,-0.316958780297,-1.180933904773,-2.104861325477,
0.608118378181,-0.317054654096,-1.179736230100,-2.104765451678,
0.609306922715,-0.316958780297,-1.178547685565,-2.104861325477,
0.610486325382,-0.316958780297,-1.177368282899,-2.104861325477,
0.611656574540,-0.316958780297,-1.176198033741,-2.104861325477,
0.612817658640,-0.316958780297,-1.175036949641,-2.104909262377,
0.613969566221,-0.316958780297,-1.173885042059,-2.104765451678,
0.615112285917,-0.317054654096,-1.172742322364,-2.104909262377,
0.616245806447,-0.316958780297,-1.171608801834,-2.104813388578,
0.617370116625,-0.316958780297,-1.170484491655,-2.104765451678,
0.618485205355,-0.316958780297,-1.169369402926,-2.104861325477,
0.619591061630,-0.317006717196,-1.168263546650,-2.104861325477,
0.620687674537,-0.316958780297,-1.167166933744,-2.104909262377,
0.621775033252,-0.316958780297,-1.166079575028,-2.104813388578,
0.622853127044,-0.316958780297,-1.165001481237,-2.104861325477,
0.623921945272,-0.316958780297,-1.163932663009,-2.104861325477,
0.624981477387,-0.316958780297,-1.162873130893,-2.104813388578,
0.626031712933,-0.316958780297,-1.161822895348,-2.104813388578,
0.627072641543,-0.316958780297,-1.160781966737,-2.104861325477,
0.628104252945,-0.316958780297,-1.159750355335,-2.104765451678,
0.629126536957,-0.316958780297,-1.158728071324,-2.104909262377,
0.630139483488,-0.316958780297,-1.157715124792,-2.104861325477,
0.631143082543,-0.316958780297,-1.156711525738,-2.104765451678,
0.632137324215,-0.316958780297,-1.155717284066,-2.104813388578,
0.633122198692,-0.316958780297,-1.154732409588,-2.104861325477,
0.634097696254,-0.316958780297,-1.153756912027,-2.104861325477,
0.635063807273,-0.316958780297,-1.152790801008,-2.104765451678,
0.636020522213,-0.316958780297,-1.151834086068,-2.104813388578,
0.636967831633,-0.316958780297,-1.150886776648,-2.104813388578,
0.637905726182,-0.316958780297,-1.149948882099,-2.104861325477,
0.638834196605,-0.316958780297,-1.149020411676,-2.104765451678,
0.639753233737,-0.316958780297,-1.148101374544,-2.104861325477,
0.640662828508,-0.316958780297,-1.147191779773,-2.104813388578,
0.641562971940,-0.316958780297,-1.146291636340,-2.104813388578,
0.642453655151,-0.316958780297,-1.145400953130,-2.104909262377,
0.643334869348,-0.316958780297,-1.144519738933,-2.104861325477,
0.644206605835,-0.316958780297,-1.143648002446,-2.104813388578,
0.645068856008,-0.316958780297,-1.142785752273,-2.104909262377,
0.645921611357,-0.316958780297,-1.141932996924,-2.104861325477,
0.646764863465,-0.316958780297,-1.141089744815,-2.104861325477,
0.647598604011,-0.316958780297,-1.140256004270,-2.104909262377,
0.648422824765,-0.316958780297,-1.139431783516,-2.104861325477,
0.649237517592,-0.317006717196,-1.138617090689,-2.104861325477,
0.650042674452,-0.316958780297,-1.137811933828,-2.104765451678,
0.650838287399,-0.316958780297,-1.137016320882,-2.104765451678,
0.651624348580,-0.316958780297,-1.136230259701,-2.104813388578,
0.652400850237,-0.316958780297,-1.135453758044,-2.104909262377,
0.653167784705,-0.316958780297,-1.134686823575,-2.104909262377,
0.653925144417,-0.316958780297,-1.133929463864,-2.104765451678,
0.654672921896,-0.316958780297,-1.133181686384,-2.104861325477,
0.655411109763,-0.316958780297,-1.132443498517,-2.104765451678,
0.656139700733,-0.316958780297,-1.131714907548,-2.104861325477,
0.656858687613,-0.316958780297,-1.130995920668,-2.104813388578,
0.657568063309,-0.316958780297,-1.130286544972,-2.104813388578,
0.658267820818,-0.316958780297,-1.129586787463,-2.104909262377,
0.658957953235,-0.316958780297,-1.128896655046,-2.104765451678,
0.659638453748,-0.316958780297,-1.128216154533,-2.104909262377,
0.660309315640,-0.316958780297,-1.127545292640,-2.104861325477,
0.660970532292,-0.316958780297,-1.126884075989,-2.104765451678,
0.661622097176,-0.316958780297,-1.126232511104,-2.104861325477,
0.662264003863,-0.316958780297,-1.125590604418,-2.104861325477,
0.662896246016,-0.316958780297,-1.124958362264,-2.104861325477,
0.663518817396,-0.316958780297,-1.124335790884,-2.104765451678,
0.664131711859,-0.316958780297,-1.123722896422,-2.104861325477,
0.664734923355,-0.316958780297,-1.123119684926,-2.104861325477,
0.665328445930,-0.316958780297,-1.122526162351,-2.104861325477,
0.665912273728,-0.316958780297,-1.121942334553,-2.104861325477,
0.666486400985,-0.316958780297,-1.121368207296,-2.104813388578,
0.667050822035,-0.316958780297,-1.120803786245,-2.104909262377,
0.667605531309,-0.317006717196,-1.120249076972,-2.104861325477,
0.668150523331,-0.316958780297,-1.119704084950,-2.104813388578,
0.668685792721,-0.316958780297,-1.119168815559,-2.104813388578,
0.669211334198,-0.316958780297,-1.118643274082,-2.104861325477,
0.669727142575,-0.316958780297,-1.118127465706,-2.104861325477,
0.670233212760,-0.316958780297,-1.117621395521,-2.104909262377,
0.670729539759,-0.316958780297,-1.117125068521,-2.104909262377,
0.671216118674,-0.316958780297,-1.116638489607,-2.104861325477,
0.671692944701,-0.316958780297,-1.116161663580,-2.104861325477,
0.672160013136,-0.316958780297,-1.115694595145,-2.104861325477,
0.672617319367,-0.316958780297,-1.115237288914,-2.104909262377,
0.673064858882,-0.316958780297,-1.114789749398,-2.104861325477,
0.673502627264,-0.316958780297,-1.114351981016,-2.104909262377,
0.673930620192,-0.316910843397,-1.113923988088,-2.104765451678,
0.674348833443,-0.316958780297,-1.113505774838,-2.104765451678,
0.674757262887,-0.316958780297,-1.113097345394,-2.104765451678,
0.675155904495,-0.316958780297,-1.112698703786,-2.104765451678,
0.675544754332,-0.316958780297,-1.112309853949,-2.104861325477,
0.675923808560,-0.316958780297,-1.111930799721,-2.104861325477,
0.676293063437,-0.316958780297,-1.111561544843,-2.104765451678,
0.676652515321,-0.316958780297,-1.111202092960,-2.104765451678,
0.677002160663,-0.316958780297,-1.110852447618,-2.104765451678,
0.677341996011,-0.316958780297,-1.110512612269,-2.104765451678,
0.677672018013,-0.316958780297,-1.110182590268,-2.104765451678,
0.677992223411,-0.316958780297,-1.109862384870,-2.104909262377,
0.678302609044,-0.316958780297,-1.109551999237,-2.104765451678,
0.678603171849,-0.316958780297,-1.109251436431,-2.104765451678,
0.678893908861,-0.316958780297,-1.108960699420,-2.104861325477,
0.679174817208,-0.316958780297,-1.108679791072,-2.104909262377,
0.679445894120,-0.316958780297,-1.108408714161,-2.104861325477,
0.679707136920,-0.316958780297,-1.108147471361,-2.104861325477,
0.679958543030,-0.316958780297,-1.107896065251,-2.104861325477,
0.680200109969,-0.316958780297,-1.107654498312,-2.104909262377,
0.680431835352,-0.316958780297,-1.107422772928,-2.104813388578,
0.680653716894,-0.316958780297,-1.107200891387,-2.104861325477,
0.680865752402,-0.316958780297,-1.106988855878,-2.104861325477,
0.681067939786,-0.316958780297,-1.106786668494,-2.104909262377,
0.681260277050,-0.316958780297,-1.106594331231,-2.104861325477,
0.681442762295,-0.316958780297,-1.106411845986,-2.104909262377,
0.681615393719,-0.316958780297,-1.106239214561,-2.104861325477,
0.681778169621,-0.316958780297,-1.106076438660,-2.104765451678,
0.681931088392,-0.316958780297,-1.105923519889,-2.104861325477,
0.682074148524,-0.316958780297,-1.105780459757,-2.104909262377,
0.682207348604,-0.316958780297,-1.105647259677,-2.104909262377,
0.682330687318,-0.316958780297,-1.105523920962,-2.104909262377,
0.682444163450,-0.316958780297,-1.105410444831,-2.104813388578,
0.682547775877,-0.316958780297,-1.105306832403,-2.104909262377,
0.682641523579,-0.316958780297,-1.105213084701,-2.104909262377,
0.682725405630,-0.316958780297,-1.105129202650,-2.104861325477,
0.682799421202,-0.316958780297,-1.105055187078,-2.104765451678,
0.682863569565,-0.316958780297,-1.104991038716,-2.104909262377,
0.682917850085,-0.316958780297,-1.104936758196,-2.104861325477,
0.682962262226,-0.316958780297,-1.104892346055,-2.104861325477,
0.682996805551,-0.316958780297,-1.104857802730,-2.104765451678,
0.683021479718,-0.316958780297,-1.104833128563,-2.104813388578,
0.683036284484,-0.316958780297,-1.104818323796,-2.104861325477,
0.683041219703,-0.316958780297,-1.104813388578,-2.104813388578,
0.683036285326,-0.316958780297,-1.104818322955,-2.104861325477,
0.683021481402,-0.316958780297,-1.104833126879,-2.104813388578,
0.682996808076,-0.316958780297,-1.104857800204,-2.104861325477,
0.682962265593,-0.316958780297,-1.104892342688,-2.104861325477,
0.682917854293,-0.316958780297,-1.104936753987,-2.104765451678,
0.682863574615,-0.316958780297,-1.104991033666,-2.104861325477,
0.682799427094,-0.316958780297,-1.105055181186,-2.104861325477,
0.682725412364,-0.316958780297,-1.105129195917,-2.104861325477,
0.682641531155,-0.316958780297,-1.105213077126,-2.104861325477,
0.682547784294,-0.316958780297,-1.105306823987,-2.104861325477,
0.682444172707,-0.316958780297,-1.105410435573,-2.104765451678,
0.682330697417,-0.316958780297,-1.105523910863,-2.104765451678,
0.682207359544,-0.316958780297,-1.105647248737,-2.104861325477,
0.682074160305,-0.316958780297,-1.105780447976,-2.104861325477,
0.681931101014,-0.316958780297,-1.105923507267,-2.104861325477,
0.681778183084,-0.316958780297,-1.106076425197,-2.104861325477,
0.681615408023,-0.316958780297,-1.106239200258,-2.104861325477,
0.681442777439,-0.316958780297,-1.106411830842,-2.104813388578,
0.681260293034,-0.316958780297,-1.106594315246,-2.104861325477,
0.681067956611,-0.316958780297,-1.106786651670,-2.104861325477,
0.680865770067,-0.316958780297,-1.106988838214,-2.104861325477,
0.680653735398,-0.316958780297,-1.107200872883,-2.104813388578,
0.680431854697,-0.316958780297,-1.107422753584,-2.104861325477,
0.680200130152,-0.316958780297,-1.107654478128,-2.104765451678,
0.679958564053,-0.316958780297,-1.107896044228,-2.104909262377,
0.679707158782,-0.316958780297,-1.108147449499,-2.104813388578,
0.679445916821,-0.316958780297,-1.108408691460,-2.104909262377,
0.679174840748,-0.316958780297,-1.108679767533,-2.104765451678,
0.678893933239,-0.316958780297,-1.108960675042,-2.104813388578,
0.678603197066,-0.316958780297,-1.109251411215,-2.104909262377,
0.678302635098,-0.317006717196,-1.109551973183,-2.104909262377,
0.677992250302,-0.316958780297,-1.109862357978,-2.104909262377,
0.677672045742,-0.316958780297,-1.110182562539,-2.104813388578,
0.677342024578,-0.316958780297,-1.110512583703,-2.104909262377,
0.677002190066,-0.316958780297,-1.110852418215,-2.104909262377,
0.676652545561,-0.316958780297,-1.111202062720,-2.104765451678,
0.676293094513,-0.316958780297,-1.111561513767,-2.104861325477,
0.675923840471,-0.316958780297,-1.111930767809,-2.104861325477,
0.675544787079,-0.316958780297,-1.112309821202,-2.104861325477,
0.675155938078,-0.316958780297,-1.112698670203,-2.104813388578,
0.674757297305,-0.316958780297,-1.113097310976,-2.104813388578,
0.674348868695,-0.316958780297,-1.113505739586,-2.104813388578,
0.673930656279,-0.316958780297,-1.113923952002,-2.104861325477,
0.673502664185,-0.316958780297,-1.114351944096,-2.104909262377,
0.673064896637,-0.316958780297,-1.114789711644,-2.104861325477,
0.672617357954,-0.316958780297,-1.115237250326,-2.104909262377,
0.672160052556,-0.316958780297,-1.115694555725,-2.104861325477,
0.671692984954,-0.316958780297,-1.116161623327,-2.104813388578,
0.671216159758,-0.316958780297,-1.116638448522,-2.104765451678,
0.670729581676,-0.316958780297,-1.117125026605,-2.104861325477,
0.670233255508,-0.316958780297,-1.117621352773,-2.104765451678,
0.669727186153,-0.316958780297,-1.118127422127,-2.104813388578,
0.669211378607,-0.316958780297,-1.118643229674,-2.104909262377,
0.668685837960,-0.316958780297,-1.119168770321,-2.104765451678,
0.668150569399,-0.316958780297,-1.119704038882,-2.104861325477,
0.667605578206,-0.316958780297,-1.120249030075,-2.104861325477,
0.667050869761,-0.316958780297,-1.120803738520,-2.104765451678,
0.666486449539,-0.316958780297,-1.121368158742,-2.104765451678,
0.665912323109,-0.316958780297,-1.121942285172,-2.104909262377,
0.665328496139,-0.316958780297,-1.122526112142,-2.104861325477,
0.664734974390,-0.316958780297,-1.123119633891,-2.104765451678,
0.664131763720,-0.316958780297,-1.123722844561,-2.104861325477,
0.663518870083,-0.316958780297,-1.124335738197,-2.104861325477,
0.662896299528,-0.316958780297,-1.124958308752,-2.104909262377,
0.662264058200,-0.316958780297,-1.125590550081,-2.104861325477,
0.661622152337,-0.316958780297,-1.126232455944,-2.104909262377,
0.660970588276,-0.316958780297,-1.126884020005,-2.104813388578,
0.660309372447,-0.316958780297,-1.127545235833,-2.104813388578,
0.659638511377,-0.316958780297,-1.128216096904,-2.104765451678,
0.658958011686,-0.316958780297,-1.128896596595,-2.104765451678,
0.658267880090,-0.317006717196,-1.129586728191,-2.104861325477,
0.657568123402,-0.316958780297,-1.130286484879,-2.104861325477,
0.656858748526,-0.316958780297,-1.130995859755,-2.104861325477,
0.656139762465,-0.316958780297,-1.131714845816,-2.104765451678,
0.655411172315,-0.316958780297,-1.132443435966,-2.104813388578,
0.654672985266,-0.316958780297,-1.133181623015,-2.104765451678,
0.653925208604,-0.316958780297,-1.133929399677,-2.104861325477,
0.653167849709,-0.316958780297,-1.134686758571,-2.104909262377,
0.652400916057,-0.316958780297,-1.135453692224,-2.104861325477,
0.651624415216,-0.316958780297,-1.136230193065,-2.104861325477,
0.650838354850,-0.316958780297,-1.137016253431,-2.104861325477,
0.650042742718,-0.316958780297,-1.137811865563,-2.104861325477,
0.649237586671,-0.316958780297,-1.138617021610,-2.104861325477,
0.648422894657,-0.316958780297,-1.139431713624,-2.104765451678,
0.647598674715,-0.316958780297,-1.140255933566,-2.104861325477,
0.646764934981,-0.316958780297,-1.141089673300,-2.104813388578,
0.645921683684,-0.316958780297,-1.141932924597,-2.104861325477,
0.645068929145,-0.316958780297,-1.142785679136,-2.104765451678,
0.644206679781,-0.316958780297,-1.143647928499,-2.104765451678,
0.643334944103,-0.316958780297,-1.144519664177,-2.104861325477,
0.642453730714,-0.316958780297,-1.145400877567,-2.104765451678,
0.641563048311,-0.316958780297,-1.146291559970,-2.104765451678,
0.640662905685,-0.316958780297,-1.147191702596,-2.104765451678,
0.639753311719,-0.316958780297,-1.148101296561,-2.104861325477,
0.638834275392,-0.316958780297,-1.149020332889,-2.104861325477,
0.637905805774,-0.316958780297,-1.149948802507,-2.104861325477,
0.636967912028,-0.316958780297,-1.150886696253,-2.104909262377,
0.636020603411,-0.316958780297,-1.151834004870,-2.104909262377,
0.635063889272,-0.316958780297,-1.152790719009,-2.104765451678,
0.634097779055,-0.316958780297,-1.153756829226,-2.104813388578,
0.633122282293,-0.316958780297,-1.154732325988,-2.104765451678,
0.632137408615,-0.316958780297,-1.155717199666,-2.104765451678,
0.631143167742,-0.316958780297,-1.156711440539,-2.104765451678,
0.630139569485,-0.316958780297,-1.157715038796,-2.104765451678,
0.629126623750,-0.316958780297,-1.158727984531,-2.104813388578,
0.628104340534,-0.316958780297,-1.159750267746,-2.104765451678,
0.627072729928,-0.316958780297,-1.160781878353,-2.104909262377,
0.626031802111,-0.316958780297,-1.161822806169,-2.104765451678,
0.624981567359,-0.316958780297,-1.162873040922,-2.104909262377,
0.623922036036,-0.316958780297,-1.163932572244,-2.104861325477,
0.622853218600,-0.316958780297,-1.165001389681,-2.104765451678,
0.621775125599,-0.316958780297,-1.166079482682,-2.104909262377,
0.620687767673,-0.316958780297,-1.167166840607,-2.104765451678,
0.619591155555,-0.316958780297,-1.168263452725,-2.104861325477,
0.618485300068,-0.316958780297,-1.169369308213,-2.104765451678,
0.617370212125,-0.316958780297,-1.170484396155,-2.104861325477,
0.616245902733,-0.316958780297,-1.171608705548,-2.104765451678,
0.615112382988,-0.316958780297,-1.172742225293,-2.104861325477,
0.613969664077,-0.316958780297,-1.173884944204,-2.104861325477,
0.612817757278,-0.316958780297,-1.175036851003,-2.104765451678,
0.611656673960,-0.316958780297,-1.176197934320,-2.104813388578,
0.610486425584,-0.316958780297,-1.177368182697,-2.104909262377,
0.609307023697,-0.316958780297,-1.178547584583,-2.104861325477,
0.608118479942,-0.316958780297,-1.179736128339,-2.104861325477,
0.606920806048,-0.316958780297,-1.180933802233,-2.104861325477,
0.605714013835,-0.316958780297,-1.182140594446,-2.104765451678,
0.604498115215,-0.316958780297,-1.183356493066,-2.104909262377,
0.603273122188,-0.316958780297,-1.184581486093,-2.104909262377,
0.602039046843,-0.316958780297,-1.185815561438,-2.104813388578,
0.600795901361,-0.316958780297,-1.187058706919,-2.104909262377,
0.599543698012,-0.316958780297,-1.188310910269,-2.104909262377,
0.598282449153,-0.316958780297,-1.189572159128,-2.104861325477,
0.597012167233,-0.316958780297,-1.190842441047,-2.104861325477,
0.595732864790,-0.316958780297,-1.192121743491,-2.104861325477,
0.594444554448,-0.316958780297,-1.193410053833,-2.104909262377,
0.593147248924,-0.316958780297,-1.194707359357,-2.104765451678,
0.591840961021,-0.316958780297,-1.196013647260,-2.104861325477,
0.590525703632,-0.316958780297,-1.197328904649,-2.104861325477,
0.589201489737,-0.316958780297,-1.198653118544,-2.104765451678,
0.587868332407,-0.316958780297,-1.199986275874,-2.104909262377,
0.586526244799,-0.316958780297,-1.201328363482,-2.104861325477,
0.585175240159,-0.316958780297,-1.202679368122,-2.104909262377,
0.583815331820,-0.316958780297,-1.204039276461,-2.104861325477,
0.582446533205,-0.316958780297,-1.205408075076,-2.104861325477,
0.581068857823,-0.316958780297,-1.206785750458,-2.104765451678,
0.579682319271,-0.316958780297,-1.208172289010,-2.104909262377,
0.578286931233,-0.316958780297,-1.209567677047,-2.104909262377,
0.576882707482,-0.316958780297,-1.210971900798,-2.104813388578,
0.575469661877,-0.316958780297,-1.212384946404,-2.104861325477,
0.574047808364,-0.316958780297,-1.213806799917,-2.104909262377,
0.572617160975,-0.316958780297,-1.215237447305,-2.104765451678,
0.571177733832,-0.316958780297,-1.216676874449,-2.104813388578,
0.569729541140,-0.316958780297,-1.218125067141,-2.104909262377,
0.568272597193,-0.316958780297,-1.219582011088,-2.104813388578,
0.566806916369,-0.316958780297,-1.221047691912,-2.104909262377,
0.565332513135,-0.316958780297,-1.222522095145,-2.104765451678,
0.563849402043,-0.316958780297,-1.224005206238,-2.104861325477,
0.562357597730,-0.316958780297,-1.225497010551,-2.104909262377,
0.560857114919,-0.316958780297,-1.226997493362,-2.104861325477,
0.559347968420,-0.316958780297,-1.228506639861,-2.104909262377,
0.557830173128,-0.316958780297,-1.230024435153,-2.104861325477,
0.556303744022,-0.316958780297,-1.231550864259,-2.104861325477,
0.554768696168,-0.316958780297,-1.233085912113,-2.104765451678,
0.553225044716,-0.316958780297,-1.234629563565,-2.104765451678,
0.551672804901,-0.316958780297,-1.236181803380,-2.104861325477,
0.550111992043,-0.316958780297,-1.237742616237,-2.104765451678,
0.548542621547,-0.316958780297,-1.239311986733,-2.104861325477,
0.546964708903,-0.316958780297,-1.240889899378,-2.104909262377,
0.545378269682,-0.316958780297,-1.242476338599,-2.104861325477,
0.543783319543,-0.316958780297,-1.244071288738,-2.104909262377,
0.542179874227,-0.316958780297,-1.245674734054,-2.104909262377,
0.540567949560,-0.316958780297,-1.247286658721,-2.104861325477,
0.538947561451,-0.316958780297,-1.248907046830,-2.104909262377,
0.537318725892,-0.316958780297,-1.250535882389,-2.104861325477,
0.535681458959,-0.316958780297,-1.252173149322,-2.104909262377,
0.534035776811,-0.316958780297,-1.253818831470,-2.104861325477,
0.532381695691,-0.316958780297,-1.255472912590,-2.104909262377,
0.530719231923,-0.316958780297,-1.257135376357,-2.104861325477,
0.529048401917,-0.316958780297,-1.258806206364,-2.104765451678,
0.527369222161,-0.316958780297,-1.260485386120,-2.104909262377,
0.525681709229,-0.316958780297,-1.262172899052,-2.104861325477,
0.523985879775,-0.316958780297,-1.263868728505,-2.104909262377,
0.522281750538,-0.316958780297,-1.265572857743,-2.104909262377,
0.520569338336,-0.316958780297,-1.267285269945,-2.104861325477,
0.518848660069,-0.316958780297,-1.269005948211,-2.104861325477,
0.517119732721,-0.316958780297,-1.270734875560,-2.104909262377,
0.515382573355,-0.316958780297,-1.272472034926,-2.104861325477,
0.513637199116,-0.316958780297,-1.274217409164,-2.104909262377,
0.511883627231,-0.316958780297,-1.275970981050,-2.104861325477,
0.510121875005,-0.316958780297,-1.277732733275,-2.104909262377,
0.508351959828,-0.316958780297,-1.279502648452,-2.104861325477,
0.506573899168,-0.316958780297,-1.281280709113,-2.104861325477,
0.504787710572,-0.316958780297,-1.283066897709,-2.104861325477,
0.502993411671,-0.316958780297,-1.284861196610,-2.104909262377,
0.501191020173,-0.316958780297,-1.286663588108,-2.104765451678,
0.499380553867,-0.316958780297,-1.288474054414,-2.104909262377,
0.497562030621,-0.316958780297,-1.290292577660,-2.104765451678,
0.495735468384,-0.316958780297,-1.292119139896,-2.104765451678,
0.493900885184,-0.316958780297,-1.293953723097,-2.104861325477,
0.492058299126,-0.316958780297,-1.295796309155,-2.104861325477,
0.490207728396,-0.316958780297,-1.297646879884,-2.104765451678,
0.488349191259,-0.316958780297,-1.299505417021,-2.104909262377,
0.486482706058,-0.316958780297,-1.301371902222,-2.104813388578,
0.484608291214,-0.316958780297,-1.303246317066,-2.104861325477,
0.482725965227,-0.316958780297,-1.305128643054,-2.104861325477,
0.480835746675,-0.316958780297,-1.307018861606,-2.104813388578,
0.478937654213,-0.316958780297,-1.308916954068,-2.104861325477,
0.477031706574,-0.316958780297,-1.310822901706,-2.104861325477,
0.475117922571,-0.316958780297,-1.312736685710,-2.104765451678,
0.473196321090,-0.316958780297,-1.314658287191,-2.104909262377,
0.471266921098,-0.316958780297,-1.316587687183,-2.104861325477,
0.469329741636,-0.316958780297,-1.318524866644,-2.104861325477,
0.467384801825,-0.316958780297,-1.320469806456,-2.104861325477,
0.465432120859,-0.316958780297,-1.322422487421,-2.104765451678,
0.463471718012,-0.316958780297,-1.324382890269,-2.104765451678,
0.461503612630,-0.317006717196,-1.326350995650,-2.104765451678,
0.459527824140,-0.316958780297,-1.328326784141,-2.104909262377,
0.457544372040,-0.316958780297,-1.330310236241,-2.104861325477,
0.455553275907,-0.316958780297,-1.332301332374,-2.104861325477,
0.453554555392,-0.316958780297,-1.334300052888,-2.104861325477,
0.451548230222,-0.316958780297,-1.336306378059,-2.104909262377,
0.449534320198,-0.316958780297,-1.338320288082,-2.104765451678,
0.447512845198,-0.317006717196,-1.340341763083,-2.104861325477,
0.445483825171,-0.316958780297,-1.342370783110,-2.104861325477,
0.443447280143,-0.316958780297,-1.344407328138,-2.104861325477,
0.441403230215,-0.316958780297,-1.346451378066,-2.104909262377,
0.439351695561,-0.316958780297,-1.348502912720,-2.104909262377,
0.437292696427,-0.316958780297,-1.350561911854,-2.104909262377,
0.435226253136,-0.316958780297,-1.352628355144,-2.104861325477,
0.433152386083,-0.317054654096,-1.354702222197,-2.104861325477,
0.431071115736,-0.316958780297,-1.356783492545,-2.104765451678,
0.428982462636,-0.316958780297,-1.358872145645,-2.104861325477,
0.426886447397,-0.316958780297,-1.360968160883,-2.104909262377,
0.424783090707,-0.316958780297,-1.363071517574,-2.104813388578,
0.422672413324,-0.316958780297,-1.365182194957,-2.104861325477,
0.420554436079,-0.316958780297,-1.367300172201,-2.104861325477,
0.418429179878,-0.316958780297,-1.369425428403,-2.104765451678,
0.416296665694,-0.316958780297,-1.371557942587,-2.104813388578,
0.414156914576,-0.316958780297,-1.373697693705,-2.104813388578,
0.412009947640,-0.316958780297,-1.375844660640,-2.104861325477,
0.409855786078,-0.316958780297,-1.377998822202,-2.104909262377,
0.407694451150,-0.316958780297,-1.380160157130,-2.104813388578,
0.405525964188,-0.316958780297,-1.382328644093,-2.104861325477,
0.403350346593,-0.316958780297,-1.384504261688,-2.104813388578,
0.401167619838,-0.316958780297,-1.386686988443,-2.104909262377,
0.398977805465,-0.316958780297,-1.388876802816,-2.104861325477,
0.396780925088,-0.316958780297,-1.391073683193,-2.104861325477,
0.394577000388,-0.316958780297,-1.393277607893,-2.104909262377,
0.392366053117,-0.316958780297,-1.395488555164,-2.104861325477,
0.390148105097,-0.316958780297,-1.397706503184,-2.104765451678,
0.387923178218,-0.316958780297,-1.399931430063,-2.104861325477,
0.385691294438,-0.316958780297,-1.402163313842,-2.104765451678,
0.383452475787,-0.316958780297,-1.404402132494,-2.104861325477,
0.381206744359,-0.316958780297,-1.406647863922,-2.104765451678,
0.378954122319,-0.316958780297,-1.408900485962,-2.104861325477,
0.376694631901,-0.316958780297,-1.411159976380,-2.104861325477,
0.374428295403,-0.316958780297,-1.413426312878,-2.104813388578,
0.372155135194,-0.316958780297,-1.415699473086,-2.104813388578,
0.369875173710,-0.316958780297,-1.417979434571,-2.104909262377,
0.367588433452,-0.316958780297,-1.420266174829,-2.104765451678,
0.365294936989,-0.316958780297,-1.422559671292,-2.104765451678,
0.362994706958,-0.316958780297,-1.424859901323,-2.104861325477,
0.360687766061,-0.316958780297,-1.427166842220,-2.104909262377,
0.358374137066,-0.316958780297,-1.429480471215,-2.104861325477,
0.356053842808,-0.316958780297,-1.431800765473,-2.104765451678,
0.353726906187,-0.316958780297,-1.434127702093,-2.104861325477,
0.351393350170,-0.316958780297,-1.436461258111,-2.104765451678,
0.349053197787,-0.316958780297,-1.438801410493,-2.104813388578,
0.346706472135,-0.316958780297,-1.441148136145,-2.104813388578,
0.344353196376,-0.316958780297,-1.443501411905,-2.104861325477,
0.341993393734,-0.316958780297,-1.445861214547,-2.104813388578,
0.339627087500,-0.316958780297,-1.448227520780,-2.104765451678,
0.337254301030,-0.316958780297,-1.450600307251,-2.104861325477,
0.334875057740,-0.316958780297,-1.452979550540,-2.104909262377,
0.332489381114,-0.316958780297,-1.455365227167,-2.104813388578,
0.330097294697,-0.316958780297,-1.457757313584,-2.104909262377,
0.327698822098,-0.316958780297,-1.460155786183,-2.104861325477,
0.325293986989,-0.316958780297,-1.462560621292,-2.104765451678,
0.322882813105,-0.316958780297,-1.464971795176,-2.104909262377,
0.320465324242,-0.316958780297,-1.467389284039,-2.104909262377,
0.318041544261,-0.316958780297,-1.469813064019,-2.104909262377,
0.315611497084,-0.316958780297,-1.472243111197,-2.104813388578,
0.313175206694,-0.316958780297,-1.474679401587,-2.104909262377,
0.310732697135,-0.316958780297,-1.477121911145,-2.104765451678,
0.308283992516,-0.316958780297,-1.479570615765,-2.104861325477,
0.305829117003,-0.316958780297,-1.482025491278,-2.104909262377,
0.303368094825,-0.316958780297,-1.484486513456,-2.104861325477,
0.300900950271,-0.316958780297,-1.486953658010,-2.104909262377,
0.298427707692,-0.316958780297,-1.489426900589,-2.104765451678,
0.295948391496,-0.316958780297,-1.491906216785,-2.104813388578,
0.293463026155,-0.316958780297,-1.494391582126,-2.104861325477,
0.290971636196,-0.316958780297,-1.496882972084,-2.104813388578,
0.288474246211,-0.316958780297,-1.499380362070,-2.104861325477,
0.285970880845,-0.316958780297,-1.501883727435,-2.104813388578,
0.283461564808,-0.316958780297,-1.504393043473,-2.104813388578,
0.280946322865,-0.316958780297,-1.506908285416,-2.104861325477,
0.278425179839,-0.316958780297,-1.509429428441,-2.104765451678,
0.275898160615,-0.316958780297,-1.511956447666,-2.104813388578,
0.273365290132,-0.316958780297,-1.514489318148,-2.104909262377,
0.270826593389,-0.316958780297,-1.517028014891,-2.104861325477,
0.268282095442,-0.316958780297,-1.519572512838,-2.104813388578,
0.265731821404,-0.316958780297,-1.522122786876,-2.104909262377,
0.263175796446,-0.316958780297,-1.524678811835,-2.104765451678,
0.260614045793,-0.316958780297,-1.527240562488,-2.104861325477,
0.258046594730,-0.316958780297,-1.529808013551,-2.104813388578,
0.255473468596,-0.316958780297,-1.532381139685,-2.104813388578,
0.252894692787,-0.316958780297,-1.534959915494,-2.104765451678,
0.250310292755,-0.316958780297,-1.537544315526,-2.104909262377,
0.247720294006,-0.316958780297,-1.540134314275,-2.104765451678,
0.245124722103,-0.316958780297,-1.542729886178,-2.104861325477,
0.242523602662,-0.316958780297,-1.545331005618,-2.104909262377,
0.239916961357,-0.316958780297,-1.547937646924,-2.104861325477,
0.237304823913,-0.316958780297,-1.550549784367,-2.104765451678,
0.234687216112,-0.316958780297,-1.553167392169,-2.104765451678,
0.232064163787,-0.316958780297,-1.555790444494,-2.104909262377,
0.229435692827,-0.316958780297,-1.558418915453,-2.104765451678,
0.226801829175,-0.316958780297,-1.561052779105,-2.104861325477,
0.224162598826,-0.316958780297,-1.563692009455,-2.104909262377,
0.221518027827,-0.316958780297,-1.566336580454,-2.104813388578,
0.218868142279,-0.316958780297,-1.568986466001,-2.104861325477,
0.216212968337,-0.316958780297,-1.571641639944,-2.104813388578,
0.213552532204,-0.316958780297,-1.574302076077,-2.104813388578,
0.210886860139,-0.316958780297,-1.576967748141,-2.104861325477,
0.208215978451,-0.317006717196,-1.579638629829,-2.104909262377,
0.205539913501,-0.316958780297,-1.582314694780,-2.104813388578,
0.202858691699,-0.316958780297,-1.584995916581,-2.104861325477,
0.200172339509,-0.317054654096,-1.587682268771,-2.104861325477,
0.197480883444,-0.316958780297,-1.590373724837,-2.104765451678,
0.194784350067,-0.316958780297,-1.593070258214,-2.104861325477,
0.192082765992,-0.316958780297,-1.595771842288,-2.104813388578,
0.189376157883,-0.316958780297,-1.598478450397,-2.104765451678,
0.186664552453,-0.316958780297,-1.601190055828,-2.104909262377,
0.183947976464,-0.316958780297,-1.603906631817,-2.104813388578,
0.181226456727,-0.316958780297,-1.606628151554,-2.104765451678,
0.178500020104,-0.316958780297,-1.609354588177,-2.104909262377,
0.175768693502,-0.316958780297,-1.612085914779,-2.104909262377,
0.173032503879,-0.316958780297,-1.614822104401,-2.104765451678,
0.170291478241,-0.316958780297,-1.617563130040,-2.104909262377,
0.167545643639,-0.316958780297,-1.620308964642,-2.104765451678,
0.164795027174,-0.316958780297,-1.623059581107,-2.104909262377,
0.162039655994,-0.316958780297,-1.625814952287,-2.104765451678,
0.159279557292,-0.316958780297,-1.628575050988,-2.104861325477,
0.156514758311,-0.316958780297,-1.631339849970,-2.104909262377,
0.153745286337,-0.316958780297,-1.634109321943,-2.104909262377,
0.150971168705,-0.316958780297,-1.636883439576,-2.104861325477,
0.148192432793,-0.316958780297,-1.639662175488,-2.104909262377,
0.145409106026,-0.316958780297,-1.642445502255,-2.104861325477,
0.142621215875,-0.316958780297,-1.645233392406,-2.104861325477,
0.139828789855,-0.316958780297,-1.648025818426,-2.104909262377,
0.137031855526,-0.316958780297,-1.650822752754,-2.104909262377,
0.134230440494,-0.316958780297,-1.653624167787,-2.104765451678,
0.131424572406,-0.316958780297,-1.656430035875,-2.104813388578,
0.128614278955,-0.316958780297,-1.659240329326,-2.104909262377,
0.125799587879,-0.316958780297,-1.662055020402,-2.104861325477,
0.122980526956,-0.316958780297,-1.664874081325,-2.104909262377,
0.120157124010,-0.316958780297,-1.667697484271,-2.104909262377,
0.117329406906,-0.316958780297,-1.670525201374,-2.104909262377,
0.114497403554,-0.316958780297,-1.673357204727,-2.104813388578,
0.111661141904,-0.316958780297,-1.676193466377,-2.104861325477,
0.108820649948,-0.316958780297,-1.679033958333,-2.104909262377,
0.105975955721,-0.316958780297,-1.681878652560,-2.104861325477,
0.103127087299,-0.316958780297,-1.684727520982,-2.104861325477,
0.100274072799,-0.316958780297,-1.687580535481,-2.104813388578,
0.097416940380,-0.316958780297,-1.690437667901,-2.104909262377,
0.094555718240,-0.316958780297,-1.693298890041,-2.104813388578,
0.091690434618,-0.316958780297,-1.696164173663,-2.104861325477,
0.088821117793,-0.316958780297,-1.699033490488,-2.104909262377,
0.085947796085,-0.316958780297,-1.701906812196,-2.104813388578,
0.083070497851,-0.316958780297,-1.704784110429,-2.104813388578,
0.080189251491,-0.316958780297,-1.707665356790,-2.104861325477,
0.077304085439,-0.316958780297,-1.710550522842,-2.104813388578,
0.074415028173,-0.316958780297,-1.713439580108,-2.104813388578,
0.071522108205,-0.316958780297,-1.716332500076,-2.104813388578,
0.068625354087,-0.316958780297,-1.719229254193,-2.104765451678,
0.065724794410,-0.316958780297,-1.722129813870,-2.104765451678,
0.062820457801,-0.316958780297,-1.725034150479,-2.104765451678,
0.059912372924,-0.316958780297,-1.727942235356,-2.104813388578,
0.057000568482,-0.316958780297,-1.730854039799,-2.104813388578,
0.054085073211,-0.316958780297,-1.733769535070,-2.104813388578,
0.051165915888,-0.316958780297,-1.736688692393,-2.104765451678,
0.048243125322,-0.316958780297,-1.739611482958,-2.104861325477,
0.045316730362,-0.316958780297,-1.742537877919,-2.104909262377,
0.042386759888,-0.316958780297,-1.745467848393,-2.104813388578,
0.039453242819,-0.316958780297,-1.748401365462,-2.104765451678,
0.036516208108,-0.316958780297,-1.751338400173,-2.104861325477,
0.033575684741,-0.316958780297,-1.754278923540,-2.104765451678,
0.030631701740,-0.316958780297,-1.757222906540,-2.104861325477,
0.027684288162,-0.316958780297,-1.760170320118,-2.104861325477,
0.024733473097,-0.316958780297,-1.763121135184,-2.104765451678,
0.021779285666,-0.316958780297,-1.766075322614,-2.104765451678,
0.018821755028,-0.316958780297,-1.769032853253,-2.104861325477,
0.015860910372,-0.316958780297,-1.771993697909,-2.104909262377,
0.012896780920,-0.316958780297,-1.774957827361,-2.104765451678,
0.009929395926,-0.316958780297,-1.777925212354,-2.104765451678,
0.006958784679,-0.316958780297,-1.780895823602,-2.104861325477,
0.003984976496,-0.316958780297,-1.783869631785,-2.104861325477,
0.001008000727,-0.316958780297,-1.786846607553,-2.104813388578,
-0.001972113244,-0.316958780297,-1.789826721525,-2.104861325477,
-0.004955336007,-0.316958780297,-1.792809944288,-2.104765451678,
-0.007941638118,-0.316958780297,-1.795796246399,-2.104765451678,
-0.010930990104,-0.316958780297,-1.798785598384,-2.104909262377,
-0.013923362460,-0.316958780297,-1.801777970740,-2.104861325477,
-0.016918725653,-0.316958780297,-1.804773333933,-2.104765451678,
-0.019917050120,-0.316958780297,-1.807771658401,-2.104813388578,
-0.022918306269,-0.316958780297,-1.810772914550,-2.104909262377,
-0.025922464479,-0.316958780297,-1.813777072759,-2.104909262377,
-0.028929495099,-0.316958780297,-1.816784103380,-2.104861325477,
-0.031939368452,-0.316958780297,-1.819793976733,-2.104909262377,
-0.034952054832,-0.316958780297,-1.822806663113,-2.104909262377,
-0.037967524504,-0.316958780297,-1.825822132785,-2.104861325477,
-0.040985747707,-0.316958780297,-1.828840355988,-2.104813388578,
-0.044006694652,-0.316958780297,-1.831861302933,-2.104765451678,
-0.047030335524,-0.316958780297,-1.834884943805,-2.104813388578,
-0.050056640481,-0.316958780297,-1.837911248762,-2.104765451678,
-0.053085579654,-0.316958780297,-1.840940187935,-2.104861325477,
-0.056117123149,-0.316958780297,-1.843971731430,-2.104861325477,
-0.059151241046,-0.316958780297,-1.847005849327,-2.104861325477,
-0.062187903399,-0.316958780297,-1.850042511680,-2.104861325477,
-0.065227080238,-0.316958780297,-1.853081688518,-2.104861325477,
-0.068268741567,-0.316958780297,-1.856123349847,-2.104765451678,
-0.071312857366,-0.316958780297,-1.859167465646,-2.104909262377,
-0.074359397590,-0.316958780297,-1.862214005871,-2.104909262377,
-0.077408332173,-0.316958780297,-1.865262940454,-2.104861325477,
-0.080459631022,-0.316958780297,-1.868314239303,-2.104909262377,
-0.083513264022,-0.316958780297,-1.871367872303,-2.104861325477,
-0.086569201035,-0.316958780297,-1.874423809316,-2.104861325477,
-0.089627411900,-0.316958780297,-1.877482020181,-2.104909262377,
-0.092687866434,-0.316958780297,-1.880542474715,-2.104765451678,
-0.095750534431,-0.316958780297,-1.883605142712,-2.104765451678,
-0.098815385664,-0.316958780297,-1.886669993945,-2.104765451678,
-0.101882389885,-0.316958780297,-1.889736998165,-2.104861325477,
-0.104951516822,-0.316958780297,-1.892806125103,-2.104813388578,
-0.108022736185,-0.316958780297,-1.895877344466,-2.104765451678,
-0.111096017663,-0.316958780297,-1.898950625944,-2.104813388578,
-0.114171330923,-0.316958780297,-1.902025939204,-2.104861325477,
-0.117248645613,-0.316958780297,-1.905103253894,-2.104861325477,
-0.120327931361,-0.316958780297,-1.908182539642,-2.104861325477,
-0.123409157777,-0.316958780297,-1.911263766058,-2.104861325477,
-0.126492294449,-0.316958780297,-1.914346902730,-2.104861325477,
-0.129577310948,-0.316958780297,-1.917431919229,-2.104765451678,
-0.132664176827,-0.316958780297,-1.920518785108,-2.104813388578,
-0.135752861619,-0.316958780297,-1.923607469900,-2.104765451678,
-0.138843334840,-0.316958780297,-1.926697943121,-2.104765451678,
-0.141935565989,-0.316958780297,-1.929790174270,-2.104765451678,
-0.145029524546,-0.316958780297,-1.932884132827,-2.104813388578,
-0.148125179976,-0.316958780297,-1.935979788256,-2.104909262377,
-0.151222501724,-0.316958780297,-1.939077110005,-2.104909262377,
-0.154321459223,-0.316958780297,-1.942176067504,-2.104813388578,
-0.157422021887,-0.316958780297,-1.945276630167,-2.104765451678,
-0.160524159114,-0.316958780297,-1.948378767394,-2.104909262377,
-0.163627840287,-0.316958780297,-1.951482448568,-2.104861325477,
-0.166733034775,-0.316958780297,-1.954587643056,-2.104861325477,
-0.169839711930,-0.316958780297,-1.957694320211,-2.104861325477,
-0.172947841091,-0.316958780297,-1.960802449372,-2.104861325477,
-0.176057391582,-0.316958780297,-1.963911999863,-2.104765451678,
-0.179168332712,-0.316958780297,-1.967022940993,-2.104861325477,
-0.182280633779,-0.316958780297,-1.970135242060,-2.104765451678,
-0.185394264064,-0.316958780297,-1.973248872345,-2.104861325477,
-0.188509192839,-0.316958780297,-1.976363801119,-2.104765451678,
-0.191625389358,-0.316958780297,-1.979479997639,-2.104909262377,
-0.194742822868,-0.316958780297,-1.982597431148,-2.104909262377,
-0.197861462599,-0.316958780297,-1.985716070880,-2.104861325477,
-0.200981277773,-0.316958780297,-1.988835886054,-2.104861325477,
-0.204102237599,-0.316958780297,-1.991956845879,-2.104861325477,
-0.207224311272,-0.316958780297,-1.995078919553,-2.104861325477,
-0.210347467981,-0.316958780297,-1.998202076261,-2.104909262377,
-0.213471676900,-0.316958780297,-2.001326285181,-2.104861325477,
-0.216596907195,-0.316958780297,-2.004451515476,-2.104861325477,
-0.219723128021,-0.316958780297,-2.007577736302,-2.104861325477,
-0.222850308524,-0.316958780297,-2.010704916804,-2.104909262377,
-0.225978417839,-0.316958780297,-2.013833026120,-2.104813388578,
-0.229107425094,-0.316958780297,-2.016962033374,-2.104909262377,
-0.232237299406,-0.316958780297,-2.020091907686,-2.104813388578,
-0.235368009885,-0.316958780297,-2.023222618165,-2.104861325477,
-0.238499525631,-0.316958780297,-2.026354133912,-2.104765451678,
-0.241631815739,-0.316958780297,-2.029486424020,-2.104861325477,
-0.244764849294,-0.316958780297,-2.032619457575,-2.104861325477,
-0.247898595374,-0.316958780297,-2.035753203654,-2.104909262377,
-0.251033023049,-0.316958780297,-2.038887631330,-2.104765451678,
-0.254168101386,-0.316958780297,-2.042022709666,-2.104861325477,
-0.257303799441,-0.316958780297,-2.045158407721,-2.104909262377,
-0.260440086266,-0.316958780297,-2.048294694547,-2.104813388578,
-0.263576930908,-0.316958780297,-2.051431539189,-2.104861325477,
-0.266714302408,-0.316958780297,-2.054568910688,-2.104861325477,
-0.269852169800,-0.316958780297,-2.057706778081,-2.104909262377,
-0.272990502115,-0.316958780297,-2.060845110396,-2.104765451678,
-0.276129268380,-0.316958780297,-2.063983876660,-2.104909262377,
-0.279268437615,-0.316958780297,-2.067123045896,-2.104813388578,
-0.282407978839,-0.316958780297,-2.070262587119,-2.104861325477,
-0.285547861065,-0.316958780297,-2.073402469346,-2.104861325477,
-0.288688053304,-0.316958780297,-2.076542661585,-2.104861325477,
-0.291828524564,-0.316958780297,-2.079683132845,-2.104861325477,
-0.294969243849,-0.316958780297,-2.082823852130,-2.104765451678,
-0.298110180163,-0.316958780297,-2.085964788443,-2.104909262377,
-0.301251302504,-0.316958780297,-2.089105910785,-2.104909262377,
-0.304392579872,-0.316958780297,-2.092247188152,-2.104765451678,
-0.307533981263,-0.316958780297,-2.095388589544,-2.104909262377,
-0.310675475673,-0.316958780297,-2.098530083954,-2.104861325477,
-0.313817032097,-0.316958780297,-2.101671640377,-2.104765451678,
-0.316958619528,-0.316958780297,-2.104813227809,-2.104861325477,
-0.320100206961,-0.316958780297,-2.107954815242,-2.104861325477,
-0.323241763390,-0.316958780297,-2.111096371670,-2.104765451678,
-0.326383257808,-0.316958780297,-2.114237866088,-2.104861325477,
-0.329524659210,-0.316958780297,-2.117379267491,-2.104861325477,
-0.332665936592,-0.316958780297,-2.120520544873,-2.104861325477,
-0.335807058951,-0.316958780297,-2.123661667231,-2.104861325477,
-0.338947995284,-0.316958780297,-2.126802603565,-2.104765451678,
-0.342088714594,-0.316958780297,-2.129943322874,-2.104765451678,
-0.345229185881,-0.316958780297,-2.133083794161,-2.104765451678,
-0.348369378150,-0.316958780297,-2.136223986431,-2.104909262377,
-0.351509260409,-0.316958780297,-2.139363868690,-2.104861325477,
-0.354648801670,-0.316958780297,-2.142503409950,-2.104909262377,
-0.357787970945,-0.316958780297,-2.145642579225,-2.104909262377,
-0.360926737252,-0.316958780297,-2.148781345533,-2.104909262377,
-0.364065069613,-0.317006717196,-2.151919677894,-2.104909262377,
-0.367202937055,-0.316958780297,-2.155057545335,-2.104813388578,
-0.370340308606,-0.316958780297,-2.158194916887,-2.104861325477,
-0.373477153304,-0.316958780297,-2.161331761585,-2.104909262377,
-0.376613440188,-0.316958780297,-2.164468048469,-2.104861325477,
-0.379749138305,-0.316958780297,-2.167603746586,-2.104765451678,
-0.382884216706,-0.316958780297,-2.170738824987,-2.104909262377,
-0.386018644450,-0.316958780297,-2.173873252731,-2.104813388578,
-0.389152390601,-0.316958780297,-2.177006998882,-2.104813388578,
-0.392285424230,-0.316958780297,-2.180140032511,-2.104765451678,
-0.395417714416,-0.316958780297,-2.183272322697,-2.104813388578,
-0.398549230244,-0.316958780297,-2.186403838524,-2.104861325477,
-0.401679940806,-0.316958780297,-2.189534549087,-2.104765451678,
-0.404809815206,-0.316958780297,-2.192664423486,-2.104909262377,
-0.407938822551,-0.316958780297,-2.195793430831,-2.104765451678,
-0.411066931960,-0.316958780297,-2.198921540240,-2.104909262377,
-0.414194112559,-0.316958780297,-2.202048720840,-2.104861325477,
-0.417320333485,-0.316958780297,-2.205174941766,-2.104765451678,
-0.420445563883,-0.316958780297,-2.208300172163,-2.104765451678,
-0.423569772908,-0.316958780297,-2.211424381189,-2.104909262377,
-0.426692929726,-0.316958780297,-2.214547538006,-2.104861325477,
-0.429815003512,-0.316958780297,-2.217669611792,-2.104861325477,
-0.432935963453,-0.316958780297,-2.220790571733,-2.104909262377,
-0.436055778745,-0.316958780297,-2.223910387026,-2.104861325477,
-0.439174418599,-0.316958780297,-2.227029026880,-2.104813388578,
-0.442291852233,-0.316958780297,-2.230146460514,-2.104909262377,
-0.445408048881,-0.316958780297,-2.233262657162,-2.104909262377,
-0.448522977787,-0.316958780297,-2.236377586067,-2.104909262377,
-0.451636608207,-0.316958780297,-2.239491216487,-2.104765451678,
-0.454748909411,-0.316958780297,-2.242603517692,-2.104861325477,
-0.457859850682,-0.316958780297,-2.245714458963,-2.104861325477,
-0.460969401317,-0.317006717196,-2.248824009597,-2.104861325477,
-0.464077530625,-0.316958780297,-2.251932138906,-2.104861325477,
-0.467184207930,-0.316958780297,-2.255038816211,-2.104861325477,
-0.470289402571,-0.316958780297,-2.258144010852,-2.104909262377,
-0.473393083901,-0.316958780297,-2.261247692182,-2.104765451678,
-0.476495221288,-0.316958780297,-2.264349829568,-2.104861325477,
-0.479595784114,-0.316958780297,-2.267450392395,-2.104813388578,
-0.482694741779,-0.316958780297,-2.270549350059,-2.104813388578,
-0.485792063696,-0.316958780297,-2.273646671977,-2.104909262377,
-0.488887719298,-0.316958780297,-2.276742327579,-2.104861325477,
-0.491981678030,-0.316958780297,-2.279836286311,-2.104861325477,
-0.495073909357,-0.316958780297,-2.282928517638,-2.104813388578,
-0.498164382760,-0.316958780297,-2.286018991041,-2.104765451678,
-0.501253067737,-0.316958780297,-2.289107676017,-2.104765451678,
-0.504339933803,-0.316958780297,-2.292194542084,-2.104861325477,
-0.507424950493,-0.316958780297,-2.295279558774,-2.104861325477,
-0.510508087359,-0.316958780297,-2.298362695640,-2.104813388578,
-0.513589313972,-0.316958780297,-2.301443922253,-2.104861325477,
-0.516668599921,-0.316958780297,-2.304523208201,-2.104909262377,
-0.519745914814,-0.316958780297,-2.307600523095,-2.104813388578,
-0.522821228280,-0.316958780297,-2.310675836561,-2.104813388578,
-0.525894509968,-0.316958780297,-2.313749118248,-2.104861325477,
-0.528965729543,-0.316958780297,-2.316820337824,-2.104909262377,
-0.532034856697,-0.316958780297,-2.319889464977,-2.104861325477,
-0.535101861136,-0.316958780297,-2.322956469416,-2.104861325477,
-0.538166712591,-0.316958780297,-2.326021320871,-2.104765451678,
-0.541229380813,-0.316958780297,-2.329083989093,-2.104765451678,
-0.544289835574,-0.316958780297,-2.332144443855,-2.104909262377,
-0.547348046671,-0.316958780297,-2.335202654951,-2.104765451678,
-0.550403983918,-0.316958780297,-2.338258592199,-2.104861325477,
-0.553457617155,-0.317006717196,-2.341312225436,-2.104861325477,
-0.556508916245,-0.316958780297,-2.344363524525,-2.104765451678,
-0.559557851071,-0.316958780297,-2.347412459352,-2.104909262377,
-0.562604391543,-0.316958780297,-2.350458999823,-2.104813388578,
-0.565648507591,-0.316958780297,-2.353503115872,-2.104861325477,
-0.568690169173,-0.316958780297,-2.356544777454,-2.104909262377,
-0.571729346267,-0.316958780297,-2.359583954548,-2.104909262377,
-0.574766008879,-0.316958780297,-2.362620617160,-2.104765451678,
-0.577800127038,-0.316958780297,-2.365654735319,-2.104813388578,
-0.580831670798,-0.316958780297,-2.368686279079,-2.104765451678,
-0.583860610239,-0.316958780297,-2.371715218520,-2.104909262377,
-0.586886915467,-0.316958780297,-2.374741523748,-2.104909262377,
-0.589910556613,-0.316958780297,-2.377765164894,-2.104765451678,
-0.592931503836,-0.316958780297,-2.380786112117,-2.104765451678,
-0.595949727319,-0.316958780297,-2.383804335600,-2.104861325477,
-0.598965197275,-0.316958780297,-2.386819805555,-2.104861325477,
-0.601977883941,-0.316958780297,-2.389832492221,-2.104765451678,
-0.604987757583,-0.316958780297,-2.392842365864,-2.104765451678,
-0.607994788496,-0.316958780297,-2.395849396777,-2.104765451678,
-0.610998947002,-0.316958780297,-2.398853555282,-2.104861325477,
-0.614000203449,-0.316958780297,-2.401854811730,-2.104861325477,
-0.616998528218,-0.316958780297,-2.404853136499,-2.104861325477,
-0.619993891716,-0.316958780297,-2.407848499996,-2.104861325477,
-0.622986264379,-0.316958780297,-2.410840872660,-2.104861325477,
-0.625975616675,-0.316958780297,-2.413830224956,-2.104861325477,
-0.628961919100,-0.316958780297,-2.416816527380,-2.104861325477,
-0.631945142179,-0.316958780297,-2.419799750460,-2.104861325477,
-0.634925256471,-0.316958780297,-2.422779864752,-2.104909262377,
-0.637902232562,-0.316958780297,-2.425756840843,-2.104861325477,
-0.640876041071,-0.316958780297,-2.428730649351,-2.104861325477,
-0.643846652647,-0.316958780297,-2.431701260927,-2.104861325477,
-0.646814037972,-0.316958780297,-2.434668646253,-2.104813388578,
-0.649778167759,-0.316958780297,-2.437632776039,-2.104861325477,
-0.652739012753,-0.316958780297,-2.440593621033,-2.104861325477,
-0.655696543732,-0.316958780297,-2.443551152012,-2.104765451678,
-0.658650731506,-0.316958780297,-2.446505339786,-2.104861325477,
-0.661601546918,-0.316958780297,-2.449456155199,-2.104813388578,
-0.664548960846,-0.316958780297,-2.452403569126,-2.104861325477,
-0.667492944199,-0.316958780297,-2.455347552479,-2.104765451678,
-0.670433467921,-0.316958780297,-2.458288076202,-2.104909262377,
-0.673370502991,-0.316958780297,-2.461225111272,-2.104861325477,
-0.676304020421,-0.316958780297,-2.464158628702,-2.104765451678,
-0.679233991259,-0.316958780297,-2.467088599540,-2.104861325477,
-0.682160386588,-0.316958780297,-2.470014994868,-2.104813388578,
-0.685083177523,-0.316958780297,-2.472937785804,-2.104861325477,
-0.688002335220,-0.316958780297,-2.475856943501,-2.104765451678,
-0.690917830867,-0.316958780297,-2.478772439148,-2.104813388578,
-0.693829635689,-0.316958780297,-2.481684243970,-2.104813388578,
-0.696737720948,-0.316958780297,-2.484592329229,-2.104861325477,
-0.699642057942,-0.316958780297,-2.487496666223,-2.104765451678,
-0.702542618007,-0.316958780297,-2.490397226288,-2.104861325477,
-0.705439372515,-0.316958780297,-2.493293980796,-2.104861325477,
-0.708332292877,-0.316958780297,-2.496186901158,-2.104861325477,
-0.711221350541,-0.316958780297,-2.499075958821,-2.104861325477,
-0.714106516992,-0.316958780297,-2.501961125272,-2.104861325477,
-0.716987763755,-0.316958780297,-2.504842372036,-2.104861325477,
-0.719865062394,-0.316958780297,-2.507719670675,-2.104861325477,
-0.722738384511,-0.316910843397,-2.510592992792,-2.104861325477,
-0.725607701747,-0.316958780297,-2.513462310028,-2.104861325477,
-0.728472985783,-0.316958780297,-2.516327594064,-2.104861325477,
-0.731334208341,-0.316910843397,-2.519188816621,-2.104861325477,
-0.734191341180,-0.316958780297,-2.522045949461,-2.104909262377,
-0.737044356102,-0.316958780297,-2.524898964383,-2.104813388578,
-0.739893224950,-0.316958780297,-2.527747833231,-2.104909262377,
-0.742737919606,-0.316958780297,-2.530592527886,-2.104861325477,
-0.745578411993,-0.316958780297,-2.533433020274,-2.104813388578,
-0.748414674078,-0.316958780297,-2.536269282359,-2.104909262377,
-0.751246677867,-0.316958780297,-2.539101286148,-2.104861325477,
-0.754074395411,-0.316958780297,-2.541929003692,-2.104861325477,
-0.756897798800,-0.316958780297,-2.544752407081,-2.104861325477,
-0.759716860169,-0.316958780297,-2.547571468449,-2.104765451678,
-0.762531551694,-0.316958780297,-2.550386159975,-2.104861325477,
-0.765341845596,-0.316958780297,-2.553196453877,-2.104909262377,
-0.768147714138,-0.316958780297,-2.556002322419,-2.104765451678,
-0.770949129628,-0.316958780297,-2.558803737909,-2.104861325477,
-0.773746064417,-0.316958780297,-2.561600672697,-2.104765451678,
-0.776538490899,-0.316958780297,-2.564393099180,-2.104813388578,
-0.779326381516,-0.316958780297,-2.567180989797,-2.104861325477,
-0.782109708751,-0.316958780297,-2.569964317032,-2.104765451678,
-0.784888445135,-0.316958780297,-2.572743053415,-2.104813388578,
-0.787662563241,-0.316958780297,-2.575517171522,-2.104861325477,
-0.790432035692,-0.316958780297,-2.578286643973,-2.104861325477,
-0.793196835153,-0.316958780297,-2.581051443434,-2.104861325477,
-0.795956934337,-0.316958780297,-2.583811542617,-2.104861325477,
-0.798712306002,-0.316958780297,-2.586566914283,-2.104909262377,
-0.801462922955,-0.316958780297,-2.589317531236,-2.104861325477,
-0.804208758048,-0.316958780297,-2.592063366328,-2.104861325477,
-0.806949784180,-0.316958780297,-2.594804392461,-2.104861325477,
-0.809685974299,-0.316958780297,-2.597540582580,-2.104861325477,
-0.812417301400,-0.316958780297,-2.600271909681,-2.104909262377,
-0.815143738525,-0.316958780297,-2.602998346806,-2.104765451678,
-0.817865258766,-0.316958780297,-2.605719867047,-2.104765451678,
-0.820581835263,-0.316958780297,-2.608436443544,-2.104861325477,
-0.823293441203,-0.316958780297,-2.611148049484,-2.104765451678,
-0.826000049825,-0.316958780297,-2.613854658106,-2.104765451678,
-0.828701634416,-0.316958780297,-2.616556242696,-2.104861325477,
-0.831398168311,-0.316958780297,-2.619252776591,-2.104861325477,
-0.834089624897,-0.316958780297,-2.621944233178,-2.104813388578,
-0.836775977611,-0.316958780297,-2.624630585891,-2.104909262377,
-0.839457199939,-0.316958780297,-2.627311808219,-2.104861325477,
-0.842133265418,-0.316958780297,-2.629987873699,-2.104813388578,
-0.844804147638,-0.316958780297,-2.632658755919,-2.104861325477,
-0.847469820238,-0.316958780297,-2.635324428518,-2.104813388578,
-0.850130256907,-0.316958780297,-2.637984865188,-2.104813388578,
-0.852785431390,-0.316958780297,-2.640640039671,-2.104765451678,
-0.855435317480,-0.316958780297,-2.643289925761,-2.104861325477,
-0.858079889024,-0.316958780297,-2.645934497305,-2.104813388578,
-0.860719119922,-0.316958780297,-2.648573728202,-2.104765451678,
-0.863352984124,-0.316958780297,-2.651207592405,-2.104813388578,
-0.865981455637,-0.316958780297,-2.653836063918,-2.104765451678,
-0.868604508518,-0.316958780297,-2.656459116798,-2.104861325477,
-0.871222116878,-0.316958780297,-2.659076725159,-2.104909262377,
-0.873834254883,-0.316958780297,-2.661688863164,-2.104909262377,
-0.876440896752,-0.316958780297,-2.664295505033,-2.104861325477,
-0.879042016759,-0.316958780297,-2.666896625040,-2.104765451678,
-0.881637589231,-0.316958780297,-2.669492197512,-2.104765451678,
-0.884227588552,-0.316958780297,-2.672082196833,-2.104765451678,
-0.886811989159,-0.316958780297,-2.674666597439,-2.104861325477,
-0.889390765544,-0.316958780297,-2.677245373825,-2.104861325477,
-0.891963892258,-0.316958780297,-2.679818500538,-2.104813388578,
-0.894531343903,-0.316958780297,-2.682385952184,-2.104861325477,
-0.897093095140,-0.316958780297,-2.684947703421,-2.104861325477,
-0.899649120686,-0.316958780297,-2.687503728967,-2.104765451678,
-0.902199395314,-0.316958780297,-2.690054003595,-2.104861325477,
-0.904743893854,-0.316958780297,-2.692598502134,-2.104861325477,
-0.907282591192,-0.316958780297,-2.695137199472,-2.104765451678,
-0.909815462272,-0.316958780297,-2.697670070553,-2.104861325477,
-0.912342482097,-0.316958780297,-2.700197090377,-2.104765451678,
-0.914863625725,-0.316958780297,-2.702718234005,-2.104813388578,
-0.917378868273,-0.316958780297,-2.705233476554,-2.104861325477,
-0.919888184918,-0.316958780297,-2.707742793199,-2.104909262377,
-0.922391550894,-0.316958780297,-2.710246159174,-2.104861325477,
-0.924888941492,-0.316958780297,-2.712743549773,-2.104909262377,
-0.927380332066,-0.316958780297,-2.715234940347,-2.104861325477,
-0.929865698025,-0.316958780297,-2.717720306306,-2.104813388578,
-0.932345014841,-0.316958780297,-2.720199623122,-2.104813388578,
-0.934818258044,-0.316958780297,-2.722672866324,-2.104765451678,
-0.937285403223,-0.316958780297,-2.725140011503,-2.104909262377,
-0.939746426028,-0.316958780297,-2.727601034309,-2.104861325477,
-0.942201302172,-0.316958780297,-2.730055910453,-2.104861325477,
-0.944650007424,-0.316958780297,-2.732504615705,-2.104861325477,
-0.947092517618,-0.316958780297,-2.734947125898,-2.104861325477,
-0.949528808646,-0.316958780297,-2.737383416927,-2.104765451678,
-0.951958856464,-0.316958780297,-2.739813464744,-2.104909262377,
-0.954382637087,-0.316958780297,-2.742237245368,-2.104861325477,
-0.956800126594,-0.316958780297,-2.744654734875,-2.104861325477,
-0.959211301126,-0.316958780297,-2.747065909407,-2.104861325477,
-0.961616136886,-0.316958780297,-2.749470745166,-2.104765451678,
-0.964014610137,-0.316958780297,-2.751869218418,-2.104861325477,
-0.966406697209,-0.316958780297,-2.754261305490,-2.104909262377,
-0.968792374492,-0.317006717196,-2.756646982773,-2.104861325477,
-0.971171618441,-0.316958780297,-2.759026226722,-2.104861325477,
-0.973544405574,-0.316958780297,-2.761399013855,-2.104909262377,
-0.975910712472,-0.316958780297,-2.763765320753,-2.104813388578,
-0.978270515781,-0.316958780297,-2.766125124061,-2.104861325477,
-0.980623792209,-0.316958780297,-2.768478400490,-2.104765451678,
-0.982970518533,-0.316958780297,-2.770825126814,-2.104909262377,
-0.985310671590,-0.316958780297,-2.773165279870,-2.104909262377,
-0.987644228283,-0.316958780297,-2.775498836564,-2.104765451678,
-0.989971165582,-0.316958780297,-2.777825773863,-2.104861325477,
-0.992291460521,-0.316958780297,-2.780146068802,-2.104765451678,
-0.994605090200,-0.316958780297,-2.782459698480,-2.104861325477,
-0.996912031783,-0.316958780297,-2.784766640063,-2.104861325477,
-0.999212262502,-0.316958780297,-2.787066870782,-2.104861325477,
-1.001505759655,-0.316958780297,-2.789360367935,-2.104909262377,
-1.003792500605,-0.317006717196,-2.791647108886,-2.104765451678,
-1.006072462785,-0.316958780297,-2.793927071066,-2.104813388578,
-1.008345623691,-0.316958780297,-2.796200231971,-2.104765451678,
-1.010611960888,-0.316958780297,-2.798466569169,-2.104861325477,
-1.012871452008,-0.316958780297,-2.800726060289,-2.104861325477,
-1.015124074752,-0.316958780297,-2.802978683033,-2.104909262377,
-1.017369806886,-0.316958780297,-2.805224415167,-2.104861325477,
-1.019608626247,-0.316958780297,-2.807463234527,-2.104813388578,
-1.021840510737,-0.316958780297,-2.809695119018,-2.104861325477,
-1.024065438329,-0.316958780297,-2.811920046610,-2.104861325477,
-1.026283387065,-0.316958780297,-2.814137995346,-2.104909262377,
-1.028494335053,-0.316958780297,-2.816348943334,-2.104909262377,
-1.030698260473,-0.316958780297,-2.818552868753,-2.104765451678,
-1.032895141572,-0.316958780297,-2.820749749853,-2.104861325477,
-1.035084956669,-0.316958780297,-2.822939564950,-2.104765451678,
-1.037267684151,-0.316958780297,-2.825122292432,-2.104909262377,
-1.039443302475,-0.316958780297,-2.827297910755,-2.104765451678,
-1.041611790168,-0.316958780297,-2.829466398449,-2.104861325477,
-1.043773125829,-0.316958780297,-2.831627734110,-2.104861325477,
-1.045927288126,-0.316958780297,-2.833781896407,-2.104861325477,
-1.048074255799,-0.316958780297,-2.835928864080,-2.104765451678,
-1.050214007657,-0.316958780297,-2.838068615938,-2.104765451678,
-1.052346522583,-0.316958780297,-2.840201130863,-2.104765451678,
-1.054471779528,-0.316958780297,-2.842326387809,-2.104909262377,
-1.056589757518,-0.317006717196,-2.844444365799,-2.104909262377,
-1.058700435650,-0.316958780297,-2.846555043931,-2.104909262377,
-1.060803793091,-0.316958780297,-2.848658401371,-2.104813388578,
-1.062899809082,-0.316958780297,-2.850754417363,-2.104861325477,
-1.064988462936,-0.316958780297,-2.852843071217,-2.104813388578,
-1.067069734040,-0.316958780297,-2.854924342321,-2.104861325477,
-1.069143601852,-0.316958780297,-2.856998210133,-2.104909262377,
-1.071210045904,-0.316958780297,-2.859064654185,-2.104813388578,
-1.073269045800,-0.316958780297,-2.861123654081,-2.104765451678,
-1.075320581220,-0.316958780297,-2.863175189501,-2.104861325477,
-1.077364631915,-0.316958780297,-2.865219240196,-2.104861325477,
-1.079401177711,-0.316958780297,-2.867255785992,-2.104861325477,
-1.081430198510,-0.316958780297,-2.869284806790,-2.104909262377,
-1.083451674284,-0.316958780297,-2.871306282565,-2.104765451678,
-1.085465585083,-0.316958780297,-2.873320193364,-2.104813388578,
-1.087471911030,-0.316958780297,-2.875326519311,-2.104861325477,
-1.089470632324,-0.316958780297,-2.877325240605,-2.104861325477,
-1.091461729238,-0.316958780297,-2.879316337519,-2.104909262377,
-1.093445182122,-0.316958780297,-2.881299790402,-2.104765451678,
-1.095420971398,-0.316958780297,-2.883275579678,-2.104765451678,
-1.097389077566,-0.316958780297,-2.885243685847,-2.104861325477,
-1.099349481203,-0.316958780297,-2.887204089484,-2.104861325477,
-1.101302162960,-0.316958780297,-2.889156771241,-2.104861325477,
-1.103247103565,-0.316958780297,-2.891101711846,-2.104861325477,
-1.105184283822,-0.316958780297,-2.893038892102,-2.104861325477,
-1.107113684611,-0.316958780297,-2.894968292892,-2.104861325477,
-1.109035286891,-0.316958780297,-2.896889895172,-2.104909262377,
-1.110949071695,-0.316958780297,-2.898803679976,-2.104909262377,
-1.112855020137,-0.316958780297,-2.900709628418,-2.104861325477,
-1.114753113404,-0.316958780297,-2.902607721685,-2.104861325477,
-1.116643332763,-0.316958780297,-2.904497941044,-2.104813388578,
-1.118525659559,-0.316958780297,-2.906380267840,-2.104861325477,
-1.120400075214,-0.316958780297,-2.908254683494,-2.104861325477,
-1.122266561227,-0.316958780297,-2.910121169508,-2.104861325477,
-1.124125099179,-0.316958780297,-2.911979707459,-2.104861325477,
-1.125975670725,-0.316958780297,-2.913830279005,-2.104909262377,
-1.127818257601,-0.316958780297,-2.915672865881,-2.104765451678,
-1.129652841621,-0.316958780297,-2.917507449902,-2.104861325477,
-1.131479404680,-0.316958780297,-2.919334012961,-2.104765451678,
-1.133297928749,-0.316958780297,-2.921152537030,-2.104813388578,
-1.135108395881,-0.316958780297,-2.922963004161,-2.104861325477,
-1.136910788206,-0.316958780297,-2.924765396487,-2.104861325477,
-1.138705087937,-0.316958780297,-2.926559696217,-2.104909262377,
-1.140491277363,-0.316958780297,-2.928345885644,-2.104765451678,
-1.142269338856,-0.316958780297,-2.930123947137,-2.104861325477,
-1.144039254868,-0.316958780297,-2.931893863149,-2.104861325477,
-1.145801007930,-0.316958780297,-2.933655616211,-2.104765451678,
-1.147554580654,-0.316958780297,-2.935409188934,-2.104861325477,
-1.149299955732,-0.316958780297,-2.937154564013,-2.104909262377,
-1.151037115940,-0.316958780297,-2.938891724221,-2.104861325477,
-1.152766044131,-0.316958780297,-2.940620652412,-2.104813388578,
-1.154486723243,-0.316958780297,-2.942341331524,-2.104765451678,
-1.156199136292,-0.316958780297,-2.944053744573,-2.104861325477,
-1.157903266378,-0.316958780297,-2.945757874659,-2.104909262377,
-1.159599096682,-0.316958780297,-2.947453704962,-2.104861325477,
-1.161286610466,-0.316958780297,-2.949141218747,-2.104861325477,
-1.162965791076,-0.316958780297,-2.950820399356,-2.104765451678,
-1.164636621938,-0.316958780297,-2.952491230219,-2.104861325477,
-1.166299086562,-0.316958780297,-2.954153694843,-2.104813388578,
-1.167953168541,-0.316958780297,-2.955807776822,-2.104813388578,
-1.169598851549,-0.316958780297,-2.957453459830,-2.104813388578,
-1.171236119344,-0.316958780297,-2.959090727625,-2.104909262377,
-1.172864955767,-0.316958780297,-2.960719564048,-2.104765451678,
-1.174485344742,-0.316958780297,-2.962339953023,-2.104861325477,
-1.176097270276,-0.316958780297,-2.963951878557,-2.104765451678,
-1.177700716461,-0.316958780297,-2.965555324741,-2.104813388578,
-1.179295667470,-0.316958780297,-2.967150275751,-2.104765451678,
-1.180882107562,-0.316958780297,-2.968736715843,-2.104909262377,
-1.182460021081,-0.316958780297,-2.970314629362,-2.104861325477,
-1.184029392452,-0.316958780297,-2.971884000732,-2.104765451678,
-1.185590206186,-0.316958780297,-2.973444814467,-2.104813388578,
-1.187142446879,-0.316958780297,-2.974997055160,-2.104861325477,
-1.188686099211,-0.316958780297,-2.976540707492,-2.104861325477,
-1.190221147946,-0.316958780297,-2.978075756227,-2.104861325477,
-1.191747577935,-0.316958780297,-2.979602186216,-2.104861325477,
-1.193265374112,-0.316958780297,-2.981119982393,-2.104861325477,
-1.194774521497,-0.316958780297,-2.982629129777,-2.104861325477,
-1.196275005195,-0.316958780297,-2.984129613476,-2.104909262377,
-1.197766810397,-0.316958780297,-2.985621418678,-2.104765451678,
-1.199249922380,-0.316958780297,-2.987104530661,-2.104765451678,
-1.200724326506,-0.316958780297,-2.988578934786,-2.104909262377,
-1.202190008223,-0.316958780297,-2.990044616503,-2.104813388578,
-1.203646953065,-0.316958780297,-2.991501561346,-2.104909262377,
-1.205095146653,-0.316958780297,-2.992949754934,-2.104861325477,
-1.206534574695,-0.316958780297,-2.994389182976,-2.104861325477,
-1.207965222982,-0.316958780297,-2.995819831263,-2.104861325477,
-1.209387077397,-0.316958780297,-2.997241685677,-2.104909262377,
-1.210800123904,-0.316958780297,-2.998654732185,-2.104861325477,
-1.212204348558,-0.316958780297,-3.000058956839,-2.104861325477,
-1.213599737501,-0.316958780297,-3.001454345782,-2.104765451678,
-1.214986276959,-0.316958780297,-3.002840885240,-2.104765451678,
-1.216363953249,-0.316958780297,-3.004218561530,-2.104861325477,
-1.217732752774,-0.316958780297,-3.005587361054,-2.104861325477,
-1.219092662023,-0.316958780297,-3.006947270304,-2.104909262377,
-1.220443667575,-0.316958780297,-3.008298275856,-2.104765451678,
-1.221785756097,-0.316958780297,-3.009640364377,-2.104765451678,
-1.223118914341,-0.316958780297,-3.010973522622,-2.104813388578,
-1.224443129152,-0.316958780297,-3.012297737433,-2.104813388578,
-1.225758387458,-0.316958780297,-3.013612995739,-2.104909262377,
-1.227064676280,-0.316958780297,-3.014919284561,-2.104909262377,
-1.228361982724,-0.316958780297,-3.016216591005,-2.104861325477,
-1.229650293987,-0.316958780297,-3.017504902268,-2.104861325477,
-1.230929597354,-0.316958780297,-3.018784205634,-2.104909262377,
-1.232199880197,-0.316958780297,-3.020054488478,-2.104813388578,
-1.233461129981,-0.316958780297,-3.021315738262,-2.104765451678,
-1.234713334257,-0.316958780297,-3.022567942538,-2.104861325477,
-1.235956480666,-0.316958780297,-3.023811088947,-2.104909262377,
-1.237190556940,-0.316958780297,-3.025045165221,-2.104813388578,
-1.238415550897,-0.316958780297,-3.026270159178,-2.104861325477,
-1.239631450449,-0.316958780297,-3.027486058730,-2.104861325477,
-1.240838243594,-0.316958780297,-3.028692851875,-2.104861325477,
-1.242035918422,-0.316958780297,-3.029890526703,-2.104909262377,
-1.243224463113,-0.316958780297,-3.031079071393,-2.104861325477,
-1.244403865935,-0.316958780297,-3.032258474216,-2.104909262377,
-1.245574115250,-0.316958780297,-3.033428723530,-2.104861325477,
-1.246735199506,-0.316958780297,-3.034589807786,-2.104909262377,
-1.247887107244,-0.316958780297,-3.035741715525,-2.104765451678,
-1.249029827096,-0.316958780297,-3.036884435377,-2.104909262377,
-1.250163347784,-0.316958780297,-3.038017956064,-2.104765451678,
-1.251287658119,-0.316958780297,-3.039142266400,-2.104861325477,
-1.252402747006,-0.316958780297,-3.040257355287,-2.104861325477,
-1.253508603439,-0.316958780297,-3.041363211720,-2.104861325477,
-1.254605216504,-0.316958780297,-3.042459824784,-2.104765451678,
-1.255692575377,-0.316958780297,-3.043547183658,-2.104861325477,
-1.256770669327,-0.316958780297,-3.044625277607,-2.104861325477,
-1.257839487713,-0.316958780297,-3.045694095994,-2.104861325477,
-1.258899019987,-0.316958780297,-3.046753628268,-2.104909262377,
-1.259949255691,-0.316958780297,-3.047803863972,-2.104765451678,
-1.260990184460,-0.316958780297,-3.048844792741,-2.104813388578,
-1.262021796021,-0.316958780297,-3.049876404302,-2.104765451678,
-1.263044080192,-0.316958780297,-3.050898688473,-2.104861325477,
-1.264057026883,-0.316958780297,-3.051911635164,-2.104909262377,
-1.265060626097,-0.316958780297,-3.052915234378,-2.104861325477,
-1.266054867929,-0.316958780297,-3.053909476210,-2.104861325477,
-1.267039742566,-0.316958780297,-3.054894350847,-2.104813388578,
-1.268015240288,-0.316958780297,-3.055869848568,-2.104861325477,
-1.268981351466,-0.316958780297,-3.056835959747,-2.104861325477,
-1.269938066567,-0.316958780297,-3.057792674848,-2.104861325477,
-1.270885376147,-0.316958780297,-3.058739984428,-2.104813388578,
-1.271823270857,-0.316958780297,-3.059677879138,-2.104861325477,
-1.272751741441,-0.316958780297,-3.060606349722,-2.104861325477,
-1.273670778734,-0.316958780297,-3.061525387015,-2.104909262377,
-1.274580373666,-0.316958780297,-3.062434981947,-2.104765451678,
-1.275480517260,-0.317006717196,-3.063335125541,-2.104861325477,
-1.276371200632,-0.316958780297,-3.064225808913,-2.104909262377,
-1.277252414991,-0.316958780297,-3.065107023272,-2.104909262377,
-1.278124151639,-0.316958780297,-3.065978759920,-2.104765451678,
-1.278986401974,-0.316958780297,-3.066841010255,-2.104909262377,
-1.279839157485,-0.316958780297,-3.067693765766,-2.104765451678,
-1.280682409756,-0.316958780297,-3.068537018037,-2.104765451678,
-1.281516150464,-0.316958780297,-3.069370758744,-2.104813388578,
-1.282340371380,-0.316958780297,-3.070194979661,-2.104861325477,
-1.283155064370,-0.316958780297,-3.071009672651,-2.104765451678,
-1.283960221393,-0.316958780297,-3.071814829674,-2.104909262377,
-1.284755834503,-0.316958780297,-3.072610442783,-2.104861325477,
-1.285541895846,-0.316958780297,-3.073396504127,-2.104861325477,
-1.286318397666,-0.316958780297,-3.074173005947,-2.104861325477,
-1.287085332298,-0.316958780297,-3.074939940579,-2.104909262377,
-1.287842692173,-0.316958780297,-3.075697300454,-2.104813388578,
-1.288590469816,-0.316958780297,-3.076445078097,-2.104909262377,
-1.289328657847,-0.316958780297,-3.077183266128,-2.104861325477,
-1.290057248980,-0.316958780297,-3.077911857261,-2.104861325477,
-1.290776236024,-0.316958780297,-3.078630844305,-2.104861325477,
-1.291485611884,-0.316958780297,-3.079340220164,-2.104861325477,
-1.292185369557,-0.316958780297,-3.080039977838,-2.104861325477,
-1.292875502138,-0.316958780297,-3.080730110419,-2.104861325477,
-1.293556002815,-0.316958780297,-3.081410611096,-2.104909262377,
-1.294226864873,-0.316958780297,-3.082081473153,-2.104861325477,
-1.294888081689,-0.316958780297,-3.082742689970,-2.104909262377,
-1.295539646738,-0.316958780297,-3.083394255019,-2.104909262377,
-1.296181553589,-0.316958780297,-3.084036161870,-2.104909262377,
-1.296813795908,-0.316958780297,-3.084668404188,-2.104909262377,
-1.297436367453,-0.316958780297,-3.085290975734,-2.104813388578,
-1.298049262080,-0.316958780297,-3.085903870361,-2.104909262377,
-1.298652473741,-0.316958780297,-3.086507082022,-2.104813388578,
-1.299245996482,-0.316958780297,-3.087100604763,-2.104765451678,
-1.299829824445,-0.316958780297,-3.087684432726,-2.104861325477,
-1.300403951868,-0.316958780297,-3.088258560148,-2.104861325477,
-1.300968373084,-0.316958780297,-3.088822981365,-2.104861325477,
-1.301523082523,-0.316958780297,-3.089377690804,-2.104861325477,
-1.302068074711,-0.317006717196,-3.089922682991,-2.104861325477,
-1.302603344267,-0.316958780297,-3.090457952548,-2.104861325477,
-1.303128885910,-0.316958780297,-3.090983494191,-2.104909262377,
-1.303644694453,-0.316958780297,-3.091499302734,-2.104909262377,
-1.304150764804,-0.316958780297,-3.092005373085,-2.104861325477,
-1.304647091970,-0.316958780297,-3.092501700250,-2.104909262377,
-1.305133671050,-0.316958780297,-3.092988279331,-2.104813388578,
-1.305610497244,-0.316958780297,-3.093465105525,-2.104861325477,
-1.306077565845,-0.316958780297,-3.093932174126,-2.104861325477,
-1.306534872243,-0.316958780297,-3.094389480524,-2.104909262377,
-1.306982411925,-0.316958780297,-3.094837020206,-2.104861325477,
-1.307420180474,-0.316958780297,-3.095274788755,-2.104765451678,
-1.307848173569,-0.316958780297,-3.095702781850,-2.104909262377,
-1.308266386986,-0.316958780297,-3.096120995266,-2.104861325477,
-1.308674816597,-0.316958780297,-3.096529424878,-2.104909262377,
-1.309073458372,-0.316958780297,-3.096928066653,-2.104813388578,
-1.309462308376,-0.316958780297,-3.097316916657,-2.104909262377,
-1.309841362771,-0.317054654096,-3.097695971052,-2.104765451678,
-1.310210617816,-0.316958780297,-3.098065226097,-2.104861325477,
-1.310570069867,-0.316958780297,-3.098424678148,-2.104765451678,
-1.310919715376,-0.316958780297,-3.098774323656,-2.104765451678,
-1.311259550892,-0.316958780297,-3.099114159172,-2.104909262377,
-1.311589573061,-0.316958780297,-3.099444181342,-2.104765451678,
-1.311909778626,-0.316958780297,-3.099764386907,-2.104813388578,
-1.312220164427,-0.316958780297,-3.100074772708,-2.104813388578,
-1.312520727400,-0.316958780297,-3.100375335681,-2.104861325477,
-1.312811464579,-0.316958780297,-3.100666072860,-2.104909262377,
-1.313092373094,-0.316958780297,-3.100946981375,-2.104861325477,
-1.313363450173,-0.316958780297,-3.101218058454,-2.104909262377,
-1.313624693141,-0.316958780297,-3.101479301422,-2.104861325477,
-1.313876099419,-0.316958780297,-3.101730707700,-2.104861325477,
-1.314117666526,-0.316958780297,-3.101972274806,-2.104765451678,
-1.314349392077,-0.316958780297,-3.102204000358,-2.104861325477,
-1.314571273786,-0.316910843397,-3.102425882067,-2.104765451678,
-1.314783309463,-0.316958780297,-3.102637917744,-2.104861325477,
-1.314985497015,-0.316958780297,-3.102840105296,-2.104765451678,
-1.315177834447,-0.316958780297,-3.103032442727,-2.104861325477,
-1.315360319860,-0.316958780297,-3.103214928140,-2.104909262377,
-1.315532951453,-0.316958780297,-3.103387559733,-2.104861325477,
-1.315695727522,-0.316958780297,-3.103550335803,-2.104909262377,
-1.315848646461,-0.316958780297,-3.103703254742,-2.104861325477,
-1.315991706761,-0.316958780297,-3.103846315042,-2.104861325477,
-1.316124907010,-0.316958780297,-3.103979515290,-2.104765451678,
-1.316248245892,-0.316958780297,-3.104102854173,-2.104765451678,
-1.316361722192,-0.316958780297,-3.104216330472,-2.104861325477,
-1.316465334788,-0.317006717196,-3.104319943069,-2.104909262377,
-1.316559082658,-0.316958780297,-3.104413690939,-2.104909262377,
-1.316642964877,-0.316958780297,-3.104497573158,-2.104765451678,
-1.316716980618,-0.316958780297,-3.104571588898,-2.104861325477,
-1.316781129148,-0.316958780297,-3.104635737429,-2.104813388578,
-1.316835409837,-0.316958780297,-3.104690018117,-2.104813388578,
-1.316879822146,-0.316958780297,-3.104734430427,-2.104909262377,
-1.316914365640,-0.316958780297,-3.104768973920,-2.104909262377,
-1.316939039975,-0.316958780297,-3.104793648256,-2.104861325477,
-1.316953844910,-0.316958780297,-3.104808453190,-2.104909262377,
-1.316958780297,-0.317006717196,-3.104813388578,-2.104765451678,
-1.316953846088,-0.316958780297,-3.104808454369,-2.104765451678,
-1.316939042332,-0.316958780297,-3.104793650613,-2.104813388578,
-1.316914369175,-0.316958780297,-3.104768977456,-2.104861325477,
-1.316879826860,-0.316958780297,-3.104734435141,-2.104909262377,
-1.316835415729,-0.316958780297,-3.104690024010,-2.104765451678,
-1.316781136219,-0.316958780297,-3.104635744500,-2.104909262377,
-1.316716988866,-0.316958780297,-3.104571597147,-2.104909262377,
-1.316642974304,-0.316958780297,-3.104497582585,-2.104861325477,
-1.316559093263,-0.316958780297,-3.104413701544,-2.104861325477,
-1.316465346571,-0.316958780297,-3.104319954852,-2.104813388578,
-1.316361735153,-0.316958780297,-3.104216343433,-2.104813388578,
-1.316248260031,-0.316958780297,-3.104102868312,-2.104813388578,
-1.316124922326,-0.316958780297,-3.103979530607,-2.104765451678,
-1.315991723255,-0.316958780297,-3.103846331536,-2.104909262377,
-1.315848664132,-0.316958780297,-3.103703272413,-2.104909262377,
-1.315695746370,-0.316958780297,-3.103550354651,-2.104909262377,
-1.315532971477,-0.316958780297,-3.103387579758,-2.104861325477,
-1.315360341061,-0.316958780297,-3.103214949342,-2.104861325477,
-1.315177856825,-0.316958780297,-3.103032465106,-2.104813388578,
-1.314985520570,-0.316958780297,-3.102840128850,-2.104861325477,
-1.314783334194,-0.316958780297,-3.102637942474,-2.104861325477,
-1.314571299693,-0.316958780297,-3.102425907973,-2.104765451678,
-1.314349419159,-0.316958780297,-3.102204027440,-2.104909262377,
-1.314117694783,-0.316958780297,-3.101972303064,-2.104765451678,
-1.313876128851,-0.316958780297,-3.101730737132,-2.104861325477,
-1.313624723748,-0.316958780297,-3.101479332029,-2.104861325477,
-1.313363481955,-0.316958780297,-3.101218090235,-2.104813388578,
-1.313092406050,-0.316958780297,-3.100947014330,-2.104861325477,
-1.312811498708,-0.316958780297,-3.100666106989,-2.104765451678,
-1.312520762703,-0.316958780297,-3.100375370983,-2.104861325477,
-1.312220200903,-0.316958780297,-3.100074809183,-2.104765451678,
-1.311909816274,-0.316958780297,-3.099764424555,-2.104861325477,
-1.311589611882,-0.316958780297,-3.099444220162,-2.104909262377,
-1.311259590884,-0.316958780297,-3.099114199165,-2.104813388578,
-1.310919756540,-0.316958780297,-3.098774364821,-2.104813388578,
-1.310570112202,-0.316958780297,-3.098424720483,-2.104861325477,
-1.310210661322,-0.316958780297,-3.098065269603,-2.104765451678,
-1.309841407448,-0.316958780297,-3.097696015728,-2.104765451678,
-1.309462354222,-0.316958780297,-3.097316962503,-2.104909262377,
-1.309073505388,-0.316958780297,-3.096928113669,-2.104861325477,
-1.308674864782,-0.316958780297,-3.096529473063,-2.104861325477,
-1.308266436339,-0.316958780297,-3.096121044620,-2.104765451678,
-1.307848224090,-0.316958780297,-3.095702832371,-2.104765451678,
-1.307420232163,-0.316958780297,-3.095274840444,-2.104909262377,
-1.306982464781,-0.316958780297,-3.094837073062,-2.104909262377,
-1.306534926266,-0.316958780297,-3.094389534546,-2.104861325477,
-1.306077621034,-0.316958780297,-3.093932229314,-2.104861325477,
-1.305610553598,-0.316958780297,-3.093465161879,-2.104909262377,
-1.305133728569,-0.316958780297,-3.092988336850,-2.104861325477,
-1.304647150653,-0.316958780297,-3.092501758933,-2.104909262377,
-1.304150824651,-0.316958780297,-3.092005432932,-2.104861325477,
-1.303644755463,-0.316958780297,-3.091499363744,-2.104861325477,
-1.303128948083,-0.316958780297,-3.090983556363,-2.104861325477,
-1.302603407601,-0.316958780297,-3.090458015882,-2.104909262377,
-1.302068139206,-0.316958780297,-3.089922747487,-2.104813388578,
-1.301523148179,-0.316958780297,-3.089377756460,-2.104909262377,
-1.300968439900,-0.316958780297,-3.088823048181,-2.104909262377,
-1.300404019843,-0.316958780297,-3.088258628124,-2.104909262377,
-1.299829893579,-0.316958780297,-3.087684501860,-2.104813388578,
-1.299246066774,-0.316958780297,-3.087100675055,-2.104861325477,
-1.298652545190,-0.316958780297,-3.086507153471,-2.104861325477,
-1.298049334686,-0.316958780297,-3.085903942967,-2.104861325477,
-1.297436441214,-0.316958780297,-3.085291049495,-2.104861325477,
-1.296813870824,-0.316958780297,-3.084668479105,-2.104813388578,
-1.296181629661,-0.316958780297,-3.084036237941,-2.104861325477,
-1.295539723963,-0.316958780297,-3.083394332244,-2.104861325477,
-1.294888160067,-0.316958780297,-3.082742768347,-2.104909262377,
-1.294226944402,-0.316958780297,-3.082081552683,-2.104765451678,
-1.293556083496,-0.316958780297,-3.081410691777,-2.104861325477,
-1.292875583970,-0.316958780297,-3.080730192250,-2.104861325477,
-1.292185452538,-0.316958780297,-3.080040060819,-2.104861325477,
-1.291485696014,-0.316958780297,-3.079340304295,-2.104861325477,
-1.290776321302,-0.316958780297,-3.078630929583,-2.104765451678,
-1.290057335405,-0.317006717196,-3.077911943686,-2.104861325477,
-1.289328745419,-0.317006717196,-3.077183353699,-2.104861325477,
-1.288590558533,-0.316958780297,-3.076445166814,-2.104813388578,
-1.287842782035,-0.316958780297,-3.075697390316,-2.104861325477,
-1.287085423304,-0.316958780297,-3.074940031585,-2.104813388578,
-1.286318489815,-0.316958780297,-3.074173098095,-2.104765451678,
-1.285541989137,-0.316958780297,-3.073396597418,-2.104909262377,
-1.284755928934,-0.316958780297,-3.072610537215,-2.104909262377,
-1.283960316965,-0.316958780297,-3.071814925245,-2.104861325477,
-1.283155161081,-0.316958780297,-3.071009769361,-2.104861325477,
-1.282340469229,-0.316958780297,-3.070195077509,-2.104861325477,
-1.281516249450,-0.316958780297,-3.069370857730,-2.104813388578,
-1.280682509878,-0.316958780297,-3.068537118159,-2.104861325477,
-1.279839258743,-0.316958780297,-3.067693867023,-2.104861325477,
-1.278986504366,-0.316958780297,-3.066841112647,-2.104861325477,
-1.278124255164,-0.316958780297,-3.065978863445,-2.104861325477,
-1.277252519648,-0.316958780297,-3.065107127929,-2.104861325477,
-1.276371306420,-0.316958780297,-3.064225914701,-2.104909262377,
-1.275480624179,-0.316958780297,-3.063335232459,-2.104765451678,
-1.274580481714,-0.316958780297,-3.062435089995,-2.104909262377,
-1.273670887910,-0.316958780297,-3.061525496190,-2.104861325477,
-1.272751851743,-0.316958780297,-3.060606460024,-2.104861325477,
-1.271823382286,-0.316958780297,-3.059677990567,-2.104861325477,
-1.270885488701,-0.316958780297,-3.058740096981,-2.104909262377,
-1.269938180244,-0.316958780297,-3.057792788525,-2.104861325477,
-1.268981466266,-0.316958780297,-3.056836074547,-2.104861325477,
-1.268015356208,-0.316958780297,-3.055869964489,-2.104861325477,
-1.267039859607,-0.316958780297,-3.054894467888,-2.104861325477,
-1.266054986089,-0.316958780297,-3.053909594370,-2.104861325477,
-1.265060745375,-0.316958780297,-3.052915353656,-2.104861325477,
-1.264057147278,-0.316958780297,-3.051911755558,-2.104765451678,
-1.263044201702,-0.316958780297,-3.050898809983,-2.104861325477,
-1.262021918646,-0.316958780297,-3.049876526927,-2.104861325477,
-1.260990308198,-0.316958780297,-3.048844916479,-2.104909262377,
-1.259949380541,-0.316958780297,-3.047803988822,-2.104861325477,
-1.258899145947,-0.316958780297,-3.046753754228,-2.104861325477,
-1.257839614783,-0.316958780297,-3.045694223064,-2.104861325477,
-1.256770797505,-0.316958780297,-3.044625405786,-2.104861325477,
-1.255692704662,-0.316958780297,-3.043547312943,-2.104765451678,
-1.254605346894,-0.316958780297,-3.042459955175,-2.104765451678,
-1.253508734934,-0.316958780297,-3.041363343215,-2.104765451678,
-1.252402879604,-0.316958780297,-3.040257487885,-2.104765451678,
-1.251287791819,-0.316958780297,-3.039142400100,-2.104909262377,
-1.250163482584,-0.316958780297,-3.038018090865,-2.104765451678,
-1.249029962996,-0.316958780297,-3.036884571276,-2.104861325477,
-1.247887244241,-0.316958780297,-3.035741852522,-2.104861325477,
-1.246735337599,-0.316958780297,-3.034589945880,-2.104861325477,
-1.245574254438,-0.316958780297,-3.033428862719,-2.104861325477,
-1.244404006218,-0.316958780297,-3.032258614498,-2.104861325477,
-1.243224604487,-0.316958780297,-3.031079212768,-2.104765451678,
-1.242036060888,-0.316958780297,-3.029890669169,-2.104909262377,
-1.240838387149,-0.317006717196,-3.028692995430,-2.104861325477,
-1.239631595092,-0.316958780297,-3.027486203373,-2.104861325477,
-1.238415696627,-0.316958780297,-3.026270304908,-2.104813388578,
-1.237190703755,-0.316958780297,-3.025045312036,-2.104765451678,
-1.235956628565,-0.316958780297,-3.023811236846,-2.104861325477,
-1.234713483238,-0.316958780297,-3.022568091519,-2.104765451678,
-1.233461280043,-0.316958780297,-3.021315888324,-2.104909262377,
-1.232200031339,-0.316958780297,-3.020054639619,-2.104909262377,
-1.230929749573,-0.316958780297,-3.018784357853,-2.104861325477,
-1.229650447283,-0.316958780297,-3.017505055563,-2.104861325477,
-1.228362137095,-0.316958780297,-3.016216745375,-2.104813388578,
-1.227064831724,-0.316958780297,-3.014919440005,-2.104765451678,
-1.225758543974,-0.316958780297,-3.013613152255,-2.104861325477,
-1.224443286738,-0.316958780297,-3.012297895018,-2.104861325477,
-1.223119072996,-0.316958780297,-3.010973681277,-2.104861325477,
-1.221785915818,-0.316958780297,-3.009640524099,-2.104813388578,
-1.220443828362,-0.316958780297,-3.008298436643,-2.104861325477,
-1.219092823874,-0.316958780297,-3.006947432155,-2.104765451678,
-1.217732915687,-0.316958780297,-3.005587523968,-2.104861325477,
-1.216364117224,-0.316958780297,-3.004218725504,-2.104909262377,
-1.214986441993,-0.316958780297,-3.002841050273,-2.104861325477,
-1.213599903592,-0.316958780297,-3.001454511872,-2.104861325477,
-1.212204515705,-0.316958780297,-3.000059123986,-2.104861325477,
-1.210800292105,-0.316958780297,-2.998654900386,-2.104909262377,
-1.209387246650,-0.316958780297,-2.997241854931,-2.104861325477,
-1.207965393287,-0.316958780297,-2.995820001568,-2.104765451678,
-1.206534746048,-0.316958780297,-2.994389354329,-2.104765451678,
-1.205095319055,-0.316958780297,-2.992949927335,-2.104765451678,
-1.203647126512,-0.316958780297,-2.991501734793,-2.104909262377,
-1.202190182714,-0.316958780297,-2.990044790994,-2.104861325477,
-1.200724502039,-0.316958780297,-2.988579110320,-2.104909262377,
-1.199250098954,-0.316958780297,-2.987104707235,-2.104861325477,
-1.197766988010,-0.316958780297,-2.985621596291,-2.104861325477,
-1.196275183845,-0.316958780297,-2.984129792126,-2.104765451678,
-1.194774701182,-0.316958780297,-2.982629309463,-2.104765451678,
-1.193265554831,-0.316958780297,-2.981120163112,-2.104765451678,
-1.191747759686,-0.316958780297,-2.979602367967,-2.104909262377,
-1.190221330727,-0.316958780297,-2.978075939008,-2.104909262377,
-1.188686283020,-0.316958780297,-2.976540891301,-2.104813388578,
-1.187142631715,-0.316958780297,-2.974997239995,-2.104861325477,
-1.185590392046,-0.316958780297,-2.973445000327,-2.104861325477,
-1.184029579335,-0.316958780297,-2.971884187615,-2.104861325477,
-1.182460208985,-0.316958780297,-2.970314817265,-2.104909262377,
-1.180882296485,-0.316958780297,-2.968736904766,-2.104861325477,
-1.179295857410,-0.316958780297,-2.967150465691,-2.104909262377,
-1.177700907416,-0.316958780297,-2.965555515697,-2.104861325477,
-1.176097462245,-0.316958780297,-2.963952070526,-2.104861325477,
-1.174485537723,-0.316958780297,-2.962340146003,-2.104765451678,
-1.172865149757,-0.316958780297,-2.960719758038,-2.104861325477,
-1.171236314342,-0.316958780297,-2.959090922623,-2.104861325477,
-1.169599047553,-0.316958780297,-2.957453655834,-2.104861325477,
-1.167953365549,-0.316958780297,-2.955807973829,-2.104861325477,
-1.166299284572,-0.316958780297,-2.954153892852,-2.104909262377,
-1.164636820947,-0.316958780297,-2.952491429228,-2.104861325477,
-1.162965991083,-0.316958780297,-2.950820599364,-2.104765451678,
-1.161286811469,-0.316958780297,-2.949141419750,-2.104909262377,
-1.159599298679,-0.316958780297,-2.947453906960,-2.104861325477,
-1.157903469368,-0.316958780297,-2.945758077648,-2.104861325477,
-1.156199340272,-0.316958780297,-2.944053948552,-2.104861325477,
-1.154486928211,-0.316958780297,-2.942341536491,-2.104765451678,
-1.152766250085,-0.316958780297,-2.940620858366,-2.104861325477,
-1.151037322878,-0.316958780297,-2.938891931158,-2.104909262377,
-1.149300163652,-0.316958780297,-2.937154771932,-2.104861325477,
-1.147554789553,-0.316958780297,-2.935409397834,-2.104909262377,
-1.145801217807,-0.316958780297,-2.933655826088,-2.104861325477,
-1.144039465721,-0.316958780297,-2.931894074002,-2.104861325477,
-1.142269550683,-0.316958780297,-2.930124158964,-2.104765451678,
-1.140491490161,-0.316958780297,-2.928346098442,-2.104861325477,
-1.138705301704,-0.316958780297,-2.926559909985,-2.104861325477,
-1.136911002941,-0.316958780297,-2.924765611222,-2.104765451678,
-1.135108611581,-0.316958780297,-2.922963219862,-2.104909262377,
-1.133298145412,-0.316958780297,-2.921152753693,-2.104861325477,
-1.131479622304,-0.316958780297,-2.919334230585,-2.104765451678,
-1.129653060204,-0.316958780297,-2.917507668485,-2.104861325477,
-1.127818477140,-0.316958780297,-2.915673085421,-2.104765451678,
-1.125975891219,-0.317006717196,-2.913830499500,-2.104861325477,
-1.124125320625,-0.316958780297,-2.911979928906,-2.104765451678,
-1.122266783624,-0.316958780297,-2.910121391905,-2.104909262377,
-1.120400298559,-0.316958780297,-2.908254906839,-2.104861325477,
-1.118525883850,-0.316958780297,-2.906380492130,-2.104861325477,
-1.116643557997,-0.316958780297,-2.904498166278,-2.104861325477,
-1.114753339579,-0.316958780297,-2.902607947860,-2.104765451678,
-1.112855247251,-0.316958780297,-2.900709855532,-2.104861325477,
-1.110949299747,-0.316958780297,-2.898803908028,-2.104861325477,
-1.109035515877,-0.316958780297,-2.896890124158,-2.104813388578,
-1.107113914529,-0.316958780297,-2.894968522810,-2.104861325477,
-1.105184514670,-0.316958780297,-2.893039122951,-2.104765451678,
-1.103247335341,-0.316958780297,-2.891101943622,-2.104861325477,
-1.101302395662,-0.316958780297,-2.889157003943,-2.104861325477,
-1.099349714828,-0.316958780297,-2.887204323109,-2.104861325477,
-1.097389312112,-0.316958780297,-2.885243920393,-2.104909262377,
-1.095421206862,-0.316958780297,-2.883275815143,-2.104861325477,
-1.093445418502,-0.316958780297,-2.881300026783,-2.104861325477,
-1.091461966533,-0.316958780297,-2.879316574814,-2.104861325477,
-1.089470870530,-0.316958780297,-2.877325478811,-2.104861325477,
-1.087472150145,-0.316958780297,-2.875326758426,-2.104813388578,
-1.085465825105,-0.316958780297,-2.873320433386,-2.104765451678,
-1.083451915210,-0.316958780297,-2.871306523491,-2.104765451678,
-1.081430440338,-0.316958780297,-2.869285048619,-2.104909262377,
-1.079401420440,-0.316958780297,-2.867256028721,-2.104765451678,
-1.077364875541,-0.316958780297,-2.865219483821,-2.104765451678,
-1.075320825741,-0.316958780297,-2.863175434021,-2.104861325477,
-1.073269291213,-0.316958780297,-2.861123899494,-2.104765451678,
-1.071210292207,-0.316958780297,-2.859064900488,-2.104765451678,
-1.069143849043,-0.316958780297,-2.856998457324,-2.104861325477,
-1.067069982117,-0.316958780297,-2.854924590397,-2.104861325477,
-1.064988711896,-0.316958780297,-2.852843320176,-2.104909262377,
-1.062900058921,-0.316958780297,-2.850754667202,-2.104861325477,
-1.060804043808,-0.316958780297,-2.848658652089,-2.104861325477,
-1.058700687242,-0.316958780297,-2.846555295523,-2.104861325477,
-1.056590009984,-0.316958780297,-2.844444618265,-2.104909262377,
-1.054472032864,-0.316958780297,-2.842326641145,-2.104861325477,
-1.052346776787,-0.316958780297,-2.840201385067,-2.104765451678,
-1.050214262727,-0.316958780297,-2.838068871007,-2.104861325477,
-1.048074511731,-0.316958780297,-2.835929120012,-2.104861325477,
-1.045927544919,-0.316958780297,-2.833782153200,-2.104861325477,
-1.043773383480,-0.316958780297,-2.831627991760,-2.104909262377,
-1.041612048674,-0.316958780297,-2.829466656954,-2.104765451678,
-1.039443561833,-0.316958780297,-2.827298170114,-2.104861325477,
-1.037267944359,-0.316958780297,-2.825122552640,-2.104861325477,
-1.035085217725,-0.316958780297,-2.822939826006,-2.104909262377,
-1.032895403473,-0.316958780297,-2.820750011754,-2.104861325477,
-1.030698523216,-0.316958780297,-2.818553131497,-2.104861325477,
-1.028494598636,-0.316958780297,-2.816349206917,-2.104765451678,
-1.026283651485,-0.316958780297,-2.814138259766,-2.104813388578,
-1.024065703585,-0.316958780297,-2.811920311865,-2.104861325477,
-1.021840776824,-0.316958780297,-2.809695385105,-2.104861325477,
-1.019608893163,-0.316958780297,-2.807463501444,-2.104909262377,
-1.017370074630,-0.316958780297,-2.805224682910,-2.104861325477,
-1.015124343319,-0.316958780297,-2.802978951600,-2.104861325477,
-1.012871721397,-0.316958780297,-2.800726329678,-2.104909262377,
-1.010612231096,-0.316958780297,-2.798466839376,-2.104861325477,
-1.008345894715,-0.316958780297,-2.796200502995,-2.104765451678,
-1.006072734622,-0.316958780297,-2.793927342903,-2.104861325477,
-1.003792773253,-0.316958780297,-2.791647381534,-2.104861325477,
-1.001506033111,-0.317006717196,-2.789360641391,-2.104813388578,
-0.999212536763,-0.316958780297,-2.787067145044,-2.104909262377,
-0.996912306847,-0.316958780297,-2.784766915128,-2.104861325477,
-0.994605366064,-0.316958780297,-2.782459974345,-2.104861325477,
-0.992291737183,-0.316958780297,-2.780146345464,-2.104909262377,
-0.989971443038,-0.316958780297,-2.777826051319,-2.104909262377,
-0.987644506531,-0.316958780297,-2.775499114812,-2.104861325477,
-0.985310950626,-0.316958780297,-2.773165558907,-2.104909262377,
-0.982970798356,-0.316958780297,-2.770825406637,-2.104765451678,
-0.980624072816,-0.316958780297,-2.768478681097,-2.104861325477,
-0.978270797168,-0.316958780297,-2.766125405449,-2.104861325477,
-0.975910994637,-0.316958780297,-2.763765602918,-2.104909262377,
-0.973544688514,-0.316958780297,-2.761399296795,-2.104861325477,
-0.971171902154,-0.316958780297,-2.759026510435,-2.104861325477,
-0.968792658975,-0.316958780297,-2.756647267255,-2.104765451678,
-0.966406982458,-0.316958780297,-2.754261590739,-2.104861325477,
-0.964014896150,-0.316958780297,-2.751869504431,-2.104765451678,
-0.961616423660,-0.317006717196,-2.749471031941,-2.104909262377,
-0.959211588659,-0.316958780297,-2.747066196940,-2.104861325477,
-0.956800414883,-0.316958780297,-2.744655023163,-2.104861325477,
-0.954382926128,-0.316958780297,-2.742237534408,-2.104861325477,
-0.951959146254,-0.316958780297,-2.739813754535,-2.104861325477,
-0.949529099183,-0.316958780297,-2.737383707464,-2.104765451678,
-0.947092808899,-0.316958780297,-2.734947417180,-2.104765451678,
-0.944650299447,-0.316958780297,-2.732504907728,-2.104909262377,
-0.942201594933,-0.316958780297,-2.730056203213,-2.104813388578,
-0.939746719525,-0.316958780297,-2.727601327805,-2.104861325477,
-0.937285697451,-0.316958780297,-2.725140305732,-2.104765451678,
-0.934818553002,-0.316958780297,-2.722673161283,-2.104861325477,
-0.932345310526,-0.316958780297,-2.720199918807,-2.104861325477,
-0.929865994434,-0.316958780297,-2.717720602715,-2.104909262377,
-0.927380629196,-0.316958780297,-2.715235237476,-2.104909262377,
-0.924889239340,-0.316958780297,-2.712743847621,-2.104861325477,
-0.922391849456,-0.316958780297,-2.710246457737,-2.104765451678,
-0.919888484193,-0.316958780297,-2.707743092474,-2.104765451678,
-0.917379168257,-0.316958780297,-2.705233776538,-2.104861325477,
-0.914863926414,-0.316958780297,-2.702718534695,-2.104861325477,
-0.912342783490,-0.316958780297,-2.700197391770,-2.104861325477,
-0.909815764365,-0.316958780297,-2.697670372646,-2.104765451678,
-0.907282893982,-0.316958780297,-2.695137502263,-2.104909262377,
-0.904744197338,-0.316958780297,-2.692598805619,-2.104909262377,
-0.902199699490,-0.316958780297,-2.690054307771,-2.104861325477,
-0.899649425550,-0.316958780297,-2.687504033831,-2.104861325477,
-0.897093400689,-0.316958780297,-2.684948008970,-2.104861325477,
-0.894531650134,-0.316958780297,-2.682386258415,-2.104861325477,
-0.891964199168,-0.317006717196,-2.679818807449,-2.104861325477,
-0.889391073131,-0.316958780297,-2.677245681412,-2.104765451678,
-0.886812297418,-0.316958780297,-2.674666905699,-2.104909262377,
-0.884227897482,-0.316958780297,-2.672082505762,-2.104861325477,
-0.881637898828,-0.316958780297,-2.669492507109,-2.104765451678,
-0.879042327020,-0.316958780297,-2.666896935300,-2.104861325477,
-0.876441207674,-0.316958780297,-2.664295815955,-2.104861325477,
-0.873834566462,-0.316958780297,-2.661689174743,-2.104813388578,
-0.871222429112,-0.316958780297,-2.659077037393,-2.104861325477,
-0.868604821404,-0.316958780297,-2.656459429684,-2.104861325477,
-0.865981769171,-0.316958780297,-2.653836377452,-2.104765451678,
-0.863353298304,-0.316958780297,-2.651207906585,-2.104909262377,
-0.860719434744,-0.316958780297,-2.648574043025,-2.104861325477,
-0.858080204486,-0.316958780297,-2.645934812766,-2.104909262377,
-0.855435633578,-0.316958780297,-2.643290241858,-2.104909262377,
-0.852785748121,-0.316958780297,-2.640640356401,-2.104861325477,
-0.850130574268,-0.316958780297,-2.637985182549,-2.104861325477,
-0.847470138225,-0.316958780297,-2.635324746506,-2.104861325477,
-0.844804466249,-0.316958780297,-2.632659074530,-2.104765451678,
-0.842133584650,-0.316958780297,-2.629988192931,-2.104861325477,
-0.839457519788,-0.316958780297,-2.627312128068,-2.104861325477,
-0.836776298074,-0.316958780297,-2.624630906354,-2.104861325477,
-0.834089945971,-0.316958780297,-2.621944554252,-2.104765451678,
-0.831398489993,-0.316958780297,-2.619253098273,-2.104861325477,
-0.828701956702,-0.316958780297,-2.616556564983,-2.104861325477,
-0.826000372713,-0.316958780297,-2.613854980994,-2.104813388578,
-0.823293764690,-0.316958780297,-2.611148372970,-2.104765451678,
-0.820582159344,-0.316958780297,-2.608436767625,-2.104909262377,
-0.817865583440,-0.316958780297,-2.605720191720,-2.104765451678,
-0.815144063787,-0.316958780297,-2.602998672068,-2.104861325477,
-0.812417627247,-0.316958780297,-2.600272235528,-2.104861325477,
-0.809686300729,-0.316958780297,-2.597540909010,-2.104861325477,
-0.806950111189,-0.316958780297,-2.594804719470,-2.104765451678,
-0.804209085632,-0.316958780297,-2.592063693913,-2.104861325477,
-0.801463251112,-0.316958780297,-2.589317859393,-2.104909262377,
-0.798712634729,-0.316958780297,-2.586567243010,-2.104861325477,
-0.795957263630,-0.316958780297,-2.583811871910,-2.104861325477,
-0.793197165009,-0.316958780297,-2.581051773289,-2.104765451678,
-0.790432366107,-0.316958780297,-2.578286974388,-2.104765451678,
-0.787662894213,-0.316958780297,-2.575517502494,-2.104909262377,
-0.784888776660,-0.316958780297,-2.572743384940,-2.104813388578,
-0.782110040826,-0.316958780297,-2.569964649107,-2.104861325477,
-0.779326714137,-0.316958780297,-2.567181322418,-2.104861325477,
-0.776538824064,-0.316958780297,-2.564393432345,-2.104765451678,
-0.773746398121,-0.316958780297,-2.561601006402,-2.104861325477,
-0.770949463869,-0.316958780297,-2.558804072150,-2.104861325477,
-0.768148048913,-0.316958780297,-2.556002657193,-2.104765451678,
-0.765342180900,-0.316958780297,-2.553196789181,-2.104861325477,
-0.762531887525,-0.316958780297,-2.550386495806,-2.104909262377,
-0.759717196523,-0.316958780297,-2.547571804804,-2.104861325477,
-0.756898135675,-0.316958780297,-2.544752743956,-2.104861325477,
-0.754074732803,-0.316958780297,-2.541929341083,-2.104861325477,
-0.751247015773,-0.316958780297,-2.539101624053,-2.104861325477,
-0.748415012493,-0.316958780297,-2.536269620774,-2.104765451678,
-0.745578750915,-0.316958780297,-2.533433359196,-2.104909262377,
-0.742738259031,-0.316958780297,-2.530592867312,-2.104861325477,
-0.739893564876,-0.316958780297,-2.527748173156,-2.104765451678,
-0.737044696525,-0.316958780297,-2.524899304806,-2.104861325477,
-0.734191682096,-0.316958780297,-2.522046290376,-2.104861325477,
-0.731334549746,-0.316958780297,-2.519189158027,-2.104909262377,
-0.728473327676,-0.316958780297,-2.516327935956,-2.104765451678,
-0.725608044123,-0.316958780297,-2.513462652403,-2.104861325477,
-0.722738727367,-0.316958780297,-2.510593335647,-2.104861325477,
-0.719865405726,-0.316958780297,-2.507720014007,-2.104765451678,
-0.716988107560,-0.316958780297,-2.504842715841,-2.104861325477,
-0.714106861267,-0.316958780297,-2.501961469548,-2.104909262377,
-0.711221695282,-0.316958780297,-2.499076303563,-2.104861325477,
-0.708332638082,-0.316958780297,-2.496187246362,-2.104861325477,
-0.705439718179,-0.316958780297,-2.493294326460,-2.104861325477,
-0.702542964127,-0.316958780297,-2.490397572408,-2.104765451678,
-0.699642404515,-0.316958780297,-2.487497012796,-2.104813388578,
-0.696738067970,-0.316958780297,-2.484592676251,-2.104861325477,
-0.693829983157,-0.316958780297,-2.481684591438,-2.104813388578,
-0.690918178777,-0.316958780297,-2.478772787058,-2.104909262377,
-0.688002683569,-0.316958780297,-2.475857291850,-2.104861325477,
-0.685083526308,-0.316958780297,-2.472938134589,-2.104861325477,
-0.682160735805,-0.316958780297,-2.470015344085,-2.104861325477,
-0.679234340905,-0.316958780297,-2.467088949186,-2.104909262377,
-0.676304370492,-0.316958780297,-2.464158978773,-2.104765451678,
-0.673370853484,-0.316958780297,-2.461225461764,-2.104765451678,
-0.670433818832,-0.316958780297,-2.458288427113,-2.104861325477,
-0.667493295524,-0.316958780297,-2.455347903805,-2.104909262377,
-0.664549312583,-0.316958780297,-2.452403920863,-2.104909262377,
-0.661601899063,-0.316958780297,-2.449456507344,-2.104813388578,
-0.658651084055,-0.316958780297,-2.446505692336,-2.104765451678,
-0.655696896682,-0.316958780297,-2.443551504963,-2.104765451678,
-0.652739366101,-0.316958780297,-2.440593974381,-2.104765451678,
-0.649778521501,-0.316958780297,-2.437633129781,-2.104813388578,
-0.646814392104,-0.316958780297,-2.434669000385,-2.104861325477,
-0.643847007166,-0.316958780297,-2.431701615447,-2.104861325477,
-0.640876395973,-0.316958780297,-2.428731004254,-2.104909262377,
-0.637902587845,-0.316958780297,-2.425757196125,-2.104765451678,
-0.634925612130,-0.316958780297,-2.422780220411,-2.104765451678,
-0.631945498211,-0.316958780297,-2.419800106492,-2.104909262377,
-0.628962275501,-0.316958780297,-2.416816883782,-2.104861325477,
-0.625975973443,-0.316958780297,-2.413830581723,-2.104861325477,
-0.622986621509,-0.316958780297,-2.410841229790,-2.104813388578,
-0.619994249204,-0.316958780297,-2.407848857485,-2.104861325477,
-0.616998886062,-0.316958780297,-2.404853494343,-2.104861325477,
-0.614000561645,-0.316958780297,-2.401855169926,-2.104861325477,
-0.610999305546,-0.316958780297,-2.398853913827,-2.104861325477,
-0.607995147386,-0.316958780297,-2.395849755666,-2.104765451678,
-0.604988116814,-0.316958780297,-2.392842725094,-2.104861325477,
-0.601978243509,-0.316958780297,-2.389832851789,-2.104861325477,
-0.598965557177,-0.316958780297,-2.386820165458,-2.104861325477,
-0.595950087552,-0.317054654096,-2.383804695833,-2.104909262377,
-0.592931864396,-0.316958780297,-2.380786472676,-2.104909262377,
-0.589910917497,-0.316958780297,-2.377765525777,-2.104861325477,
-0.586887276670,-0.316958780297,-2.374741884951,-2.104861325477,
-0.583860971758,-0.316958780297,-2.371715580039,-2.104861325477,
-0.580832032630,-0.316958780297,-2.368686640911,-2.104765451678,
-0.577800489179,-0.316958780297,-2.365655097460,-2.104861325477,
-0.574766371326,-0.316958780297,-2.362620979607,-2.104765451678,
-0.571729709016,-0.316958780297,-2.359584317297,-2.104909262377,
-0.568690532220,-0.316958780297,-2.356545140501,-2.104861325477,
-0.565648870934,-0.316958780297,-2.353503479214,-2.104909262377,
-0.562604755176,-0.316958780297,-2.350459363457,-2.104813388578,
-0.559558214992,-0.316958780297,-2.347412823273,-2.104813388578,
-0.556509280450,-0.316958780297,-2.344363888731,-2.104765451678,
-0.553457981641,-0.316958780297,-2.341312589922,-2.104765451678,
-0.550404348681,-0.316958780297,-2.338258956961,-2.104861325477,
-0.547348411707,-0.316958780297,-2.335203019988,-2.104861325477,
-0.544290200880,-0.316958780297,-2.332144809161,-2.104861325477,
-0.541229746385,-0.316958780297,-2.329084354665,-2.104861325477,
-0.538167078425,-0.316958780297,-2.326021686706,-2.104861325477,
-0.535102227229,-0.316958780297,-2.322956835510,-2.104861325477,
-0.532035223045,-0.316958780297,-2.319889831326,-2.104861325477,
-0.528966096144,-0.316958780297,-2.316820704425,-2.104861325477,
-0.525894876816,-0.316958780297,-2.313749485097,-2.104861325477,
-0.522821595373,-0.316958780297,-2.310676203654,-2.104765451678,
-0.519746282148,-0.316958780297,-2.307600890428,-2.104765451678,
-0.516668967491,-0.316958780297,-2.304523575772,-2.104861325477,
-0.513589681776,-0.316958780297,-2.301444290057,-2.104861325477,
-0.510508455394,-0.316958780297,-2.298363063674,-2.104861325477,
-0.507425318754,-0.316958780297,-2.295279927034,-2.104861325477,
-0.504340302286,-0.316958780297,-2.292194910567,-2.104861325477,
-0.501253436439,-0.316958780297,-2.289108044719,-2.104861325477,
-0.498164751678,-0.316958780297,-2.286019359958,-2.104909262377,
-0.495074278487,-0.316958780297,-2.282928886767,-2.104861325477,
-0.491982047368,-0.316958780297,-2.279836655648,-2.104909262377,
-0.488888088840,-0.316958780297,-2.276742697120,-2.104765451678,
-0.485792433439,-0.316958780297,-2.273647041720,-2.104909262377,
-0.482695111718,-0.316958780297,-2.270549719999,-2.104861325477,
-0.479596154247,-0.316958780297,-2.267450762528,-2.104861325477,
-0.476495591611,-0.316958780297,-2.264350199891,-2.104861325477,
-0.473393454410,-0.316958780297,-2.261248062691,-2.104861325477,
-0.470289773263,-0.316958780297,-2.258144381544,-2.104765451678,
-0.467184578801,-0.316958780297,-2.255039187082,-2.104813388578,
-0.464077901671,-0.316958780297,-2.251932509951,-2.104909262377,
-0.460969772534,-0.316958780297,-2.248824380815,-2.104909262377,
-0.457860222067,-0.316958780297,-2.245714830348,-2.104765451678,
-0.454749280960,-0.316958780297,-2.242603889241,-2.104765451678,
-0.451636979917,-0.316958780297,-2.239491588197,-2.104909262377,
-0.448523349654,-0.316958780297,-2.236377957934,-2.104765451678,
-0.445408420901,-0.316958780297,-2.233263029182,-2.104861325477,
-0.442292224403,-0.316958780297,-2.230146832684,-2.104861325477,
-0.439174790914,-0.316958780297,-2.227029399195,-2.104861325477,
-0.436056151203,-0.316958780297,-2.223910759484,-2.104765451678,
-0.432936336049,-0.316958780297,-2.220790944330,-2.104861325477,
-0.429815376243,-0.316958780297,-2.217669984524,-2.104909262377,
-0.426693302588,-0.316958780297,-2.214547910869,-2.104861325477,
-0.423570145898,-0.316958780297,-2.211424754178,-2.104861325477,
-0.420445936996,-0.316958780297,-2.208300545277,-2.104765451678,
-0.417320706719,-0.316958780297,-2.205175314999,-2.104861325477,
-0.414194485909,-0.316958780297,-2.202049094190,-2.104813388578,
-0.411067305422,-0.316958780297,-2.198921913703,-2.104861325477,
-0.407939196123,-0.317054654096,-2.195793804403,-2.104765451678,
-0.404810188883,-0.316958780297,-2.192664797164,-2.104861325477,
-0.401680314585,-0.316958780297,-2.189534922866,-2.104861325477,
-0.398549604121,-0.316958780297,-2.186404212401,-2.104909262377,
-0.395418088387,-0.316958780297,-2.183272696668,-2.104909262377,
-0.392285798292,-0.316958780297,-2.180140406573,-2.104861325477,
-0.389152764750,-0.316958780297,-2.177007373031,-2.104909262377,
-0.386019018682,-0.316958780297,-2.173873626963,-2.104909262377,
-0.382884591018,-0.316958780297,-2.170739199299,-2.104813388578,
-0.379749512692,-0.316958780297,-2.167604120973,-2.104909262377,
-0.376613814648,-0.316958780297,-2.164468422929,-2.104861325477,
-0.373477527832,-0.316958780297,-2.161332136113,-2.104861325477,
-0.370340683199,-0.316958780297,-2.158195291480,-2.104909262377,
-0.367203311709,-0.316958780297,-2.155057919989,-2.104861325477,
-0.364065444325,-0.316958780297,-2.151920052605,-2.104861325477,
-0.360927112017,-0.316958780297,-2.148781720298,-2.104765451678,
-0.357788345760,-0.316958780297,-2.145642954040,-2.104861325477,
-0.354649176531,-0.316958780297,-2.142503784812,-2.104909262377,
-0.351509635313,-0.316958780297,-2.139364243594,-2.104813388578,
-0.348369753093,-0.316958780297,-2.136224361373,-2.104861325477,
-0.345229560858,-0.316958780297,-2.133084169139,-2.104813388578,
-0.342089089603,-0.317006717196,-2.129943697884,-2.104861325477,
-0.338948370321,-0.316958780297,-2.126802978602,-2.104861325477,
-0.335807434012,-0.316958780297,-2.123662042292,-2.104861325477,
-0.332666311673,-0.316958780297,-2.120520919954,-2.104861325477,
-0.329525034308,-0.316958780297,-2.117379642589,-2.104861325477,
-0.326383632919,-0.316958780297,-2.114238241199,-2.104909262377,
-0.323242138510,-0.316958780297,-2.111096746791,-2.104909262377,
-0.320100582087,-0.316958780297,-2.107955190368,-2.104765451678,
-0.316958994656,-0.316958780297,-2.104813602937,-2.104861325477,
-0.313817407223,-0.316958780297,-2.101672015503,-2.104861325477,
-0.310675850793,-0.316958780297,-2.098530459074,-2.104909262377,
-0.307534356374,-0.316958780297,-2.095388964655,-2.104765451678,
-0.304392954970,-0.316958780297,-2.092247563251,-2.104861325477,
-0.301251677586,-0.316958780297,-2.089106285866,-2.104861325477,
-0.298110555224,-0.316958780297,-2.085965163505,-2.104861325477,
-0.294969618887,-0.316958780297,-2.082824227167,-2.104861325477,
-0.291828899573,-0.316958780297,-2.079683507854,-2.104861325477,
-0.288688428282,-0.316958780297,-2.076543036563,-2.104909262377,
-0.285548236008,-0.316958780297,-2.073402844288,-2.104909262377,
-0.282408353743,-0.316958780297,-2.070262962023,-2.104909262377,
-0.279268812476,-0.316958780297,-2.067123420757,-2.104909262377,
-0.276129643195,-0.316958780297,-2.063984251475,-2.104909262377,
-0.272990876880,-0.316958780297,-2.060845485161,-2.104861325477,
-0.269852544511,-0.316958780297,-2.057707152792,-2.104861325477,
-0.266714677062,-0.316958780297,-2.054569285342,-2.104861325477,
-0.263577305501,-0.316958780297,-2.051431913782,-2.104765451678,
-0.260440460794,-0.316958780297,-2.048295069075,-2.104813388578,
-0.257304173900,-0.316958780297,-2.045158782181,-2.104909262377,
-0.254168475773,-0.316958780297,-2.042023084054,-2.104861325477,
-0.251033397361,-0.316958780297,-2.038888005642,-2.104861325477,
-0.247898969606,-0.316958780297,-2.035753577887,-2.104765451678,
-0.244765223443,-0.316958780297,-2.032619831724,-2.104861325477,
-0.241632189801,-0.316958780297,-2.029486798082,-2.104909262377,
-0.238499899603,-0.316958780297,-2.026354507884,-2.104765451678,
-0.235368383762,-0.316958780297,-2.023222992042,-2.104861325477,
-0.232237673185,-0.316958780297,-2.020092281466,-2.104861325477,
-0.229107798771,-0.316958780297,-2.016962407052,-2.104861325477,
-0.225978791411,-0.316958780297,-2.013833399692,-2.104909262377,
-0.222850681987,-0.316958780297,-2.010705290267,-2.104765451678,
-0.219723501371,-0.316958780297,-2.007578109652,-2.104765451678,
-0.216597280429,-0.316958780297,-2.004451888709,-2.104861325477,
-0.213472050013,-0.316958780297,-2.001326658294,-2.104861325477,
-0.210347840971,-0.316958780297,-1.998202449251,-2.104909262377,
-0.207224684135,-0.316958780297,-1.995079292415,-2.104861325477,
-0.204102610330,-0.316958780297,-1.991957218611,-2.104861325477,
-0.200981650370,-0.316958780297,-1.988836258651,-2.104861325477,
-0.197861835057,-0.316958780297,-1.985716443338,-2.104861325477,
-0.194743195183,-0.316958780297,-1.982597803464,-2.104861325477,
-0.191625761528,-0.316958780297,-1.979480369809,-2.104909262377,
-0.188509564859,-0.316958780297,-1.976364173140,-2.104861325477,
-0.185394635932,-0.316958780297,-1.973249244212,-2.104861325477,
-0.182281005489,-0.316958780297,-1.970135613770,-2.104909262377,
-0.179168704262,-0.316958780297,-1.967023312543,-2.104861325477,
-0.176057762967,-0.316958780297,-1.963912371248,-2.104909262377,
-0.172948212309,-0.316958780297,-1.960802820589,-2.104861325477,
-0.169840082976,-0.316958780297,-1.957694691257,-2.104765451678,
-0.166733405646,-0.316958780297,-1.954588013926,-2.104861325477,
-0.163628210979,-0.316958780297,-1.951482819260,-2.104861325477,
-0.160524529623,-0.316958780297,-1.948379137904,-2.104909262377,
-0.157422392210,-0.316958780297,-1.945277000491,-2.104909262377,
-0.154321829357,-0.316958780297,-1.942176437637,-2.104861325477,
-0.151222871664,-0.316958780297,-1.939077479945,-2.104861325477,
-0.148125549718,-0.316958780297,-1.935980157999,-2.104861325477,
-0.145029894088,-0.316958780297,-1.932884502369,-2.104765451678,
-0.141935935327,-0.316958780297,-1.929790543607,-2.104861325477,
-0.138843703970,-0.316958780297,-1.926698312250,-2.104861325477,
-0.135753230537,-0.316958780297,-1.923607838818,-2.104861325477,
-0.132664545529,-0.316958780297,-1.920519153810,-2.104765451678,
-0.129577679432,-0.316958780297,-1.917432287712,-2.104909262377,
-0.126492662710,-0.316958780297,-1.914347270990,-2.104765451678,
-0.123409525811,-0.316958780297,-1.911264134092,-2.104861325477,
-0.120328299166,-0.316958780297,-1.908182907447,-2.104909262377,
-0.117249013184,-0.316958780297,-1.905103621465,-2.104861325477,
-0.114171698257,-0.316958780297,-1.902026306537,-2.104861325477,
-0.111096384756,-0.316958780297,-1.898950993037,-2.104813388578,
-0.108023103034,-0.316958780297,-1.895877711314,-2.104909262377,
-0.104951883422,-0.316958780297,-1.892806491703,-2.104861325477,
-0.101882756233,-0.316958780297,-1.889737364514,-2.104765451678,
-0.098815751758,-0.316958780297,-1.886670360039,-2.104861325477,
-0.095750900266,-0.316958780297,-1.883605508547,-2.104861325477,
-0.092688232006,-0.316958780297,-1.880542840287,-2.104765451678,
-0.089627777206,-0.316958780297,-1.877482385487,-2.104861325477,
-0.086569566072,-0.316958780297,-1.874424174352,-2.104861325477,
-0.083513628785,-0.316958780297,-1.871368237066,-2.104765451678,
-0.080459995508,-0.316958780297,-1.868314603789,-2.104861325477,
-0.077408696379,-0.316958780297,-1.865263304660,-2.104861325477,
-0.074359761512,-0.316958780297,-1.862214369793,-2.104765451678,
-0.071313220999,-0.316958780297,-1.859167829280,-2.104909262377,
-0.068269104909,-0.316958780297,-1.856123713190,-2.104861325477,
-0.065227443285,-0.316958780297,-1.853082051566,-2.104813388578,
-0.062188266148,-0.316958780297,-1.850042874429,-2.104861325477,
-0.059151603493,-0.316958780297,-1.847006211774,-2.104861325477,
-0.056117485291,-0.316958780297,-1.843972093572,-2.104861325477,
-0.053085941487,-0.316958780297,-1.840940549768,-2.104813388578,
-0.050057002001,-0.316958780297,-1.837911610282,-2.104861325477,
-0.047030696728,-0.316958780297,-1.834885305008,-2.104909262377,
-0.044007055536,-0.316958780297,-1.831861663816,-2.104909262377,
-0.040986108267,-0.316958780297,-1.828840716548,-2.104813388578,
-0.037967884737,-0.316958780297,-1.825822493018,-2.104909262377,
-0.034952414734,-0.316958780297,-1.822807023015,-2.104861325477,
-0.031939728020,-0.316958780297,-1.819794336301,-2.104813388578,
-0.028929854330,-0.316958780297,-1.816784462610,-2.104909262377,
-0.025922823368,-0.317054654096,-1.813777431649,-2.104861325477,
-0.022918664813,-0.316958780297,-1.810773273094,-2.104861325477,
-0.019917408316,-0.316958780297,-1.807772016597,-2.104765451678,
-0.016919083497,-0.316958780297,-1.804773691778,-2.104813388578,
-0.013923719949,-0.316958780297,-1.801778328229,-2.104861325477,
-0.010931347234,-0.316958780297,-1.798785955515,-2.104909262377,
-0.007941994886,-0.316958780297,-1.795796603167,-2.104813388578,
-0.004955692409,-0.316958780297,-1.792810300690,-2.104861325477,
-0.001972469277,-0.316958780297,-1.789827077558,-2.104861325477,
0.001007645068,-0.316958780297,-1.786846963213,-2.104909262377,
0.003984621213,-0.316958780297,-1.783869987068,-2.104909262377,
0.006958429776,-0.316958780297,-1.780896178505,-2.104909262377,
0.009929041407,-0.316958780297,-1.777925566874,-2.104909262377,
0.012896426787,-0.316958780297,-1.774958181494,-2.104813388578,
0.015860556630,-0.316958780297,-1.771994051651,-2.104861325477,
0.018821401680,-0.316958780297,-1.769033206601,-2.104765451678,
0.021778932716,-0.316958780297,-1.766075675565,-2.104861325477,
0.024733120547,-0.316958780297,-1.763121487734,-2.104765451678,
0.027683936017,-0.316958780297,-1.760170672264,-2.104813388578,
0.030631350003,-0.316958780297,-1.757223258278,-2.104765451678,
0.033575333415,-0.316958780297,-1.754279274866,-2.104861325477,
0.036515857197,-0.316910843397,-1.751338751084,-2.104813388578,
0.039452892326,-0.316958780297,-1.748401715954,-2.104909262377,
0.042386409817,-0.316958780297,-1.745468198464,-2.104861325477,
0.045316380716,-0.316958780297,-1.742538227565,-2.104861325477,
0.048242776105,-0.316958780297,-1.739611832176,-2.104765451678,
0.051165567103,-0.316958780297,-1.736689041178,-2.104909262377,
0.054084724862,-0.316958780297,-1.733769883419,-2.104765451678,
0.057000220571,-0.316958780297,-1.730854387710,-2.104909262377,
0.059912025456,-0.316958780297,-1.727942582824,-2.104861325477,
0.062820110779,-0.316958780297,-1.725034497502,-2.104861325477,
0.065724447837,-0.316958780297,-1.722130160443,-2.104909262377,
0.068625007967,-0.316958780297,-1.719229600314,-2.104861325477,
0.071521762541,-0.316958780297,-1.716332845740,-2.104909262377,
0.074414682968,-0.316958780297,-1.713439925313,-2.104861325477,
0.077303740697,-0.316958780297,-1.710550867583,-2.104909262377,
0.080188907215,-0.316958780297,-1.707665701066,-2.104813388578,
0.083070154046,-0.316958780297,-1.704784454235,-2.104861325477,
0.085947452752,-0.316958780297,-1.701907155528,-2.104765451678,
0.088820774937,-0.316958780297,-1.699033833344,-2.104861325477,
0.091690092242,-0.316958780297,-1.696164516039,-2.104861325477,
0.094555376347,-0.316958780297,-1.693299231934,-2.104861325477,
0.097416598974,-0.316958780297,-1.690438009307,-2.104861325477,
0.100273731883,-0.316958780297,-1.687580876398,-2.104861325477,
0.103126746876,-0.316958780297,-1.684727861405,-2.104765451678,
0.105975615795,-0.316958780297,-1.681878992486,-2.104765451678,
0.108820310522,-0.316958780297,-1.679034297759,-2.104765451678,
0.111660802981,-0.316958780297,-1.676193805300,-2.104765451678,
0.114497065138,-0.316958780297,-1.673357543142,-2.104765451678,
0.117329069001,-0.316958780297,-1.670525539280,-2.104861325477,
0.120156786618,-0.316958780297,-1.667697821663,-2.104861325477,
0.122980190081,-0.316958780297,-1.664874418200,-2.104765451678,
0.125799251523,-0.316958780297,-1.662055356757,-2.104861325477,
0.128613943124,-0.316958780297,-1.659240665157,-2.104909262377,
0.131424237101,-0.316958780297,-1.656430371180,-2.104765451678,
0.134230105719,-0.316958780297,-1.653624502562,-2.104861325477,
0.137031521285,-0.316958780297,-1.650823086996,-2.104765451678,
0.139828456150,-0.316958780297,-1.648026152130,-2.104861325477,
0.142620882710,-0.316958780297,-1.645233725571,-2.104765451678,
0.145408773404,-0.316958780297,-1.642445834876,-2.104909262377,
0.148192100718,-0.316958780297,-1.639662507563,-2.104909262377,
0.150970837180,-0.316958780297,-1.636883771101,-2.104861325477,
0.153744955365,-0.316958780297,-1.634109652915,-2.104861325477,
0.156514427895,-0.316958780297,-1.631340180385,-2.104813388578,
0.159279227436,-0.316958780297,-1.628575380844,-2.104909262377,
0.162039326700,-0.316958780297,-1.625815281580,-2.104909262377,
0.164794698447,-0.316958780297,-1.623059909834,-2.104909262377,
0.167545315481,-0.316958780297,-1.620309292800,-2.104909262377,
0.170291150655,-0.316958780297,-1.617563457625,-2.104861325477,
0.173032176870,-0.316958780297,-1.614822431411,-2.104909262377,
0.175768367072,-0.316958780297,-1.612086241209,-2.104765451678,
0.178499694256,-0.316958780297,-1.609354914025,-2.104765451678,
0.181226131465,-0.316958780297,-1.606628476816,-2.104813388578,
0.183947651790,-0.316958780297,-1.603906956491,-2.104765451678,
0.186664228371,-0.316958780297,-1.601190379910,-2.104909262377,
0.189375834397,-0.316958780297,-1.598478773884,-2.104909262377,
0.192082443104,-0.316958780297,-1.595772165177,-2.104861325477,
0.194784027780,-0.316958780297,-1.593070580500,-2.104861325477,
0.197480561762,-0.316958780297,-1.590374046519,-2.104813388578,
0.200172018435,-0.317006717196,-1.587682589846,-2.104861325477,
0.202858371236,-0.316958780297,-1.584996237045,-2.104861325477,
0.205539593652,-0.316958780297,-1.582315014629,-2.104765451678,
0.208215659220,-0.316958780297,-1.579638949061,-2.104765451678,
0.210886541528,-0.316958780297,-1.576968066753,-2.104909262377,
0.213552214216,-0.316958780297,-1.574302394064,-2.104813388578,
0.216212650976,-0.316958780297,-1.571641957305,-2.104765451678,
0.218867825548,-0.316958780297,-1.568986782732,-2.104861325477,
0.221517711729,-0.316958780297,-1.566336896552,-2.104765451678,
0.224162283364,-0.316958780297,-1.563692324917,-2.104909262377,
0.226801514353,-0.316958780297,-1.561053093928,-2.104909262377,
0.229435378647,-0.316958780297,-1.558419229634,-2.104861325477,
0.232063850252,-0.316958780297,-1.555790758029,-2.104909262377,
0.234686903225,-0.316958780297,-1.553167705055,-2.104813388578,
0.237304511679,-0.316958780297,-1.550550096602,-2.104909262377,
0.239916649777,-0.316958780297,-1.547937958503,-2.104909262377,
0.242523291740,-0.316958780297,-1.545331316540,-2.104813388578,
0.245124411842,-0.316958780297,-1.542730196439,-2.104909262377,
0.247719984409,-0.316958780297,-1.540134623872,-2.104909262377,
0.250309983825,-0.316958780297,-1.537544624456,-2.104765451678,
0.252894384527,-0.316958780297,-1.534960223754,-2.104861325477,
0.255473161009,-0.316958780297,-1.532381447272,-2.104765451678,
0.258046287819,-0.316958780297,-1.529808320462,-2.104861325477,
0.260613739561,-0.316958780297,-1.527240868720,-2.104861325477,
0.263175490896,-0.316958780297,-1.524679117385,-2.104861325477,
0.265731516540,-0.316958780297,-1.522123091741,-2.104861325477,
0.268281791266,-0.316958780297,-1.519572817015,-2.104765451678,
0.270826289904,-0.316958780297,-1.517028318376,-2.104861325477,
0.273364987342,-0.316958780297,-1.514489620939,-2.104765451678,
0.275897858522,-0.316958780297,-1.511956749759,-2.104861325477,
0.278424878446,-0.316958780297,-1.509429729835,-2.104861325477,
0.280946022174,-0.316958780297,-1.506908586106,-2.104765451678,
0.283461264824,-0.316958780297,-1.504393343457,-2.104861325477,
0.285970581570,-0.316958780297,-1.501884026710,-2.104861325477,
0.288473947648,-0.316958780297,-1.499380660633,-2.104765451678,
0.290971338348,-0.316958780297,-1.496883269932,-2.104861325477,
0.293462729024,-0.316958780297,-1.494391879256,-2.104909262377,
0.295948095087,-0.316958780297,-1.491906513194,-2.104813388578,
0.298427412006,-0.316958780297,-1.489427196275,-2.104765451678,
0.300900655312,-0.316958780297,-1.486953952968,-2.104765451678,
0.303367800596,-0.316958780297,-1.484486807685,-2.104861325477,
0.305828823506,-0.316958780297,-1.482025784775,-2.104861325477,
0.308283699754,-0.316958780297,-1.479570908526,-2.104861325477,
0.310732405112,-0.316958780297,-1.477122203168,-2.104909262377,
0.313174915412,-0.316958780297,-1.474679692869,-2.104861325477,
0.315611206546,-0.316958780297,-1.472243401734,-2.104861325477,
0.318041254471,-0.316958780297,-1.469813353810,-2.104861325477,
0.320465035201,-0.316958780297,-1.467389573080,-2.104765451678,
0.322882524816,-0.316958780297,-1.464972083465,-2.104765451678,
0.325293699456,-0.316958780297,-1.462560908825,-2.104765451678,
0.327698535323,-0.316958780297,-1.460156072957,-2.104765451678,
0.330097008684,-0.316958780297,-1.457757599597,-2.104861325477,
0.332489095865,-0.316958780297,-1.455365512416,-2.104909262377,
0.334874773257,-0.316958780297,-1.452979835023,-2.104813388578,
0.337254017317,-0.316958780297,-1.450600590964,-2.104813388578,
0.339626804560,-0.316958780297,-1.448227803721,-2.104861325477,
0.341993111568,-0.316958780297,-1.445861496712,-2.104765451678,
0.344352914988,-0.316958780297,-1.443501693293,-2.104813388578,
0.346706191529,-0.316958780297,-1.441148416752,-2.104909262377,
0.349052917964,-0.316958780297,-1.438801690317,-2.104861325477,
0.351393071133,-0.316958780297,-1.436461537148,-2.104909262377,
0.353726627939,-0.316958780297,-1.434127980341,-2.104765451678,
0.356053565352,-0.316958780297,-1.431801042929,-2.104813388578,
0.358373860404,-0.316958780297,-1.429480747877,-2.104861325477,
0.360687490196,-0.316958780297,-1.427167118085,-2.104909262377,
0.362994431893,-0.316958780297,-1.424860176387,-2.104909262377,
0.365294662727,-0.316958780297,-1.422559945554,-2.104813388578,
0.367588159995,-0.316958780297,-1.420266448286,-2.104861325477,
0.369874901061,-0.316958780297,-1.417979707219,-2.104909262377,
0.372154863357,-0.316958780297,-1.415699744924,-2.104909262377,
0.374428024379,-0.316958780297,-1.413426583902,-2.104765451678,
0.376694361692,-0.316958780297,-1.411160246588,-2.104765451678,
0.378953852930,-0.316958780297,-1.408900755351,-2.104909262377,
0.381206475791,-0.316958780297,-1.406648132490,-2.104813388578,
0.383452208043,-0.316958780297,-1.404402400238,-2.104861325477,
0.385691027521,-0.316958780297,-1.402163580759,-2.104909262377,
0.387922912130,-0.316958780297,-1.399931696151,-2.104765451678,
0.390147839841,-0.316958780297,-1.397706768439,-2.104861325477,
0.392365788696,-0.316958780297,-1.395488819585,-2.104861325477,
0.394576736804,-0.316958780297,-1.393277871477,-2.104813388578,
0.396780662344,-0.316958780297,-1.391073945937,-2.104813388578,
0.398977543564,-0.316958780297,-1.388877064717,-2.104765451678,
0.401167358781,-0.316958780297,-1.386687249500,-2.104765451678,
0.403350086384,-0.316958780297,-1.384504521897,-2.104861325477,
0.405525704829,-0.316958780297,-1.382328903452,-2.104861325477,
0.407694192645,-0.317054654096,-1.380160415636,-2.104765451678,
0.409855528428,-0.316958780297,-1.377999079853,-2.104909262377,
0.412009690848,-0.316958780297,-1.375844917433,-2.104765451678,
0.414156658643,-0.316958780297,-1.373697949638,-2.104765451678,
0.416296410625,-0.316958780297,-1.371558197656,-2.104765451678,
0.418428925674,-0.316958780297,-1.369425682607,-2.104813388578,
0.420554182743,-0.316910843397,-1.367300425538,-2.104909262377,
0.422672160858,-0.316958780297,-1.365182447423,-2.104861325477,
0.424782839114,-0.316958780297,-1.363071769167,-2.104765451678,
0.426886196680,-0.316958780297,-1.360968411601,-2.104813388578,
0.428982212796,-0.316958780297,-1.358872395484,-2.104813388578,
0.431070866777,-0.316958780297,-1.356783741504,-2.104765451678,
0.433152138007,-0.316958780297,-1.354702470274,-2.104909262377,
0.435226005945,-0.317006717196,-1.352628602336,-2.104765451678,
0.437292450123,-0.316958780297,-1.350562158157,-2.104861325477,
0.439351450147,-0.316958780297,-1.348503158134,-2.104861325477,
0.441402985694,-0.316958780297,-1.346451622587,-2.104909262377,
0.443447036517,-0.316958780297,-1.344407571764,-2.104861325477,
0.445483582442,-0.316958780297,-1.342371025839,-2.104765451678,
0.447512603368,-0.316958780297,-1.340342004912,-2.104909262377,
0.449534079271,-0.316958780297,-1.338320529009,-2.104909262377,
0.451547990200,-0.316958780297,-1.336306618081,-2.104765451678,
0.453554316277,-0.316958780297,-1.334300292004,-2.104765451678,
0.455553037701,-0.316958780297,-1.332301570580,-2.104909262377,
0.457544134745,-0.316958780297,-1.330310473536,-2.104909262377,
0.459527587759,-0.316958780297,-1.328327020522,-2.104861325477,
0.461503377166,-0.316958780297,-1.326351231115,-2.104861325477,
0.463471483466,-0.316958780297,-1.324383124815,-2.104765451678,
0.465431887234,-0.316958780297,-1.322422721047,-2.104813388578,
0.467384569123,-0.316958780297,-1.320470039158,-2.104861325477,
0.469329509860,-0.316958780297,-1.318525098421,-2.104861325477,
0.471266690249,-0.316958780297,-1.316587918032,-2.104813388578,
0.473196091171,-0.316958780297,-1.314658517109,-2.104861325477,
0.475117693584,-0.316958780297,-1.312736914696,-2.104861325477,
0.477031478522,-0.316958780297,-1.310823129758,-2.104765451678,
0.478937427098,-0.316958780297,-1.308917181183,-2.104909262377,
0.480835520499,-0.316958780297,-1.307019087782,-2.104909262377,
0.482725739993,-0.316958780297,-1.305128868288,-2.104909262377,
0.484608066923,-0.316958780297,-1.303246541357,-2.104909262377,
0.486482482713,-0.316958780297,-1.301372125568,-2.104765451678,
0.488348968862,-0.316958780297,-1.299505639419,-2.104765451678,
0.490207506949,-0.316958780297,-1.297647101332,-2.104765451678,
0.492058078631,-0.316958780297,-1.295796529650,-2.104909262377,
0.493900665644,-0.316958780297,-1.293953942637,-2.104813388578,
0.495735249801,-0.316958780297,-1.292119358480,-2.104861325477,
0.497561812996,-0.316958780297,-1.290292795284,-2.104861325477,
0.499380337203,-0.316958780297,-1.288474271078,-2.104909262377,
0.501190804472,-0.316958780297,-1.286663803809,-2.104861325477,
0.502993196935,-0.316958780297,-1.284861411345,-2.104909262377,
0.504787496804,-0.316958780297,-1.283067111477,-2.104861325477,
0.506573686369,-0.316958780297,-1.281280921912,-2.104861325477,
0.508351748001,-0.316958780297,-1.279502860279,-2.104813388578,
0.510121664152,-0.316958780297,-1.277732944129,-2.104861325477,
0.511883417353,-0.316958780297,-1.275971190928,-2.104861325477,
0.513636990217,-0.316958780297,-1.274217618064,-2.104861325477,
0.515382365435,-0.316958780297,-1.272472242845,-2.104861325477,
0.517119525783,-0.316958780297,-1.270735082497,-2.104861325477,
0.518848454115,-0.316958780297,-1.269006154165,-2.104813388578,
0.520569133368,-0.316958780297,-1.267285474913,-2.104861325477,
0.522281546558,-0.316958780297,-1.265573061723,-2.104861325477,
0.523985676785,-0.316958780297,-1.263868931495,-2.104765451678,
0.525681507231,-0.316958780297,-1.262173101050,-2.104861325477,
0.527369021157,-0.316958780297,-1.260485587124,-2.104909262377,
0.529048201909,-0.316958780297,-1.258806406372,-2.104813388578,
0.530719032914,-0.316958780297,-1.257135575367,-2.104765451678,
0.532381497681,-0.316958780297,-1.255473110600,-2.104765451678,
0.534035579803,-0.316958780297,-1.253819028478,-2.104909262377,
0.535681262955,-0.316958780297,-1.252173345326,-2.104765451678,
0.537318530893,-0.316958780297,-1.250536077387,-2.104909262377,
0.538947367460,-0.316958780297,-1.248907240820,-2.104861325477,
0.540567756579,-0.316958780297,-1.247286851701,-2.104861325477,
0.542179682258,-0.316958780297,-1.245674926023,-2.104861325477,
0.543783128587,-0.316958780297,-1.244071479694,-2.104813388578,
0.545378079741,-0.316958780297,-1.242476528539,-2.104861325477,
0.546964519979,-0.316958780297,-1.240890088301,-2.104861325477,
0.548542433643,-0.316958780297,-1.239312174637,-2.104909262377,
0.550111805160,-0.316958780297,-1.237742803121,-2.104813388578,
0.551672619040,-0.316958780297,-1.236181989240,-2.104813388578,
0.553224859880,-0.316958780297,-1.234629748401,-2.104861325477,
0.554768512358,-0.316958780297,-1.233086095922,-2.104813388578,
0.556303561241,-0.316958780297,-1.231551047040,-2.104909262377,
0.557829991377,-0.316958780297,-1.230024616904,-2.104861325477,
0.559347787701,-0.316958780297,-1.228506820580,-2.104861325477,
0.560856935233,-0.316958780297,-1.226997673047,-2.104909262377,
0.562357419079,-0.316958780297,-1.225497189201,-2.104861325477,
0.563849224430,-0.316958780297,-1.224005383851,-2.104909262377,
0.565332336561,-0.316958780297,-1.222522271720,-2.104861325477,
0.566806740835,-0.316958780297,-1.221047867445,-2.104909262377,
0.568272422701,-0.316958780297,-1.219582185579,-2.104765451678,
0.569729367693,-0.316958780297,-1.218125240588,-2.104909262377,
0.571177561431,-0.316958780297,-1.216677046850,-2.104765451678,
0.572616989622,-0.316958780297,-1.215237618659,-2.104861325477,
0.574047638059,-0.316958780297,-1.213806970222,-2.104861325477,
0.575469492623,-0.316958780297,-1.212385115657,-2.104813388578,
0.576882539281,-0.316958780297,-1.210972069000,-2.104861325477,
0.578286764086,-0.316958780297,-1.209567844194,-2.104765451678,
0.579682153180,-0.316958780297,-1.208172455101,-2.104765451678,
0.581068692789,-0.316958780297,-1.206785915492,-2.104861325477,
0.582446369230,-0.316958780297,-1.205408239050,-2.104861325477,
0.583815168906,-0.316958780297,-1.204039439374,-2.104813388578,
0.585175078307,-0.316958780297,-1.202679529974,-2.104909262377,
0.586526084011,-0.316958780297,-1.201328524269,-2.104861325477,
0.587868172685,-0.316958780297,-1.199986435596,-2.104813388578,
0.589201331082,-0.316958780297,-1.198653277198,-2.104861325477,
0.590525546046,-0.316958780297,-1.197329062235,-2.104909262377,
0.591840804505,-0.316958780297,-1.196013803776,-2.104861325477,
0.593147093480,-0.316958780297,-1.194707514801,-2.104861325477,
0.594444400077,-0.316958780297,-1.193410208203,-2.104909262377,
0.595732711494,-0.316958780297,-1.192121896787,-2.104861325477,
0.597012015014,-0.316958780297,-1.190842593267,-2.104813388578,
0.598282298012,-0.316958780297,-1.189572310269,-2.104861325477,
0.599543547950,-0.316958780297,-1.188311060331,-2.104861325477,
0.600795752380,-0.316958780297,-1.187058855901,-2.104765451678,
0.602038898944,-0.316958780297,-1.185815709337,-2.104861325477,
0.603272975372,-0.316958780297,-1.184581632908,-2.104765451678,
0.604497969485,-0.316958780297,-1.183356638796,-2.104909262377,
0.605713869192,-0.316958780297,-1.182140739089,-2.104765451678,
0.606920662492,-0.316958780297,-1.180933945789,-2.104813388578,
0.608118337476,-0.316958780297,-1.179736270805,-2.104765451678,
0.609306882322,-0.316958780297,-1.178547725958,-2.104909262377,
0.610486285301,-0.316958780297,-1.177368322980,-2.104813388578,
0.611656534771,-0.316958780297,-1.176198073509,-2.104909262377,
0.612817619184,-0.316958780297,-1.175036989097,-2.104861325477,
0.613969527079,-0.316958780297,-1.173885081202,-2.104861325477,
0.615112247088,-0.316958780297,-1.172742361193,-2.104861325477,
0.616245767932,-0.316958780297,-1.171608840348,-2.104861325477,
0.617370078425,-0.316958780297,-1.170484529856,-2.104765451678,
0.618485167469,-0.316958780297,-1.169369440811,-2.104813388578,
0.619591024060,-0.316958780297,-1.168263584221,-2.104909262377,
0.620687637282,-0.316958780297,-1.167166970998,-2.104909262377,
0.621774996313,-0.316958780297,-1.166079611967,-2.104909262377,
0.622853090422,-0.316958780297,-1.165001517859,-2.104909262377,
0.623921908966,-0.316958780297,-1.163932699315,-2.104813388578,
0.624981441398,-0.317006717196,-1.162873166882,-2.104861325477,
0.626031677261,-0.316958780297,-1.161822931019,-2.104813388578,
0.627072606190,-0.316958780297,-1.160782002091,-2.104909262377,
0.628104217909,-0.316958780297,-1.159750390371,-2.104909262377,
0.629126502239,-0.317006717196,-1.158728106041,-2.104765451678,
0.630139449090,-0.316958780297,-1.157715159191,-2.104813388578,
0.631143048463,-0.316958780297,-1.156711559817,-2.104765451678,
0.632137290455,-0.316958780297,-1.155717317826,-2.104909262377,
0.633122165252,-0.316958780297,-1.154732443029,-2.104909262377,
0.634097663134,-0.316958780297,-1.153756945147,-2.104909262377,
0.635063774473,-0.316958780297,-1.152790833808,-2.104765451678,
0.636020489734,-0.316958780297,-1.151834118547,-2.104909262377,
0.636967799474,-0.316958780297,-1.150886808806,-2.104861325477,
0.637905694345,-0.316958780297,-1.149948913936,-2.104765451678,
0.638834165089,-0.316958780297,-1.149020443191,-2.104861325477,
0.639753202543,-0.316958780297,-1.148101405737,-2.104765451678,
0.640662797637,-0.316958780297,-1.147191810644,-2.104909262377,
0.641562941392,-0.316958780297,-1.146291666889,-2.104765451678,
0.642453624925,-0.316958780297,-1.145400983355,-2.104909262377,
0.643334839446,-0.316958780297,-1.144519768835,-2.104765451678,
0.644206576256,-0.316958780297,-1.143648032025,-2.104909262377,
0.645068826753,-0.316958780297,-1.142785781528,-2.104765451678,
0.645921582426,-0.316958780297,-1.141933025855,-2.104861325477,
0.646764834859,-0.316958780297,-1.141089773422,-2.104765451678,
0.647598575729,-0.316958780297,-1.140256032552,-2.104765451678,
0.648422796808,-0.316958780297,-1.139431811473,-2.104765451678,
0.649237489960,-0.316958780297,-1.138617118321,-2.104861325477,
0.650042647146,-0.316958780297,-1.137811961135,-2.104861325477,
0.650838260419,-0.316958780297,-1.137016347862,-2.104861325477,
0.651624321925,-0.316958780297,-1.136230286355,-2.104813388578,
0.652400823908,-0.316958780297,-1.135453784373,-2.104765451678,
0.653167758703,-0.316958780297,-1.134686849577,-2.104861325477,
0.653925118742,-0.316958780297,-1.133929489539,-2.104861325477,
0.654672896548,-0.316958780297,-1.133181711732,-2.104861325477,
0.655411084743,-0.316958780297,-1.132443523538,-2.104813388578,
0.656139676040,-0.316958780297,-1.131714932241,-2.104765451678,
0.656858663248,-0.316958780297,-1.130995945033,-2.104861325477,
0.657568039271,-0.316958780297,-1.130286569010,-2.104861325477,
0.658267797109,-0.316958780297,-1.129586811172,-2.104861325477,
0.658957929854,-0.316958780297,-1.128896678427,-2.104909262377,
0.659638430696,-0.316958780297,-1.128216177585,-2.104765451678,
0.660309292917,-0.316910843397,-1.127545315363,-2.104861325477,
0.660970509898,-0.316958780297,-1.126884098382,-2.104909262377,
0.661622075112,-0.316958780297,-1.126232533169,-2.104813388578,
0.662263982128,-0.316958780297,-1.125590626152,-2.104861325477,
0.662896224611,-0.316958780297,-1.124958383669,-2.104861325477,
0.663518796322,-0.316958780297,-1.124335811959,-2.104813388578,
0.664131691114,-0.316958780297,-1.123722917166,-2.104909262377,
0.664734902940,-0.316958780297,-1.123119705340,-2.104861325477,
0.665328425847,-0.316958780297,-1.122526182434,-2.104861325477,
0.665912253975,-0.316958780297,-1.121942354306,-2.104813388578,
0.666486381563,-0.317006717196,-1.121368226718,-2.104909262377,
0.667050802945,-0.316958780297,-1.120803805336,-2.104765451678,
0.667605512550,-0.316958780297,-1.120249095731,-2.104909262377,
0.668150504903,-0.316958780297,-1.119704103378,-2.104861325477,
0.668685774626,-0.316958780297,-1.119168833655,-2.104909262377,
0.669211316435,-0.316958780297,-1.118643291846,-2.104861325477,
0.669727125144,-0.316958780297,-1.118127483137,-2.104861325477,
0.670233195661,-0.316958780297,-1.117621412620,-2.104861325477,
0.670729522993,-0.316958780297,-1.117125085288,-2.104861325477,
0.671216102240,-0.316958780297,-1.116638506041,-2.104909262377,
0.671692928600,-0.316958780297,-1.116161679681,-2.104813388578,
0.672159997367,-0.316958780297,-1.115694610913,-2.104861325477,
0.672617303932,-0.316958780297,-1.115237304349,-2.104765451678,
0.673064843781,-0.316958780297,-1.114789764500,-2.104861325477,
0.673502612496,-0.316958780297,-1.114351995785,-2.104861325477,
0.673930605758,-0.316958780297,-1.113924002523,-2.104861325477,
0.674348819341,-0.316958780297,-1.113505788939,-2.104861325477,
0.674757249120,-0.316958780297,-1.113097359161,-2.104861325477,
0.675155891062,-0.316958780297,-1.112698717219,-2.104861325477,
0.675544741233,-0.316958780297,-1.112309867048,-2.104861325477,
0.675923795795,-0.316958780297,-1.111930812486,-2.104909262377,
0.676293051007,-0.316958780297,-1.111561557274,-2.104765451678,
0.676652503225,-0.317006717196,-1.111202105056,-2.104765451678,
0.677002148901,-0.316958780297,-1.110852459380,-2.104765451678,
0.677341984585,-0.316958780297,-1.110512623696,-2.104813388578,
0.677672006921,-0.316958780297,-1.110182601359,-2.104813388578,
0.677992212654,-0.316958780297,-1.109862395627,-2.104861325477,
0.678302598622,-0.316958780297,-1.109552009659,-2.104813388578,
0.678603161763,-0.316958780297,-1.109251446518,-2.104765451678,
0.678893899109,-0.316958780297,-1.108960709171,-2.104861325477,
0.679174807792,-0.316958780297,-1.108679800488,-2.104861325477,
0.679445885039,-0.316958780297,-1.108408723241,-2.104861325477,
0.679707128175,-0.316958780297,-1.108147480106,-2.104765451678,
0.679958534621,-0.316958780297,-1.107896073660,-2.104909262377,
0.680200101895,-0.316958780297,-1.107654506385,-2.104909262377,
0.680431827615,-0.316958780297,-1.107422780666,-2.104861325477,
0.680653709492,-0.316958780297,-1.107200898789,-2.104765451678,
0.680865745336,-0.316958780297,-1.106988862944,-2.104861325477,
0.681067933056,-0.316958780297,-1.106786675224,-2.104813388578,
0.681260270656,-0.316958780297,-1.106594337625,-2.104861325477,
0.681442756237,-0.316958780297,-1.106411852044,-2.104765451678,
0.681615387998,-0.316958780297,-1.106239220283,-2.104861325477,
0.681778164236,-0.316958780297,-1.106076444045,-2.104765451678,
0.681931083343,-0.316958780297,-1.105923524938,-2.104861325477,
0.682074143811,-0.316958780297,-1.105780464470,-2.104861325477,
0.682207344228,-0.316958780297,-1.105647264053,-2.104909262377,
0.682330683279,-0.316958780297,-1.105523925002,-2.104909262377,
0.682444159746,-0.316958780297,-1.105410448534,-2.104861325477,
0.682547772511,-0.316958780297,-1.105306835770,-2.104909262377,
0.682641520549,-0.316958780297,-1.105213087731,-2.104765451678,
0.682725402937,-0.316958780297,-1.105129205344,-2.104765451678,
0.682799418846,-0.316958780297,-1.105055189435,-2.104765451678,
0.682863567545,-0.316958780297,-1.104991040736,-2.104909262377,
0.682917848401,-0.317006717196,-1.104936759880,-2.104909262377,
0.682962260879,-0.316958780297,-1.104892347401,-2.104813388578,
0.682996804541,-0.316958780297,-1.104857803740,-2.104861325477,
0.683021479045,-0.316958780297,-1.104833129236,-2.104909262377,
0.683036284148,-0.316958780297,-1.104818324133,-2.104765451678,
0.683041219703,-0.316958780297,-1.104813388578,-2.104765451678,
0.683036285663,-0.316958780297,-1.104818322618,-2.104765451678,
0.683021482075,-0.316958780297,-1.104833126206,-2.104861325477,
0.682996809086,-0.316958780297,-1.104857799194,-2.104861325477,
0.682962266940,-0.316958780297,-1.104892341341,-2.104861325477,
0.682917855977,-0.316958780297,-1.104936752304,-2.104861325477,
0.682863576635,-0.316958780297,-1.104991031645,-2.104861325477,
0.682799429451,-0.316958780297,-1.105055178830,-2.104861325477,
0.682725415057,-0.316958780297,-1.105129193223,-2.104765451678,
0.682641534185,-0.316958780297,-1.105213074096,-2.104909262377,
0.682547787661,-0.316958780297,-1.105306820620,-2.104861325477,
0.682444176410,-0.316958780297,-1.105410431870,-2.104909262377,
0.682330701457,-0.316958780297,-1.105523906824,-2.104909262377,
0.682207363920,-0.316958780297,-1.105647244360,-2.104909262377,
0.682074165017,-0.316958780297,-1.105780443263,-2.104861325477,
0.681931106063,-0.316958780297,-1.105923502218,-2.104765451678,
0.681778188469,-0.316958780297,-1.106076419812,-2.104909262377,
0.681615413744,-0.316958780297,-1.106239194536,-2.104861325477,
0.681442783496,-0.316958780297,-1.106411824784,-2.104813388578,
0.681260299428,-0.316958780297,-1.106594308853,-2.104765451678,
0.681067963341,-0.316958780297,-1.106786644940,-2.104861325477,
0.680865777133,-0.316958780297,-1.106988831148,-2.104861325477,
0.680653742800,-0.317006717196,-1.107200865481,-2.104861325477,
0.680431862434,-0.316958780297,-1.107422745846,-2.104813388578,
0.680200138226,-0.316958780297,-1.107654470055,-2.104909262377,
0.679958572462,-0.316958780297,-1.107896035819,-2.104765451678,
0.679707167527,-0.316958780297,-1.108147440754,-2.104861325477,
0.679445925901,-0.317006717196,-1.108408682380,-2.104861325477,
0.679174850164,-0.316958780297,-1.108679758117,-2.104861325477,
0.678893942990,-0.316958780297,-1.108960665291,-2.104909262377,
0.678603207152,-0.316958780297,-1.109251401129,-2.104765451678,
0.678302645520,-0.316958780297,-1.109551962761,-2.104861325477,
0.677992261059,-0.316958780297,-1.109862347222,-2.104861325477,
0.677672056834,-0.316958780297,-1.110182551447,-2.104909262377,
0.677342036004,-0.316958780297,-1.110512572277,-2.104861325477,
0.677002201827,-0.316958780297,-1.110852406454,-2.104909262377,
0.676652557657,-0.316958780297,-1.111202050624,-2.104909262377,
0.676293106944,-0.316958780297,-1.111561501337,-2.104909262377,
0.675923853236,-0.316958780297,-1.111930755044,-2.104909262377,
0.675544800178,-0.316958780297,-1.112309808103,-2.104813388578,
0.675155951511,-0.316958780297,-1.112698656770,-2.104861325477,
0.674757311072,-0.316958780297,-1.113097297209,-2.104861325477,
0.674348882796,-0.316958780297,-1.113505725485,-2.104909262377,
0.673930670714,-0.316958780297,-1.113923937567,-2.104861325477,
0.673502678953,-0.316958780297,-1.114351929327,-2.104861325477,
0.673064911738,-0.316958780297,-1.114789696542,-2.104861325477,
0.672617373390,-0.316958780297,-1.115237234891,-2.104909262377,
0.672160068324,-0.316958780297,-1.115694539957,-2.104861325477,
0.671693001055,-0.316958780297,-1.116161607226,-2.104861325477,
0.671216176192,-0.316958780297,-1.116638432088,-2.104765451678,
0.670729598442,-0.316958780297,-1.117125009838,-2.104861325477,
0.670233272607,-0.316958780297,-1.117621335674,-2.104861325477,
0.669727203585,-0.316958780297,-1.118127404696,-2.104765451678,
0.669211396371,-0.316958780297,-1.118643211910,-2.104861325477,
0.668685856056,-0.316958780297,-1.119168752225,-2.104765451678,
0.668150587826,-0.316958780297,-1.119704020455,-2.104909262377,
0.667605596965,-0.316958780297,-1.120249011316,-2.104813388578,
0.667050888852,-0.316958780297,-1.120803719429,-2.104861325477,
0.666486468960,-0.316958780297,-1.121368139321,-2.104861325477,
0.665912342862,-0.316958780297,-1.121942265419,-2.104765451678,
0.665328516222,-0.316958780297,-1.122526092059,-2.104765451678,
0.664734994804,-0.316958780297,-1.123119613477,-2.104909262377,
0.664131784465,-0.316958780297,-1.123722823816,-2.104861325477,
0.663518891158,-0.316958780297,-1.124335717122,-2.104765451678,
0.662896320933,-0.316958780297,-1.124958287348,-2.104909262377,
0.662264079934,-0.316958780297,-1.125590528346,-2.104813388578,
0.661622174401,-0.316958780297,-1.126232433879,-2.104861325477,
0.660970610670,-0.316958780297,-1.126883997611,-2.104861325477,
0.660309395170,-0.316958780297,-1.127545213110,-2.104861325477,
0.659638534429,-0.316958780297,-1.128216073852,-2.104765451678,
0.658958035066,-0.316958780297,-1.128896573214,-2.104861325477,
0.658267903799,-0.316958780297,-1.129586704481,-2.104813388578,
0.657568147439,-0.316958780297,-1.130286460842,-2.104909262377,
0.656858772891,-0.316958780297,-1.130995835389,-2.104861325477,
0.656139787158,-0.316958780297,-1.131714821122,-2.104765451678,
0.655411197335,-0.316958780297,-1.132443410945,-2.104765451678,
0.654673010614,-0.316958780297,-1.133181597667,-2.104765451678,
0.653925234279,-0.316958780297,-1.133929374002,-2.104861325477,
0.653167875711,-0.316958780297,-1.134686732570,-2.104861325477,
0.652400942385,-0.316958780297,-1.135453665896,-2.104861325477,
0.651624441871,-0.316958780297,-1.136230166410,-2.104861325477,
0.650838381831,-0.316958780297,-1.137016226450,-2.104861325477,
0.650042770024,-0.316958780297,-1.137811838257,-2.104861325477,
0.649237614303,-0.316958780297,-1.138616993978,-2.104861325477,
0.648422922614,-0.316958780297,-1.139431685667,-2.104861325477,
0.647598702997,-0.316958780297,-1.140255905284,-2.104861325477,
0.646764963588,-0.316958780297,-1.141089644693,-2.104861325477,
0.645921712615,-0.316958780297,-1.141932895666,-2.104909262377,
0.645068958400,-0.316958780297,-1.142785649881,-2.104861325477,
0.644206709360,-0.316958780297,-1.143647898920,-2.104861325477,
0.643334974006,-0.316958780297,-1.144519634275,-2.104813388578,
0.642453760939,-0.316958780297,-1.145400847341,-2.104861325477,
0.641563078859,-0.317006717196,-1.146291529421,-2.104861325477,
0.640662936556,-0.316958780297,-1.147191671725,-2.104765451678,
0.639753342913,-0.316958780297,-1.148101265368,-2.104909262377,
0.638834306907,-0.316958780297,-1.149020301373,-2.104861325477,
0.637905837611,-0.316958780297,-1.149948770670,-2.104765451678,
0.636967944186,-0.316958780297,-1.150886664095,-2.104813388578,
0.636020635890,-0.316958780297,-1.151833972391,-2.104813388578,
0.635063922072,-0.316958780297,-1.152790686208,-2.104861325477,
0.634097812175,-0.316958780297,-1.153756796106,-2.104861325477,
0.633122315734,-0.316958780297,-1.154732292547,-2.104909262377,
0.632137442375,-0.316958780297,-1.155717165905,-2.104909262377,
0.631143201821,-0.316958780297,-1.156711406459,-2.104861325477,
0.630139603883,-0.316958780297,-1.157715004397,-2.104861325477,
0.629126658467,-0.316958780297,-1.158727949813,-2.104813388578,
0.628104375570,-0.316958780297,-1.159750232710,-2.104861325477,
0.627072765282,-0.316958780297,-1.160781842999,-2.104765451678,
0.626031837783,-0.316958780297,-1.161822770498,-2.104909262377,
0.624981603348,-0.316958780297,-1.162873004933,-2.104861325477,
0.623922072342,-0.316958780297,-1.163932535938,-2.104909262377,
0.622853255222,-0.316958780297,-1.165001353058,-2.104765451678,
0.621775162538,-0.316958780297,-1.166079445743,-2.104861325477,
0.620687804928,-0.316958780297,-1.167166803353,-2.104765451678,
0.619591193126,-0.316958780297,-1.168263415155,-2.104813388578,
0.618485337953,-0.316958780297,-1.169369270327,-2.104861325477,
0.617370250326,-0.316958780297,-1.170484357955,-2.104909262377,
0.616245941248,-0.316958780297,-1.171608667033,-2.104861325477,
0.615112421816,-0.316958780297,-1.172742186464,-2.104861325477,
0.613969703219,-0.316958780297,-1.173884905062,-2.104813388578,
0.612817796733,-0.316958780297,-1.175036811547,-2.104765451678,
0.611656713729,-0.316958780297,-1.176197894552,-2.104861325477,
0.610486465665,-0.316958780297,-1.177368142616,-2.104813388578,
0.609307064090,-0.316958780297,-1.178547544190,-2.104861325477,
0.608118520647,-0.316958780297,-1.179736087634,-2.104765451678,
0.606920847064,-0.316958780297,-1.180933761217,-2.104861325477,
0.605714055162,-0.316958780297,-1.182140553119,-2.104909262377,
0.604498156852,-0.316958780297,-1.183356451428,-2.104765451678,
0.603273164135,-0.316958780297,-1.184581444146,-2.104765451678,
0.602039089100,-0.316958780297,-1.185815519180,-2.104765451678,
0.600795943928,-0.316958780297,-1.187058664353,-2.104765451678,
0.599543740887,-0.317006717196,-1.188310867394,-2.104861325477,
0.598282492337,-0.316958780297,-1.189572115944,-2.104909262377,
0.597012210725,-0.316958780297,-1.190842397556,-2.104765451678,
0.595732908589,-0.316958780297,-1.192121699692,-2.104813388578,
0.594444598554,-0.316958780297,-1.193410009727,-2.104861325477,
0.593147293337,-0.316958780297,-1.194707314944,-2.104861325477,
0.591841005740,-0.316958780297,-1.196013602541,-2.104765451678,
0.590525748656,-0.316958780297,-1.197328859624,-2.104861325477,
0.589201535067,-0.316958780297,-1.198653073213,-2.104765451678,
0.587868378042,-0.316958780297,-1.199986230239,-2.104861325477,
0.586526290738,-0.316958780297,-1.201328317542,-2.104861325477,
0.585175286402,-0.316958780297,-1.202679321879,-2.104813388578,
0.583815378367,-0.316958780297,-1.204039229914,-2.104813388578,
0.582446580055,-0.316958780297,-1.205408028226,-2.104765451678,
0.581068904975,-0.316958780297,-1.206785703305,-2.104861325477,
0.579682366726,-0.316958780297,-1.208172241555,-2.104765451678,
0.578286978990,-0.316958780297,-1.209567629291,-2.104861325477,
0.576882755540,-0.316958780297,-1.210971852741,-2.104909262377,
0.575469710236,-0.316958780297,-1.212384898045,-2.104861325477,
0.574047857023,-0.316958780297,-1.213806751258,-2.104813388578,
0.572617209934,-0.316958780297,-1.215237398347,-2.104813388578,
0.571177783090,-0.316958780297,-1.216676825191,-2.104861325477,
0.569729590697,-0.316958780297,-1.218125017584,-2.104861325477,
0.568272647048,-0.316958780297,-1.219581961233,-2.104909262377,
0.566806966522,-0.316958780297,-1.221047641759,-2.104861325477,
0.565332563585,-0.316958780297,-1.222522044695,-2.104861325477,
0.563849452790,-0.316958780297,-1.224005155491,-2.104813388578,
0.562357648773,-0.316958780297,-1.225496959508,-2.104813388578,
0.560857166258,-0.316958780297,-1.226997442023,-2.104861325477,
0.559348020055,-0.316958780297,-1.228506588226,-2.104861325477,
0.557830225057,-0.316958780297,-1.230024383224,-2.104813388578,
0.556303796246,-0.316958780297,-1.231550812035,-2.104861325477,
0.554768748685,-0.316958780297,-1.233085859596,-2.104861325477,
0.553225097526,-0.316958780297,-1.234629510754,-2.104765451678,
0.551672858004,-0.316958780297,-1.236181750276,-2.104909262377,
0.550112045439,-0.316958780297,-1.237742562842,-2.104765451678,
0.548542675235,-0.316958780297,-1.239311933046,-2.104861325477,
0.546964762881,-0.316958780297,-1.240889845400,-2.104861325477,
0.545378323951,-0.316958780297,-1.242476284330,-2.104813388578,
0.543783374102,-0.316958780297,-1.244071234179,-2.104909262377,
0.542179929076,-0.316958780297,-1.245674679205,-2.104765451678,
0.540568004698,-0.316958780297,-1.247286603583,-2.104765451678,
0.538947616877,-0.316958780297,-1.248906991404,-2.104909262377,
0.537318781606,-0.316958780297,-1.250535826675,-2.104813388578,
0.535681514960,-0.316958780297,-1.252173093321,-2.104765451678,
0.534035833099,-0.316958780297,-1.253818775181,-2.104861325477,
0.532381752265,-0.316958780297,-1.255472856015,-2.104861325477,
0.530719288784,-0.316958780297,-1.257135319497,-2.104861325477,
0.529048459062,-0.316958780297,-1.258806149219,-2.104813388578,
0.527369279591,-0.316958780297,-1.260485328690,-2.104861325477,
0.525681766943,-0.316958780297,-1.262172841338,-2.104861325477,
0.523985937773,-0.316958780297,-1.263868670508,-2.104813388578,
0.522281808818,-0.316958780297,-1.265572799462,-2.104861325477,
0.520569396898,-0.316958780297,-1.267285211382,-2.104861325477,
0.518848718914,-0.316958780297,-1.269005889367,-2.104861325477,
0.517119791847,-0.316958780297,-1.270734816434,-2.104861325477,
0.515382632761,-0.316958780297,-1.272471975519,-2.104765451678,
0.513637258802,-0.316958780297,-1.274217349478,-2.104861325477,
0.511883687196,-0.316958780297,-1.275970921085,-2.104813388578,
0.510121935250,-0.316958780297,-1.277732673031,-2.104909262377,
0.508352020351,-0.316958780297,-1.279502587930,-2.104861325477,
0.506573959968,-0.316910843397,-1.281280648313,-2.104909262377,
0.504787771649,-0.316958780297,-1.283066836632,-2.104909262377,
0.502993473024,-0.316958780297,-1.284861135256,-2.104861325477,
0.501191081802,-0.316958780297,-1.286663526479,-2.104861325477,
0.499380615771,-0.316958780297,-1.288473992510,-2.104909262377,
0.497562092800,-0.316958780297,-1.290292515481,-2.104909262377,
0.495735530837,-0.316958780297,-1.292119077443,-2.104909262377,
0.493900947910,-0.316958780297,-1.293953660371,-2.104861325477,
0.492058362125,-0.316958780297,-1.295796246156,-2.104909262377,
0.490207791667,-0.316958780297,-1.297646816613,-2.104909262377,
0.488349254802,-0.316958780297,-1.299505353479,-2.104813388578,
0.486482769872,-0.316958780297,-1.301371838409,-2.104909262377,
0.484608355298,-0.316958780297,-1.303246252983,-2.104909262377,
0.482726029580,-0.316958780297,-1.305128578700,-2.104909262377,
0.480835811297,-0.316958780297,-1.307018796984,-2.104765451678,
0.478937719103,-0.316958780297,-1.308916889178,-2.104813388578,
0.477031771732,-0.316958780297,-1.310822836548,-2.104861325477,
0.475117987996,-0.316958780297,-1.312736620285,-2.104813388578,
0.473196386782,-0.316958780297,-1.314658221499,-2.104765451678,
0.471266987055,-0.316958780297,-1.316587621226,-2.104813388578,
0.469329807859,-0.316958780297,-1.318524800422,-2.104861325477,
0.467384868312,-0.316958780297,-1.320469739969,-2.104861325477,
0.465432187610,-0.316958780297,-1.322422420671,-2.104813388578,
0.463471785025,-0.316958780297,-1.324382823255,-2.104861325477,
0.461503679906,-0.316958780297,-1.326350928374,-2.104765451678,
0.459527891678,-0.316958780297,-1.328326716603,-2.104765451678,
0.457544439839,-0.316958780297,-1.330310168442,-2.104909262377,
0.455553343966,-0.316958780297,-1.332301264314,-2.104765451678,
0.453554623712,-0.316958780297,-1.334299984569,-2.104861325477,
0.451548298801,-0.316958780297,-1.336306309480,-2.104909262377,
0.449534389035,-0.316958780297,-1.338320219245,-2.104765451678,
0.447512914292,-0.316958780297,-1.340341693989,-2.104861325477,
0.445483894522,-0.316958780297,-1.342370713758,-2.104861325477,
0.443447349751,-0.316958780297,-1.344407258530,-2.104861325477,
0.441403300079,-0.316958780297,-1.346451308202,-2.104861325477,
0.439351765679,-0.316958780297,-1.348502842601,-2.104813388578,
0.437292766800,-0.316958780297,-1.350561841481,-2.104909262377,
0.435226323763,-0.316958780297,-1.352628284518,-2.104861325477,
0.433152456963,-0.316958780297,-1.354702151318,-2.104861325477,
0.431071186868,-0.316958780297,-1.356783421413,-2.104861325477,
0.428982534019,-0.316958780297,-1.358872074261,-2.104861325477,
0.426886519031,-0.316958780297,-1.360968089249,-2.104861325477,
0.424783162591,-0.316958780297,-1.363071445690,-2.104861325477,
0.422672485457,-0.316958780297,-1.365182122823,-2.104909262377,
0.420554508462,-0.316958780297,-1.367300099819,-2.104861325477,
0.418429252508,-0.316958780297,-1.369425355773,-2.104909262377,
0.416296738572,-0.316958780297,-1.371557869709,-2.104861325477,
0.414156987700,-0.316958780297,-1.373697620581,-2.104861325477,
0.412010021010,-0.316958780297,-1.375844587270,-2.104813388578,
0.409855859694,-0.316958780297,-1.377998748587,-2.104765451678,
0.407694525010,-0.316958780297,-1.380160083271,-2.104861325477,
0.405526038291,-0.316958780297,-1.382328569990,-2.104861325477,
0.403350420939,-0.316958780297,-1.384504187342,-2.104909262377,
0.401167694426,-0.316958780297,-1.386686913855,-2.104861325477,
0.398977880295,-0.316958780297,-1.388876727986,-2.104765451678,
0.396781000158,-0.316958780297,-1.391073608123,-2.104765451678,
0.394577075698,-0.316958780297,-1.393277532583,-2.104861325477,
0.392366128667,-0.316958780297,-1.395488479614,-2.104765451678,
0.390148180885,-0.316958780297,-1.397706427396,-2.104813388578,
0.387923254243,-0.316958780297,-1.399931354037,-2.104861325477,
0.385691370701,-0.316958780297,-1.402163237580,-2.104861325477,
0.383452552285,-0.316958780297,-1.404402055995,-2.104861325477,
0.381206821093,-0.316958780297,-1.406647787188,-2.104765451678,
0.378954199288,-0.316958780297,-1.408900408993,-2.104813388578,
0.376694709103,-0.316958780297,-1.411159899177,-2.104813388578,
0.374428372839,-0.316958780297,-1.413426235442,-2.104813388578,
0.372155212863,-0.316958780297,-1.415699395418,-2.104813388578,
0.369875251610,-0.316958780297,-1.417979356671,-2.104765451678,
0.367588511583,-0.316958780297,-1.420266096698,-2.104861325477,
0.365295015350,-0.316958780297,-1.422559592930,-2.104765451678,
0.362994785549,-0.316958780297,-1.424859822732,-2.104813388578,
0.360687844880,-0.316958780297,-1.427166763401,-2.104909262377,
0.358374216113,-0.316958780297,-1.429480392168,-2.104861325477,
0.356053922082,-0.316958780297,-1.431800686199,-2.104861325477,
0.353726985688,-0.316958780297,-1.434127622593,-2.104861325477,
0.351393429896,-0.316958780297,-1.436461178385,-2.104861325477,
0.349053277738,-0.316958780297,-1.438801330543,-2.104861325477,
0.346706552310,-0.316958780297,-1.441148055971,-2.104765451678,
0.344353276773,-0.316958780297,-1.443501331508,-2.104861325477,
0.341993474353,-0.316958780297,-1.445861133927,-2.104861325477,
0.339627168341,-0.316958780297,-1.448227439939,-2.104765451678,
0.337254382091,-0.316958780297,-1.450600226189,-2.104765451678,
0.334875139022,-0.316958780297,-1.452979469259,-2.104909262377,
0.332489462615,-0.316958780297,-1.455365145666,-2.104909262377,
0.330097376416,-0.316958780297,-1.457757231865,-2.104765451678,
0.327698904034,-0.316958780297,-1.460155704246,-2.104861325477,
0.325294069142,-0.316958780297,-1.462560539139,-2.104765451678,
0.322882895473,-0.316958780297,-1.464971712807,-2.104813388578,
0.320465406826,-0.316958780297,-1.467389201455,-2.104861325477,
0.318041627060,-0.316958780297,-1.469812981221,-2.104765451678,
0.315611580096,-0.316958780297,-1.472243028185,-2.104765451678,
0.313175289918,-0.316958780297,-1.474679318363,-2.104861325477,
0.310732780571,-0.316958780297,-1.477121827710,-2.104765451678,
0.308284076163,-0.316958780297,-1.479570532118,-2.104861325477,
0.305829200860,-0.316958780297,-1.482025407421,-2.104765451678,
0.303368178891,-0.316958780297,-1.484486429390,-2.104861325477,
0.300901034546,-0.316958780297,-1.486953573735,-2.104861325477,
0.298427792174,-0.316958780297,-1.489426816107,-2.104909262377,
0.295948476185,-0.316958780297,-1.491906132095,-2.104909262377,
0.293463111050,-0.316958780297,-1.494391497231,-2.104813388578,
0.290971721297,-0.316958780297,-1.496882886984,-2.104813388578,
0.288474331515,-0.316958780297,-1.499380276766,-2.104765451678,
0.285970966353,-0.316958780297,-1.501883641927,-2.104909262377,
0.283461650519,-0.316958780297,-1.504392957762,-2.104909262377,
0.280946408777,-0.316958780297,-1.506908199504,-2.104765451678,
0.278425265953,-0.316958780297,-1.509429342328,-2.104861325477,
0.275898246928,-0.316958780297,-1.511956361352,-2.104813388578,
0.273365376645,-0.316958780297,-1.514489231636,-2.104861325477,
0.270826680100,-0.316958780297,-1.517027928181,-2.104861325477,
0.268282182351,-0.316958780297,-1.519572425930,-2.104909262377,
0.265731908509,-0.316958780297,-1.522122699772,-2.104909262377,
0.263175883746,-0.316958780297,-1.524678724535,-2.104861325477,
0.260614133288,-0.316958780297,-1.527240474992,-2.104813388578,
0.258046682419,-0.316958780297,-1.529807925861,-2.104909262377,
0.255473556479,-0.316958780297,-1.532381051802,-2.104861325477,
0.252894780862,-0.316958780297,-1.534959827419,-2.104765451678,
0.250310381021,-0.316958780297,-1.537544227259,-2.104813388578,
0.247720382463,-0.316958780297,-1.540134225818,-2.104765451678,
0.245124810749,-0.316958780297,-1.542729797531,-2.104765451678,
0.242523691498,-0.316958780297,-1.545330916783,-2.104909262377,
0.239917050381,-0.316958780297,-1.547937557900,-2.104765451678,
0.237304913124,-0.316958780297,-1.550549695157,-2.104861325477,
0.234687305508,-0.316958780297,-1.553167302772,-2.104861325477,
0.232064253369,-0.316958780297,-1.555790354912,-2.104765451678,
0.229435782594,-0.316958780297,-1.558418825687,-2.104861325477,
0.226801919125,-0.316958780297,-1.561052689155,-2.104813388578,
0.224162688958,-0.316958780297,-1.563691919322,-2.104765451678,
0.221518118141,-0.316958780297,-1.566336490139,-2.104813388578,
0.218868232775,-0.316958780297,-1.568986375506,-2.104909262377,
0.216213059012,-0.316958780297,-1.571641549269,-2.104765451678,
0.213552623059,-0.316958780297,-1.574301985222,-2.104861325477,
0.210886951172,-0.316958780297,-1.576967657109,-2.104813388578,
0.208216069661,-0.316958780297,-1.579638538619,-2.104765451678,
0.205540004887,-0.316958780297,-1.582314603394,-2.104765451678,
0.202858783261,-0.316958780297,-1.584995825020,-2.104909262377,
0.200172431246,-0.316958780297,-1.587682177035,-2.104813388578,
0.197480975354,-0.317006717196,-1.590373632927,-2.104861325477,
0.194784442150,-0.316958780297,-1.593070166131,-2.104909262377,
0.192082858247,-0.316958780297,-1.595771750034,-2.104909262377,
0.189376250309,-0.316958780297,-1.598478357972,-2.104909262377,
0.186664645049,-0.316958780297,-1.601189963232,-2.104861325477,
0.183948069228,-0.316958780297,-1.603906539052,-2.104861325477,
0.181226549660,-0.316958780297,-1.606628058621,-2.104909262377,
0.178500113204,-0.316958780297,-1.609354495077,-2.104861325477,
0.175768786769,-0.316958780297,-1.612085821512,-2.104861325477,
0.173032597311,-0.316958780297,-1.614822010969,-2.104765451678,
0.170291571837,-0.316958780297,-1.617563036443,-2.104813388578,
0.167545737399,-0.316958780297,-1.620308870882,-2.104861325477,
0.164795121097,-0.316958780297,-1.623059487184,-2.104765451678,
0.162039750078,-0.316958780297,-1.625814858202,-2.104861325477,
0.159279651538,-0.316958780297,-1.628574956743,-2.104909262377,
0.156514852717,-0.316958780297,-1.631339755564,-2.104765451678,
0.153745380902,-0.316958780297,-1.634109227379,-2.104765451678,
0.150971263427,-0.316958780297,-1.636883344854,-2.104765451678,
0.148192527672,-0.316958780297,-1.639662080609,-2.104813388578,
0.145409201061,-0.316958780297,-1.642445407219,-2.104765451678,
0.142621311066,-0.316958780297,-1.645233297215,-2.104765451678,
0.139828885200,-0.316958780297,-1.648025723081,-2.104861325477,
0.137031951025,-0.316958780297,-1.650822657256,-2.104813388578,
0.134230536145,-0.316958780297,-1.653624072136,-2.104909262377,
0.131424668208,-0.316958780297,-1.656429940073,-2.104909262377,
0.128614374908,-0.316958780297,-1.659240233373,-2.104861325477,
0.125799683981,-0.316958780297,-1.662054924300,-2.104861325477,
0.122980623207,-0.316958780297,-1.664873985074,-2.104861325477,
0.120157220408,-0.316958780297,-1.667697387872,-2.104861325477,
0.117329503452,-0.316958780297,-1.670525104829,-2.104909262377,
0.114497500245,-0.316958780297,-1.673357108035,-2.104861325477,
0.111661238740,-0.316958780297,-1.676193369541,-2.104861325477,
0.108820746927,-0.316958780297,-1.679033861353,-2.104909262377,
0.105976052843,-0.316958780297,-1.681878555437,-2.104813388578,
0.103127184564,-0.316958780297,-1.684727423717,-2.104861325477,
0.100274170205,-0.316958780297,-1.687580438076,-2.104861325477,
0.097417037926,-0.316958780297,-1.690437570355,-2.104909262377,
0.094555815924,-0.316958780297,-1.693298792356,-2.104861325477,
0.091690532440,-0.316958780297,-1.696164075840,-2.104909262377,
0.088821215753,-0.316958780297,-1.699033392528,-2.104765451678,
0.085947894181,-0.316958780297,-1.701906714100,-2.104861325477,
0.083070596082,-0.316958780297,-1.704784012198,-2.104813388578,
0.080189349856,-0.316958780297,-1.707665258425,-2.104861325477,
0.077304183938,-0.316958780297,-1.710550424343,-2.104813388578,
0.074415126803,-0.316958780297,-1.713439481477,-2.104765451678,
0.071522206967,-0.316958780297,-1.716332401314,-2.104813388578,
0.068625452980,-0.316958780297,-1.719229155301,-2.104909262377,
0.065724893432,-0.316958780297,-1.722129714848,-2.104861325477,
0.062820556951,-0.316958780297,-1.725034051329,-2.104765451678,
0.059912472202,-0.316958780297,-1.727942136079,-2.104909262377,
0.057000667886,-0.316958780297,-1.730853940395,-2.104813388578,
0.054085172741,-0.316958780297,-1.733769435540,-2.104861325477,
0.051166015542,-0.316958780297,-1.736688592739,-2.104765451678,
0.048243225100,-0.316958780297,-1.739611383181,-2.104765451678,
0.045316830261,-0.316958780297,-1.742537778019,-2.104765451678,
0.042386859909,-0.316958780297,-1.745467748371,-2.104813388578,
0.039453342961,-0.316958780297,-1.748401265320,-2.104765451678,
0.036516308369,-0.316958780297,-1.751338299912,-2.104861325477,
0.033575785121,-0.316958780297,-1.754278823160,-2.104765451678,
0.030631802238,-0.316958780297,-1.757222806043,-2.104813388578,
0.027684388776,-0.316958780297,-1.760170219504,-2.104861325477,
0.024733573826,-0.316958780297,-1.763121034455,-2.104765451678,
0.021779386510,-0.316958780297,-1.766075221770,-2.104861325477,
0.018821855986,-0.316958780297,-1.769032752295,-2.104861325477,
0.015861011442,-0.316958780297,-1.771993596839,-2.104765451678,
0.012896882101,-0.316958780297,-1.774957726179,-2.104765451678,
0.009929497219,-0.316958780297,-1.777925111062,-2.104765451678,
0.006958886081,-0.316958780297,-1.780895722200,-2.104765451678,
0.003985078006,-0.316958780297,-1.783869530275,-2.104765451678,
0.001008102346,-0.316958780297,-1.786846505935,-2.104765451678,
-0.001972011520,-0.316958780297,-1.789826619801,-2.104765451678,
-0.004955234177,-0.316958780297,-1.792809842458,-2.104909262377,
-0.007941536184,-0.316958780297,-1.795796144464,-2.104909262377,
-0.010930888065,-0.316958780297,-1.798785496346,-2.104861325477,
-0.013923260319,-0.316958780297,-1.801777868600,-2.104813388578,
-0.016918623410,-0.316958780297,-1.804773231691,-2.104813388578,
-0.019916947777,-0.316958780297,-1.807771556058,-2.104861325477,
-0.022918203826,-0.316958780297,-1.810772812107,-2.104861325477,
-0.025922361938,-0.317006717196,-1.813776970218,-2.104909262377,
-0.028929392461,-0.316958780297,-1.816784000741,-2.104861325477,
-0.031939265717,-0.316958780297,-1.819793873998,-2.104765451678,
-0.034951952002,-0.316958780297,-1.822806560282,-2.104861325477,
-0.037967421579,-0.316958780297,-1.825822029860,-2.104909262377,
-0.040985644689,-0.317006717196,-1.828840252969,-2.104909262377,
-0.044006591542,-0.316958780297,-1.831861199822,-2.104813388578,
-0.047030232322,-0.316958780297,-1.834884840603,-2.104861325477,
-0.050056537189,-0.316958780297,-1.837911145470,-2.104909262377,
-0.053085476273,-0.316958780297,-1.840940084553,-2.104861325477,
-0.056117019679,-0.316958780297,-1.843971627960,-2.104861325477,
-0.059151137489,-0.316958780297,-1.847005745769,-2.104909262377,
-0.062187799755,-0.316958780297,-1.850042408036,-2.104861325477,
-0.065226976509,-0.316958780297,-1.853081584789,-2.104909262377,
-0.068268637753,-0.316958780297,-1.856123246034,-2.104909262377,
-0.071312753469,-0.316958780297,-1.859167361750,-2.104861325477,
-0.074359293612,-0.316958780297,-1.862213901893,-2.104765451678,
-0.077408228114,-0.316958780297,-1.865262836394,-2.104861325477,
-0.080459526882,-0.316958780297,-1.868314135163,-2.104813388578,
-0.083513159803,-0.316958780297,-1.871367768084,-2.104861325477,
-0.086569096738,-0.316958780297,-1.874423705019,-2.104909262377,
-0.089627307526,-0.316958780297,-1.877481915807,-2.104765451678,
-0.092687761984,-0.316958780297,-1.880542370265,-2.104765451678,
-0.095750429906,-0.316958780297,-1.883605038187,-2.104909262377,
-0.098815281065,-0.316958780297,-1.886669889346,-2.104909262377,
-0.101882285212,-0.316958780297,-1.889736893493,-2.104861325477,
-0.104951412078,-0.316958780297,-1.892806020358,-2.104861325477,
-0.108022631370,-0.316958780297,-1.895877239651,-2.104861325477,
-0.111095912778,-0.316958780297,-1.898950521059,-2.104861325477,
-0.114171225969,-0.316958780297,-1.902025834250,-2.104861325477,
-0.117248540592,-0.316958780297,-1.905103148872,-2.104861325477,
-0.120327826273,-0.316958780297,-1.908182434554,-2.104909262377,
-0.123409052623,-0.316958780297,-1.911263660904,-2.104909262377,
-0.126492189231,-0.316958780297,-1.914346797511,-2.104909262377,
-0.129577205666,-0.316958780297,-1.917431813947,-2.104909262377,
-0.132664071483,-0.316958780297,-1.920518679763,-2.104861325477,
-0.135752756213,-0.316958780297,-1.923607364494,-2.104861325477,
-0.138843229374,-0.316958780297,-1.926697837654,-2.104765451678,
-0.141935460463,-0.316958780297,-1.929790068744,-2.104861325477,
-0.145029418962,-0.316958780297,-1.932884027242,-2.104909262377,
-0.148125074334,-0.316958780297,-1.935979682614,-2.104861325477,
-0.151222396026,-0.316958780297,-1.939077004307,-2.104909262377,
-0.154321353470,-0.316958780297,-1.942175961750,-2.104813388578,
-0.157421916079,-0.316958780297,-1.945276524360,-2.104909262377,
-0.160524053253,-0.316958780297,-1.948378661533,-2.104765451678,
-0.163627734374,-0.317006717196,-1.951482342655,-2.104861325477,
-0.166732928811,-0.317006717196,-1.954587537091,-2.104909262377,
-0.169839605916,-0.316958780297,-1.957694214197,-2.104765451678,
-0.172947735028,-0.316958780297,-1.960802343308,-2.104765451678,
-0.176057285471,-0.316958780297,-1.963911893751,-2.104861325477,
-0.179168226554,-0.316958780297,-1.967022834835,-2.104861325477,
-0.182280527575,-0.316958780297,-1.970135135856,-2.104861325477,
-0.185394157816,-0.316958780297,-1.973248766096,-2.104861325477,
-0.188509086546,-0.316958780297,-1.976363694827,-2.104861325477,
-0.191625283023,-0.316958780297,-1.979479891303,-2.104861325477,
-0.194742716491,-0.316958780297,-1.982597324771,-2.104861325477,
-0.197861356182,-0.316958780297,-1.985715964462,-2.104813388578,
-0.200981171316,-0.316958780297,-1.988835779597,-2.104765451678,
-0.204102131103,-0.316958780297,-1.991956739383,-2.104861325477,
-0.207224204739,-0.316958780297,-1.995078813020,-2.104861325477,
-0.210347361411,-0.316958780297,-1.998201969692,-2.104765451678,
-0.213471570295,-0.316958780297,-2.001326178575,-2.104861325477,
-0.216596800555,-0.316958780297,-2.004451408836,-2.104909262377,
-0.219723021348,-0.316958780297,-2.007577629629,-2.104861325477,
-0.222850201819,-0.316958780297,-2.010704810099,-2.104861325477,
-0.225978311103,-0.316958780297,-2.013832919384,-2.104813388578,
-0.229107318327,-0.316958780297,-2.016961926608,-2.104909262377,
-0.232237192611,-0.316958780297,-2.020091800891,-2.104765451678,
-0.235367903061,-0.316958780297,-2.023222511342,-2.104909262377,
-0.238499418781,-0.316958780297,-2.026354027062,-2.104861325477,
-0.241631708863,-0.316958780297,-2.029486317144,-2.104813388578,
-0.244764742393,-0.316958780297,-2.032619350674,-2.104765451678,
-0.247898488449,-0.316958780297,-2.035753096730,-2.104861325477,
-0.251032916102,-0.316958780297,-2.038887524383,-2.104765451678,
-0.254167994417,-0.316958780297,-2.042022602697,-2.104765451678,
-0.257303692451,-0.316958780297,-2.045158300732,-2.104813388578,
-0.260439979257,-0.316958780297,-2.048294587538,-2.104861325477,
-0.263576823881,-0.316958780297,-2.051431432161,-2.104861325477,
-0.266714195363,-0.316958780297,-2.054568803643,-2.104909262377,
-0.269852062738,-0.316958780297,-2.057706671019,-2.104861325477,
-0.272990395038,-0.316958780297,-2.060845003319,-2.104861325477,
-0.276129161288,-0.316958780297,-2.063983769569,-2.104813388578,
-0.279268330511,-0.316958780297,-2.067122938791,-2.104909262377,
-0.282407871722,-0.316958780297,-2.070262480003,-2.104813388578,
-0.285547753937,-0.316958780297,-2.073402362218,-2.104765451678,
-0.288687946166,-0.316958780297,-2.076542554447,-2.104909262377,
-0.291828417417,-0.316958780297,-2.079683025698,-2.104861325477,
-0.294969136695,-0.316958780297,-2.082823744976,-2.104861325477,
-0.298110073001,-0.316958780297,-2.085964681282,-2.104909262377,
-0.301251195337,-0.316958780297,-2.089105803617,-2.104861325477,
-0.304392472700,-0.316958780297,-2.092247080980,-2.104813388578,
-0.307533874087,-0.317054654096,-2.095388482368,-2.104909262377,
-0.310675368494,-0.316958780297,-2.098529976775,-2.104765451678,
-0.313816924917,-0.316958780297,-2.101671533197,-2.104861325477,
-0.316958512347,-0.316958780297,-2.104813120628,-2.104765451678,
-0.320100099781,-0.316958780297,-2.107954708062,-2.104909262377,
-0.323241656211,-0.316958780297,-2.111096264492,-2.104909262377,
-0.326383150632,-0.316958780297,-2.114237758912,-2.104909262377,
-0.329524552038,-0.316958780297,-2.117379160318,-2.104909262377,
-0.332665829424,-0.316958780297,-2.120520437705,-2.104909262377,
-0.335806951789,-0.316958780297,-2.123661560070,-2.104861325477,
-0.338947888130,-0.316958780297,-2.126802496410,-2.104765451678,
-0.342088607447,-0.316958780297,-2.129943215728,-2.104765451678,
-0.345229078743,-0.316958780297,-2.133083687023,-2.104861325477,
-0.348369271022,-0.316958780297,-2.136223879303,-2.104765451678,
-0.351509153293,-0.316958780297,-2.139363761574,-2.104861325477,
-0.354648694565,-0.316958780297,-2.142503302846,-2.104765451678,
-0.357787863853,-0.316958780297,-2.145642472134,-2.104861325477,
-0.360926630175,-0.316958780297,-2.148781238456,-2.104861325477,
-0.364064962552,-0.316958780297,-2.151919570832,-2.104861325477,
-0.367202830009,-0.316958780297,-2.155057438290,-2.104861325477,
-0.370340201579,-0.316958780297,-2.158194809859,-2.104765451678,
-0.373477046295,-0.316958780297,-2.161331654575,-2.104765451678,
-0.376613333198,-0.316958780297,-2.164467941479,-2.104765451678,
-0.379749031336,-0.316958780297,-2.167603639617,-2.104861325477,
-0.382884109759,-0.316958780297,-2.170738718040,-2.104861325477,
-0.386018537525,-0.316958780297,-2.173873145806,-2.104861325477,
-0.389152283700,-0.316958780297,-2.177006891981,-2.104765451678,
-0.392285317354,-0.316958780297,-2.180139925635,-2.104909262377,
-0.395417607566,-0.316958780297,-2.183272215846,-2.104909262377,
-0.398549123420,-0.316958780297,-2.186403731701,-2.104861325477,
-0.401679834011,-0.316958780297,-2.189534442292,-2.104861325477,
-0.404809708439,-0.316958780297,-2.192664316720,-2.104861325477,
-0.407938715815,-0.316958780297,-2.195793324095,-2.104861325477,
-0.411066825255,-0.316958780297,-2.198921433535,-2.104861325477,
-0.414194005886,-0.316958780297,-2.202048614167,-2.104861325477,
-0.417320226845,-0.316958780297,-2.205174835126,-2.104861325477,
-0.420445457278,-0.316958780297,-2.208300065558,-2.104813388578,
-0.423569666338,-0.316958780297,-2.211424274619,-2.104813388578,
-0.426692823192,-0.316958780297,-2.214547431473,-2.104765451678,
-0.429814897016,-0.316958780297,-2.217669505297,-2.104861325477,
-0.432935856995,-0.316958780297,-2.220790465276,-2.104909262377,
-0.436055672328,-0.316958780297,-2.223910280608,-2.104861325477,
-0.439174312222,-0.316958780297,-2.227028920502,-2.104861325477,
-0.442291745898,-0.316958780297,-2.230146354179,-2.104765451678,
-0.445407942588,-0.316958780297,-2.233262550869,-2.104861325477,
-0.448522871538,-0.316958780297,-2.236377479818,-2.104861325477,
-0.451636502002,-0.316958780297,-2.239491110283,-2.104765451678,
-0.454748803252,-0.316958780297,-2.242603411533,-2.104813388578,
-0.457859744571,-0.316958780297,-2.245714352851,-2.104909262377,
-0.460969295253,-0.316958780297,-2.248823903534,-2.104909262377,
-0.464077424610,-0.316958780297,-2.251932032891,-2.104861325477,
-0.467184101966,-0.316958780297,-2.255038710247,-2.104861325477,
-0.470289296658,-0.316958780297,-2.258143904939,-2.104909262377,
-0.473392978040,-0.316958780297,-2.261247586321,-2.104813388578,
-0.476495115480,-0.316958780297,-2.264349723760,-2.104861325477,
-0.479595678360,-0.316958780297,-2.267450286641,-2.104861325477,
-0.482694636080,-0.316958780297,-2.270549244361,-2.104861325477,
-0.485791958054,-0.316958780297,-2.273646566335,-2.104861325477,
-0.488887613713,-0.316958780297,-2.276742221994,-2.104813388578,
-0.491981572504,-0.316958780297,-2.279836180785,-2.104765451678,
-0.495073803890,-0.316958780297,-2.282928412171,-2.104861325477,
-0.498164277354,-0.316958780297,-2.286018885634,-2.104765451678,
-0.501252962392,-0.316958780297,-2.289107570673,-2.104861325477,
-0.504339828521,-0.316958780297,-2.292194436802,-2.104861325477,
-0.507424845275,-0.316958780297,-2.295279453555,-2.104909262377,
-0.510507982205,-0.316958780297,-2.298362590486,-2.104861325477,
-0.513589208884,-0.316958780297,-2.301443817164,-2.104765451678,
-0.516668494899,-0.316958780297,-2.304523103180,-2.104813388578,
-0.519745809860,-0.316910843397,-2.307600418141,-2.104765451678,
-0.522821123395,-0.316958780297,-2.310675731676,-2.104861325477,
-0.525894405152,-0.316958780297,-2.313749013433,-2.104861325477,
-0.528965624799,-0.316958780297,-2.316820233080,-2.104813388578,
-0.532034752024,-0.316958780297,-2.319889360305,-2.104861325477,
-0.535101756536,-0.316958780297,-2.322956364817,-2.104909262377,
-0.538166608065,-0.316958780297,-2.326021216346,-2.104861325477,
-0.541229276362,-0.316958780297,-2.329083884643,-2.104909262377,
-0.544289731200,-0.316958780297,-2.332144339481,-2.104909262377,
-0.547347942373,-0.316958780297,-2.335202550654,-2.104909262377,
-0.550403879699,-0.316958780297,-2.338258487979,-2.104861325477,
-0.553457513015,-0.316958780297,-2.341312121296,-2.104765451678,
-0.556508812185,-0.316958780297,-2.344363420465,-2.104909262377,
-0.559557747092,-0.316958780297,-2.347412355373,-2.104861325477,
-0.562604287646,-0.316958780297,-2.350458895927,-2.104861325477,
-0.565648403778,-0.316958780297,-2.353503012059,-2.104765451678,
-0.568690065444,-0.316958780297,-2.356544673724,-2.104765451678,
-0.571729242623,-0.316958780297,-2.359583850904,-2.104861325477,
-0.574765905322,-0.316958780297,-2.362620513602,-2.104861325477,
-0.577800023568,-0.316958780297,-2.365654631848,-2.104765451678,
-0.580831567416,-0.316958780297,-2.368686175697,-2.104861325477,
-0.583860506946,-0.316958780297,-2.371715115227,-2.104765451678,
-0.586886812265,-0.316958780297,-2.374741420546,-2.104909262377,
-0.589910453503,-0.316958780297,-2.377765061783,-2.104909262377,
-0.592931400818,-0.316958780297,-2.380786009098,-2.104861325477,
-0.595949624394,-0.316958780297,-2.383804232675,-2.104861325477,
-0.598965094444,-0.316958780297,-2.386819702725,-2.104861325477,
-0.601977781206,-0.316958780297,-2.389832389486,-2.104909262377,
-0.604987654945,-0.316958780297,-2.392842263226,-2.104765451678,
-0.607994685955,-0.316958780297,-2.395849294236,-2.104861325477,
-0.610998844559,-0.316958780297,-2.398853452840,-2.104861325477,
-0.614000101106,-0.316958780297,-2.401854709387,-2.104861325477,
-0.616998425975,-0.316958780297,-2.404853034256,-2.104765451678,
-0.619993789574,-0.316958780297,-2.407848397855,-2.104765451678,
-0.622986162341,-0.316958780297,-2.410840770621,-2.104861325477,
-0.625975514740,-0.316958780297,-2.413830123021,-2.104861325477,
-0.628961817269,-0.316958780297,-2.416816425550,-2.104861325477,
-0.631945040454,-0.316958780297,-2.419799648735,-2.104861325477,
-0.634925154853,-0.316958780297,-2.422779763133,-2.104861325477,
-0.637902131051,-0.316958780297,-2.425756739332,-2.104861325477,
-0.640875939668,-0.316958780297,-2.428730547949,-2.104765451678,
-0.643846551354,-0.316958780297,-2.431701159635,-2.104861325477,
-0.646813936790,-0.316958780297,-2.434668545071,-2.104909262377,
-0.649778066688,-0.316958780297,-2.437632674969,-2.104861325477,
-0.652738911795,-0.316958780297,-2.440593520076,-2.104909262377,
-0.655696442887,-0.316958780297,-2.443551051168,-2.104861325477,
-0.658650630776,-0.316958780297,-2.446505239057,-2.104909262377,
-0.661601446304,-0.316958780297,-2.449456054585,-2.104861325477,
-0.664548860348,-0.316958780297,-2.452403468629,-2.104861325477,
-0.667492843818,-0.316958780297,-2.455347452099,-2.104765451678,
-0.670433367659,-0.316958780297,-2.458287975940,-2.104765451678,
-0.673370402849,-0.316958780297,-2.461225011130,-2.104813388578,
-0.676303920400,-0.316958780297,-2.464158528681,-2.104861325477,
-0.679233891359,-0.316958780297,-2.467088499640,-2.104765451678,
-0.682160286810,-0.316958780297,-2.470014895091,-2.104861325477,
-0.685083077869,-0.316958780297,-2.472937686150,-2.104861325477,
-0.688002235690,-0.316958780297,-2.475856843971,-2.104861325477,
-0.690917731463,-0.316958780297,-2.478772339743,-2.104909262377,
-0.693829536411,-0.316958780297,-2.481684144692,-2.104861325477,
-0.696737621797,-0.316958780297,-2.484592230078,-2.104909262377,
-0.699641958920,-0.316958780297,-2.487496567201,-2.104765451678,
-0.702542519114,-0.316958780297,-2.490397127395,-2.104861325477,
-0.705439273753,-0.316958780297,-2.493293882034,-2.104909262377,
-0.708332194246,-0.316958780297,-2.496186802527,-2.104861325477,
-0.711221252042,-0.316958780297,-2.499075860322,-2.104909262377,
-0.714106418626,-0.316958780297,-2.501961026907,-2.104861325477,
-0.716987665524,-0.316958780297,-2.504842273804,-2.104909262377,
-0.719864964298,-0.316958780297,-2.507719572579,-2.104861325477,
-0.722738286551,-0.316958780297,-2.510592894831,-2.104909262377,
-0.725607603924,-0.316958780297,-2.513462212205,-2.104909262377,
-0.728472888098,-0.317006717196,-2.516327496379,-2.104861325477,
-0.731334110795,-0.316958780297,-2.519188719075,-2.104765451678,
-0.734191243774,-0.316958780297,-2.522045852055,-2.104813388578,
-0.737044258837,-0.316958780297,-2.524898867118,-2.104861325477,
-0.739893127827,-0.316958780297,-2.527747736108,-2.104909262377,
-0.742737822625,-0.316958780297,-2.530592430906,-2.104909262377,
-0.745578315157,-0.316958780297,-2.533432923437,-2.104909262377,
-0.748414577386,-0.316958780297,-2.536269185667,-2.104861325477,
-0.751246581322,-0.316958780297,-2.539101189602,-2.104861325477,
-0.754074299012,-0.316958780297,-2.541928907293,-2.104861325477,
-0.756897702549,-0.316958780297,-2.544752310829,-2.104813388578,
-0.759716764066,-0.316958780297,-2.547571372347,-2.104909262377,
-0.762531455741,-0.316958780297,-2.550386064021,-2.104861325477,
-0.765341749793,-0.316958780297,-2.553196358074,-2.104861325477,
-0.768147618487,-0.316958780297,-2.556002226768,-2.104765451678,
-0.770949034129,-0.316958780297,-2.558803642410,-2.104861325477,
-0.773745969071,-0.316958780297,-2.561600577352,-2.104861325477,
-0.776538395708,-0.316958780297,-2.564393003989,-2.104909262377,
-0.779326286480,-0.316958780297,-2.567180894761,-2.104861325477,
-0.782109613871,-0.316958780297,-2.569964222152,-2.104909262377,
-0.784888350412,-0.316958780297,-2.572742958693,-2.104909262377,
-0.787662468677,-0.316958780297,-2.575517076957,-2.104861325477,
-0.790431941286,-0.316958780297,-2.578286549567,-2.104909262377,
-0.793196740907,-0.316958780297,-2.581051349188,-2.104765451678,
-0.795956840252,-0.316958780297,-2.583811448532,-2.104861325477,
-0.798712212079,-0.316958780297,-2.586566820360,-2.104861325477,
-0.801462829194,-0.316958780297,-2.589317437475,-2.104765451678,
-0.804208664451,-0.316958780297,-2.592063272731,-2.104861325477,
-0.806949690748,-0.316958780297,-2.594804299028,-2.104861325477,
-0.809685881032,-0.316958780297,-2.597540489313,-2.104909262377,
-0.812417208299,-0.316958780297,-2.600271816580,-2.104909262377,
-0.815143645592,-0.316958780297,-2.602998253873,-2.104861325477,
-0.817865166001,-0.316958780297,-2.605719774282,-2.104765451678,
-0.820581742667,-0.316958780297,-2.608436350948,-2.104765451678,
-0.823293348777,-0.316958780297,-2.611147957058,-2.104861325477,
-0.825999957570,-0.316958780297,-2.613854565851,-2.104861325477,
-0.828701542332,-0.316958780297,-2.616556150613,-2.104861325477,
-0.831398076400,-0.316958780297,-2.619252684681,-2.104813388578,
-0.834089533160,-0.316958780297,-2.621944141441,-2.104813388578,
-0.836775886049,-0.316958780297,-2.624630494329,-2.104765451678,
-0.839457108552,-0.316958780297,-2.627311716833,-2.104765451678,
-0.842133174208,-0.316958780297,-2.629987782489,-2.104765451678,
-0.844804056605,-0.316958780297,-2.632658664886,-2.104861325477,
-0.847469729383,-0.316958780297,-2.635324337663,-2.104765451678,
-0.850130166231,-0.316958780297,-2.637984774512,-2.104813388578,
-0.852785340894,-0.316958780297,-2.640639949175,-2.104909262377,
-0.855435227165,-0.316958780297,-2.643289835446,-2.104909262377,
-0.858079798891,-0.316958780297,-2.645934407172,-2.104861325477,
-0.860719029971,-0.316958780297,-2.648573638252,-2.104765451678,
-0.863352894357,-0.316958780297,-2.651207502638,-2.104861325477,
-0.865981366055,-0.316958780297,-2.653835974335,-2.104861325477,
-0.868604419121,-0.316958780297,-2.656459027401,-2.104861325477,
-0.871222027667,-0.316958780297,-2.659076635948,-2.104861325477,
-0.873834165859,-0.317006717196,-2.661688774140,-2.104861325477,
-0.876440807916,-0.316958780297,-2.664295416197,-2.104909262377,
-0.879041928112,-0.316958780297,-2.666896536392,-2.104765451678,
-0.881637500774,-0.316958780297,-2.669492109054,-2.104861325477,
-0.884227500285,-0.316958780297,-2.672082108566,-2.104765451678,
-0.886811901083,-0.316958780297,-2.674666509364,-2.104861325477,
-0.889390677661,-0.316958780297,-2.677245285942,-2.104861325477,
-0.891963804568,-0.316958780297,-2.679818412848,-2.104909262377,
-0.894531256407,-0.316958780297,-2.682385864688,-2.104861325477,
-0.897093007839,-0.316958780297,-2.684947616120,-2.104861325477,
-0.899649033581,-0.316958780297,-2.687503641862,-2.104909262377,
-0.902199308406,-0.316958780297,-2.690053916686,-2.104909262377,
-0.904743807143,-0.316958780297,-2.692598415423,-2.104861325477,
-0.907282504679,-0.316958780297,-2.695137112960,-2.104861325477,
-0.909815375958,-0.316958780297,-2.697669984239,-2.104765451678,
-0.912342395983,-0.316958780297,-2.700197004264,-2.104861325477,
-0.914863539812,-0.316958780297,-2.702718148093,-2.104909262377,
-0.917378782562,-0.316958780297,-2.705233390843,-2.104861325477,
-0.919888099410,-0.316958780297,-2.707742707691,-2.104861325477,
-0.922391465589,-0.316958780297,-2.710246073870,-2.104765451678,
-0.924888856392,-0.316958780297,-2.712743464672,-2.104861325477,
-0.927380247170,-0.316958780297,-2.715234855451,-2.104813388578,
-0.929865613336,-0.316958780297,-2.717720221617,-2.104813388578,
-0.932344930359,-0.316958780297,-2.720199538639,-2.104909262377,
-0.934818173769,-0.316958780297,-2.722672782049,-2.104861325477,
-0.937285319156,-0.316958780297,-2.725139927437,-2.104765451678,
-0.939746342171,-0.316958780297,-2.727600950452,-2.104765451678,
-0.942201218525,-0.316958780297,-2.730055826805,-2.104765451678,
-0.944649923988,-0.316958780297,-2.732504532269,-2.104765451678,
-0.947092434393,-0.316958780297,-2.734947042674,-2.104861325477,
-0.949528725634,-0.316958780297,-2.737383333915,-2.104813388578,
-0.951958773665,-0.316958780297,-2.739813381946,-2.104813388578,
-0.954382554503,-0.316958780297,-2.742237162783,-2.104861325477,
-0.956800044225,-0.316958780297,-2.744654652506,-2.104765451678,
-0.959211218973,-0.316958780297,-2.747065827254,-2.104861325477,
-0.961616054949,-0.316958780297,-2.749470663230,-2.104861325477,
-0.964014528418,-0.316958780297,-2.751869136698,-2.104765451678,
-0.966406615708,-0.316958780297,-2.754261223989,-2.104765451678,
-0.968792293210,-0.316958780297,-2.756646901491,-2.104765451678,
-0.971171537379,-0.316958780297,-2.759026145660,-2.104861325477,
-0.973544324733,-0.316958780297,-2.761398933013,-2.104909262377,
-0.975910631852,-0.316958780297,-2.763765240133,-2.104861325477,
-0.978270435383,-0.316958780297,-2.766125043664,-2.104813388578,
-0.980623712035,-0.316958780297,-2.768478320316,-2.104861325477,
-0.982970438582,-0.316958780297,-2.770825046863,-2.104861325477,
-0.985310591864,-0.316958780297,-2.773165200144,-2.104861325477,
-0.987644148783,-0.316958780297,-2.775498757063,-2.104765451678,
-0.989971086308,-0.316958780297,-2.777825694589,-2.104861325477,
-0.992291381474,-0.316958780297,-2.780145989755,-2.104861325477,
-0.994605011380,-0.316958780297,-2.782459619661,-2.104813388578,
-0.996911953192,-0.316958780297,-2.784766561472,-2.104909262377,
-0.999212184140,-0.316958780297,-2.787066792421,-2.104765451678,
-1.001505681523,-0.316958780297,-2.789360289804,-2.104861325477,
-1.003792422705,-0.316958780297,-2.791647030985,-2.104909262377,
-1.006072385116,-0.316958780297,-2.793926993397,-2.104909262377,
-1.008345546254,-0.316958780297,-2.796200154535,-2.104861325477,
-1.010611883684,-0.316958780297,-2.798466491965,-2.104861325477,
-1.012871375039,-0.316958780297,-2.800725983320,-2.104861325477,
-1.015123998017,-0.316958780297,-2.802978606298,-2.104765451678,
-1.017369730387,-0.316958780297,-2.805224338668,-2.104909262377,
-1.019608549984,-0.316958780297,-2.807463158264,-2.104765451678,
-1.021840434711,-0.316958780297,-2.809695042992,-2.104861325477,
-1.024065362541,-0.316958780297,-2.811919970822,-2.104909262377,
-1.026283311515,-0.316958780297,-2.814137919796,-2.104861325477,
-1.028494259742,-0.316958780297,-2.816348868023,-2.104861325477,
-1.030698185402,-0.316958780297,-2.818552793683,-2.104861325477,
-1.032895066742,-0.316958780297,-2.820749675023,-2.104909262377,
-1.035084882081,-0.316958780297,-2.822939490361,-2.104909262377,
-1.037267609804,-0.316958780297,-2.825122218085,-2.104765451678,
-1.039443228371,-0.316958780297,-2.827297836652,-2.104861325477,
-1.041611716308,-0.316958780297,-2.829466324589,-2.104909262377,
-1.043773052214,-0.316958780297,-2.831627660495,-2.104909262377,
-1.045927214756,-0.316958780297,-2.833781823037,-2.104861325477,
-1.048074182675,-0.316958780297,-2.835928790955,-2.104909262377,
-1.050213934779,-0.316958780297,-2.838068543060,-2.104861325477,
-1.052346449952,-0.316958780297,-2.840201058233,-2.104813388578,
-1.054471707145,-0.316958780297,-2.842326315426,-2.104861325477,
-1.056589685384,-0.316958780297,-2.844444293665,-2.104909262377,
-1.058700363765,-0.316958780297,-2.846554972046,-2.104861325477,
-1.060803721456,-0.316958780297,-2.848658329737,-2.104909262377,
-1.062899737698,-0.316958780297,-2.850754345979,-2.104861325477,
-1.064988391804,-0.316958780297,-2.852843000085,-2.104909262377,
-1.067069663160,-0.316958780297,-2.854924271441,-2.104861325477,
-1.069143531225,-0.316958780297,-2.856998139506,-2.104765451678,
-1.071209975530,-0.316958780297,-2.859064583811,-2.104861325477,
-1.073268975681,-0.316958780297,-2.861123583962,-2.104765451678,
-1.075320511356,-0.316958780297,-2.863175119636,-2.104861325477,
-1.077364562307,-0.316958780297,-2.865219170587,-2.104861325477,
-1.079401108359,-0.316958780297,-2.867255716640,-2.104909262377,
