0.000000000000,0.000000000000,240.000000000000,1.685029958593,0.000000000000,
0.005000000000,0.000000000000,-120.000000000000,1.685077895492,0.000000000000,
0.010000000000,0.000000000000,120.000000000000,1.685029958593,0.000000000000,
0.015000000000,0.000000000000,120.000000000000,1.685029958593,0.000000000000,
0.020000000000,0.000000000000,0.000000000000,1.685077895492,0.000000000000,
0.025000000000,0.000000000000,-240.000000000000,1.685077895492,0.000000000000,
0.030000000000,0.000000000000,-240.000000000000,1.685029958593,0.000000000000,
0.035000000000,0.000000000000,120.000000000000,1.685077895492,0.000000000000,
0.040000000000,0.000000000000,120.000000000000,1.685077895492,0.000000000000,
0.045000000000,0.000000000000,120.000000000000,1.685077895492,0.000000000000,
0.050000000000,0.000000000000,-240.000000000000,1.685029958593,0.000000000000,
0.055000000000,0.000000000000,120.000000000000,1.685077895492,0.000000000000,
0.060000000000,0.000000000000,0.000000000000,1.685077895492,0.000000000000,
0.065000000000,0.000000000000,-240.000000000000,1.685077895492,0.000000000000,
0.070000000000,0.000000000000,-120.000000000000,1.685077895492,0.000000000000,
0.075000000000,0.000000000000,-120.000000000000,1.685077895492,0.000000000000,
0.080000000000,0.000000000000,120.000000000000,1.685029958593,0.000000000000,
0.085000000000,0.000000000000,120.000000000000,1.685077895492,0.000000000000,
0.090000000000,0.000000000000,120.000000000000,1.685029958593,0.000000000000,
0.095000000000,0.000000000000,240.000000000000,1.685077895492,0.000000000000,
0.100000000000,0.000000000000,-240.000000000000,1.685029958593,0.000000000000,
0.105000000000,0.000000000000,-240.000000000000,1.685029958593,0.000000000000,
0.110000000000,0.000000000000,-120.000000000000,1.685077895492,0.000000000000,
0.115000000000,0.000000000000,120.000000000000,1.685029958593,0.000000000000,
0.120000000000,0.000000000000,120.000000000000,1.685077895492,0.000000000000,
0.125000000000,0.000000000000,120.000000000000,1.685077895492,0.000000000000,
0.130000000000,0.000000000000,-240.000000000000,1.685029958593,0.000000000000,
0.135000000000,0.000000000000,-240.000000000000,1.685029958593,0.000000000000,
0.140000000000,0.000000000000,120.000000000000,1.685077895492,0.000000000000,
0.145000000000,0.000000000000,-120.000000000000,1.685077895492,0.000000000000,
0.150000000000,0.000000000000,-120.000000000000,1.685077895492,0.000000000000,
0.155000000000,0.000000000000,-120.000000000000,1.685077895492,0.000000000000,
0.160000000000,0.000000000000,240.000000000000,1.685029958593,0.000000000000,
0.165000000000,0.000000000000,240.000000000000,1.685029958593,0.000000000000,
0.170000000000,0.000000000000,-240.000000000000,1.685029958593,0.000000000000,
0.175000000000,0.000000000000,-120.000000000000,1.685077895492,0.000000000000,
0.180000000000,0.000000000000,120.000000000000,1.685077895492,0.000000000000,
0.185000000000,0.000000000000,240.000000000000,1.685077895492,0.000000000000,
0.190000000000,0.000000000000,-120.000000000000,1.685077895492,0.000000000000,
0.195000000000,0.000000000000,-120.000000000000,1.685077895492,0.000000000000,
0.200000000000,0.000000000000,-120.000000000000,1.685029958593,0.000000000000,
0.205000000000,0.000000000000,120.000000000000,1.685077895492,0.000000000000,
0.210000000000,0.000000000000,-120.000000000000,1.685077895492,0.000000000000,
0.215000000000,0.000000000000,-240.000000000000,1.685077895492,0.000000000000,
0.220000000000,0.000000000000,-120.000000000000,1.685029958593,0.000000000000,
0.225000000000,0.000000000000,-120.000000000000,1.685029958593,0.000000000000,
0.230000000000,0.000000000000,-240.000000000000,1.685077895492,0.000000000000,
0.235000000000,0.000000000000,-240.000000000000,1.685077895492,0.000000000000,
0.240000000000,0.000000000000,0.000000000000,1.685029958593,0.000000000000,
0.245000000000,0.000000000000,360.000000000000,1.685077895492,0.000000000000,
0.250000000000,0.000000000000,0.000000000000,1.685077895492,0.000000000000,
0.255000000000,0.000000000000,0.000000000000,1.685077895492,0.000000000000,
0.260000000000,0.000000000000,-120.000000000000,1.685077895492,0.000000000000,
0.265000000000,0.000000000000,-120.000000000000,1.685077895492,0.000000000000,
0.270000000000,0.000000000000,240.000000000000,1.685077895492,0.000000000000,
0.275000000000,0.000000000000,240.000000000000,1.685077895492,0.000000000000,
0.280000000000,0.000000000000,360.000000000000,1.685077895492,0.000000000000,
0.285000000000,0.000000000000,360.000000000000,1.685077895492,0.000000000000,
0.290000000000,0.000000000000,-120.000000000000,1.685029958593,0.000000000000,
0.295000000000,0.000000000000,0.000000000000,1.685029958593,0.000000000000,
0.300000000000,0.000000000000,-120.000000000000,1.685077895492,0.000000000000,
0.305000000000,0.000000000000,240.000000000000,1.685077895492,0.000000000000,
0.310000000000,0.000000000000,-120.000000000000,1.685029958593,0.000000000000,
0.315000000000,0.000000000000,-120.000000000000,1.685029958593,0.000000000000,
0.320000000000,0.000000000000,120.000000000000,1.685077895492,0.000000000000,
0.325000000000,0.000000000000,0.000000000000,1.685077895492,0.000000000000,
0.330000000000,0.000000000000,120.000000000000,1.685077895492,0.000000000000,
0.335000000000,0.000000000000,120.000000000000,1.685077895492,0.000000000000,
0.340000000000,0.000000000000,-120.000000000000,1.685077895492,0.000000000000,
0.345000000000,0.000000000000,-120.000000000000,1.685077895492,0.000000000000,
0.350000000000,0.000000000000,-240.000000000000,1.685077895492,0.000000000000,
0.355000000000,0.000000000000,120.000000000000,1.685029958593,0.000000000000,
0.360000000000,0.000000000000,240.000000000000,1.685029958593,0.000000000000,
0.365000000000,0.000000000000,360.000000000000,1.685029958593,0.000000000000,
0.370000000000,0.000000000000,120.000000000000,1.685029958593,0.000000000000,
0.375000000000,0.000000000000,120.000000000000,1.685029958593,0.000000000000,
0.380000000000,0.000000000000,120.000000000000,1.685029958593,0.000000000000,
0.385000000000,0.000000000000,120.000000000000,1.685029958593,0.000000000000,
0.390000000000,0.000000000000,-360.000000000000,1.685029958593,0.000000000000,
0.395000000000,0.000000000000,-240.000000000000,1.685029958593,0.000000000000,
0.400000000000,0.000000000000,600.000000000000,1.685077895492,0.000000000000,
0.405000000000,0.000000000000,600.000000000000,1.685077895492,0.000000000000,
0.410000000000,0.000000000000,240.000000000000,1.685077895492,0.000000000000,
0.415000000000,0.000000000000,120.000000000000,1.685029958593,0.000000000000,
0.420000000000,0.000000000000,-120.000000000000,1.685077895492,0.000000000000,
0.425000000000,0.000000000000,-120.000000000000,1.685077895492,0.000000000000,
0.430000000000,0.000000000000,-120.000000000000,1.685029958593,0.000000000000,
0.435000000000,0.000000000000,-120.000000000000,1.685029958593,0.000000000000,
0.440000000000,0.000000000000,240.000000000000,1.685077895492,0.000000000000,
0.445000000000,0.000000000000,0.000000000000,1.685077895492,0.000000000000,
0.450000000000,0.000000000000,-120.000000000000,1.685029958593,0.000000000000,
0.455000000000,0.000000000000,-240.000000000000,1.685029958593,0.000000000000,
0.460000000000,0.000000000000,-240.000000000000,1.685077895492,0.000000000000,
0.465000000000,0.000000000000,-240.000000000000,1.685077895492,0.000000000000,
0.470000000000,0.000000000000,0.000000000000,1.685029958593,0.000000000000,
0.475000000000,0.000000000000,120.000000000000,1.685077895492,0.000000000000,
0.480000000000,0.000000000000,-120.000000000000,1.685077895492,0.000000000000,
0.485000000000,0.000000000000,-240.000000000000,1.685077895492,0.000000000000,
0.490000000000,0.000000000000,120.000000000000,1.685077895492,0.000000000000,
0.495000000000,0.000000000000,120.000000000000,1.685077895492,0.000000000000,
0.500000000000,0.000000000000,120.000000000000,1.685077895492,0.000000000000,
0.505000000000,0.000000000000,120.000000000000,1.685077895492,0.000000000000,
0.510000000000,0.000000000000,-120.000000000000,1.685077895492,0.000000000000,
0.515000000000,0.000000000000,120.000000000000,1.685077895492,0.000000000000,
0.520000000000,0.000000000000,360.000000000000,1.685077895492,0.000000000000,
0.525000000000,0.000000000000,360.000000000000,1.685077895492,0.000000000000,
0.530000000000,0.000000000000,-240.000000000000,1.685029958593,0.000000000000,
0.535000000000,0.000000000000,0.000000000000,1.685077895492,0.000000000000,
0.540000000000,0.000000000000,-120.000000000000,1.685029958593,0.000000000000,
0.545000000000,0.000000000000,240.000000000000,1.685029958593,0.000000000000,
0.550000000000,0.000000000000,-120.000000000000,1.685077895492,0.000000000000,
0.555000000000,0.000000000000,-120.000000000000,1.685077895492,0.000000000000,
0.560000000000,0.000000000000,-240.000000000000,1.685029958593,0.000000000000,
0.565000000000,0.000000000000,-120.000000000000,1.685029958593,0.000000000000,
0.570000000000,0.000000000000,120.000000000000,1.685077895492,0.000000000000,
0.575000000000,0.000000000000,240.000000000000,1.685077895492,0.000000000000,
0.580000000000,0.000000000000,-120.000000000000,1.685029958593,0.000000000000,
0.585000000000,0.000000000000,-120.000000000000,1.685029958593,0.000000000000,
0.590000000000,0.000000000000,120.000000000000,1.685029958593,0.000000000000,
0.595000000000,0.000000000000,240.000000000000,1.685029958593,0.000000000000,
0.600000000000,0.000000000000,-120.000000000000,1.685077895492,0.000000000000,
0.605000000000,0.000000000000,-120.000000000000,1.685077895492,0.000000000000,
0.610000000000,0.000000000000,240.000000000000,1.685077895492,0.000000000000,
0.615000000000,0.000000000000,240.000000000000,1.685077895492,0.000000000000,
0.620000000000,0.000000000000,-120.000000000000,1.685077895492,0.000000000000,
0.625000000000,0.000000000000,360.000000000000,1.685077895492,0.000000000000,
0.630000000000,0.000000000000,360.000000000000,1.685077895492,0.000000000000,
0.635000000000,0.000000000000,240.000000000000,1.685077895492,0.000000000000,
0.640000000000,0.000000000000,120.000000000000,1.685029958593,0.000000000000,
0.645000000000,0.000000000000,120.000000000000,1.685029958593,0.000000000000,
0.650000000000,0.000000000000,0.000000000000,1.685029958593,0.000000000000,
0.655000000000,0.000000000000,120.000000000000,1.685077895492,0.000000000000,
0.660000000000,0.000000000000,-120.000000000000,1.685077895492,0.000000000000,
0.665000000000,0.000000000000,-120.000000000000,1.685077895492,0.000000000000,
0.670000000000,0.000000000000,-240.000000000000,1.685077895492,0.000000000000,
0.675000000000,0.000000000000,-240.000000000000,1.685077895492,0.000000000000,
0.680000000000,0.000000000000,120.000000000000,1.685077895492,0.000000000000,
0.685000000000,0.000000000000,120.000000000000,1.685077895492,0.000000000000,
0.690000000000,0.000000000000,-240.000000000000,1.685077895492,0.000000000000,
0.695000000000,0.000000000000,120.000000000000,1.685077895492,0.000000000000,
0.700000000000,0.000000000000,0.000000000000,1.685077895492,0.000000000000,
0.705000000000,0.000000000000,0.000000000000,1.685077895492,0.000000000000,
0.710000000000,0.000000000000,360.000000000000,1.685077895492,0.000000000000,
0.715000000000,0.000000000000,240.000000000000,1.685077895492,0.000000000000,
0.720000000000,0.000000000000,0.000000000000,1.685077895492,0.000000000000,
0.725000000000,0.000000000000,120.000000000000,1.685077895492,0.000000000000,
0.730000000000,0.000000000000,0.000000000000,1.685029958593,0.000000000000,
0.735000000000,0.000000000000,0.000000000000,1.685029958593,0.000000000000,
0.740000000000,0.000000000000,240.000000000000,1.685029958593,0.000000000000,
0.745000000000,0.000000000000,120.000000000000,1.685077895492,0.000000000000,
0.750000000000,0.000000000000,120.000000000000,1.685077895492,0.000000000000,
0.755000000000,0.000000000000,-240.000000000000,1.685077895492,0.000000000000,
0.760000000000,0.000000000000,-240.000000000000,1.685077895492,0.000000000000,
0.765000000000,0.000000000000,-240.000000000000,1.685077895492,0.000000000000,
0.770000000000,0.000000000000,120.000000000000,1.685077895492,0.000000000000,
0.775000000000,0.000000000000,-120.000000000000,1.685029958593,0.000000000000,
0.780000000000,0.000000000000,-240.000000000000,1.685029958593,0.000000000000,
0.785000000000,0.000000000000,-120.000000000000,1.685029958593,0.000000000000,
0.790000000000,0.000000000000,0.000000000000,1.685077895492,0.000000000000,
0.795000000000,0.000000000000,0.000000000000,1.685077895492,0.000000000000,
0.800000000000,0.000000000000,-120.000000000000,1.685077895492,0.000000000000,
0.805000000000,0.000000000000,0.000000000000,1.685077895492,0.000000000000,
0.810000000000,0.000000000000,0.000000000000,1.685077895492,0.000000000000,
0.815000000000,0.000000000000,0.000000000000,1.685077895492,0.000000000000,
0.820000000000,0.000000000000,120.000000000000,1.685077895492,0.000000000000,
0.825000000000,0.000000000000,120.000000000000,1.685077895492,0.000000000000,
0.830000000000,0.000000000000,-120.000000000000,1.685029958593,0.000000000000,
0.835000000000,0.000000000000,120.000000000000,1.685077895492,0.000000000000,
0.840000000000,0.000000000000,-120.000000000000,1.685029958593,0.000000000000,
0.845000000000,0.000000000000,120.000000000000,1.685077895492,0.000000000000,
0.850000000000,0.000000000000,240.000000000000,1.685077895492,0.000000000000,
0.855000000000,0.000000000000,240.000000000000,1.685077895492,0.000000000000,
0.860000000000,0.000000000000,120.000000000000,1.685077895492,0.000000000000,
0.865000000000,0.000000000000,-120.000000000000,1.685077895492,0.000000000000,
0.870000000000,0.000000000000,240.000000000000,1.685077895492,0.000000000000,
0.875000000000,0.000000000000,-120.000000000000,1.685077895492,0.000000000000,
0.880000000000,0.000000000000,240.000000000000,1.685029958593,0.000000000000,
0.885000000000,0.000000000000,240.000000000000,1.685029958593,0.000000000000,
0.890000000000,0.000000000000,240.000000000000,1.685077895492,0.000000000000,
0.895000000000,0.000000000000,-120.000000000000,1.685077895492,0.000000000000,
0.900000000000,0.000000000000,-120.000000000000,1.685077895492,0.000000000000,
0.905000000000,0.000000000000,-120.000000000000,1.685077895492,0.000000000000,
0.910000000000,0.000000000000,240.000000000000,1.685077895492,0.000000000000,
0.915000000000,0.000000000000,240.000000000000,1.685077895492,0.000000000000,
0.920000000000,0.000000000000,240.000000000000,1.685029958593,0.000000000000,
0.925000000000,0.000000000000,0.000000000000,1.685077895492,0.000000000000,
0.930000000000,0.000000000000,0.000000000000,1.685077895492,0.000000000000,
0.935000000000,0.000000000000,-120.000000000000,1.685077895492,0.000000000000,
0.940000000000,0.000000000000,360.000000000000,1.685077895492,0.000000000000,
0.945000000000,0.000000000000,360.000000000000,1.685077895492,0.000000000000,
0.950000000000,0.000000000000,120.000000000000,1.685077895492,0.000000000000,
0.955000000000,0.000000000000,-120.000000000000,1.685029958593,0.000000000000,
0.960000000000,0.000000000000,360.000000000000,1.685077895492,0.000000000000,
0.965000000000,0.000000000000,-360.000000000000,1.685077895492,0.000000000000,
0.970000000000,0.000000000000,120.000000000000,1.685029958593,0.000000000000,
0.975000000000,0.000000000000,120.000000000000,1.685029958593,0.000000000000,
0.980000000000,0.000000000000,-240.000000000000,1.685029958593,0.000000000000,
0.985000000000,0.000000000000,240.000000000000,1.685077895492,0.000000000000,
0.990000000000,0.000000000000,-240.000000000000,1.685077895492,0.000000000000,
0.995000000000,0.000000000000,0.000000000000,1.685077895492,0.000000000000,
1.000000000000,0.000000000000,120.000000000000,1.685077895492,0.000000000000,
1.005000000000,0.000000000000,120.000000000000,1.685077895492,0.000000000000,
1.010000000000,0.000000000000,-360.000000000000,1.685077895492,0.000000000000,
1.015000000000,0.000000000000,120.000000000000,1.685077895492,0.000000000000,
1.020000000000,0.000000000000,-120.000000000000,1.685077895492,0.000000000000,
1.025000000000,0.000000000000,0.000000000000,1.685077895492,0.000000000000,
1.030000000000,0.000000000000,120.000000000000,1.685077895492,0.000000000000,
1.035000000000,0.000000000000,120.000000000000,1.685077895492,0.000000000000,
1.040000000000,0.000000000000,-240.000000000000,1.685077895492,0.000000000000,
1.045000000000,0.000000000000,-120.000000000000,1.685077895492,0.000000000000,
1.050000000000,0.000000000000,120.000000000000,1.685029958593,0.000000000000,
1.055000000000,0.000000000000,-240.000000000000,1.685077895492,0.000000000000,
1.060000000000,0.000000000000,120.000000000000,1.685029958593,0.000000000000,
1.065000000000,0.000000000000,120.000000000000,1.685029958593,0.000000000000,
1.070000000000,0.000000000000,240.000000000000,1.685077895492,0.000000000000,
1.075000000000,0.000000000000,120.000000000000,1.685029958593,0.000000000000,
1.080000000000,0.000000000000,-240.000000000000,1.685077895492,0.000000000000,
1.085000000000,0.000000000000,-120.000000000000,1.685077895492,0.000000000000,
1.090000000000,0.000000000000,120.000000000000,1.685029958593,0.000000000000,
1.095000000000,0.000000000000,120.000000000000,1.685029958593,0.000000000000,
1.100000000000,0.000000000000,-120.000000000000,1.685077895492,0.000000000000,
1.105000000000,0.000000000000,-120.000000000000,1.685077895492,0.000000000000,
1.110000000000,0.000000000000,240.000000000000,1.685029958593,0.000000000000,
1.115000000000,0.000000000000,-240.000000000000,1.685077895492,0.000000000000,
1.120000000000,0.000000000000,-240.000000000000,1.685077895492,0.000000000000,
1.125000000000,0.000000000000,-240.000000000000,1.685077895492,0.000000000000,
1.130000000000,0.000000000000,360.000000000000,1.685077895492,0.000000000000,
1.135000000000,0.000000000000,-360.000000000000,1.685029958593,0.000000000000,
1.140000000000,0.000000000000,-360.000000000000,1.685077895492,0.000000000000,
1.145000000000,0.000000000000,0.000000000000,1.685077895492,0.000000000000,
1.150000000000,0.000000000000,240.000000000000,1.685077895492,0.000000000000,
1.155000000000,0.000000000000,240.000000000000,1.685077895492,0.000000000000,
1.160000000000,0.000000000000,0.000000000000,1.685077895492,0.000000000000,
1.165000000000,0.000000000000,120.000000000000,1.685077895492,0.000000000000,
1.170000000000,0.000000000000,360.000000000000,1.685077895492,0.000000000000,
1.175000000000,0.000000000000,240.000000000000,1.685077895492,0.000000000000,
1.180000000000,0.000000000000,240.000000000000,1.685077895492,0.000000000000,
1.185000000000,0.000000000000,240.000000000000,1.685077895492,0.000000000000,
1.190000000000,0.000000000000,240.000000000000,1.685077895492,0.000000000000,
1.195000000000,0.000000000000,-240.000000000000,1.685029958593,0.000000000000,
1.200000000000,0.000000000000,-120.000000000000,1.685077895492,0.000000000000,
1.205000000000,0.000000000000,120.000000000000,1.685077895492,0.000000000000,
1.210000000000,0.000000000000,-120.000000000000,1.685077895492,0.000000000000,
1.215000000000,0.000000000000,-120.000000000000,1.685077895492,0.000000000000,
1.220000000000,0.000000000000,120.000000000000,1.685077895492,0.000000000000,
1.225000000000,0.000000000000,-240.000000000000,1.685077895492,0.000000000000,
1.230000000000,0.000000000000,120.000000000000,1.685077895492,0.000000000000,
1.235000000000,0.000000000000,240.000000000000,1.685029958593,0.000000000000,
1.240000000000,0.000000000000,-120.000000000000,1.685077895492,0.000000000000,
1.245000000000,0.000000000000,-120.000000000000,1.685077895492,0.000000000000,
1.250000000000,0.000000000000,0.000000000000,1.685077895492,0.000000000000,
1.255000000000,0.000000000000,-240.000000000000,1.685029958593,0.000000000000,
1.260000000000,0.000000000000,120.000000000000,1.685077895492,0.000000000000,
1.265000000000,0.000000000000,120.000000000000,1.685029958593,0.000000000000,
1.270000000000,0.000000000000,-360.000000000000,1.685077895492,0.000000000000,
1.275000000000,0.000000000000,-360.000000000000,1.685077895492,0.000000000000,
1.280000000000,0.000000000000,-360.000000000000,1.685077895492,0.000000000000,
1.285000000000,0.000000000000,120.000000000000,1.685077895492,0.000000000000,
1.290000000000,0.000000000000,120.000000000000,1.685077895492,0.000000000000,
1.295000000000,0.000000000000,120.000000000000,1.685029958593,0.000000000000,
1.300000000000,0.000000000000,120.000000000000,1.685077895492,0.000000000000,
1.305000000000,0.000000000000,120.000000000000,1.685077895492,0.000000000000,
1.310000000000,0.000000000000,-360.000000000000,1.685077895492,0.000000000000,
1.315000000000,0.000000000000,240.000000000000,1.685077895492,0.000000000000,
1.320000000000,0.000000000000,120.000000000000,1.685077895492,0.000000000000,
1.325000000000,0.000000000000,120.000000000000,1.685029958593,0.000000000000,
1.330000000000,0.000000000000,-120.000000000000,1.685029958593,0.000000000000,
1.335000000000,0.000000000000,-120.000000000000,1.685029958593,0.000000000000,
1.340000000000,0.000000000000,120.000000000000,1.685077895492,0.000000000000,
1.345000000000,0.000000000000,-120.000000000000,1.685077895492,0.000000000000,
1.350000000000,0.000000000000,-240.000000000000,1.685077895492,0.000000000000,
1.355000000000,0.000000000000,-120.000000000000,1.685077895492,0.000000000000,
1.360000000000,0.000000000000,120.000000000000,1.685077895492,0.000000000000,
1.365000000000,0.000000000000,120.000000000000,1.685077895492,0.000000000000,
1.370000000000,0.000000000000,-240.000000000000,1.685077895492,0.000000000000,
1.375000000000,0.000000000000,-240.000000000000,1.685077895492,0.000000000000,
1.380000000000,0.000000000000,240.000000000000,1.685077895492,0.000000000000,
1.385000000000,0.000000000000,-120.000000000000,1.685077895492,0.000000000000,
1.390000000000,0.000000000000,-120.000000000000,1.685029958593,0.000000000000,
1.395000000000,0.000000000000,-120.000000000000,1.685029958593,0.000000000000,
1.400000000000,0.000000000000,120.000000000000,1.685077895492,0.000000000000,
1.405000000000,0.000000000000,120.000000000000,1.685077895492,0.000000000000,
1.410000000000,0.000000000000,-240.000000000000,1.685077895492,0.000000000000,
1.415000000000,0.000000000000,-120.000000000000,1.685077895492,0.000000000000,
1.420000000000,0.000000000000,-240.000000000000,1.685077895492,0.000000000000,
1.425000000000,0.000000000000,-240.000000000000,1.685077895492,0.000000000000,
1.430000000000,0.000000000000,-120.000000000000,1.685077895492,0.000000000000,
1.435000000000,0.000000000000,120.000000000000,1.685077895492,0.000000000000,
1.440000000000,0.000000000000,240.000000000000,1.685077895492,0.000000000000,
1.445000000000,0.000000000000,-120.000000000000,1.685077895492,0.000000000000,
1.450000000000,0.000000000000,120.000000000000,1.685077895492,0.000000000000,
1.455000000000,0.000000000000,120.000000000000,1.685077895492,0.000000000000,
1.460000000000,0.000000000000,-120.000000000000,1.685077895492,0.000000000000,
1.465000000000,0.000000000000,-120.000000000000,1.685077895492,0.000000000000,
1.470000000000,0.000000000000,-120.000000000000,1.685029958593,0.000000000000,
1.475000000000,0.000000000000,240.000000000000,1.685077895492,0.000000000000,
1.480000000000,0.000000000000,240.000000000000,1.685077895492,0.000000000000,
1.485000000000,0.000000000000,240.000000000000,1.685077895492,0.000000000000,
1.490000000000,0.000000000000,-120.000000000000,1.685077895492,0.000000000000,
1.495000000000,0.000000000000,-240.000000000000,1.685029958593,0.000000000000,
1.500000000000,0.000000000000,240.000000000000,1.685077895492,0.000000000000,
1.505000000000,0.000000000000,0.000000000000,1.685077895492,0.000000000000,
1.510000000000,0.000000000000,240.000000000000,1.685077895492,0.000000000000,
1.515000000000,0.000000000000,240.000000000000,1.685077895492,0.000000000000,
1.520000000000,0.000000000000,-120.000000000000,1.685029958593,0.000000000000,
1.525000000000,0.000000000000,600.000000000000,1.685077895492,0.000000000000,
1.530000000000,0.000000000000,-120.000000000000,1.685029958593,0.000000000000,
1.535000000000,0.000000000000,120.000000000000,1.685077895492,0.000000000000,
1.540000000000,0.000000000000,-120.000000000000,1.685077895492,0.000000000000,
1.545000000000,0.000000000000,-120.000000000000,1.685077895492,0.000000000000,
1.550000000000,0.000000000000,-240.000000000000,1.685029958593,0.000000000000,
1.555000000000,0.000000000000,-120.000000000000,1.685077895492,0.000000000000,
1.560000000000,0.000000000000,-120.000000000000,1.685077895492,0.000000000000,
1.565000000000,0.000000000000,-120.000000000000,1.685029958593,0.000000000000,
1.570000000000,0.000000000000,120.000000000000,1.685077895492,0.000000000000,
1.575000000000,0.000000000000,120.000000000000,1.685077895492,0.000000000000,
1.580000000000,0.000000000000,-120.000000000000,1.685077895492,0.000000000000,
1.585000000000,0.000000000000,-120.000000000000,1.685077895492,0.000000000000,
1.590000000000,0.000000000000,120.000000000000,1.685077895492,0.000000000000,
1.595000000000,0.000000000000,-120.000000000000,1.685077895492,0.000000000000,
1.600000000000,0.000000000000,120.000000000000,1.685077895492,0.000000000000,
1.605000000000,0.000000000000,120.000000000000,1.685077895492,0.000000000000,
1.610000000000,0.000000000000,360.000000000000,1.685077895492,0.000000000000,
1.615000000000,0.000000000000,-240.000000000000,1.685077895492,0.000000000000,
1.620000000000,0.000000000000,-120.000000000000,1.685077895492,0.000000000000,
1.625000000000,0.000000000000,120.000000000000,1.685077895492,0.000000000000,
1.630000000000,0.000000000000,240.000000000000,1.685077895492,0.000000000000,
1.635000000000,0.000000000000,240.000000000000,1.685077895492,0.000000000000,
1.640000000000,0.000000000000,-120.000000000000,1.685077895492,0.000000000000,
1.645000000000,0.000000000000,120.000000000000,1.685077895492,0.000000000000,
1.650000000000,0.000000000000,120.000000000000,1.685077895492,0.000000000000,
1.655000000000,0.000000000000,-120.000000000000,1.685077895492,0.000000000000,
1.660000000000,0.000000000000,120.000000000000,1.685077895492,0.000000000000,
1.665000000000,0.000000000000,120.000000000000,1.685077895492,0.000000000000,
1.670000000000,0.000000000000,-240.000000000000,1.685077895492,0.000000000000,
1.675000000000,0.000000000000,-120.000000000000,1.685077895492,0.000000000000,
1.680000000000,0.000000000000,360.000000000000,1.685029958593,0.000000000000,
1.685000000000,0.000000000000,0.000000000000,1.685077895492,0.000000000000,
1.690000000000,0.000000000000,-240.000000000000,1.685077895492,0.000000000000,
1.695000000000,0.000000000000,-240.000000000000,1.685077895492,0.000000000000,
1.700000000000,0.000000000000,-240.000000000000,1.685077895492,0.000000000000,
1.705000000000,0.000000000000,-120.000000000000,1.685077895492,0.000000000000,
1.710000000000,0.000000000000,-120.000000000000,1.685077895492,0.000000000000,
1.715000000000,0.000000000000,-120.000000000000,1.685077895492,0.000000000000,
1.720000000000,0.000000000000,120.000000000000,1.685077895492,0.000000000000,
1.725000000000,0.000000000000,120.000000000000,1.685077895492,0.000000000000,
1.730000000000,0.000000000000,120.000000000000,1.685077895492,0.000000000000,
1.735000000000,0.000000000000,-120.000000000000,1.685077895492,0.000000000000,
1.740000000000,0.000000000000,-120.000000000000,1.685077895492,0.000000000000,
1.745000000000,0.000000000000,-240.000000000000,1.685077895492,0.000000000000,
1.750000000000,0.000000000000,120.000000000000,1.685077895492,0.000000000000,
1.755000000000,0.000000000000,120.000000000000,1.685077895492,0.000000000000,
1.760000000000,0.000000000000,240.000000000000,1.685077895492,0.000000000000,
1.765000000000,0.000000000000,360.000000000000,1.685077895492,0.000000000000,
1.770000000000,0.000000000000,-240.000000000000,1.685077895492,0.000000000000,
1.775000000000,0.000000000000,-120.000000000000,1.685077895492,0.000000000000,
1.780000000000,0.000000000000,-240.000000000000,1.685029958593,0.000000000000,
1.785000000000,0.000000000000,-240.000000000000,1.685029958593,0.000000000000,
1.790000000000,0.000000000000,0.000000000000,1.685029958593,0.000000000000,
1.795000000000,0.000000000000,240.000000000000,1.685077895492,0.000000000000,
1.800000000000,0.000000000000,120.000000000000,1.685077895492,0.000000000000,
1.805000000000,0.000000000000,240.000000000000,1.685029958593,0.000000000000,
1.810000000000,0.000000000000,480.000000000000,1.685077895492,0.000000000000,
1.815000000000,0.000000000000,480.000000000000,1.685077895492,0.000000000000,
1.820000000000,0.000000000000,-120.000000000000,1.685077895492,0.000000000000,
1.825000000000,0.000000000000,120.000000000000,1.685077895492,0.000000000000,
1.830000000000,0.000000000000,240.000000000000,1.685077895492,0.000000000000,
1.835000000000,0.000000000000,120.000000000000,1.685077895492,0.000000000000,
1.840000000000,0.000000000000,-240.000000000000,1.685029958593,0.000000000000,
1.845000000000,0.000000000000,-240.000000000000,1.685029958593,0.000000000000,
1.850000000000,0.000000000000,-120.000000000000,1.685077895492,0.000000000000,
1.855000000000,0.000000000000,120.000000000000,1.685077895492,0.000000000000,
1.860000000000,0.000000000000,600.000000000000,1.685077895492,0.000000000000,
1.865000000000,0.000000000000,-120.000000000000,1.685077895492,0.000000000000,
1.870000000000,0.000000000000,-360.000000000000,1.685077895492,0.000000000000,
1.875000000000,0.000000000000,-360.000000000000,1.685077895492,0.000000000000,
1.880000000000,0.000000000000,120.000000000000,1.685077895492,0.000000000000,
1.885000000000,0.000000000000,-120.000000000000,1.685029958593,0.000000000000,
1.890000000000,0.000000000000,240.000000000000,1.685077895492,0.000000000000,
1.895000000000,0.000000000000,240.000000000000,1.685077895492,0.000000000000,
1.900000000000,0.000000000000,240.000000000000,1.685077895492,0.000000000000,
1.905000000000,0.000000000000,240.000000000000,1.685077895492,0.000000000000,
1.910000000000,0.000000000000,-240.000000000000,1.685029958593,0.000000000000,
1.915000000000,0.000000000000,120.000000000000,1.685029958593,0.000000000000,
1.920000000000,0.000000000000,120.000000000000,1.685077895492,0.000000000000,
1.925000000000,0.000000000000,120.000000000000,1.685077895492,0.000000000000,
1.930000000000,0.000000000000,120.000000000000,1.685077895492,0.000000000000,
1.935000000000,0.000000000000,120.000000000000,1.685077895492,0.000000000000,
1.940000000000,0.000000000000,-240.000000000000,1.685077895492,0.000000000000,
1.945000000000,0.000000000000,-120.000000000000,1.685077895492,0.000000000000,
1.950000000000,0.000000000000,-120.000000000000,1.685077895492,0.000000000000,
1.955000000000,0.000000000000,-240.000000000000,1.685077895492,0.000000000000,
1.960000000000,0.000000000000,120.000000000000,1.685077895492,0.000000000000,
1.965000000000,0.000000000000,120.000000000000,1.685077895492,0.000000000000,
1.970000000000,0.000000000000,-240.000000000000,1.685029958593,0.000000000000,
1.975000000000,0.000000000000,-240.000000000000,1.685077895492,0.000000000000,
1.980000000000,0.000000000000,-120.000000000000,1.685077895492,0.000000000000,
1.985000000000,0.000000000000,-360.000000000000,1.685077895492,0.000000000000,
1.990000000000,0.000000000000,-120.000000000000,1.685029958593,0.000000000000,
1.995000000000,0.000000000000,-120.000000000000,1.685029958593,0.000000000000,
2.000000000000,0.000000000000,-240.000000000000,1.685077895492,0.000000000000,
2.005000000000,0.000000000000,240.000000000000,1.685029958593,0.000000000000,
2.010000000000,0.000000000000,240.000000000000,1.685077895492,0.000000000000,
2.015000000000,0.000000000000,-120.000000000000,1.685077895492,0.000000000000,
2.020000000000,0.000000000000,-120.000000000000,1.685077895492,0.000000000000,
2.025000000000,0.000000000000,-120.000000000000,1.685077895492,0.000000000000,
2.030000000000,0.000000000000,240.000000000000,1.685077895492,0.000000000000,
2.035000000000,0.000000000000,0.000000000000,1.685029958593,0.000000000000,
2.040000000000,0.000000000000,-120.000000000000,1.685077895492,0.000000000000,
2.045000000000,0.000000000000,-240.000000000000,1.685077895492,0.000000000000,
2.050000000000,0.000000000000,-120.000000000000,1.685077895492,0.000000000000,
2.055000000000,0.000000000000,-120.000000000000,1.685077895492,0.000000000000,
2.060000000000,0.000000000000,-240.000000000000,1.685077895492,0.000000000000,
2.065000000000,0.000000000000,-120.000000000000,1.685077895492,0.000000000000,
2.070000000000,0.000000000000,240.000000000000,1.685077895492,0.000000000000,
2.075000000000,0.000000000000,-240.000000000000,1.685077895492,0.000000000000,
2.080000000000,0.000000000000,0.000000000000,1.685077895492,0.000000000000,
2.085000000000,0.000000000000,0.000000000000,1.685077895492,0.000000000000,
2.090000000000,0.000000000000,-360.000000000000,1.685077895492,0.000000000000,
2.095000000000,0.000000000000,240.000000000000,1.685077895492,0.000000000000,
2.100000000000,0.000000000000,0.000000000000,1.685077895492,0.000000000000,
2.105000000000,0.000000000000,-360.000000000000,1.685077895492,0.000000000000,
2.110000000000,0.000000000000,-240.000000000000,1.685077895492,0.000000000000,
2.115000000000,0.000000000000,-240.000000000000,1.685077895492,0.000000000000,
2.120000000000,0.000000000000,120.000000000000,1.685077895492,0.000000000000,
2.125000000000,0.000000000000,240.000000000000,1.685077895492,0.000000000000,
2.130000000000,0.000000000000,240.000000000000,1.685077895492,0.000000000000,
2.135000000000,0.000000000000,-120.000000000000,1.685077895492,0.000000000000,
2.140000000000,0.000000000000,0.000000000000,1.685077895492,0.000000000000,
2.145000000000,0.000000000000,0.000000000000,1.685077895492,0.000000000000,
2.150000000000,0.000000000000,-240.000000000000,1.685077895492,0.000000000000,
2.155000000000,0.000000000000,120.000000000000,1.685029958593,0.000000000000,
2.160000000000,0.000000000000,240.000000000000,1.685077895492,0.000000000000,
2.165000000000,0.000000000000,360.000000000000,1.685077895492,0.000000000000,
2.170000000000,0.000000000000,-240.000000000000,1.685077895492,0.000000000000,
2.175000000000,0.000000000000,-240.000000000000,1.685077895492,0.000000000000,
2.180000000000,0.000000000000,-120.000000000000,1.685029958593,0.000000000000,
2.185000000000,0.000000000000,-240.000000000000,1.685077895492,0.000000000000,
2.190000000000,0.000000000000,-120.000000000000,1.685029958593,0.000000000000,
2.195000000000,0.000000000000,-120.000000000000,1.685077895492,0.000000000000,
2.200000000000,0.000000000000,-120.000000000000,1.685077895492,0.000000000000,
2.205000000000,0.000000000000,-120.000000000000,1.685077895492,0.000000000000,
2.210000000000,0.000000000000,120.000000000000,1.685077895492,0.000000000000,
2.215000000000,0.000000000000,-360.000000000000,1.685077895492,0.000000000000,
2.220000000000,0.000000000000,-240.000000000000,1.685077895492,0.000000000000,
2.225000000000,0.000000000000,-120.000000000000,1.685077895492,0.000000000000,
2.230000000000,0.000000000000,0.000000000000,1.685029958593,0.000000000000,
2.235000000000,0.000000000000,0.000000000000,1.685029958593,0.000000000000,
2.240000000000,0.000000000000,120.000000000000,1.685077895492,0.000000000000,
2.245000000000,0.000000000000,120.000000000000,1.685077895492,0.000000000000,
2.250000000000,0.000000000000,-120.000000000000,1.685077895492,0.000000000000,
2.255000000000,0.000000000000,120.000000000000,1.685077895492,0.000000000000,
2.260000000000,0.000000000000,120.000000000000,1.685029958593,0.000000000000,
2.265000000000,0.000000000000,120.000000000000,1.685029958593,0.000000000000,
2.270000000000,0.000000000000,-120.000000000000,1.685077895492,0.000000000000,
2.275000000000,0.000000000000,0.000000000000,1.685077895492,0.000000000000,
2.280000000000,0.000000000000,-240.000000000000,1.685077895492,0.000000000000,
2.285000000000,0.000000000000,360.000000000000,1.685077895492,0.000000000000,
2.290000000000,0.000000000000,-240.000000000000,1.685077895492,0.000000000000,
2.295000000000,0.000000000000,-240.000000000000,1.685077895492,0.000000000000,
2.300000000000,0.000000000000,120.000000000000,1.685077895492,0.000000000000,
2.305000000000,0.000000000000,240.000000000000,1.685077895492,0.000000000000,
2.310000000000,0.000000000000,120.000000000000,1.685077895492,0.000000000000,
2.315000000000,0.000000000000,-120.000000000000,1.685077895492,0.000000000000,
2.320000000000,0.000000000000,120.000000000000,1.685077895492,0.000000000000,
2.325000000000,0.000000000000,120.000000000000,1.685077895492,0.000000000000,
2.330000000000,0.000000000000,-120.000000000000,1.685077895492,0.000000000000,
2.335000000000,0.000000000000,-240.000000000000,1.685077895492,0.000000000000,
2.340000000000,0.000000000000,-240.000000000000,1.685077895492,0.000000000000,
2.345000000000,0.000000000000,240.000000000000,1.685077895492,0.000000000000,
2.350000000000,0.000000000000,0.000000000000,1.685029958593,0.000000000000,
2.355000000000,0.000000000000,0.000000000000,1.685029958593,0.000000000000,
2.360000000000,0.000000000000,240.000000000000,1.685077895492,0.000000000000,
2.365000000000,0.000000000000,240.000000000000,1.685077895492,0.000000000000,
2.370000000000,0.000000000000,240.000000000000,1.685077895492,0.000000000000,
2.375000000000,0.000000000000,-240.000000000000,1.685029958593,0.000000000000,
2.380000000000,0.000000000000,-240.000000000000,1.685077895492,0.000000000000,
2.385000000000,0.000000000000,-240.000000000000,1.685077895492,0.000000000000,
2.390000000000,0.000000000000,-240.000000000000,1.685077895492,0.000000000000,
2.395000000000,0.000000000000,-120.000000000000,1.685077895492,0.000000000000,
2.400000000000,0.000000000000,120.000000000000,1.685077895492,0.000000000000,
2.405000000000,0.000000000000,-120.000000000000,1.685029958593,0.000000000000,
2.410000000000,0.000000000000,-120.000000000000,1.685077895492,0.000000000000,
2.415000000000,0.000000000000,-120.000000000000,1.685077895492,0.000000000000,
2.420000000000,0.000000000000,120.000000000000,1.685029958593,0.000000000000,
2.425000000000,0.000000000000,0.000000000000,1.685077895492,0.000000000000,
2.430000000000,0.000000000000,120.000000000000,1.685029958593,0.000000000000,
2.435000000000,0.000000000000,240.000000000000,1.685029958593,0.000000000000,
2.440000000000,0.000000000000,0.000000000000,1.685077895492,0.000000000000,
2.445000000000,0.000000000000,0.000000000000,1.685077895492,0.000000000000,
2.450000000000,0.000000000000,240.000000000000,1.685029958593,0.000000000000,
2.455000000000,0.000000000000,0.000000000000,1.685077895492,0.000000000000,
2.460000000000,0.000000000000,-120.000000000000,1.685077895492,0.000000000000,
2.465000000000,0.000000000000,-120.000000000000,1.685077895492,0.000000000000,
2.470000000000,0.000000000000,-120.000000000000,1.685077895492,0.000000000000,
2.475000000000,0.000000000000,-120.000000000000,1.685077895492,0.000000000000,
2.480000000000,0.000000000000,-120.000000000000,1.685029958593,0.000000000000,
2.485000000000,0.000000000000,120.000000000000,1.685029958593,0.000000000000,
2.490000000000,0.000000000000,-240.000000000000,1.685029958593,0.000000000000,
2.495000000000,0.000000000000,240.000000000000,1.685077895492,0.000000000000,
2.500000000000,0.000000000000,0.000000000000,1.685077895492,0.000000000000,
2.505000000000,0.000000000000,0.000000000000,1.685077895492,0.000000000000,
2.510000000000,0.000000000000,-240.000000000000,1.685077895492,0.000000000000,
2.515000000000,0.000000000000,240.000000000000,1.685029958593,0.000000000000,
2.520000000000,0.000000000000,240.000000000000,1.685077895492,0.000000000000,
2.525000000000,0.000000000000,120.000000000000,1.685077895492,0.000000000000,
2.530000000000,0.000000000000,120.000000000000,1.685029958593,0.000000000000,
2.535000000000,0.000000000000,120.000000000000,1.685029958593,0.000000000000,
2.540000000000,0.000000000000,240.000000000000,1.685077895492,0.000000000000,
2.545000000000,0.000000000000,-240.000000000000,1.685029958593,0.000000000000,
2.550000000000,0.000000000000,-120.000000000000,1.685077895492,0.000000000000,
2.555000000000,0.000000000000,-120.000000000000,1.685077895492,0.000000000000,
2.560000000000,0.000000000000,120.000000000000,1.685077895492,0.000000000000,
2.565000000000,0.000000000000,120.000000000000,1.685077895492,0.000000000000,
2.570000000000,0.000000000000,-120.000000000000,1.685029958593,0.000000000000,
2.575000000000,0.000000000000,120.000000000000,1.685029958593,0.000000000000,
2.580000000000,0.000000000000,-240.000000000000,1.685029958593,0.000000000000,
2.585000000000,0.000000000000,0.000000000000,1.685077895492,0.000000000000,
2.590000000000,0.000000000000,120.000000000000,1.685029958593,0.000000000000,
2.595000000000,0.000000000000,120.000000000000,1.685029958593,0.000000000000,
2.600000000000,0.000000000000,0.000000000000,1.685077895492,0.000000000000,
2.605000000000,0.000000000000,240.000000000000,1.685077895492,0.000000000000,
2.610000000000,0.000000000000,240.000000000000,1.685077895492,0.000000000000,
2.615000000000,0.000000000000,0.000000000000,1.685029958593,0.000000000000,
2.620000000000,0.000000000000,120.000000000000,1.685029958593,0.000000000000,
2.625000000000,0.000000000000,120.000000000000,1.685029958593,0.000000000000,
2.630000000000,0.000000000000,120.000000000000,1.685077895492,0.000000000000,
2.635000000000,0.000000000000,0.000000000000,1.685077895492,0.000000000000,
2.640000000000,0.000000000000,-120.000000000000,1.685077895492,0.000000000000,
2.645000000000,0.000000000000,0.000000000000,1.685029958593,0.000000000000,
2.650000000000,0.000000000000,0.000000000000,1.685077895492,0.000000000000,
2.655000000000,0.000000000000,0.000000000000,1.685077895492,0.000000000000,
2.660000000000,0.000000000000,-120.000000000000,1.685077895492,0.000000000000,
2.665000000000,0.000000000000,-120.000000000000,1.685029958593,0.000000000000,
2.670000000000,0.000000000000,240.000000000000,1.685077895492,0.000000000000,
2.675000000000,0.000000000000,120.000000000000,1.685029958593,0.000000000000,
2.680000000000,0.000000000000,-240.000000000000,1.685077895492,0.000000000000,
2.685000000000,0.000000000000,-240.000000000000,1.685077895492,0.000000000000,
2.690000000000,0.000000000000,0.000000000000,1.685029958593,0.000000000000,
2.695000000000,0.000000000000,120.000000000000,1.685077895492,0.000000000000,
2.700000000000,0.000000000000,0.000000000000,1.685077895492,0.000000000000,
2.705000000000,0.000000000000,0.000000000000,1.685077895492,0.000000000000,
2.710000000000,0.000000000000,120.000000000000,1.685077895492,0.000000000000,
2.715000000000,0.000000000000,120.000000000000,1.685077895492,0.000000000000,
2.720000000000,0.000000000000,0.000000000000,1.685077895492,0.000000000000,
2.725000000000,0.000000000000,0.000000000000,1.685029958593,0.000000000000,
2.730000000000,0.000000000000,360.000000000000,1.685077895492,0.000000000000,
2.735000000000,0.000000000000,240.000000000000,1.685077895492,0.000000000000,
2.740000000000,0.000000000000,-120.000000000000,1.685077895492,0.000000000000,
2.745000000000,0.000000000000,-120.000000000000,1.685077895492,0.000000000000,
2.750000000000,0.000000000000,-120.000000000000,1.685077895492,0.000000000000,
2.755000000000,0.000000000000,-120.000000000000,1.685077895492,0.000000000000,
2.760000000000,0.000000000000,-240.000000000000,1.685077895492,0.000000000000,
2.765000000000,0.000000000000,-120.000000000000,1.685029958593,0.000000000000,
2.770000000000,0.000000000000,0.000000000000,1.685077895492,0.000000000000,
2.775000000000,0.000000000000,0.000000000000,1.685077895492,0.000000000000,
2.780000000000,0.000000000000,0.000000000000,1.685077895492,0.000000000000,
2.785000000000,0.000000000000,-120.000000000000,1.685077895492,0.000000000000,
2.790000000000,0.000000000000,-120.000000000000,1.685077895492,0.000000000000,
2.795000000000,0.000000000000,120.000000000000,1.685077895492,0.000000000000,
2.800000000000,0.000000000000,240.000000000000,1.685077895492,0.000000000000,
2.805000000000,0.000000000000,240.000000000000,1.685077895492,0.000000000000,
2.810000000000,0.000000000000,-120.000000000000,1.685029958593,0.000000000000,
2.815000000000,0.000000000000,-120.000000000000,1.685029958593,0.000000000000,
2.820000000000,0.000000000000,0.000000000000,1.685029958593,0.000000000000,
2.825000000000,0.000000000000,-240.000000000000,1.685077895492,0.000000000000,
2.830000000000,0.000000000000,120.000000000000,1.685077895492,0.000000000000,
2.835000000000,0.000000000000,120.000000000000,1.685077895492,0.000000000000,
2.840000000000,0.000000000000,-240.000000000000,1.685077895492,0.000000000000,
2.845000000000,0.000000000000,0.000000000000,1.685077895492,0.000000000000,
2.850000000000,0.000000000000,120.000000000000,1.685077895492,0.000000000000,
2.855000000000,0.000000000000,120.000000000000,1.685077895492,0.000000000000,
2.860000000000,0.000000000000,-240.000000000000,1.685077895492,0.000000000000,
2.865000000000,0.000000000000,-240.000000000000,1.685077895492,0.000000000000,
2.870000000000,0.000000000000,-120.000000000000,1.685077895492,0.000000000000,
2.875000000000,0.000000000000,-360.000000000000,1.685077895492,0.000000000000,
2.880000000000,0.000000000000,-240.000000000000,1.685077895492,0.000000000000,
2.885000000000,0.000000000000,120.000000000000,1.685077895492,0.000000000000,
2.890000000000,0.000000000000,-240.000000000000,1.685077895492,0.000000000000,
2.895000000000,0.000000000000,-240.000000000000,1.685077895492,0.000000000000,
2.900000000000,0.000000000000,120.000000000000,1.685077895492,0.000000000000,
2.905000000000,0.000000000000,120.000000000000,1.685029958593,0.000000000000,
2.910000000000,0.000000000000,120.000000000000,1.685029958593,0.000000000000,
2.915000000000,0.000000000000,360.000000000000,1.685077895492,0.000000000000,
2.920000000000,0.000000000000,-480.000000000000,1.685077895492,0.000000000000,
2.925000000000,0.000000000000,-480.000000000000,1.685077895492,0.000000000000,
2.930000000000,0.000000000000,120.000000000000,1.685077895492,0.000000000000,
2.935000000000,0.000000000000,120.000000000000,1.685077895492,0.000000000000,
2.940000000000,0.000000000000,120.000000000000,1.685077895492,0.000000000000,
2.945000000000,0.000000000000,-120.000000000000,1.685077895492,0.000000000000,
2.950000000000,0.000000000000,-360.000000000000,1.685077895492,0.000000000000,
2.955000000000,0.000000000000,-360.000000000000,1.685077895492,0.000000000000,
2.960000000000,0.000000000000,-240.000000000000,1.685077895492,0.000000000000,
2.965000000000,0.000000000000,-120.000000000000,1.685077895492,0.000000000000,
2.970000000000,0.000000000000,-120.000000000000,1.685077895492,0.000000000000,
2.975000000000,0.000000000000,0.000000000000,1.685077895492,0.000000000000,
2.980000000000,0.000000000000,-120.000000000000,1.685077895492,0.000000000000,
2.985000000000,0.000000000000,-120.000000000000,1.685077895492,0.000000000000,
2.990000000000,0.000000000000,0.000000000000,1.685077895492,0.000000000000,
2.995000000000,0.000000000000,120.000000000000,1.685029958593,0.000000000000,
3.000000000000,0.000000000000,120.000000000000,1.685029958593,0.000000000000,
3.005000000000,0.000000000000,240.000000000000,1.685077895492,0.000000000000,
3.010000000000,0.000000000000,240.000000000000,1.685077895492,0.000000000000,
3.015000000000,0.000000000000,240.000000000000,1.685077895492,0.000000000000,
3.020000000000,0.000000000000,-120.000000000000,1.685077895492,0.000000000000,
3.025000000000,0.000000000000,-120.000000000000,1.685077895492,0.000000000000,
3.030000000000,0.000000000000,-120.000000000000,1.685077895492,0.000000000000,
3.035000000000,0.000000000000,-240.000000000000,1.685077895492,0.000000000000,
3.040000000000,0.000000000000,-120.000000000000,1.685077895492,0.000000000000,
3.045000000000,0.000000000000,-120.000000000000,1.685077895492,0.000000000000,
3.050000000000,0.000000000000,120.000000000000,1.685029958593,0.000000000000,
3.055000000000,0.000000000000,360.000000000000,1.685029958593,0.000000000000,
3.060000000000,0.000000000000,240.000000000000,1.685029958593,0.000000000000,
3.065000000000,0.000000000000,-120.000000000000,1.685029958593,0.000000000000,
3.070000000000,0.000000000000,-120.000000000000,1.685077895492,0.000000000000,
3.075000000000,0.000000000000,-120.000000000000,1.685077895492,0.000000000000,
3.080000000000,0.000000000000,240.000000000000,1.685077895492,0.000000000000,
3.085000000000,0.000000000000,-120.000000000000,1.685077895492,0.000000000000,
3.090000000000,0.000000000000,-360.000000000000,1.685077895492,0.000000000000,
3.095000000000,0.000000000000,-120.000000000000,1.685029958593,0.000000000000,
3.100000000000,0.000000000000,120.000000000000,1.685077895492,0.000000000000,
3.105000000000,0.000000000000,120.000000000000,1.685077895492,0.000000000000,
3.110000000000,0.000000000000,120.000000000000,1.685029958593,0.000000000000,
3.115000000000,0.000000000000,120.000000000000,1.685077895492,0.000000000000,
3.120000000000,0.000000000000,-120.000000000000,1.685077895492,0.000000000000,
3.125000000000,0.000000000000,120.000000000000,1.685077895492,0.000000000000,
3.130000000000,0.000000000000,240.000000000000,1.685029958593,0.000000000000,
3.135000000000,0.000000000000,240.000000000000,1.685029958593,0.000000000000,
3.140000000000,0.000000000000,-120.000000000000,1.685029958593,0.000000000000,
3.145000000000,0.000000000000,-240.000000000000,1.685077895492,0.000000000000,
3.150000000000,0.000000000000,-120.000000000000,1.685077895492,0.000000000000,
3.155000000000,0.000000000000,-120.000000000000,1.685077895492,0.000000000000,
3.160000000000,0.000000000000,-120.000000000000,1.685077895492,0.000000000000,
3.165000000000,0.000000000000,-120.000000000000,1.685077895492,0.000000000000,
3.170000000000,0.000000000000,120.000000000000,1.685029958593,0.000000000000,
3.175000000000,0.000000000000,240.000000000000,1.685077895492,0.000000000000,
3.180000000000,0.000000000000,-120.000000000000,1.685077895492,0.000000000000,
3.185000000000,0.000000000000,-120.000000000000,1.685077895492,0.000000000000,
3.190000000000,0.000000000000,-240.000000000000,1.685077895492,0.000000000000,
3.195000000000,0.000000000000,-240.000000000000,1.685077895492,0.000000000000,
3.200000000000,0.000000000000,240.000000000000,1.685029958593,0.000000000000,
3.205000000000,0.000000000000,240.000000000000,1.685077895492,0.000000000000,
3.210000000000,0.000000000000,120.000000000000,1.685077895492,0.000000000000,
3.215000000000,0.000000000000,120.000000000000,1.685077895492,0.000000000000,
3.220000000000,0.000000000000,-120.000000000000,1.685077895492,0.000000000000,
3.225000000000,0.000000000000,-120.000000000000,1.685077895492,0.000000000000,
3.230000000000,0.000000000000,-120.000000000000,1.685077895492,0.000000000000,
3.235000000000,0.000000000000,-120.000000000000,1.685077895492,0.000000000000,
3.240000000000,0.000000000000,120.000000000000,1.685077895492,0.000000000000,
3.245000000000,0.000000000000,240.000000000000,1.685077895492,0.000000000000,
3.250000000000,0.000000000000,-240.000000000000,1.685029958593,0.000000000000,
3.255000000000,0.000000000000,-240.000000000000,1.685029958593,0.000000000000,
3.260000000000,0.000000000000,120.000000000000,1.685077895492,0.000000000000,
3.265000000000,0.000000000000,-120.000000000000,1.685077895492,0.000000000000,
3.270000000000,0.000000000000,120.000000000000,1.685077895492,0.000000000000,
3.275000000000,0.000000000000,360.000000000000,1.685077895492,0.000000000000,
3.280000000000,0.000000000000,240.000000000000,1.685077895492,0.000000000000,
3.285000000000,0.000000000000,240.000000000000,1.685077895492,0.000000000000,
3.290000000000,0.000000000000,120.000000000000,1.685077895492,0.000000000000,
3.295000000000,0.000000000000,360.000000000000,1.685029958593,0.000000000000,
3.300000000000,0.000000000000,120.000000000000,1.685077895492,0.000000000000,
3.305000000000,0.000000000000,-120.000000000000,1.685077895492,0.000000000000,
3.310000000000,0.000000000000,-120.000000000000,1.685077895492,0.000000000000,
3.315000000000,0.000000000000,-120.000000000000,1.685077895492,0.000000000000,
3.320000000000,0.000000000000,-240.000000000000,1.685077895492,0.000000000000,
3.325000000000,0.000000000000,-120.000000000000,1.685077895492,0.000000000000,
3.330000000000,0.000000000000,120.000000000000,1.685077895492,0.000000000000,
3.335000000000,0.000000000000,360.000000000000,1.685077895492,0.000000000000,
3.340000000000,0.000000000000,120.000000000000,1.685077895492,0.000000000000,
3.345000000000,0.000000000000,120.000000000000,1.685077895492,0.000000000000,
3.350000000000,0.000000000000,-240.000000000000,1.685029958593,0.000000000000,
3.355000000000,0.000000000000,-240.000000000000,1.685029958593,0.000000000000,
3.360000000000,0.000000000000,-240.000000000000,1.685029958593,0.000000000000,
3.365000000000,0.000000000000,-240.000000000000,1.685077895492,0.000000000000,
3.370000000000,0.000000000000,-240.000000000000,1.685077895492,0.000000000000,
3.375000000000,0.000000000000,-240.000000000000,1.685077895492,0.000000000000,
3.380000000000,0.000000000000,0.000000000000,1.685077895492,0.000000000000,
3.385000000000,0.000000000000,120.000000000000,1.685077895492,0.000000000000,
3.390000000000,0.000000000000,120.000000000000,1.685077895492,0.000000000000,
3.395000000000,0.000000000000,120.000000000000,1.685077895492,0.000000000000,
3.400000000000,0.000000000000,-120.000000000000,1.685029958593,0.000000000000,
3.405000000000,0.000000000000,-120.000000000000,1.685029958593,0.000000000000,
3.410000000000,0.000000000000,-120.000000000000,1.685077895492,0.000000000000,
3.415000000000,0.000000000000,-240.000000000000,1.685077895492,0.000000000000,
3.420000000000,0.000000000000,-120.000000000000,1.685029958593,0.000000000000,
3.425000000000,0.000000000000,-120.000000000000,1.685077895492,0.000000000000,
3.430000000000,0.000000000000,-360.000000000000,1.685077895492,0.000000000000,
3.435000000000,0.000000000000,-360.000000000000,1.685077895492,0.000000000000,
3.440000000000,0.000000000000,0.000000000000,1.685077895492,0.000000000000,
3.445000000000,0.000000000000,240.000000000000,1.685029958593,0.000000000000,
3.450000000000,0.000000000000,-120.000000000000,1.685077895492,0.000000000000,
3.455000000000,0.000000000000,120.000000000000,1.685077895492,0.000000000000,
3.460000000000,0.000000000000,-120.000000000000,1.685077895492,0.000000000000,
3.465000000000,0.000000000000,-120.000000000000,1.685077895492,0.000000000000,
3.470000000000,0.000000000000,120.000000000000,1.685077895492,0.000000000000,
3.475000000000,0.000000000000,240.000000000000,1.685077895492,0.000000000000,
3.480000000000,0.000000000000,120.000000000000,1.685029958593,0.000000000000,
3.485000000000,0.000000000000,0.000000000000,1.685077895492,0.000000000000,
3.490000000000,0.000000000000,120.000000000000,1.685029958593,0.000000000000,
3.495000000000,0.000000000000,120.000000000000,1.685029958593,0.000000000000,
3.500000000000,0.000000000000,240.000000000000,1.685029958593,0.000000000000,
3.505000000000,0.000000000000,240.000000000000,1.685029958593,0.000000000000,
3.510000000000,0.000000000000,0.000000000000,1.685029958593,0.000000000000,
3.515000000000,0.000000000000,360.000000000000,1.685077895492,0.000000000000,
3.520000000000,0.000000000000,0.000000000000,1.685077895492,0.000000000000,
3.525000000000,0.000000000000,0.000000000000,1.685077895492,0.000000000000,
3.530000000000,0.000000000000,-120.000000000000,1.685077895492,0.000000000000,
3.535000000000,0.000000000000,-120.000000000000,1.685029958593,0.000000000000,
3.540000000000,0.000000000000,-240.000000000000,1.685077895492,0.000000000000,
3.545000000000,0.000000000000,240.000000000000,1.685077895492,0.000000000000,
3.550000000000,0.000000000000,120.000000000000,1.685077895492,0.000000000000,
3.555000000000,0.000000000000,120.000000000000,1.685077895492,0.000000000000,
3.560000000000,0.000000000000,240.000000000000,1.685029958593,0.000000000000,
3.565000000000,0.000000000000,-360.000000000000,1.685029958593,0.000000000000,
3.570000000000,0.000000000000,-240.000000000000,1.685029958593,0.000000000000,
3.575000000000,0.000000000000,-120.000000000000,1.685029958593,0.000000000000,
3.580000000000,0.000000000000,-120.000000000000,1.685029958593,0.000000000000,
3.585000000000,0.000000000000,-120.000000000000,1.685029958593,0.000000000000,
3.590000000000,0.000000000000,120.000000000000,1.685029958593,0.000000000000,
3.595000000000,0.000000000000,120.000000000000,1.685077895492,0.000000000000,
3.600000000000,0.000000000000,-240.000000000000,1.685077895492,0.000000000000,
3.605000000000,0.000000000000,-240.000000000000,1.685029958593,0.000000000000,
3.610000000000,0.000000000000,120.000000000000,1.685077895492,0.000000000000,
3.615000000000,0.000000000000,120.000000000000,1.685077895492,0.000000000000,
3.620000000000,0.000000000000,120.000000000000,1.685077895492,0.000000000000,
3.625000000000,0.000000000000,240.000000000000,1.685077895492,0.000000000000,
3.630000000000,0.000000000000,-120.000000000000,1.685077895492,0.000000000000,
3.635000000000,0.000000000000,-240.000000000000,1.685029958593,0.000000000000,
3.640000000000,0.000000000000,-120.000000000000,1.685077895492,0.000000000000,
3.645000000000,0.000000000000,-120.000000000000,1.685077895492,0.000000000000,
3.650000000000,0.000000000000,-240.000000000000,1.685077895492,0.000000000000,
3.655000000000,0.000000000000,120.000000000000,1.685077895492,0.000000000000,
3.660000000000,0.000000000000,240.000000000000,1.685029958593,0.000000000000,
3.665000000000,0.000000000000,0.000000000000,1.685029958593,0.000000000000,
3.670000000000,0.000000000000,-240.000000000000,1.685077895492,0.000000000000,
3.675000000000,0.000000000000,-240.000000000000,1.685077895492,0.000000000000,
3.680000000000,0.000000000000,360.000000000000,1.685029958593,0.000000000000,
3.685000000000,0.000000000000,0.000000000000,1.685077895492,0.000000000000,
3.690000000000,0.000000000000,-120.000000000000,1.685077895492,0.000000000000,
3.695000000000,0.000000000000,-240.000000000000,1.685029958593,0.000000000000,
3.700000000000,0.000000000000,240.000000000000,1.685077895492,0.000000000000,
3.705000000000,0.000000000000,240.000000000000,1.685077895492,0.000000000000,
3.710000000000,0.000000000000,240.000000000000,1.685077895492,0.000000000000,
3.715000000000,0.000000000000,-120.000000000000,1.685077895492,0.000000000000,
3.720000000000,0.000000000000,-120.000000000000,1.685077895492,0.000000000000,
3.725000000000,0.000000000000,-480.000000000000,1.685077895492,0.000000000000,
3.730000000000,0.000000000000,240.000000000000,1.685077895492,0.000000000000,
3.735000000000,0.000000000000,240.000000000000,1.685077895492,0.000000000000,
3.740000000000,0.000000000000,-120.000000000000,1.685029958593,0.000000000000,
3.745000000000,0.000000000000,-120.000000000000,1.685077895492,0.000000000000,
3.750000000000,0.000000000000,360.000000000000,1.685029958593,0.000000000000,
3.755000000000,0.000000000000,120.000000000000,1.685077895492,0.000000000000,
3.760000000000,0.000000000000,-120.000000000000,1.685077895492,0.000000000000,
3.765000000000,0.000000000000,-120.000000000000,1.685077895492,0.000000000000,
3.770000000000,0.000000000000,-120.000000000000,1.685029958593,0.000000000000,
3.775000000000,0.000000000000,240.000000000000,1.685029958593,0.000000000000,
3.780000000000,0.000000000000,120.000000000000,1.685077895492,0.000000000000,
3.785000000000,0.000000000000,0.000000000000,1.685077895492,0.000000000000,
3.790000000000,0.000000000000,360.000000000000,1.685077895492,0.000000000000,
3.795000000000,0.000000000000,360.000000000000,1.685077895492,0.000000000000,
3.800000000000,0.000000000000,-120.000000000000,1.685077895492,0.000000000000,
3.805000000000,0.000000000000,-360.000000000000,1.685077895492,0.000000000000,
3.810000000000,0.000000000000,-240.000000000000,1.685077895492,0.000000000000,
3.815000000000,0.000000000000,-120.000000000000,1.685077895492,0.000000000000,
3.820000000000,0.000000000000,120.000000000000,1.685077895492,0.000000000000,
3.825000000000,0.000000000000,120.000000000000,1.685077895492,0.000000000000,
3.830000000000,0.000000000000,-240.000000000000,1.685077895492,0.000000000000,
3.835000000000,0.000000000000,0.000000000000,1.685077895492,0.000000000000,
3.840000000000,0.000000000000,-120.000000000000,1.685077895492,0.000000000000,
3.845000000000,0.000000000000,120.000000000000,1.685077895492,0.000000000000,
3.850000000000,0.000000000000,-240.000000000000,1.685077895492,0.000000000000,
3.855000000000,0.000000000000,-240.000000000000,1.685077895492,0.000000000000,
3.860000000000,0.000000000000,0.000000000000,1.685077895492,0.000000000000,
3.865000000000,0.000000000000,-120.000000000000,1.685077895492,0.000000000000,
3.870000000000,0.000000000000,120.000000000000,1.685077895492,0.000000000000,
3.875000000000,0.000000000000,240.000000000000,1.685077895492,0.000000000000,
3.880000000000,0.000000000000,0.000000000000,1.685077895492,0.000000000000,
3.885000000000,0.000000000000,0.000000000000,1.685077895492,0.000000000000,
3.890000000000,0.000000000000,240.000000000000,1.685077895492,0.000000000000,
3.895000000000,0.000000000000,120.000000000000,1.685029958593,0.000000000000,
3.900000000000,0.000000000000,0.000000000000,1.685029958593,0.000000000000,
3.905000000000,0.000000000000,0.000000000000,1.685077895492,0.000000000000,
3.910000000000,0.000000000000,-120.000000000000,1.685077895492,0.000000000000,
3.915000000000,0.000000000000,-120.000000000000,1.685077895492,0.000000000000,
3.920000000000,0.000000000000,-240.000000000000,1.685029958593,0.000000000000,
3.925000000000,0.000000000000,-240.000000000000,1.685077895492,0.000000000000,
3.930000000000,0.000000000000,-120.000000000000,1.685077895492,0.000000000000,
3.935000000000,0.000000000000,-120.000000000000,1.685077895492,0.000000000000,
3.940000000000,0.000000000000,-120.000000000000,1.685077895492,0.000000000000,
3.945000000000,0.000000000000,-120.000000000000,1.685077895492,0.000000000000,
3.950000000000,0.000000000000,-120.000000000000,1.685029958593,0.000000000000,
3.955000000000,0.000000000000,-120.000000000000,1.685029958593,0.000000000000,
3.960000000000,0.000000000000,-120.000000000000,1.685077895492,0.000000000000,
3.965000000000,0.000000000000,240.000000000000,1.685029958593,0.000000000000,
3.970000000000,0.000000000000,120.000000000000,1.685029958593,0.000000000000,
3.975000000000,0.000000000000,120.000000000000,1.685029958593,0.000000000000,
3.980000000000,0.000000000000,120.000000000000,1.685077895492,0.000000000000,
3.985000000000,0.000000000000,240.000000000000,1.685077895492,0.000000000000,
3.990000000000,0.000000000000,120.000000000000,1.685077895492,0.000000000000,
3.995000000000,0.000000000000,120.000000000000,1.685077895492,0.000000000000,
4.000000000000,0.000000000000,240.000000000000,1.685077895492,0.000000000000,
4.005000000000,0.000000000000,240.000000000000,1.685077895492,0.000000000000,
4.010000000000,0.000000000000,240.000000000000,1.685077895492,0.000000000000,
4.015000000000,0.000000000000,120.000000000000,1.685077895492,0.000000000000,
4.020000000000,0.000000000000,-240.000000000000,1.685077895492,0.000000000000,
4.025000000000,0.000000000000,-360.000000000000,1.685077895492,0.000000000000,
4.030000000000,0.000000000000,-240.000000000000,1.685077895492,0.000000000000,
4.035000000000,0.000000000000,-240.000000000000,1.685077895492,0.000000000000,
4.040000000000,0.000000000000,240.000000000000,1.685077895492,0.000000000000,
4.045000000000,0.000000000000,360.000000000000,1.685029958593,0.000000000000,
4.050000000000,0.000000000000,120.000000000000,1.685077895492,0.000000000000,
4.055000000000,0.000000000000,120.000000000000,1.685077895492,0.000000000000,
4.060000000000,0.000000000000,120.000000000000,1.685029958593,0.000000000000,
4.065000000000,0.000000000000,120.000000000000,1.685029958593,0.000000000000,
4.070000000000,0.000000000000,-120.000000000000,1.685077895492,0.000000000000,
4.075000000000,0.000000000000,-240.000000000000,1.685077895492,0.000000000000,
4.080000000000,0.000000000000,-240.000000000000,1.685029958593,0.000000000000,
4.085000000000,0.000000000000,120.000000000000,1.685077895492,0.000000000000,
4.090000000000,0.000000000000,120.000000000000,1.685077895492,0.000000000000,
4.095000000000,0.000000000000,120.000000000000,1.685077895492,0.000000000000,
4.100000000000,0.000000000000,-120.000000000000,1.685077895492,0.000000000000,
4.105000000000,0.000000000000,-120.000000000000,1.685077895492,0.000000000000,
4.110000000000,0.000000000000,-120.000000000000,1.685077895492,0.000000000000,
4.115000000000,0.000000000000,240.000000000000,1.685077895492,0.000000000000,
4.120000000000,0.000000000000,480.000000000000,1.685029958593,0.000000000000,
4.125000000000,0.000000000000,480.000000000000,1.685029958593,0.000000000000,
4.130000000000,0.000000000000,-240.000000000000,1.685077895492,0.000000000000,
4.135000000000,0.000000000000,-360.000000000000,1.685077895492,0.000000000000,
4.140000000000,0.000000000000,-240.000000000000,1.685077895492,0.000000000000,
4.145000000000,0.000000000000,120.000000000000,1.685077895492,0.000000000000,
4.150000000000,0.000000000000,120.000000000000,1.685077895492,0.000000000000,
4.155000000000,0.000000000000,120.000000000000,1.685077895492,0.000000000000,
4.160000000000,0.000000000000,-120.000000000000,1.685077895492,0.000000000000,
4.165000000000,0.000000000000,-120.000000000000,1.685077895492,0.000000000000,
4.170000000000,0.000000000000,0.000000000000,1.685077895492,0.000000000000,
4.175000000000,0.000000000000,120.000000000000,1.685029958593,0.000000000000,
4.180000000000,0.000000000000,-240.000000000000,1.685077895492,0.000000000000,
4.185000000000,0.000000000000,-240.000000000000,1.685077895492,0.000000000000,
4.190000000000,0.000000000000,-240.000000000000,1.685029958593,0.000000000000,
4.195000000000,0.000000000000,480.000000000000,1.685077895492,0.000000000000,
4.200000000000,0.000000000000,360.000000000000,1.685029958593,0.000000000000,
4.205000000000,0.000000000000,-240.000000000000,1.685077895492,0.000000000000,
4.210000000000,0.000000000000,-120.000000000000,1.685077895492,0.000000000000,
4.215000000000,0.000000000000,-120.000000000000,1.685077895492,0.000000000000,
4.220000000000,0.000000000000,120.000000000000,1.685029958593,0.000000000000,
4.225000000000,0.000000000000,360.000000000000,1.685077895492,0.000000000000,
4.230000000000,0.000000000000,0.000000000000,1.685077895492,0.000000000000,
4.235000000000,0.000000000000,120.000000000000,1.685077895492,0.000000000000,
4.240000000000,0.000000000000,-240.000000000000,1.685077895492,0.000000000000,
4.245000000000,0.000000000000,-240.000000000000,1.685077895492,0.000000000000,
4.250000000000,0.000000000000,-240.000000000000,1.685077895492,0.000000000000,
4.255000000000,0.000000000000,-120.000000000000,1.685077895492,0.000000000000,
4.260000000000,0.000000000000,0.000000000000,1.685077895492,0.000000000000,
4.265000000000,0.000000000000,-120.000000000000,1.685077895492,0.000000000000,
4.270000000000,0.000000000000,-120.000000000000,1.685077895492,0.000000000000,
4.275000000000,0.000000000000,-120.000000000000,1.685077895492,0.000000000000,
4.280000000000,0.000000000000,240.000000000000,1.685029958593,0.000000000000,
4.285000000000,0.000000000000,120.000000000000,1.685077895492,0.000000000000,
4.290000000000,0.000000000000,240.000000000000,1.685029958593,0.000000000000,
4.295000000000,0.000000000000,-240.000000000000,1.685077895492,0.000000000000,
4.300000000000,0.000000000000,120.000000000000,1.685077895492,0.000000000000,
4.305000000000,0.000000000000,120.000000000000,1.685077895492,0.000000000000,
4.310000000000,0.000000000000,-240.000000000000,1.685077895492,0.000000000000,
4.315000000000,0.000000000000,120.000000000000,1.685029958593,0.000000000000,
4.320000000000,0.000000000000,-120.000000000000,1.685077895492,0.000000000000,
4.325000000000,0.000000000000,-120.000000000000,1.685077895492,0.000000000000,
4.330000000000,0.000000000000,360.000000000000,1.685029958593,0.000000000000,
4.335000000000,0.000000000000,360.000000000000,1.685029958593,0.000000000000,
4.340000000000,0.000000000000,-240.000000000000,1.685077895492,0.000000000000,
4.345000000000,0.000000000000,-120.000000000000,1.685077895492,0.000000000000,
4.350000000000,0.000000000000,-240.000000000000,1.685077895492,0.000000000000,
4.355000000000,0.000000000000,-240.000000000000,1.685029958593,0.000000000000,
4.360000000000,0.000000000000,360.000000000000,1.685077895492,0.000000000000,
4.365000000000,0.000000000000,360.000000000000,1.685077895492,0.000000000000,
4.370000000000,0.000000000000,240.000000000000,1.685077895492,0.000000000000,
4.375000000000,0.000000000000,360.000000000000,1.685077895492,0.000000000000,
4.380000000000,0.000000000000,120.000000000000,1.685077895492,0.000000000000,
4.385000000000,0.000000000000,240.000000000000,1.685077895492,0.000000000000,
4.390000000000,0.000000000000,120.000000000000,1.685077895492,0.000000000000,
4.395000000000,0.000000000000,120.000000000000,1.685077895492,0.000000000000,
4.400000000000,0.000000000000,0.000000000000,1.685077895492,0.000000000000,
4.405000000000,0.000000000000,-240.000000000000,1.685077895492,0.000000000000,
4.410000000000,0.000000000000,240.000000000000,1.685029958593,0.000000000000,
4.415000000000,0.000000000000,-120.000000000000,1.685077895492,0.000000000000,
4.420000000000,0.000000000000,240.000000000000,1.685077895492,0.000000000000,
4.425000000000,0.000000000000,240.000000000000,1.685077895492,0.000000000000,
4.430000000000,0.000000000000,120.000000000000,1.685077895492,0.000000000000,
4.435000000000,0.000000000000,-120.000000000000,1.685077895492,0.000000000000,
4.440000000000,0.000000000000,-120.000000000000,1.685077895492,0.000000000000,
4.445000000000,0.000000000000,120.000000000000,1.685029958593,0.000000000000,
4.450000000000,0.000000000000,-120.000000000000,1.685077895492,0.000000000000,
4.455000000000,0.000000000000,-120.000000000000,1.685077895492,0.000000000000,
4.460000000000,0.000000000000,-120.000000000000,1.685077895492,0.000000000000,
4.465000000000,0.000000000000,-120.000000000000,1.685029958593,0.000000000000,
4.470000000000,0.000000000000,0.000000000000,1.685077895492,0.000000000000,
4.475000000000,0.000000000000,-120.000000000000,1.685077895492,0.000000000000,
4.480000000000,0.000000000000,240.000000000000,1.685077895492,0.000000000000,
4.485000000000,0.000000000000,240.000000000000,1.685077895492,0.000000000000,
4.490000000000,0.000000000000,-240.000000000000,1.685077895492,0.000000000000,
4.495000000000,0.000000000000,-120.000000000000,1.685077895492,0.000000000000,
4.500000000000,0.000000000000,120.000000000000,1.685077895492,0.000000000000,
4.505000000000,0.000000000000,-120.000000000000,1.685077895492,0.000000000000,
4.510000000000,0.000000000000,-240.000000000000,1.685077895492,0.000000000000,
4.515000000000,0.000000000000,-240.000000000000,1.685077895492,0.000000000000,
4.520000000000,0.000000000000,-120.000000000000,1.685029958593,0.000000000000,
4.525000000000,0.000000000000,240.000000000000,1.685029958593,0.000000000000,
4.530000000000,0.000000000000,-240.000000000000,1.685077895492,0.000000000000,
4.535000000000,0.000000000000,0.000000000000,1.685029958593,0.000000000000,
4.540000000000,0.000000000000,-120.000000000000,1.685029958593,0.000000000000,
4.545000000000,0.000000000000,-120.000000000000,1.685029958593,0.000000000000,
4.550000000000,0.000000000000,-240.000000000000,1.685077895492,0.000000000000,
4.555000000000,0.000000000000,0.000000000000,1.685077895492,0.000000000000,
4.560000000000,0.000000000000,-120.000000000000,1.685077895492,0.000000000000,
4.565000000000,0.000000000000,-120.000000000000,1.685029958593,0.000000000000,
4.570000000000,0.000000000000,120.000000000000,1.685029958593,0.000000000000,
4.575000000000,0.000000000000,120.000000000000,1.685029958593,0.000000000000,
4.580000000000,0.000000000000,120.000000000000,1.685077895492,0.000000000000,
4.585000000000,0.000000000000,120.000000000000,1.685077895492,0.000000000000,
4.590000000000,0.000000000000,-240.000000000000,1.685077895492,0.000000000000,
4.595000000000,0.000000000000,240.000000000000,1.685077895492,0.000000000000,
4.600000000000,0.000000000000,-120.000000000000,1.685077895492,0.000000000000,
4.605000000000,0.000000000000,-120.000000000000,1.685077895492,0.000000000000,
4.610000000000,0.000000000000,0.000000000000,1.685077895492,0.000000000000,
4.615000000000,0.000000000000,-120.000000000000,1.685029958593,0.000000000000,
4.620000000000,0.000000000000,360.000000000000,1.685077895492,0.000000000000,
4.625000000000,0.000000000000,-240.000000000000,1.685077895492,0.000000000000,
4.630000000000,0.000000000000,240.000000000000,1.685029958593,0.000000000000,
4.635000000000,0.000000000000,240.000000000000,1.685029958593,0.000000000000,
4.640000000000,0.000000000000,-120.000000000000,1.685029958593,0.000000000000,
4.645000000000,0.000000000000,-120.000000000000,1.685077895492,0.000000000000,
4.650000000000,0.000000000000,-120.000000000000,1.685077895492,0.000000000000,
4.655000000000,0.000000000000,120.000000000000,1.685077895492,0.000000000000,
4.660000000000,0.000000000000,120.000000000000,1.685077895492,0.000000000000,
4.665000000000,0.000000000000,120.000000000000,1.685077895492,0.000000000000,
4.670000000000,0.000000000000,120.000000000000,1.685077895492,0.000000000000,
4.675000000000,0.000000000000,-120.000000000000,1.685029958593,0.000000000000,
4.680000000000,0.000000000000,-240.000000000000,1.685077895492,0.000000000000,
4.685000000000,0.000000000000,0.000000000000,1.685077895492,0.000000000000,
4.690000000000,0.000000000000,240.000000000000,1.685077895492,0.000000000000,
4.695000000000,0.000000000000,240.000000000000,1.685077895492,0.000000000000,
4.700000000000,0.000000000000,0.000000000000,1.685077895492,0.000000000000,
4.705000000000,0.000000000000,-120.000000000000,1.685077895492,0.000000000000,
4.710000000000,0.000000000000,120.000000000000,1.685077895492,0.000000000000,
4.715000000000,0.000000000000,240.000000000000,1.685077895492,0.000000000000,
4.720000000000,0.000000000000,240.000000000000,1.685077895492,0.000000000000,
4.725000000000,0.000000000000,240.000000000000,1.685077895492,0.000000000000,
4.730000000000,0.000000000000,-240.000000000000,1.685077895492,0.000000000000,
4.735000000000,0.000000000000,120.000000000000,1.685077895492,0.000000000000,
4.740000000000,0.000000000000,120.000000000000,1.685077895492,0.000000000000,
4.745000000000,0.000000000000,120.000000000000,1.685077895492,0.000000000000,
4.750000000000,0.000000000000,240.000000000000,1.685077895492,0.000000000000,
4.755000000000,0.000000000000,240.000000000000,1.685077895492,0.000000000000,
4.760000000000,0.000000000000,-120.000000000000,1.685077895492,0.000000000000,
4.765000000000,0.000000000000,-240.000000000000,1.685077895492,0.000000000000,
4.770000000000,0.000000000000,-240.000000000000,1.685077895492,0.000000000000,
4.775000000000,0.000000000000,120.000000000000,1.685077895492,0.000000000000,
4.780000000000,0.000000000000,240.000000000000,1.685077895492,0.000000000000,
4.785000000000,0.000000000000,240.000000000000,1.685077895492,0.000000000000,
4.790000000000,0.000000000000,360.000000000000,1.685077895492,0.000000000000,
4.795000000000,0.000000000000,0.000000000000,1.685077895492,0.000000000000,
4.800000000000,0.000000000000,-240.000000000000,1.685077895492,0.000000000000,
4.805000000000,0.000000000000,-120.000000000000,1.685029958593,0.000000000000,
4.810000000000,0.000000000000,240.000000000000,1.685029958593,0.000000000000,
4.815000000000,0.000000000000,240.000000000000,1.685029958593,0.000000000000,
4.820000000000,0.000000000000,120.000000000000,1.685077895492,0.000000000000,
4.825000000000,0.000000000000,120.000000000000,1.685029958593,0.000000000000,
4.830000000000,0.000000000000,120.000000000000,1.685077895492,0.000000000000,
4.835000000000,0.000000000000,-120.000000000000,1.685029958593,0.000000000000,
4.840000000000,0.000000000000,-120.000000000000,1.685077895492,0.000000000000,
4.845000000000,0.000000000000,-120.000000000000,1.685077895492,0.000000000000,
4.850000000000,0.000000000000,120.000000000000,1.685077895492,0.000000000000,
4.855000000000,0.000000000000,-120.000000000000,1.685029958593,0.000000000000,
4.860000000000,0.000000000000,-240.000000000000,1.685077895492,0.000000000000,
4.865000000000,0.000000000000,-120.000000000000,1.685077895492,0.000000000000,
4.870000000000,0.000000000000,120.000000000000,1.685077895492,0.000000000000,
4.875000000000,0.000000000000,120.000000000000,1.685077895492,0.000000000000,
4.880000000000,0.000000000000,-120.000000000000,1.685077895492,0.000000000000,
4.885000000000,0.000000000000,-120.000000000000,1.685077895492,0.000000000000,
4.890000000000,0.000000000000,120.000000000000,1.685029958593,0.000000000000,
4.895000000000,0.000000000000,120.000000000000,1.685029958593,0.000000000000,
4.900000000000,0.000000000000,120.000000000000,1.685077895492,0.000000000000,
4.905000000000,0.000000000000,120.000000000000,1.685077895492,0.000000000000,
4.910000000000,0.000000000000,360.000000000000,1.685077895492,0.000000000000,
4.915000000000,0.000000000000,-240.000000000000,1.685029958593,0.000000000000,
4.920000000000,0.000000000000,-120.000000000000,1.685077895492,0.000000000000,
4.925000000000,0.000000000000,-120.000000000000,1.685029958593,0.000000000000,
4.930000000000,0.000000000000,-120.000000000000,1.685077895492,0.000000000000,
4.935000000000,0.000000000000,-120.000000000000,1.685077895492,0.000000000000,
4.940000000000,0.000000000000,-360.000000000000,1.685029958593,0.000000000000,
4.945000000000,0.000000000000,-120.000000000000,1.685077895492,0.000000000000,
4.950000000000,0.000000000000,-240.000000000000,1.685077895492,0.000000000000,
4.955000000000,0.000000000000,-120.000000000000,1.685029958593,0.000000000000,
4.960000000000,0.000000000000,240.000000000000,1.685029958593,0.000000000000,
4.965000000000,0.000000000000,240.000000000000,1.685029958593,0.000000000000,
4.970000000000,0.000000000000,-120.000000000000,1.685029958593,0.000000000000,
4.975000000000,0.000000000000,240.000000000000,1.685077895492,0.000000000000,
4.980000000000,0.000000000000,-240.000000000000,1.685029958593,0.000000000000,
4.985000000000,0.000000000000,0.000000000000,1.685077895492,0.000000000000,
4.990000000000,0.000000000000,0.000000000000,1.685077895492,0.000000000000,
4.995000000000,0.000000000000,0.000000000000,1.685077895492,0.000000000000,
5.000000000000,0.000000000000,-240.000000000000,1.685077895492,0.000000000000,
5.005000000000,0.000000000000,-240.000000000000,1.685077895492,0.000000000000,
5.010000000000,0.000000000000,120.000000000000,1.685077895492,0.000000000000,
5.015000000000,0.000000000000,120.000000000000,1.685077895492,0.000000000000,
5.020000000000,0.000000000000,240.000000000000,1.685029958593,0.000000000000,
5.025000000000,0.000000000000,240.000000000000,1.685029958593,0.000000000000,
5.030000000000,0.000000000000,0.000000000000,1.685029958593,0.000000000000,
5.035000000000,0.000000000000,0.000000000000,1.685077895492,0.000000000000,
5.040000000000,0.000000000000,240.000000000000,1.685077895492,0.000000000000,
5.045000000000,0.000000000000,0.000000000000,1.685077895492,0.000000000000,
5.050000000000,0.000000000000,-240.000000000000,1.685077895492,0.000000000000,
5.055000000000,0.000000000000,-240.000000000000,1.685077895492,0.000000000000,
5.060000000000,0.000000000000,-240.000000000000,1.685029958593,0.000000000000,
5.065000000000,0.000000000000,-240.000000000000,1.685077895492,0.000000000000,
5.070000000000,0.000000000000,-360.000000000000,1.685077895492,0.000000000000,
5.075000000000,0.000000000000,120.000000000000,1.685029958593,0.000000000000,
5.080000000000,0.000000000000,-240.000000000000,1.685077895492,0.000000000000,
5.085000000000,0.000000000000,-240.000000000000,1.685077895492,0.000000000000,
5.090000000000,0.000000000000,120.000000000000,1.685077895492,0.000000000000,
5.095000000000,0.000000000000,-120.000000000000,1.685077895492,0.000000000000,
5.100000000000,0.000000000000,-120.000000000000,1.685077895492,0.000000000000,
5.105000000000,0.000000000000,-240.000000000000,1.685029958593,0.000000000000,
5.110000000000,0.000000000000,120.000000000000,1.685077895492,0.000000000000,
5.115000000000,0.000000000000,120.000000000000,1.685077895492,0.000000000000,
5.120000000000,0.000000000000,240.000000000000,1.685029958593,0.000000000000,
5.125000000000,0.000000000000,-120.000000000000,1.685077895492,0.000000000000,
5.130000000000,0.000000000000,0.000000000000,1.685029958593,0.000000000000,
5.135000000000,0.000000000000,240.000000000000,1.685029958593,0.000000000000,
5.140000000000,0.000000000000,120.000000000000,1.685029958593,0.000000000000,
5.145000000000,0.000000000000,120.000000000000,1.685029958593,0.000000000000,
5.150000000000,0.000000000000,-120.000000000000,1.685077895492,0.000000000000,
5.155000000000,0.000000000000,-120.000000000000,1.685077895492,0.000000000000,
5.160000000000,0.000000000000,-360.000000000000,1.685029958593,0.000000000000,
5.165000000000,0.000000000000,0.000000000000,1.685077895492,0.000000000000,
5.170000000000,0.000000000000,0.000000000000,1.685077895492,0.000000000000,
5.175000000000,0.000000000000,0.000000000000,1.685077895492,0.000000000000,
5.180000000000,0.000000000000,-240.000000000000,1.685077895492,0.000000000000,
5.185000000000,0.000000000000,120.000000000000,1.685077895492,0.000000000000,
5.190000000000,0.000000000000,-240.000000000000,1.685077895492,0.000000000000,
5.195000000000,0.000000000000,-120.000000000000,1.685077895492,0.000000000000,
5.200000000000,0.000000000000,120.000000000000,1.685029958593,0.000000000000,
5.205000000000,0.000000000000,120.000000000000,1.685029958593,0.000000000000,
5.210000000000,0.000000000000,-240.000000000000,1.685029958593,0.000000000000,
5.215000000000,0.000000000000,-120.000000000000,1.685077895492,0.000000000000,
5.220000000000,0.000000000000,120.000000000000,1.685029958593,0.000000000000,
5.225000000000,0.000000000000,120.000000000000,1.685077895492,0.000000000000,
5.230000000000,0.000000000000,-120.000000000000,1.685077895492,0.000000000000,
5.235000000000,0.000000000000,-120.000000000000,1.685077895492,0.000000000000,
5.240000000000,0.000000000000,0.000000000000,1.685077895492,0.000000000000,
5.245000000000,0.000000000000,600.000000000000,1.685077895492,0.000000000000,
5.250000000000,0.000000000000,240.000000000000,1.685077895492,0.000000000000,
5.255000000000,0.000000000000,-240.000000000000,1.685077895492,0.000000000000,
5.260000000000,0.000000000000,240.000000000000,1.685077895492,0.000000000000,
5.265000000000,0.000000000000,240.000000000000,1.685077895492,0.000000000000,
5.270000000000,0.000000000000,240.000000000000,1.685029958593,0.000000000000,
5.275000000000,0.000000000000,240.000000000000,1.685077895492,0.000000000000,
5.280000000000,0.000000000000,120.000000000000,1.685029958593,0.000000000000,
5.285000000000,0.000000000000,-240.000000000000,1.685029958593,0.000000000000,
5.290000000000,0.000000000000,0.000000000000,1.685077895492,0.000000000000,
5.295000000000,0.000000000000,0.000000000000,1.685077895492,0.000000000000,
5.300000000000,0.000000000000,120.000000000000,1.685077895492,0.000000000000,
5.305000000000,0.000000000000,240.000000000000,1.685029958593,0.000000000000,
5.310000000000,0.000000000000,-120.000000000000,1.685077895492,0.000000000000,
5.315000000000,0.000000000000,-240.000000000000,1.685077895492,0.000000000000,
5.320000000000,0.000000000000,240.000000000000,1.685077895492,0.000000000000,
5.325000000000,0.000000000000,240.000000000000,1.685077895492,0.000000000000,
5.330000000000,0.000000000000,240.000000000000,1.685077895492,0.000000000000,
5.335000000000,0.000000000000,240.000000000000,1.685077895492,0.000000000000,
5.340000000000,0.000000000000,120.000000000000,1.685077895492,0.000000000000,
5.345000000000,0.000000000000,-240.000000000000,1.685029958593,0.000000000000,
5.350000000000,0.000000000000,360.000000000000,1.685077895492,0.000000000000,
5.355000000000,0.000000000000,360.000000000000,1.685077895492,0.000000000000,
5.360000000000,0.000000000000,240.000000000000,1.685077895492,0.000000000000,
5.365000000000,0.000000000000,240.000000000000,1.685029958593,0.000000000000,
5.370000000000,0.000000000000,-120.000000000000,1.685029958593,0.000000000000,
5.375000000000,0.000000000000,-120.000000000000,1.685077895492,0.000000000000,
5.380000000000,0.000000000000,120.000000000000,1.685029958593,0.000000000000,
5.385000000000,0.000000000000,120.000000000000,1.685029958593,0.000000000000,
5.390000000000,0.000000000000,120.000000000000,1.685077895492,0.000000000000,
5.395000000000,0.000000000000,-120.000000000000,1.685077895492,0.000000000000,
5.400000000000,0.000000000000,-120.000000000000,1.685077895492,0.000000000000,
5.405000000000,0.000000000000,240.000000000000,1.685077895492,0.000000000000,
5.410000000000,0.000000000000,480.000000000000,1.685077895492,0.000000000000,
5.415000000000,0.000000000000,480.000000000000,1.685077895492,0.000000000000,
5.420000000000,0.000000000000,0.000000000000,1.685077895492,0.000000000000,
5.425000000000,0.000000000000,120.000000000000,1.685029958593,0.000000000000,
5.430000000000,0.000000000000,-120.000000000000,1.685029958593,0.000000000000,
5.435000000000,0.000000000000,-240.000000000000,1.685077895492,0.000000000000,
5.440000000000,0.000000000000,-120.000000000000,1.685077895492,0.000000000000,
5.445000000000,0.000000000000,-120.000000000000,1.685077895492,0.000000000000,
5.450000000000,0.000000000000,-120.000000000000,1.685029958593,0.000000000000,
5.455000000000,0.000000000000,-120.000000000000,1.685077895492,0.000000000000,
5.460000000000,0.000000000000,-120.000000000000,1.685077895492,0.000000000000,
5.465000000000,0.000000000000,-360.000000000000,1.685029958593,0.000000000000,
5.470000000000,0.000000000000,240.000000000000,1.685077895492,0.000000000000,
5.475000000000,0.000000000000,240.000000000000,1.685077895492,0.000000000000,
5.480000000000,0.000000000000,120.000000000000,1.685029958593,0.000000000000,
5.485000000000,0.000000000000,-120.000000000000,1.685077895492,0.000000000000,
5.490000000000,0.000000000000,-120.000000000000,1.685077895492,0.000000000000,
5.495000000000,0.000000000000,-120.000000000000,1.685077895492,0.000000000000,
5.500000000000,0.000000000000,-120.000000000000,1.685029958593,0.000000000000,
5.505000000000,0.000000000000,-120.000000000000,1.685029958593,0.000000000000,
5.510000000000,0.000000000000,120.000000000000,1.685077895492,0.000000000000,
5.515000000000,0.000000000000,240.000000000000,1.685029958593,0.000000000000,
5.520000000000,0.000000000000,0.000000000000,1.685077895492,0.000000000000,
5.525000000000,0.000000000000,120.000000000000,1.685077895492,0.000000000000,
5.530000000000,0.000000000000,-120.000000000000,1.685029958593,0.000000000000,
5.535000000000,0.000000000000,-120.000000000000,1.685029958593,0.000000000000,
5.540000000000,0.000000000000,-120.000000000000,1.685077895492,0.000000000000,
5.545000000000,0.000000000000,-120.000000000000,1.685077895492,0.000000000000,
5.550000000000,0.000000000000,-120.000000000000,1.685077895492,0.000000000000,
5.555000000000,0.000000000000,-120.000000000000,1.685077895492,0.000000000000,
5.560000000000,0.000000000000,240.000000000000,1.685029958593,0.000000000000,
5.565000000000,0.000000000000,240.000000000000,1.685029958593,0.000000000000,
5.570000000000,0.000000000000,-120.000000000000,1.685077895492,0.000000000000,
5.575000000000,0.000000000000,-240.000000000000,1.685029958593,0.000000000000,
5.580000000000,0.000000000000,120.000000000000,1.685077895492,0.000000000000,
5.585000000000,0.000000000000,-120.000000000000,1.685029958593,0.000000000000,
5.590000000000,0.000000000000,120.000000000000,1.685077895492,0.000000000000,
5.595000000000,0.000000000000,120.000000000000,1.685077895492,0.000000000000,
5.600000000000,0.000000000000,240.000000000000,1.685029958593,0.000000000000,
5.605000000000,0.000000000000,120.000000000000,1.685077895492,0.000000000000,
5.610000000000,0.000000000000,120.000000000000,1.685077895492,0.000000000000,
5.615000000000,0.000000000000,-240.000000000000,1.685077895492,0.000000000000,
5.620000000000,0.000000000000,-120.000000000000,1.685077895492,0.000000000000,
5.625000000000,0.000000000000,-120.000000000000,1.685077895492,0.000000000000,
5.630000000000,0.000000000000,120.000000000000,1.685077895492,0.000000000000,
5.635000000000,0.000000000000,-240.000000000000,1.685077895492,0.000000000000,
5.640000000000,0.000000000000,-120.000000000000,1.685077895492,0.000000000000,
5.645000000000,0.000000000000,240.000000000000,1.685029958593,0.000000000000,
5.650000000000,0.000000000000,120.000000000000,1.685077895492,0.000000000000,
5.655000000000,0.000000000000,120.000000000000,1.685077895492,0.000000000000,
5.660000000000,0.000000000000,-240.000000000000,1.685077895492,0.000000000000,
5.665000000000,0.000000000000,-240.000000000000,1.685077895492,0.000000000000,
5.670000000000,0.000000000000,240.000000000000,1.685077895492,0.000000000000,
5.675000000000,0.000000000000,-120.000000000000,1.685077895492,0.000000000000,
5.680000000000,0.000000000000,120.000000000000,1.685077895492,0.000000000000,
5.685000000000,0.000000000000,120.000000000000,1.685077895492,0.000000000000,
5.690000000000,0.000000000000,120.000000000000,1.685077895492,0.000000000000,
5.695000000000,0.000000000000,-240.000000000000,1.685077895492,0.000000000000,
5.700000000000,0.000000000000,-360.000000000000,1.685077895492,0.000000000000,
5.705000000000,0.000000000000,0.000000000000,1.685077895492,0.000000000000,
5.710000000000,0.000000000000,-120.000000000000,1.685029958593,0.000000000000,
5.715000000000,0.000000000000,-120.000000000000,1.685029958593,0.000000000000,
5.720000000000,0.000000000000,-120.000000000000,1.685077895492,0.000000000000,
5.725000000000,0.000000000000,120.000000000000,1.685077895492,0.000000000000,
5.730000000000,0.000000000000,-120.000000000000,1.685029958593,0.000000000000,
5.735000000000,0.000000000000,240.000000000000,1.685077895492,0.000000000000,
5.740000000000,0.000000000000,240.000000000000,1.685077895492,0.000000000000,
5.745000000000,0.000000000000,240.000000000000,1.685077895492,0.000000000000,
5.750000000000,0.000000000000,120.000000000000,1.685029958593,0.000000000000,
5.755000000000,0.000000000000,-120.000000000000,1.685029958593,0.000000000000,
5.760000000000,0.000000000000,0.000000000000,1.685077895492,0.000000000000,
5.765000000000,0.000000000000,360.000000000000,1.685077895492,0.000000000000,
5.770000000000,0.000000000000,-240.000000000000,1.685077895492,0.000000000000,
5.775000000000,0.000000000000,-240.000000000000,1.685077895492,0.000000000000,
5.780000000000,0.000000000000,-120.000000000000,1.685077895492,0.000000000000,
5.785000000000,0.000000000000,-120.000000000000,1.685077895492,0.000000000000,
5.790000000000,0.000000000000,-360.000000000000,1.685077895492,0.000000000000,
5.795000000000,0.000000000000,240.000000000000,1.685077895492,0.000000000000,
5.800000000000,0.000000000000,120.000000000000,1.685077895492,0.000000000000,
5.805000000000,0.000000000000,120.000000000000,1.685077895492,0.000000000000,
5.810000000000,0.000000000000,120.000000000000,1.685077895492,0.000000000000,
5.815000000000,0.000000000000,120.000000000000,1.685077895492,0.000000000000,
5.820000000000,0.000000000000,240.000000000000,1.685077895492,0.000000000000,
5.825000000000,0.000000000000,-240.000000000000,1.685029958593,0.000000000000,
5.830000000000,0.000000000000,-120.000000000000,1.685077895492,0.000000000000,
5.835000000000,0.000000000000,-120.000000000000,1.685077895492,0.000000000000,
5.840000000000,0.000000000000,-120.000000000000,1.685077895492,0.000000000000,
5.845000000000,0.000000000000,120.000000000000,1.685077895492,0.000000000000,
5.850000000000,0.000000000000,120.000000000000,1.685077895492,0.000000000000,
5.855000000000,0.000000000000,-120.000000000000,1.685029958593,0.000000000000,
5.860000000000,0.000000000000,120.000000000000,1.685077895492,0.000000000000,
5.865000000000,0.000000000000,120.000000000000,1.685077895492,0.000000000000,
5.870000000000,0.000000000000,-240.000000000000,1.685077895492,0.000000000000,
5.875000000000,0.000000000000,-240.000000000000,1.685077895492,0.000000000000,
5.880000000000,0.000000000000,120.000000000000,1.685077895492,0.000000000000,
5.885000000000,0.000000000000,360.000000000000,1.685077895492,0.000000000000,
5.890000000000,0.000000000000,-120.000000000000,1.685077895492,0.000000000000,
5.895000000000,0.000000000000,-120.000000000000,1.685077895492,0.000000000000,
5.900000000000,0.000000000000,120.000000000000,1.685077895492,0.000000000000,
5.905000000000,0.000000000000,-120.000000000000,1.685029958593,0.000000000000,
5.910000000000,0.000000000000,-360.000000000000,1.685077895492,0.000000000000,
5.915000000000,0.000000000000,0.000000000000,1.685029958593,0.000000000000,
5.920000000000,0.000000000000,-360.000000000000,1.685077895492,0.000000000000,
5.925000000000,0.000000000000,-360.000000000000,1.685077895492,0.000000000000,
5.930000000000,0.000000000000,0.000000000000,1.685029958593,0.000000000000,
5.935000000000,0.000000000000,-120.000000000000,1.685077895492,0.000000000000,
5.940000000000,0.000000000000,-360.000000000000,1.685029958593,0.000000000000,
5.945000000000,0.000000000000,-360.000000000000,1.685029958593,0.000000000000,
5.950000000000,0.000000000000,0.000000000000,1.685077895492,0.000000000000,
5.955000000000,0.000000000000,0.000000000000,1.685077895492,0.000000000000,
5.960000000000,0.000000000000,360.000000000000,1.685077895492,0.000000000000,
5.965000000000,0.000000000000,-240.000000000000,1.685077895492,0.000000000000,
5.970000000000,0.000000000000,-120.000000000000,1.685029958593,0.000000000000,
5.975000000000,0.000000000000,120.000000000000,1.685029958593,0.000000000000,
5.980000000000,0.000000000000,0.000000000000,1.685077895492,0.000000000000,
5.985000000000,0.000000000000,0.000000000000,1.685077895492,0.000000000000,
5.990000000000,0.000000000000,360.000000000000,1.685077895492,0.000000000000,
5.995000000000,0.000000000000,0.000000000000,1.685029958593,0.000000000000,
6.000000000000,0.000000000000,120.000000000000,1.685077895492,0.000000000000,
6.005000000000,0.000000000000,240.000000000000,1.685077895492,0.000000000000,
6.010000000000,0.000000000000,120.000000000000,1.685077895492,0.000000000000,
6.015000000000,0.000000000000,120.000000000000,1.685077895492,0.000000000000,
6.020000000000,0.000000000000,120.000000000000,1.685077895492,0.000000000000,
6.025000000000,0.000000000000,-120.000000000000,1.685077895492,0.000000000000,
6.030000000000,0.000000000000,240.000000000000,1.685077895492,0.000000000000,
6.035000000000,0.000000000000,120.000000000000,1.685077895492,0.000000000000,
6.040000000000,0.000000000000,120.000000000000,1.685029958593,0.000000000000,
6.045000000000,0.000000000000,120.000000000000,1.685029958593,0.000000000000,
6.050000000000,0.000000000000,0.000000000000,1.685077895492,0.000000000000,
6.055000000000,0.000000000000,120.000000000000,1.685077895492,0.000000000000,
6.060000000000,0.000000000000,-360.000000000000,1.685077895492,0.000000000000,
6.065000000000,0.000000000000,-120.000000000000,1.685077895492,0.000000000000,
6.070000000000,0.000000000000,-120.000000000000,1.685077895492,0.000000000000,
6.075000000000,0.000000000000,-120.000000000000,1.685077895492,0.000000000000,
6.080000000000,0.000000000000,-120.000000000000,1.685029958593,0.000000000000,
6.085000000000,0.000000000000,120.000000000000,1.685077895492,0.000000000000,
6.090000000000,0.000000000000,120.000000000000,1.685077895492,0.000000000000,
6.095000000000,0.000000000000,-120.000000000000,1.685029958593,0.000000000000,
6.100000000000,0.000000000000,120.000000000000,1.685077895492,0.000000000000,
6.105000000000,0.000000000000,120.000000000000,1.685077895492,0.000000000000,
6.110000000000,0.000000000000,0.000000000000,1.685077895492,0.000000000000,
6.115000000000,0.000000000000,-120.000000000000,1.685077895492,0.000000000000,
6.120000000000,0.000000000000,120.000000000000,1.685077895492,0.000000000000,
6.125000000000,0.000000000000,120.000000000000,1.685077895492,0.000000000000,
6.130000000000,0.000000000000,-120.000000000000,1.685029958593,0.000000000000,
6.135000000000,0.000000000000,-120.000000000000,1.685029958593,0.000000000000,
6.140000000000,0.000000000000,-240.000000000000,1.685077895492,0.000000000000,
6.145000000000,0.000000000000,120.000000000000,1.685029958593,0.000000000000,
6.150000000000,0.000000000000,120.000000000000,1.685029958593,0.000000000000,
6.155000000000,0.000000000000,-240.000000000000,1.685077895492,0.000000000000,
6.160000000000,0.000000000000,240.000000000000,1.685029958593,0.000000000000,
6.165000000000,0.000000000000,240.000000000000,1.685029958593,0.000000000000,
6.170000000000,0.000000000000,240.000000000000,1.685029958593,0.000000000000,
6.175000000000,0.000000000000,-240.000000000000,1.685029958593,0.000000000000,
6.180000000000,0.000000000000,-240.000000000000,1.685077895492,0.000000000000,
6.185000000000,0.000000000000,120.000000000000,1.685029958593,0.000000000000,
6.190000000000,0.000000000000,-120.000000000000,1.685029958593,0.000000000000,
6.195000000000,0.000000000000,-120.000000000000,1.685029958593,0.000000000000,
6.200000000000,0.000000000000,240.000000000000,1.685029958593,0.000000000000,
6.205000000000,0.000000000000,0.000000000000,1.685029958593,0.000000000000,
6.210000000000,0.000000000000,360.000000000000,1.685077895492,0.000000000000,
6.215000000000,0.000000000000,120.000000000000,1.685077895492,0.000000000000,
6.220000000000,0.000000000000,120.000000000000,1.685077895492,0.000000000000,
6.225000000000,0.000000000000,120.000000000000,1.685077895492,0.000000000000,
6.230000000000,0.000000000000,-240.000000000000,1.685077895492,0.000000000000,
6.235000000000,0.000000000000,240.000000000000,1.685077895492,0.000000000000,
6.240000000000,0.000000000000,-120.000000000000,1.685029958593,0.000000000000,
6.245000000000,0.000000000000,-120.000000000000,1.685077895492,0.000000000000,
6.250000000000,0.000000000000,-240.000000000000,1.685029958593,0.000000000000,
6.255000000000,0.000000000000,-240.000000000000,1.685029958593,0.000000000000,
6.260000000000,0.000000000000,120.000000000000,1.685077895492,0.000000000000,
6.265000000000,0.000000000000,-120.000000000000,1.685077895492,0.000000000000,
6.270000000000,0.000000000000,-240.000000000000,1.685029958593,0.000000000000,
6.275000000000,0.000000000000,-360.000000000000,1.685029958593,0.000000000000,
6.280000000000,0.000000000000,-360.000000000000,1.685077895492,0.000000000000,
6.285000000000,0.000000000000,-360.000000000000,1.685077895492,0.000000000000,
6.290000000000,0.000000000000,0.000000000000,1.685077895492,0.000000000000,
6.295000000000,0.000000000000,240.000000000000,1.685029958593,0.000000000000,
6.300000000000,0.000000000000,240.000000000000,1.685077895492,0.000000000000,
6.305000000000,0.000000000000,-120.000000000000,1.685029958593,0.000000000000,
6.310000000000,0.000000000000,-120.000000000000,1.685029958593,0.000000000000,
6.315000000000,0.000000000000,-120.000000000000,1.685029958593,0.000000000000,
6.320000000000,0.000000000000,120.000000000000,1.685077895492,0.000000000000,
6.325000000000,0.000000000000,-120.000000000000,1.685077895492,0.000000000000,
6.330000000000,0.000000000000,-240.000000000000,1.685077895492,0.000000000000,
6.335000000000,0.000000000000,120.000000000000,1.685077895492,0.000000000000,
6.340000000000,0.000000000000,120.000000000000,1.685077895492,0.000000000000,
6.345000000000,0.000000000000,120.000000000000,1.685077895492,0.000000000000,
6.350000000000,0.000000000000,120.000000000000,1.685029958593,0.000000000000,
6.355000000000,0.000000000000,120.000000000000,1.685077895492,0.000000000000,
6.360000000000,0.000000000000,-240.000000000000,1.685077895492,0.000000000000,
6.365000000000,0.000000000000,120.000000000000,1.685077895492,0.000000000000,
6.370000000000,0.000000000000,120.000000000000,1.685077895492,0.000000000000,
6.375000000000,0.000000000000,120.000000000000,1.685077895492,0.000000000000,
6.380000000000,0.000000000000,120.000000000000,1.685029958593,0.000000000000,
6.385000000000,0.000000000000,-240.000000000000,1.685029958593,0.000000000000,
6.390000000000,0.000000000000,-120.000000000000,1.685077895492,0.000000000000,
6.395000000000,0.000000000000,-120.000000000000,1.685077895492,0.000000000000,
6.400000000000,0.000000000000,120.000000000000,1.685029958593,0.000000000000,
6.405000000000,0.000000000000,120.000000000000,1.685029958593,0.000000000000,
6.410000000000,0.000000000000,240.000000000000,1.685029958593,0.000000000000,
6.415000000000,0.000000000000,120.000000000000,1.685077895492,0.000000000000,
6.420000000000,0.000000000000,-240.000000000000,1.685077895492,0.000000000000,
6.425000000000,0.000000000000,0.000000000000,1.685077895492,0.000000000000,
6.430000000000,0.000000000000,-240.000000000000,1.685077895492,0.000000000000,
6.435000000000,0.000000000000,-240.000000000000,1.685077895492,0.000000000000,
6.440000000000,0.000000000000,-120.000000000000,1.685077895492,0.000000000000,
6.445000000000,0.000000000000,360.000000000000,1.685077895492,0.000000000000,
6.450000000000,0.000000000000,-120.000000000000,1.685077895492,0.000000000000,
6.455000000000,0.000000000000,-240.000000000000,1.685077895492,0.000000000000,
6.460000000000,0.000000000000,120.000000000000,1.685077895492,0.000000000000,
6.465000000000,0.000000000000,120.000000000000,1.685077895492,0.000000000000,
6.470000000000,0.000000000000,120.000000000000,1.685077895492,0.000000000000,
6.475000000000,0.000000000000,-120.000000000000,1.685077895492,0.000000000000,
6.480000000000,0.000000000000,0.000000000000,1.685077895492,0.000000000000,
6.485000000000,0.000000000000,120.000000000000,1.685077895492,0.000000000000,
6.490000000000,0.000000000000,240.000000000000,1.685077895492,0.000000000000,
6.495000000000,0.000000000000,240.000000000000,1.685077895492,0.000000000000,
6.500000000000,0.000000000000,-240.000000000000,1.685077895492,0.000000000000,
6.505000000000,0.000000000000,-120.000000000000,1.685077895492,0.000000000000,
6.510000000000,0.000000000000,-120.000000000000,1.685077895492,0.000000000000,
6.515000000000,0.000000000000,120.000000000000,1.685077895492,0.000000000000,
6.520000000000,0.000000000000,-120.000000000000,1.685029958593,0.000000000000,
6.525000000000,0.000000000000,-120.000000000000,1.685029958593,0.000000000000,
6.530000000000,0.000000000000,-120.000000000000,1.685077895492,0.000000000000,
6.535000000000,0.000000000000,360.000000000000,1.685077895492,0.000000000000,
6.540000000000,0.000000000000,-120.000000000000,1.685077895492,0.000000000000,
6.545000000000,0.000000000000,-240.000000000000,1.685077895492,0.000000000000,
6.550000000000,0.000000000000,240.000000000000,1.685077895492,0.000000000000,
6.555000000000,0.000000000000,240.000000000000,1.685077895492,0.000000000000,
6.560000000000,0.000000000000,-120.000000000000,1.685077895492,0.000000000000,
6.565000000000,0.000000000000,240.000000000000,1.685029958593,0.000000000000,
6.570000000000,0.000000000000,-240.000000000000,1.685077895492,0.000000000000,
6.575000000000,0.000000000000,-120.000000000000,1.685029958593,0.000000000000,
6.580000000000,0.000000000000,120.000000000000,1.685077895492,0.000000000000,
6.585000000000,0.000000000000,120.000000000000,1.685077895492,0.000000000000,
6.590000000000,0.000000000000,120.000000000000,1.685029958593,0.000000000000,
6.595000000000,0.000000000000,240.000000000000,1.685029958593,0.000000000000,
6.600000000000,0.000000000000,-120.000000000000,1.685077895492,0.000000000000,
6.605000000000,0.000000000000,240.000000000000,1.685029958593,0.000000000000,
6.610000000000,0.000000000000,-120.000000000000,1.685077895492,0.000000000000,
6.615000000000,0.000000000000,-120.000000000000,1.685077895492,0.000000000000,
6.620000000000,0.000000000000,-240.000000000000,1.685077895492,0.000000000000,
6.625000000000,0.000000000000,-120.000000000000,1.685077895492,0.000000000000,
6.630000000000,0.000000000000,0.000000000000,1.685077895492,0.000000000000,
6.635000000000,0.000000000000,-120.000000000000,1.685077895492,0.000000000000,
6.640000000000,0.000000000000,-120.000000000000,1.685077895492,0.000000000000,
6.645000000000,0.000000000000,-120.000000000000,1.685077895492,0.000000000000,
6.650000000000,0.000000000000,120.000000000000,1.685029958593,0.000000000000,
6.655000000000,0.000000000000,360.000000000000,1.685077895492,0.000000000000,
6.660000000000,0.000000000000,0.000000000000,1.685077895492,0.000000000000,
6.665000000000,0.000000000000,360.000000000000,1.685077895492,0.000000000000,
6.670000000000,0.000000000000,-240.000000000000,1.685077895492,0.000000000000,
6.675000000000,0.000000000000,-240.000000000000,1.685077895492,0.000000000000,
6.680000000000,0.000000000000,-240.000000000000,1.685029958593,0.000000000000,
6.685000000000,0.000000000000,120.000000000000,1.685029958593,0.000000000000,
6.690000000000,0.000000000000,0.000000000000,1.685077895492,0.000000000000,
6.695000000000,0.000000000000,-240.000000000000,1.685077895492,0.000000000000,
6.700000000000,0.000000000000,0.000000000000,1.685077895492,0.000000000000,
6.705000000000,0.000000000000,0.000000000000,1.685077895492,0.000000000000,
6.710000000000,0.000000000000,-240.000000000000,1.685077895492,0.000000000000,
6.715000000000,0.000000000000,-120.000000000000,1.685029958593,0.000000000000,
6.720000000000,0.000000000000,240.000000000000,1.685029958593,0.000000000000,
6.725000000000,0.000000000000,-120.000000000000,1.685077895492,0.000000000000,
6.730000000000,0.000000000000,120.000000000000,1.685029958593,0.000000000000,
6.735000000000,0.000000000000,120.000000000000,1.685029958593,0.000000000000,
6.740000000000,0.000000000000,-240.000000000000,1.685077895492,0.000000000000,
6.745000000000,0.000000000000,-120.000000000000,1.685077895492,0.000000000000,
6.750000000000,0.000000000000,240.000000000000,1.685029958593,0.000000000000,
6.755000000000,0.000000000000,0.000000000000,1.685077895492,0.000000000000,
6.760000000000,0.000000000000,120.000000000000,1.685029958593,0.000000000000,
6.765000000000,0.000000000000,120.000000000000,1.685029958593,0.000000000000,
6.770000000000,0.000000000000,-120.000000000000,1.685077895492,0.000000000000,
6.775000000000,0.000000000000,-120.000000000000,1.685029958593,0.000000000000,
6.780000000000,0.000000000000,0.000000000000,1.685077895492,0.000000000000,
6.785000000000,0.000000000000,-240.000000000000,1.685029958593,0.000000000000,
6.790000000000,0.000000000000,120.000000000000,1.685077895492,0.000000000000,
6.795000000000,0.000000000000,120.000000000000,1.685077895492,0.000000000000,
6.800000000000,0.000000000000,0.000000000000,1.685077895492,0.000000000000,
6.805000000000,0.000000000000,-120.000000000000,1.685029958593,0.000000000000,
6.810000000000,0.000000000000,120.000000000000,1.685029958593,0.000000000000,
6.815000000000,0.000000000000,-240.000000000000,1.685029958593,0.000000000000,
6.820000000000,0.000000000000,-120.000000000000,1.685029958593,0.000000000000,
6.825000000000,0.000000000000,-120.000000000000,1.685029958593,0.000000000000,
6.830000000000,0.000000000000,360.000000000000,1.685077895492,0.000000000000,
6.835000000000,0.000000000000,-120.000000000000,1.685077895492,0.000000000000,
6.840000000000,0.000000000000,-240.000000000000,1.685029958593,0.000000000000,
6.845000000000,0.000000000000,-360.000000000000,1.685077895492,0.000000000000,
6.850000000000,0.000000000000,-360.000000000000,1.685077895492,0.000000000000,
6.855000000000,0.000000000000,-360.000000000000,1.685077895492,0.000000000000,
6.860000000000,0.000000000000,120.000000000000,1.685029958593,0.000000000000,
6.865000000000,0.000000000000,360.000000000000,1.685077895492,0.000000000000,
6.870000000000,0.000000000000,-240.000000000000,1.685077895492,0.000000000000,
6.875000000000,0.000000000000,0.000000000000,1.685029958593,0.000000000000,
6.880000000000,0.000000000000,120.000000000000,1.685077895492,0.000000000000,
6.885000000000,0.000000000000,120.000000000000,1.685077895492,0.000000000000,
6.890000000000,0.000000000000,360.000000000000,1.685077895492,0.000000000000,
6.895000000000,0.000000000000,120.000000000000,1.685077895492,0.000000000000,
6.900000000000,0.000000000000,-120.000000000000,1.685077895492,0.000000000000,
6.905000000000,0.000000000000,360.000000000000,1.685077895492,0.000000000000,
6.910000000000,0.000000000000,-360.000000000000,1.685077895492,0.000000000000,
6.915000000000,0.000000000000,-360.000000000000,1.685077895492,0.000000000000,
6.920000000000,0.000000000000,-360.000000000000,1.685077895492,0.000000000000,
6.925000000000,0.000000000000,-360.000000000000,1.685077895492,0.000000000000,
6.930000000000,0.000000000000,-240.000000000000,1.685077895492,0.000000000000,
6.935000000000,0.000000000000,0.000000000000,1.685077895492,0.000000000000,
6.940000000000,0.000000000000,-120.000000000000,1.685077895492,0.000000000000,
6.945000000000,0.000000000000,-120.000000000000,1.685077895492,0.000000000000,
6.950000000000,0.000000000000,0.000000000000,1.685077895492,0.000000000000,
6.955000000000,0.000000000000,240.000000000000,1.685029958593,0.000000000000,
6.960000000000,0.000000000000,-240.000000000000,1.685077895492,0.000000000000,
6.965000000000,0.000000000000,120.000000000000,1.685077895492,0.000000000000,
6.970000000000,0.000000000000,-240.000000000000,1.685029958593,0.000000000000,
6.975000000000,0.000000000000,-240.000000000000,1.685029958593,0.000000000000,
6.980000000000,0.000000000000,-120.000000000000,1.685077895492,0.000000000000,
6.985000000000,0.000000000000,0.000000000000,1.685077895492,0.000000000000,
6.990000000000,0.000000000000,0.000000000000,1.685077895492,0.000000000000,
6.995000000000,0.000000000000,0.000000000000,1.685077895492,0.000000000000,
7.000000000000,0.000000000000,-120.000000000000,1.685029958593,0.000000000000,
7.005000000000,0.000000000000,-120.000000000000,1.685029958593,0.000000000000,
7.010000000000,0.000000000000,-240.000000000000,1.685029958593,0.000000000000,
7.015000000000,0.000000000000,240.000000000000,1.685077895492,0.000000000000,
7.020000000000,0.000000000000,-120.000000000000,1.685077895492,0.000000000000,
7.025000000000,0.000000000000,0.000000000000,1.685077895492,0.000000000000,
7.030000000000,0.000000000000,240.000000000000,1.685077895492,0.000000000000,
7.035000000000,0.000000000000,240.000000000000,1.685077895492,0.000000000000,
7.040000000000,0.000000000000,120.000000000000,1.685029958593,0.000000000000,
7.045000000000,0.000000000000,240.000000000000,1.685077895492,0.000000000000,
7.050000000000,0.000000000000,-120.000000000000,1.685077895492,0.000000000000,
7.055000000000,0.000000000000,-120.000000000000,1.685077895492,0.000000000000,
7.060000000000,0.000000000000,240.000000000000,1.685029958593,0.000000000000,
7.065000000000,0.000000000000,240.000000000000,1.685029958593,0.000000000000,
7.070000000000,0.000000000000,-360.000000000000,1.685077895492,0.000000000000,
7.075000000000,0.000000000000,-360.000000000000,1.685077895492,0.000000000000,
7.080000000000,0.000000000000,120.000000000000,1.685077895492,0.000000000000,
7.085000000000,0.000000000000,-360.000000000000,1.685029958593,0.000000000000,
7.090000000000,0.000000000000,240.000000000000,1.685077895492,0.000000000000,
7.095000000000,0.000000000000,240.000000000000,1.685077895492,0.000000000000,
7.100000000000,0.000000000000,240.000000000000,1.685077895492,0.000000000000,
7.105000000000,0.000000000000,240.000000000000,1.685077895492,0.000000000000,
7.110000000000,0.000000000000,240.000000000000,1.685029958593,0.000000000000,
7.115000000000,0.000000000000,120.000000000000,1.685077895492,0.000000000000,
7.120000000000,0.000000000000,-120.000000000000,1.685077895492,0.000000000000,
7.125000000000,0.000000000000,-120.000000000000,1.685077895492,0.000000000000,
7.130000000000,0.000000000000,360.000000000000,1.685077895492,0.000000000000,
7.135000000000,0.000000000000,-120.000000000000,1.685077895492,0.000000000000,
7.140000000000,0.000000000000,-120.000000000000,1.685029958593,0.000000000000,
7.145000000000,0.000000000000,240.000000000000,1.685077895492,0.000000000000,
7.150000000000,0.000000000000,-120.000000000000,1.685077895492,0.000000000000,
7.155000000000,0.000000000000,-120.000000000000,1.685077895492,0.000000000000,
7.160000000000,0.000000000000,-240.000000000000,1.685077895492,0.000000000000,
7.165000000000,0.000000000000,-120.000000000000,1.685077895492,0.000000000000,
7.170000000000,0.000000000000,-240.000000000000,1.685029958593,0.000000000000,
7.175000000000,0.000000000000,120.000000000000,1.685029958593,0.000000000000,
7.180000000000,0.000000000000,120.000000000000,1.685077895492,0.000000000000,
7.185000000000,0.000000000000,120.000000000000,1.685077895492,0.000000000000,
7.190000000000,0.000000000000,-240.000000000000,1.685077895492,0.000000000000,
7.195000000000,0.000000000000,360.000000000000,1.685077895492,0.000000000000,
7.200000000000,0.000000000000,120.000000000000,1.685077895492,0.000000000000,
7.205000000000,0.000000000000,240.000000000000,1.685029958593,0.000000000000,
7.210000000000,0.000000000000,120.000000000000,1.685029958593,0.000000000000,
7.215000000000,0.000000000000,120.000000000000,1.685029958593,0.000000000000,
7.220000000000,0.000000000000,120.000000000000,1.685077895492,0.000000000000,
7.225000000000,0.000000000000,-120.000000000000,1.685077895492,0.000000000000,
7.230000000000,0.000000000000,-240.000000000000,1.685077895492,0.000000000000,
7.235000000000,0.000000000000,-120.000000000000,1.685029958593,0.000000000000,
7.240000000000,0.000000000000,-240.000000000000,1.685029958593,0.000000000000,
7.245000000000,0.000000000000,-240.000000000000,1.685029958593,0.000000000000,
7.250000000000,0.000000000000,240.000000000000,1.685077895492,0.000000000000,
7.255000000000,0.000000000000,120.000000000000,1.685029958593,0.000000000000,
7.260000000000,0.000000000000,120.000000000000,1.685029958593,0.000000000000,
7.265000000000,0.000000000000,-240.000000000000,1.685077895492,0.000000000000,
7.270000000000,0.000000000000,-120.000000000000,1.685077895492,0.000000000000,
7.275000000000,0.000000000000,-120.000000000000,1.685077895492,0.000000000000,
7.280000000000,0.000000000000,-240.000000000000,1.685077895492,0.000000000000,
7.285000000000,0.000000000000,600.000000000000,1.685029958593,0.000000000000,
7.290000000000,0.000000000000,0.000000000000,1.685077895492,0.000000000000,
7.295000000000,0.000000000000,-360.000000000000,1.685029958593,0.000000000000,
7.300000000000,0.000000000000,240.000000000000,1.685029958593,0.000000000000,
7.305000000000,0.000000000000,240.000000000000,1.685029958593,0.000000000000,
7.310000000000,0.000000000000,-120.000000000000,1.685077895492,0.000000000000,
7.315000000000,0.000000000000,-120.000000000000,1.685077895492,0.000000000000,
7.320000000000,0.000000000000,120.000000000000,1.685077895492,0.000000000000,
7.325000000000,0.000000000000,-120.000000000000,1.685077895492,0.000000000000,
7.330000000000,0.000000000000,-120.000000000000,1.685077895492,0.000000000000,
7.335000000000,0.000000000000,-120.000000000000,1.685077895492,0.000000000000,
7.340000000000,0.000000000000,-240.000000000000,1.685077895492,0.000000000000,
7.345000000000,0.000000000000,-120.000000000000,1.685029958593,0.000000000000,
7.350000000000,0.000000000000,-240.000000000000,1.685029958593,0.000000000000,
7.355000000000,0.000000000000,0.000000000000,1.685077895492,0.000000000000,
7.360000000000,0.000000000000,-120.000000000000,1.685077895492,0.000000000000,
7.365000000000,0.000000000000,-120.000000000000,1.685077895492,0.000000000000,
7.370000000000,0.000000000000,120.000000000000,1.685029958593,0.000000000000,
7.375000000000,0.000000000000,240.000000000000,1.685077895492,0.000000000000,
7.380000000000,0.000000000000,-240.000000000000,1.685029958593,0.000000000000,
7.385000000000,0.000000000000,240.000000000000,1.685077895492,0.000000000000,
7.390000000000,0.000000000000,-120.000000000000,1.685029958593,0.000000000000,
7.395000000000,0.000000000000,-120.000000000000,1.685029958593,0.000000000000,
7.400000000000,0.000000000000,-120.000000000000,1.685077895492,0.000000000000,
7.405000000000,0.000000000000,120.000000000000,1.685077895492,0.000000000000,
7.410000000000,0.000000000000,-120.000000000000,1.685077895492,0.000000000000,
7.415000000000,0.000000000000,120.000000000000,1.685077895492,0.000000000000,
7.420000000000,0.000000000000,240.000000000000,1.685029958593,0.000000000000,
7.425000000000,0.000000000000,240.000000000000,1.685029958593,0.000000000000,
7.430000000000,0.000000000000,120.000000000000,1.685077895492,0.000000000000,
7.435000000000,0.000000000000,360.000000000000,1.685077895492,0.000000000000,
7.440000000000,0.000000000000,120.000000000000,1.685077895492,0.000000000000,
7.445000000000,0.000000000000,0.000000000000,1.685077895492,0.000000000000,
7.450000000000,0.000000000000,240.000000000000,1.685077895492,0.000000000000,
7.455000000000,0.000000000000,240.000000000000,1.685077895492,0.000000000000,
7.460000000000,0.000000000000,0.000000000000,1.685029958593,0.000000000000,
7.465000000000,0.000000000000,120.000000000000,1.685077895492,0.000000000000,
7.470000000000,0.000000000000,-120.000000000000,1.685077895492,0.000000000000,
7.475000000000,0.000000000000,120.000000000000,1.685077895492,0.000000000000,
7.480000000000,0.000000000000,0.000000000000,1.685077895492,0.000000000000,
7.485000000000,0.000000000000,0.000000000000,1.685077895492,0.000000000000,
7.490000000000,0.000000000000,120.000000000000,1.685077895492,0.000000000000,
7.495000000000,0.000000000000,240.000000000000,1.685077895492,0.000000000000,
7.500000000000,0.000000000000,120.000000000000,1.685077895492,0.000000000000,
7.505000000000,0.000000000000,-120.000000000000,1.685077895492,0.000000000000,
7.510000000000,0.000000000000,-240.000000000000,1.685077895492,0.000000000000,
7.515000000000,0.000000000000,-240.000000000000,1.685077895492,0.000000000000,
7.520000000000,0.000000000000,480.000000000000,1.685077895492,0.000000000000,
7.525000000000,0.000000000000,-120.000000000000,1.685077895492,0.000000000000,
7.530000000000,0.000000000000,120.000000000000,1.685077895492,0.000000000000,
7.535000000000,0.000000000000,120.000000000000,1.685077895492,0.000000000000,
7.540000000000,0.000000000000,240.000000000000,1.685029958593,0.000000000000,
7.545000000000,0.000000000000,240.000000000000,1.685029958593,0.000000000000,
7.550000000000,0.000000000000,-240.000000000000,1.685077895492,0.000000000000,
7.555000000000,0.000000000000,-240.000000000000,1.685077895492,0.000000000000,
7.560000000000,0.000000000000,120.000000000000,1.685077895492,0.000000000000,
7.565000000000,0.000000000000,-360.000000000000,1.685029958593,0.000000000000,
7.570000000000,0.000000000000,240.000000000000,1.685077895492,0.000000000000,
7.575000000000,0.000000000000,240.000000000000,1.685077895492,0.000000000000,
7.580000000000,0.000000000000,240.000000000000,1.685077895492,0.000000000000,
7.585000000000,0.000000000000,240.000000000000,1.685029958593,0.000000000000,
7.590000000000,0.000000000000,-120.000000000000,1.685077895492,0.000000000000,
7.595000000000,0.000000000000,240.000000000000,1.685077895492,0.000000000000,
7.600000000000,0.000000000000,-120.000000000000,1.685077895492,0.000000000000,
7.605000000000,0.000000000000,-120.000000000000,1.685077895492,0.000000000000,
7.610000000000,0.000000000000,0.000000000000,1.685029958593,0.000000000000,
7.615000000000,0.000000000000,-120.000000000000,1.685029958593,0.000000000000,
7.620000000000,0.000000000000,240.000000000000,1.685077895492,0.000000000000,
7.625000000000,0.000000000000,120.000000000000,1.685077895492,0.000000000000,
7.630000000000,0.000000000000,0.000000000000,1.685077895492,0.000000000000,
7.635000000000,0.000000000000,0.000000000000,1.685077895492,0.000000000000,
7.640000000000,0.000000000000,240.000000000000,1.685029958593,0.000000000000,
7.645000000000,0.000000000000,-360.000000000000,1.685077895492,0.000000000000,
7.650000000000,0.000000000000,120.000000000000,1.685029958593,0.000000000000,
7.655000000000,0.000000000000,120.000000000000,1.685029958593,0.000000000000,
7.660000000000,0.000000000000,120.000000000000,1.685077895492,0.000000000000,
7.665000000000,0.000000000000,120.000000000000,1.685077895492,0.000000000000,
7.670000000000,0.000000000000,0.000000000000,1.685077895492,0.000000000000,
7.675000000000,0.000000000000,-120.000000000000,1.685077895492,0.000000000000,
7.680000000000,0.000000000000,-240.000000000000,1.685029958593,0.000000000000,
7.685000000000,0.000000000000,-120.000000000000,1.685077895492,0.000000000000,
7.690000000000,0.000000000000,-120.000000000000,1.685029958593,0.000000000000,
7.695000000000,0.000000000000,-120.000000000000,1.685029958593,0.000000000000,
7.700000000000,0.000000000000,360.000000000000,1.685077895492,0.000000000000,
7.705000000000,0.000000000000,240.000000000000,1.685029958593,0.000000000000,
7.710000000000,0.000000000000,120.000000000000,1.685077895492,0.000000000000,
7.715000000000,0.000000000000,240.000000000000,1.685077895492,0.000000000000,
7.720000000000,0.000000000000,120.000000000000,1.685077895492,0.000000000000,
7.725000000000,0.000000000000,120.000000000000,1.685077895492,0.000000000000,
7.730000000000,0.000000000000,0.000000000000,1.685029958593,0.000000000000,
7.735000000000,0.000000000000,120.000000000000,1.685077895492,0.000000000000,
7.740000000000,0.000000000000,-240.000000000000,1.685077895492,0.000000000000,
7.745000000000,0.000000000000,0.000000000000,1.685029958593,0.000000000000,
7.750000000000,0.000000000000,360.000000000000,1.685029958593,0.000000000000,
7.755000000000,0.000000000000,360.000000000000,1.685029958593,0.000000000000,
7.760000000000,0.000000000000,120.000000000000,1.685029958593,0.000000000000,
7.765000000000,0.000000000000,-120.000000000000,1.685029958593,0.000000000000,
7.770000000000,0.000000000000,-360.000000000000,1.685077895492,0.000000000000,
7.775000000000,0.000000000000,-240.000000000000,1.685077895492,0.000000000000,
7.780000000000,0.000000000000,360.000000000000,1.685077895492,0.000000000000,
7.785000000000,0.000000000000,360.000000000000,1.685077895492,0.000000000000,
7.790000000000,0.000000000000,120.000000000000,1.685077895492,0.000000000000,
7.795000000000,0.000000000000,120.000000000000,1.685077895492,0.000000000000,
7.800000000000,0.000000000000,0.000000000000,1.685077895492,0.000000000000,
7.805000000000,0.000000000000,120.000000000000,1.685029958593,0.000000000000,
7.810000000000,0.000000000000,0.000000000000,1.685077895492,0.000000000000,
7.815000000000,0.000000000000,0.000000000000,1.685077895492,0.000000000000,
7.820000000000,0.000000000000,0.000000000000,1.685077895492,0.000000000000,
7.825000000000,0.000000000000,-240.000000000000,1.685029958593,0.000000000000,
7.830000000000,0.000000000000,240.000000000000,1.685077895492,0.000000000000,
7.835000000000,0.000000000000,360.000000000000,1.685029958593,0.000000000000,
7.840000000000,0.000000000000,-120.000000000000,1.685077895492,0.000000000000,
7.845000000000,0.000000000000,-120.000000000000,1.685077895492,0.000000000000,
7.850000000000,0.000000000000,-120.000000000000,1.685029958593,0.000000000000,
7.855000000000,0.000000000000,-240.000000000000,1.685077895492,0.000000000000,
7.860000000000,0.000000000000,120.000000000000,1.685077895492,0.000000000000,
7.865000000000,0.000000000000,120.000000000000,1.685077895492,0.000000000000,
7.870000000000,0.000000000000,120.000000000000,1.685077895492,0.000000000000,
7.875000000000,0.000000000000,120.000000000000,1.685077895492,0.000000000000,
7.880000000000,0.000000000000,240.000000000000,1.685029958593,0.000000000000,
7.885000000000,0.000000000000,120.000000000000,1.685077895492,0.000000000000,
7.890000000000,0.000000000000,-240.000000000000,1.685077895492,0.000000000000,
7.895000000000,0.000000000000,120.000000000000,1.685077895492,0.000000000000,
7.900000000000,0.000000000000,0.000000000000,1.685077895492,0.000000000000,
7.905000000000,0.000000000000,0.000000000000,1.685077895492,0.000000000000,
7.910000000000,0.000000000000,0.000000000000,1.685077895492,0.000000000000,
7.915000000000,0.000000000000,-120.000000000000,1.685029958593,0.000000000000,
7.920000000000,0.000000000000,-120.000000000000,1.685077895492,0.000000000000,
7.925000000000,0.000000000000,-120.000000000000,1.685077895492,0.000000000000,
7.930000000000,0.000000000000,-240.000000000000,1.685077895492,0.000000000000,
7.935000000000,0.000000000000,-240.000000000000,1.685077895492,0.000000000000,
7.940000000000,0.000000000000,-120.000000000000,1.685077895492,0.000000000000,
7.945000000000,0.000000000000,0.000000000000,1.685077895492,0.000000000000,
7.950000000000,0.000000000000,0.000000000000,1.685029958593,0.000000000000,
7.955000000000,0.000000000000,600.000000000000,1.685077895492,0.000000000000,
7.960000000000,0.000000000000,120.000000000000,1.685077895492,0.000000000000,
7.965000000000,0.000000000000,120.000000000000,1.685077895492,0.000000000000,
7.970000000000,0.000000000000,120.000000000000,1.685077895492,0.000000000000,
7.975000000000,0.000000000000,0.000000000000,1.685077895492,0.000000000000,
7.980000000000,0.000000000000,240.000000000000,1.685029958593,0.000000000000,
7.985000000000,0.000000000000,120.000000000000,1.685077895492,0.000000000000,
7.990000000000,0.000000000000,120.000000000000,1.685029958593,0.000000000000,
7.995000000000,0.000000000000,120.000000000000,1.685029958593,0.000000000000,
8.000000000000,0.000000000000,-120.000000000000,1.685077895492,0.000000000000,
8.005000000000,0.000000000000,120.000000000000,1.685029958593,0.000000000000,
8.010000000000,0.000000000000,-120.000000000000,1.685029958593,0.000000000000,
8.015000000000,0.000000000000,120.000000000000,1.685077895492,0.000000000000,
8.020000000000,0.000000000000,-120.000000000000,1.685077895492,0.000000000000,
8.025000000000,0.000000000000,-120.000000000000,1.685077895492,0.000000000000,
8.030000000000,0.000000000000,360.000000000000,1.685077895492,0.000000000000,
8.035000000000,0.000000000000,-240.000000000000,1.685077895492,0.000000000000,
8.040000000000,0.000000000000,-120.000000000000,1.685077895492,0.000000000000,
8.045000000000,0.000000000000,-240.000000000000,1.685077895492,0.000000000000,
8.050000000000,0.000000000000,120.000000000000,1.685077895492,0.000000000000,
8.055000000000,0.000000000000,120.000000000000,1.685077895492,0.000000000000,
8.060000000000,0.000000000000,-120.000000000000,1.685077895492,0.000000000000,
8.065000000000,0.000000000000,-120.000000000000,1.685029958593,0.000000000000,
8.070000000000,0.000000000000,-240.000000000000,1.685077895492,0.000000000000,
8.075000000000,0.000000000000,-120.000000000000,1.685029958593,0.000000000000,
8.080000000000,0.000000000000,120.000000000000,1.685029958593,0.000000000000,
8.085000000000,0.000000000000,120.000000000000,1.685029958593,0.000000000000,
8.090000000000,0.000000000000,120.000000000000,1.685077895492,0.000000000000,
8.095000000000,0.000000000000,0.000000000000,1.685029958593,0.000000000000,
8.100000000000,0.000000000000,0.000000000000,1.685077895492,0.000000000000,
8.105000000000,0.000000000000,0.000000000000,1.685077895492,0.000000000000,
8.110000000000,0.000000000000,240.000000000000,1.685029958593,0.000000000000,
8.115000000000,0.000000000000,240.000000000000,1.685029958593,0.000000000000,
8.120000000000,0.000000000000,-240.000000000000,1.685029958593,0.000000000000,
8.125000000000,0.000000000000,120.000000000000,1.685077895492,0.000000000000,
8.130000000000,0.000000000000,120.000000000000,1.685029958593,0.000000000000,
8.135000000000,0.000000000000,-240.000000000000,1.685077895492,0.000000000000,
8.140000000000,0.000000000000,-120.000000000000,1.685077895492,0.000000000000,
8.145000000000,0.000000000000,-120.000000000000,1.685077895492,0.000000000000,
8.150000000000,0.000000000000,-360.000000000000,1.685077895492,0.000000000000,
8.155000000000,0.000000000000,-120.000000000000,1.685029958593,0.000000000000,
8.160000000000,0.000000000000,360.000000000000,1.685077895492,0.000000000000,
8.165000000000,0.000000000000,240.000000000000,1.685077895492,0.000000000000,
8.170000000000,0.000000000000,120.000000000000,1.685077895492,0.000000000000,
8.175000000000,0.000000000000,120.000000000000,1.685077895492,0.000000000000,
8.180000000000,0.000000000000,-240.000000000000,1.685077895492,0.000000000000,
8.185000000000,0.000000000000,-120.000000000000,1.685029958593,0.000000000000,
8.190000000000,0.000000000000,120.000000000000,1.685077895492,0.000000000000,
8.195000000000,0.000000000000,240.000000000000,1.685077895492,0.000000000000,
8.200000000000,0.000000000000,-120.000000000000,1.685077895492,0.000000000000,
8.205000000000,0.000000000000,-120.000000000000,1.685077895492,0.000000000000,
8.210000000000,0.000000000000,-120.000000000000,1.685077895492,0.000000000000,
8.215000000000,0.000000000000,0.000000000000,1.685077895492,0.000000000000,
8.220000000000,0.000000000000,-240.000000000000,1.685077895492,0.000000000000,
8.225000000000,0.000000000000,360.000000000000,1.685029958593,0.000000000000,
8.230000000000,0.000000000000,-120.000000000000,1.685077895492,0.000000000000,
8.235000000000,0.000000000000,-120.000000000000,1.685077895492,0.000000000000,
8.240000000000,0.000000000000,-120.000000000000,1.685077895492,0.000000000000,
8.245000000000,0.000000000000,240.000000000000,1.685029958593,0.000000000000,
8.250000000000,0.000000000000,-360.000000000000,1.685029958593,0.000000000000,
8.255000000000,0.000000000000,-120.000000000000,1.685077895492,0.000000000000,
8.260000000000,0.000000000000,360.000000000000,1.685077895492,0.000000000000,
8.265000000000,0.000000000000,360.000000000000,1.685077895492,0.000000000000,
8.270000000000,0.000000000000,0.000000000000,1.685077895492,0.000000000000,
8.275000000000,0.000000000000,-240.000000000000,1.685077895492,0.000000000000,
8.280000000000,0.000000000000,120.000000000000,1.685077895492,0.000000000000,
8.285000000000,0.000000000000,-120.000000000000,1.685077895492,0.000000000000,
8.290000000000,0.000000000000,0.000000000000,1.685029958593,0.000000000000,
8.295000000000,0.000000000000,0.000000000000,1.685029958593,0.000000000000,
8.300000000000,0.000000000000,-120.000000000000,1.685029958593,0.000000000000,
8.305000000000,0.000000000000,360.000000000000,1.685077895492,0.000000000000,
8.310000000000,0.000000000000,-120.000000000000,1.685029958593,0.000000000000,
8.315000000000,0.000000000000,120.000000000000,1.685077895492,0.000000000000,
8.320000000000,0.000000000000,-240.000000000000,1.685077895492,0.000000000000,
8.325000000000,0.000000000000,-240.000000000000,1.685077895492,0.000000000000,
8.330000000000,0.000000000000,120.000000000000,1.685029958593,0.000000000000,
8.335000000000,0.000000000000,-120.000000000000,1.685029958593,0.000000000000,
8.340000000000,0.000000000000,120.000000000000,1.685077895492,0.000000000000,
8.345000000000,0.000000000000,120.000000000000,1.685077895492,0.000000000000,
8.350000000000,0.000000000000,-360.000000000000,1.685077895492,0.000000000000,
8.355000000000,0.000000000000,-360.000000000000,1.685077895492,0.000000000000,
8.360000000000,0.000000000000,-120.000000000000,1.685029958593,0.000000000000,
8.365000000000,0.000000000000,120.000000000000,1.685029958593,0.000000000000,
8.370000000000,0.000000000000,-240.000000000000,1.685077895492,0.000000000000,
8.375000000000,0.000000000000,-120.000000000000,1.685029958593,0.000000000000,
8.380000000000,0.000000000000,120.000000000000,1.685029958593,0.000000000000,
8.385000000000,0.000000000000,120.000000000000,1.685029958593,0.000000000000,
8.390000000000,0.000000000000,360.000000000000,1.685077895492,0.000000000000,
8.395000000000,0.000000000000,120.000000000000,1.685029958593,0.000000000000,
8.400000000000,0.000000000000,-120.000000000000,1.685029958593,0.000000000000,
8.405000000000,0.000000000000,-360.000000000000,1.685077895492,0.000000000000,
8.410000000000,0.000000000000,-120.000000000000,1.685077895492,0.000000000000,
8.415000000000,0.000000000000,-120.000000000000,1.685077895492,0.000000000000,
8.420000000000,0.000000000000,480.000000000000,1.685077895492,0.000000000000,
8.425000000000,0.000000000000,-120.000000000000,1.685077895492,0.000000000000,
8.430000000000,0.000000000000,120.000000000000,1.685029958593,0.000000000000,
8.435000000000,0.000000000000,-120.000000000000,1.685029958593,0.000000000000,
8.440000000000,0.000000000000,240.000000000000,1.685077895492,0.000000000000,
8.445000000000,0.000000000000,240.000000000000,1.685077895492,0.000000000000,
8.450000000000,0.000000000000,360.000000000000,1.685029958593,0.000000000000,
8.455000000000,0.000000000000,240.000000000000,1.685077895492,0.000000000000,
8.460000000000,0.000000000000,-120.000000000000,1.685077895492,0.000000000000,
8.465000000000,0.000000000000,240.000000000000,1.685077895492,0.000000000000,
8.470000000000,0.000000000000,240.000000000000,1.685077895492,0.000000000000,
8.475000000000,0.000000000000,240.000000000000,1.685077895492,0.000000000000,
8.480000000000,0.000000000000,240.000000000000,1.685077895492,0.000000000000,
8.485000000000,0.000000000000,120.000000000000,1.685077895492,0.000000000000,
8.490000000000,0.000000000000,120.000000000000,1.685029958593,0.000000000000,
8.495000000000,0.000000000000,-120.000000000000,1.685077895492,0.000000000000,
8.500000000000,0.000000000000,-120.000000000000,1.685077895492,0.000000000000,
8.505000000000,0.000000000000,-120.000000000000,1.685077895492,0.000000000000,
8.510000000000,0.000000000000,-240.000000000000,1.685077895492,0.000000000000,
8.515000000000,0.000000000000,-240.000000000000,1.685077895492,0.000000000000,
8.520000000000,0.000000000000,-120.000000000000,1.685029958593,0.000000000000,
8.525000000000,0.000000000000,-240.000000000000,1.685029958593,0.000000000000,
8.530000000000,0.000000000000,-120.000000000000,1.685077895492,0.000000000000,
8.535000000000,0.000000000000,-120.000000000000,1.685077895492,0.000000000000,
8.540000000000,0.000000000000,120.000000000000,1.685029958593,0.000000000000,
8.545000000000,0.000000000000,-240.000000000000,1.685029958593,0.000000000000,
8.550000000000,0.000000000000,-240.000000000000,1.685077895492,0.000000000000,
8.555000000000,0.000000000000,0.000000000000,1.685077895492,0.000000000000,
8.560000000000,0.000000000000,120.000000000000,1.685029958593,0.000000000000,
8.565000000000,0.000000000000,120.000000000000,1.685029958593,0.000000000000,
8.570000000000,0.000000000000,240.000000000000,1.685077895492,0.000000000000,
8.575000000000,0.000000000000,120.000000000000,1.685077895492,0.000000000000,
8.580000000000,0.000000000000,120.000000000000,1.685077895492,0.000000000000,
8.585000000000,0.000000000000,120.000000000000,1.685077895492,0.000000000000,
8.590000000000,0.000000000000,120.000000000000,1.685077895492,0.000000000000,
8.595000000000,0.000000000000,120.000000000000,1.685077895492,0.000000000000,
8.600000000000,0.000000000000,240.000000000000,1.685077895492,0.000000000000,
8.605000000000,0.000000000000,120.000000000000,1.685029958593,0.000000000000,
8.610000000000,0.000000000000,120.000000000000,1.685077895492,0.000000000000,
8.615000000000,0.000000000000,120.000000000000,1.685077895492,0.000000000000,
8.620000000000,0.000000000000,120.000000000000,1.685077895492,0.000000000000,
8.625000000000,0.000000000000,120.000000000000,1.685077895492,0.000000000000,
8.630000000000,0.000000000000,240.000000000000,1.685077895492,0.000000000000,
8.635000000000,0.000000000000,120.000000000000,1.685077895492,0.000000000000,
8.640000000000,0.000000000000,-120.000000000000,1.685029958593,0.000000000000,
8.645000000000,0.000000000000,-120.000000000000,1.685077895492,0.000000000000,
8.650000000000,0.000000000000,0.000000000000,1.685077895492,0.000000000000,
8.655000000000,0.000000000000,0.000000000000,1.685077895492,0.000000000000,
8.660000000000,0.000000000000,-120.000000000000,1.685077895492,0.000000000000,
8.665000000000,0.000000000000,120.000000000000,1.685077895492,0.000000000000,
8.670000000000,0.000000000000,120.000000000000,1.685077895492,0.000000000000,
8.675000000000,0.000000000000,120.000000000000,1.685077895492,0.000000000000,
8.680000000000,0.000000000000,120.000000000000,1.685077895492,0.000000000000,
8.685000000000,0.000000000000,120.000000000000,1.685077895492,0.000000000000,
8.690000000000,0.000000000000,-120.000000000000,1.685077895492,0.000000000000,
8.695000000000,0.000000000000,120.000000000000,1.685077895492,0.000000000000,
8.700000000000,0.000000000000,-360.000000000000,1.685077895492,0.000000000000,
8.705000000000,0.000000000000,120.000000000000,1.685077895492,0.000000000000,
8.710000000000,0.000000000000,0.000000000000,1.685077895492,0.000000000000,
8.715000000000,0.000000000000,0.000000000000,1.685077895492,0.000000000000,
8.720000000000,0.000000000000,240.000000000000,1.685029958593,0.000000000000,
8.725000000000,0.000000000000,120.000000000000,1.685077895492,0.000000000000,
8.730000000000,0.000000000000,120.000000000000,1.685029958593,0.000000000000,
8.735000000000,0.000000000000,240.000000000000,1.685077895492,0.000000000000,
8.740000000000,0.000000000000,120.000000000000,1.685077895492,0.000000000000,
8.745000000000,0.000000000000,120.000000000000,1.685077895492,0.000000000000,
8.750000000000,0.000000000000,-240.000000000000,1.685077895492,0.000000000000,
8.755000000000,0.000000000000,120.000000000000,1.685077895492,0.000000000000,
8.760000000000,0.000000000000,-120.000000000000,1.685029958593,0.000000000000,
8.765000000000,0.000000000000,-120.000000000000,1.685029958593,0.000000000000,
8.770000000000,0.000000000000,-120.000000000000,1.685029958593,0.000000000000,
8.775000000000,0.000000000000,-120.000000000000,1.685029958593,0.000000000000,
8.780000000000,0.000000000000,120.000000000000,1.685077895492,0.000000000000,
8.785000000000,0.000000000000,-120.000000000000,1.685029958593,0.000000000000,
8.790000000000,0.000000000000,-240.000000000000,1.685077895492,0.000000000000,
8.795000000000,0.000000000000,-240.000000000000,1.685077895492,0.000000000000,
8.800000000000,0.000000000000,-120.000000000000,1.685077895492,0.000000000000,
8.805000000000,0.000000000000,-120.000000000000,1.685077895492,0.000000000000,
8.810000000000,0.000000000000,0.000000000000,1.685029958593,0.000000000000,
8.815000000000,0.000000000000,240.000000000000,1.685077895492,0.000000000000,
8.820000000000,0.000000000000,-120.000000000000,1.685077895492,0.000000000000,
8.825000000000,0.000000000000,120.000000000000,1.685077895492,0.000000000000,
8.830000000000,0.000000000000,-120.000000000000,1.685077895492,0.000000000000,
8.835000000000,0.000000000000,-120.000000000000,1.685077895492,0.000000000000,
8.840000000000,0.000000000000,-120.000000000000,1.685077895492,0.000000000000,
8.845000000000,0.000000000000,-240.000000000000,1.685077895492,0.000000000000,
8.850000000000,0.000000000000,0.000000000000,1.685077895492,0.000000000000,
8.855000000000,0.000000000000,360.000000000000,1.685029958593,0.000000000000,
8.860000000000,0.000000000000,-240.000000000000,1.685029958593,0.000000000000,
8.865000000000,0.000000000000,-240.000000000000,1.685029958593,0.000000000000,
8.870000000000,0.000000000000,-240.000000000000,1.685029958593,0.000000000000,
8.875000000000,0.000000000000,-120.000000000000,1.685029958593,0.000000000000,
8.880000000000,0.000000000000,120.000000000000,1.685077895492,0.000000000000,
8.885000000000,0.000000000000,360.000000000000,1.685077895492,0.000000000000,
8.890000000000,0.000000000000,120.000000000000,1.685077895492,0.000000000000,
8.895000000000,0.000000000000,120.000000000000,1.685077895492,0.000000000000,
8.900000000000,0.000000000000,0.000000000000,1.685077895492,0.000000000000,
8.905000000000,0.000000000000,0.000000000000,1.685077895492,0.000000000000,
8.910000000000,0.000000000000,240.000000000000,1.685029958593,0.000000000000,
8.915000000000,0.000000000000,-120.000000000000,1.685029958593,0.000000000000,
8.920000000000,0.000000000000,-240.000000000000,1.685029958593,0.000000000000,
8.925000000000,0.000000000000,-240.000000000000,1.685029958593,0.000000000000,
8.930000000000,0.000000000000,-240.000000000000,1.685077895492,0.000000000000,
8.935000000000,0.000000000000,-120.000000000000,1.685077895492,0.000000000000,
8.940000000000,0.000000000000,-240.000000000000,1.685077895492,0.000000000000,
8.945000000000,0.000000000000,240.000000000000,1.685077895492,0.000000000000,
8.950000000000,0.000000000000,240.000000000000,1.685029958593,0.000000000000,
8.955000000000,0.000000000000,240.000000000000,1.685029958593,0.000000000000,
8.960000000000,0.000000000000,240.000000000000,1.685077895492,0.000000000000,
8.965000000000,0.000000000000,120.000000000000,1.685029958593,0.000000000000,
8.970000000000,0.000000000000,120.000000000000,1.685077895492,0.000000000000,
8.975000000000,0.000000000000,0.000000000000,1.685077895492,0.000000000000,
8.980000000000,0.000000000000,120.000000000000,1.685077895492,0.000000000000,
8.985000000000,0.000000000000,120.000000000000,1.685077895492,0.000000000000,
8.990000000000,0.000000000000,-120.000000000000,1.685077895492,0.000000000000,
8.995000000000,0.000000000000,-120.000000000000,1.685029958593,0.000000000000,
9.000000000000,0.000000000000,0.000000000000,1.685077895492,0.000000000000,
9.005000000000,0.000000000000,0.000000000000,1.685029958593,0.000000000000,
9.010000000000,0.000000000000,-120.000000000000,1.685077895492,0.000000000000,
9.015000000000,0.000000000000,-120.000000000000,1.685077895492,0.000000000000,
9.020000000000,0.000000000000,-360.000000000000,1.685077895492,0.000000000000,
9.025000000000,0.000000000000,-600.000000000000,1.685029958593,0.000000000000,
9.030000000000,0.000000000000,-360.000000000000,1.685077895492,0.000000000000,
9.035000000000,0.000000000000,-120.000000000000,1.685077895492,0.000000000000,
9.040000000000,0.000000000000,-120.000000000000,1.685029958593,0.000000000000,
9.045000000000,0.000000000000,-120.000000000000,1.685029958593,0.000000000000,
9.050000000000,0.000000000000,120.000000000000,1.685077895492,0.000000000000,
9.055000000000,0.000000000000,240.000000000000,1.685077895492,0.000000000000,
9.060000000000,0.000000000000,-120.000000000000,1.685077895492,0.000000000000,
9.065000000000,0.000000000000,240.000000000000,1.685077895492,0.000000000000,
9.070000000000,0.000000000000,120.000000000000,1.685029958593,0.000000000000,
9.075000000000,0.000000000000,120.000000000000,1.685029958593,0.000000000000,
9.080000000000,0.000000000000,120.000000000000,1.685077895492,0.000000000000,
9.085000000000,0.000000000000,240.000000000000,1.685029958593,0.000000000000,
9.090000000000,0.000000000000,240.000000000000,1.685077895492,0.000000000000,
9.095000000000,0.000000000000,120.000000000000,1.685077895492,0.000000000000,
9.100000000000,0.000000000000,-120.000000000000,1.685077895492,0.000000000000,
9.105000000000,0.000000000000,-120.000000000000,1.685077895492,0.000000000000,
9.110000000000,0.000000000000,240.000000000000,1.685029958593,0.000000000000,
9.115000000000,0.000000000000,-240.000000000000,1.685077895492,0.000000000000,
9.120000000000,0.000000000000,-120.000000000000,1.685077895492,0.000000000000,
9.125000000000,0.000000000000,240.000000000000,1.685029958593,0.000000000000,
9.130000000000,0.000000000000,120.000000000000,1.685029958593,0.000000000000,
9.135000000000,0.000000000000,120.000000000000,1.685029958593,0.000000000000,
9.140000000000,0.000000000000,-240.000000000000,1.685077895492,0.000000000000,
9.145000000000,0.000000000000,-240.000000000000,1.685029958593,0.000000000000,
9.150000000000,0.000000000000,-480.000000000000,1.685077895492,0.000000000000,
9.155000000000,0.000000000000,-240.000000000000,1.685029958593,0.000000000000,
9.160000000000,0.000000000000,240.000000000000,1.685077895492,0.000000000000,
9.165000000000,0.000000000000,240.000000000000,1.685077895492,0.000000000000,
9.170000000000,0.000000000000,600.000000000000,1.685077895492,0.000000000000,
9.175000000000,0.000000000000,120.000000000000,1.685029958593,0.000000000000,
9.180000000000,0.000000000000,-120.000000000000,1.685077895492,0.000000000000,
9.185000000000,0.000000000000,-360.000000000000,1.685029958593,0.000000000000,
9.190000000000,0.000000000000,-240.000000000000,1.685077895492,0.000000000000,
9.195000000000,0.000000000000,-240.000000000000,1.685077895492,0.000000000000,
9.200000000000,0.000000000000,360.000000000000,1.685077895492,0.000000000000,
9.205000000000,0.000000000000,120.000000000000,1.685077895492,0.000000000000,
9.210000000000,0.000000000000,120.000000000000,1.685029958593,0.000000000000,
9.215000000000,0.000000000000,120.000000000000,1.685077895492,0.000000000000,
9.220000000000,0.000000000000,120.000000000000,1.685029958593,0.000000000000,
9.225000000000,0.000000000000,120.000000000000,1.685029958593,0.000000000000,
9.230000000000,0.000000000000,-360.000000000000,1.685077895492,0.000000000000,
9.235000000000,0.000000000000,-240.000000000000,1.685077895492,0.000000000000,
9.240000000000,0.000000000000,-240.000000000000,1.685077895492,0.000000000000,
9.245000000000,0.000000000000,240.000000000000,1.685077895492,0.000000000000,
9.250000000000,0.000000000000,-120.000000000000,1.685077895492,0.000000000000,
9.255000000000,0.000000000000,-120.000000000000,1.685077895492,0.000000000000,
9.260000000000,0.000000000000,-120.000000000000,1.685077895492,0.000000000000,
9.265000000000,0.000000000000,-120.000000000000,1.685077895492,0.000000000000,
9.270000000000,0.000000000000,-120.000000000000,1.685077895492,0.000000000000,
9.275000000000,0.000000000000,-120.000000000000,1.685077895492,0.000000000000,
9.280000000000,0.000000000000,-240.000000000000,1.685029958593,0.000000000000,
9.285000000000,0.000000000000,-240.000000000000,1.685029958593,0.000000000000,
9.290000000000,0.000000000000,-240.000000000000,1.685029958593,0.000000000000,
9.295000000000,0.000000000000,-120.000000000000,1.685029958593,0.000000000000,
9.300000000000,0.000000000000,-240.000000000000,1.685077895492,0.000000000000,
9.305000000000,0.000000000000,-120.000000000000,1.685077895492,0.000000000000,
9.310000000000,0.000000000000,120.000000000000,1.685029958593,0.000000000000,
9.315000000000,0.000000000000,120.000000000000,1.685029958593,0.000000000000,
9.320000000000,0.000000000000,-120.000000000000,1.685077895492,0.000000000000,
9.325000000000,0.000000000000,120.000000000000,1.685077895492,0.000000000000,
9.330000000000,0.000000000000,-120.000000000000,1.685077895492,0.000000000000,
9.335000000000,0.000000000000,-240.000000000000,1.685029958593,0.000000000000,
9.340000000000,0.000000000000,120.000000000000,1.685077895492,0.000000000000,
9.345000000000,0.000000000000,120.000000000000,1.685077895492,0.000000000000,
9.350000000000,0.000000000000,0.000000000000,1.685029958593,0.000000000000,
9.355000000000,0.000000000000,120.000000000000,1.685029958593,0.000000000000,
9.360000000000,0.000000000000,0.000000000000,1.685077895492,0.000000000000,
9.365000000000,0.000000000000,120.000000000000,1.685077895492,0.000000000000,
9.370000000000,0.000000000000,240.000000000000,1.685077895492,0.000000000000,
9.375000000000,0.000000000000,240.000000000000,1.685077895492,0.000000000000,
9.380000000000,0.000000000000,-240.000000000000,1.685077895492,0.000000000000,
9.385000000000,0.000000000000,240.000000000000,1.685077895492,0.000000000000,
9.390000000000,0.000000000000,0.000000000000,1.685077895492,0.000000000000,
9.395000000000,0.000000000000,-120.000000000000,1.685029958593,0.000000000000,
9.400000000000,0.000000000000,-120.000000000000,1.685029958593,0.000000000000,
9.405000000000,0.000000000000,-120.000000000000,1.685029958593,0.000000000000,
9.410000000000,0.000000000000,-120.000000000000,1.685077895492,0.000000000000,
9.415000000000,0.000000000000,-240.000000000000,1.685077895492,0.000000000000,
9.420000000000,0.000000000000,240.000000000000,1.685077895492,0.000000000000,
9.425000000000,0.000000000000,-240.000000000000,1.685077895492,0.000000000000,
9.430000000000,0.000000000000,-240.000000000000,1.685077895492,0.000000000000,
9.435000000000,0.000000000000,-240.000000000000,1.685077895492,0.000000000000,
9.440000000000,0.000000000000,-240.000000000000,1.685077895492,0.000000000000,
9.445000000000,0.000000000000,120.000000000000,1.685077895492,0.000000000000,
9.450000000000,0.000000000000,0.000000000000,1.685077895492,0.000000000000,
9.455000000000,0.000000000000,120.000000000000,1.685029958593,0.000000000000,
9.460000000000,0.000000000000,120.000000000000,1.685077895492,0.000000000000,
9.465000000000,0.000000000000,120.000000000000,1.685077895492,0.000000000000,
9.470000000000,0.000000000000,-240.000000000000,1.685077895492,0.000000000000,
9.475000000000,0.000000000000,120.000000000000,1.685029958593,0.000000000000,
9.480000000000,0.000000000000,360.000000000000,1.685077895492,0.000000000000,
9.485000000000,0.000000000000,120.000000000000,1.685077895492,0.000000000000,
9.490000000000,0.000000000000,-120.000000000000,1.685077895492,0.000000000000,
9.495000000000,0.000000000000,-120.000000000000,1.685077895492,0.000000000000,
9.500000000000,0.000000000000,120.000000000000,1.685077895492,0.000000000000,
9.505000000000,0.000000000000,240.000000000000,1.685077895492,0.000000000000,
9.510000000000,0.000000000000,240.000000000000,1.685077895492,0.000000000000,
9.515000000000,0.000000000000,-120.000000000000,1.685077895492,0.000000000000,
9.520000000000,0.000000000000,120.000000000000,1.685077895492,0.000000000000,
9.525000000000,0.000000000000,120.000000000000,1.685077895492,0.000000000000,
9.530000000000,0.000000000000,120.000000000000,1.685077895492,0.000000000000,
9.535000000000,0.000000000000,120.000000000000,1.685077895492,0.000000000000,
9.540000000000,0.000000000000,360.000000000000,1.685029958593,0.000000000000,
9.545000000000,0.000000000000,-240.000000000000,1.685029958593,0.000000000000,
9.550000000000,0.000000000000,0.000000000000,1.685077895492,0.000000000000,
9.555000000000,0.000000000000,0.000000000000,1.685077895492,0.000000000000,
9.560000000000,0.000000000000,240.000000000000,1.685077895492,0.000000000000,
9.565000000000,0.000000000000,0.000000000000,1.685077895492,0.000000000000,
9.570000000000,0.000000000000,-240.000000000000,1.685029958593,0.000000000000,
9.575000000000,0.000000000000,-240.000000000000,1.685029958593,0.000000000000,
9.580000000000,0.000000000000,240.000000000000,1.685077895492,0.000000000000,
9.585000000000,0.000000000000,240.000000000000,1.685077895492,0.000000000000,
9.590000000000,0.000000000000,-240.000000000000,1.685029958593,0.000000000000,
9.595000000000,0.000000000000,-120.000000000000,1.685029958593,0.000000000000,
9.600000000000,0.000000000000,240.000000000000,1.685029958593,0.000000000000,
9.605000000000,0.000000000000,-360.000000000000,1.685077895492,0.000000000000,
9.610000000000,0.000000000000,120.000000000000,1.685029958593,0.000000000000,
9.615000000000,0.000000000000,120.000000000000,1.685029958593,0.000000000000,
9.620000000000,0.000000000000,-240.000000000000,1.685077895492,0.000000000000,
9.625000000000,0.000000000000,-120.000000000000,1.685077895492,0.000000000000,
9.630000000000,0.000000000000,-120.000000000000,1.685029958593,0.000000000000,
9.635000000000,0.000000000000,120.000000000000,1.685077895492,0.000000000000,
9.640000000000,0.000000000000,360.000000000000,1.685077895492,0.000000000000,
9.645000000000,0.000000000000,360.000000000000,1.685077895492,0.000000000000,
9.650000000000,0.000000000000,0.000000000000,1.685077895492,0.000000000000,
9.655000000000,0.000000000000,-120.000000000000,1.685029958593,0.000000000000,
9.660000000000,0.000000000000,-120.000000000000,1.685077895492,0.000000000000,
9.665000000000,0.000000000000,360.000000000000,1.685029958593,0.000000000000,
9.670000000000,0.000000000000,120.000000000000,1.685077895492,0.000000000000,
9.675000000000,0.000000000000,120.000000000000,1.685077895492,0.000000000000,
9.680000000000,0.000000000000,-240.000000000000,1.685029958593,0.000000000000,
9.685000000000,0.000000000000,120.000000000000,1.685029958593,0.000000000000,
9.690000000000,0.000000000000,240.000000000000,1.685029958593,0.000000000000,
9.695000000000,0.000000000000,-120.000000000000,1.685077895492,0.000000000000,
9.700000000000,0.000000000000,-120.000000000000,1.685029958593,0.000000000000,
9.705000000000,0.000000000000,-120.000000000000,1.685029958593,0.000000000000,
9.710000000000,0.000000000000,-120.000000000000,1.685077895492,0.000000000000,
9.715000000000,0.000000000000,360.000000000000,1.685077895492,0.000000000000,
9.720000000000,0.000000000000,-120.000000000000,1.685077895492,0.000000000000,
9.725000000000,0.000000000000,120.000000000000,1.685029958593,0.000000000000,
9.730000000000,0.000000000000,-240.000000000000,1.685077895492,0.000000000000,
9.735000000000,0.000000000000,-240.000000000000,1.685077895492,0.000000000000,
9.740000000000,0.000000000000,120.000000000000,1.685077895492,0.000000000000,
9.745000000000,0.000000000000,480.000000000000,1.685077895492,0.000000000000,
9.750000000000,0.000000000000,0.000000000000,1.685029958593,0.000000000000,
9.755000000000,0.000000000000,120.000000000000,1.685077895492,0.000000000000,
9.760000000000,0.000000000000,-120.000000000000,1.685077895492,0.000000000000,
9.765000000000,0.000000000000,-120.000000000000,1.685077895492,0.000000000000,
9.770000000000,0.000000000000,120.000000000000,1.685077895492,0.000000000000,
9.775000000000,0.000000000000,120.000000000000,1.685077895492,0.000000000000,
9.780000000000,0.000000000000,0.000000000000,1.685077895492,0.000000000000,
9.785000000000,0.000000000000,-120.000000000000,1.685029958593,0.000000000000,
9.790000000000,0.000000000000,120.000000000000,1.685077895492,0.000000000000,
9.795000000000,0.000000000000,120.000000000000,1.685077895492,0.000000000000,
9.800000000000,0.000000000000,240.000000000000,1.685077895492,0.000000000000,
9.805000000000,0.000000000000,120.000000000000,1.685077895492,0.000000000000,
9.810000000000,0.000000000000,-240.000000000000,1.685029958593,0.000000000000,
9.815000000000,0.000000000000,-240.000000000000,1.685077895492,0.000000000000,
9.820000000000,0.000000000000,-360.000000000000,1.685029958593,0.000000000000,
9.825000000000,0.000000000000,-360.000000000000,1.685029958593,0.000000000000,
9.830000000000,0.000000000000,120.000000000000,1.685077895492,0.000000000000,
9.835000000000,0.000000000000,240.000000000000,1.685029958593,0.000000000000,
9.840000000000,0.000000000000,-120.000000000000,1.685029958593,0.000000000000,
9.845000000000,0.000000000000,-240.000000000000,1.685077895492,0.000000000000,
9.850000000000,0.000000000000,0.000000000000,1.685077895492,0.000000000000,
9.855000000000,0.000000000000,0.000000000000,1.685077895492,0.000000000000,
9.860000000000,0.000000000000,-120.000000000000,1.685077895492,0.000000000000,
9.865000000000,0.000000000000,-120.000000000000,1.685077895492,0.000000000000,
9.870000000000,0.000000000000,-240.000000000000,1.685077895492,0.000000000000,
9.875000000000,0.000000000000,120.000000000000,1.685077895492,0.000000000000,
9.880000000000,0.000000000000,360.000000000000,1.685029958593,0.000000000000,
9.885000000000,0.000000000000,360.000000000000,1.685029958593,0.000000000000,
9.890000000000,0.000000000000,360.000000000000,1.685077895492,0.000000000000,
9.895000000000,0.000000000000,-120.000000000000,1.685077895492,0.000000000000,
9.900000000000,0.000000000000,120.000000000000,1.685077895492,0.000000000000,
9.905000000000,0.000000000000,120.000000000000,1.685077895492,0.000000000000,
9.910000000000,0.000000000000,240.000000000000,1.685077895492,0.000000000000,
9.915000000000,0.000000000000,240.000000000000,1.685077895492,0.000000000000,
9.920000000000,0.000000000000,360.000000000000,1.685077895492,0.000000000000,
9.925000000000,0.000000000000,360.000000000000,1.685029958593,0.000000000000,
9.930000000000,0.000000000000,360.000000000000,1.685029958593,0.000000000000,
9.935000000000,0.000000000000,120.000000000000,1.685077895492,0.000000000000,
9.940000000000,0.000000000000,-120.000000000000,1.685029958593,0.000000000000,
9.945000000000,0.000000000000,-120.000000000000,1.685029958593,0.000000000000,
9.950000000000,0.000000000000,120.000000000000,1.685077895492,0.000000000000,
9.955000000000,0.000000000000,120.000000000000,1.685029958593,0.000000000000,
9.960000000000,0.000000000000,-240.000000000000,1.685029958593,0.000000000000,
9.965000000000,0.000000000000,240.000000000000,1.685077895492,0.000000000000,
9.970000000000,0.000000000000,-120.000000000000,1.685077895492,0.000000000000,
9.975000000000,0.000000000000,-120.000000000000,1.685077895492,0.000000000000,
9.980000000000,0.000000000000,-120.000000000000,1.685029958593,0.000000000000,
9.985000000000,0.000000000000,240.000000000000,1.685029958593,0.000000000000,
9.990000000000,0.000000000000,240.000000000000,1.685077895492,0.000000000000,
9.995000000000,0.000000000000,360.000000000000,1.685077895492,0.000000000000,
10.000000000000,0.000000000000,240.000000000000,1.685077895492,0.000000000000,
10.005000000000,0.000000000000,240.000000000000,1.685077895492,0.000000000000,
10.010000000000,0.000000000000,120.000000000000,1.685077895492,0.000000000000,
10.015000000000,0.000000000000,-360.000000000000,1.685077895492,0.000000000000,
10.020000000000,0.000000000000,120.000000000000,1.685077895492,0.000000000000,
10.025000000000,0.000000000000,120.000000000000,1.685077895492,0.000000000000,
10.030000000000,0.000000000000,0.000000000000,1.685029958593,0.000000000000,
10.035000000000,0.000000000000,0.000000000000,1.685029958593,0.000000000000,
10.040000000000,0.000000000000,-120.000000000000,1.685077895492,0.000000000000,
10.045000000000,0.000000000000,-240.000000000000,1.685029958593,0.000000000000,
10.050000000000,0.000000000000,120.000000000000,1.685077895492,0.000000000000,
10.055000000000,0.000000000000,-240.000000000000,1.685029958593,0.000000000000,
10.060000000000,0.000000000000,-240.000000000000,1.685077895492,0.000000000000,
10.065000000000,0.000000000000,-240.000000000000,1.685077895492,0.000000000000,
10.070000000000,0.000000000000,-120.000000000000,1.685029958593,0.000000000000,
10.075000000000,0.000000000000,120.000000000000,1.685029958593,0.000000000000,
10.080000000000,0.000000000000,120.000000000000,1.685029958593,0.000000000000,
10.085000000000,0.000000000000,-240.000000000000,1.685077895492,0.000000000000,
10.090000000000,0.000000000000,-360.000000000000,1.685077895492,0.000000000000,
10.095000000000,0.000000000000,-360.000000000000,1.685077895492,0.000000000000,
10.100000000000,0.000000000000,360.000000000000,1.685029958593,0.000000000000,
10.105000000000,0.000000000000,-120.000000000000,1.685077895492,0.000000000000,
10.110000000000,0.000000000000,-120.000000000000,1.685077895492,0.000000000000,
10.115000000000,0.000000000000,-120.000000000000,1.685077895492,0.000000000000,
10.120000000000,0.000000000000,-240.000000000000,1.685077895492,0.000000000000,
10.125000000000,0.000000000000,-240.000000000000,1.685077895492,0.000000000000,
10.130000000000,0.000000000000,0.000000000000,1.685077895492,0.000000000000,
10.135000000000,0.000000000000,0.000000000000,1.685029958593,0.000000000000,
10.140000000000,0.000000000000,120.000000000000,1.685077895492,0.000000000000,
10.145000000000,0.000000000000,360.000000000000,1.685077895492,0.000000000000,
10.150000000000,0.000000000000,120.000000000000,1.685077895492,0.000000000000,
10.155000000000,0.000000000000,120.000000000000,1.685077895492,0.000000000000,
10.160000000000,0.000000000000,120.000000000000,1.685077895492,0.000000000000,
10.165000000000,0.000000000000,120.000000000000,1.685077895492,0.000000000000,
10.170000000000,0.000000000000,0.000000000000,1.685029958593,0.000000000000,
10.175000000000,0.000000000000,-120.000000000000,1.685077895492,0.000000000000,
10.180000000000,0.000000000000,-240.000000000000,1.685077895492,0.000000000000,
10.185000000000,0.000000000000,-240.000000000000,1.685077895492,0.000000000000,
10.190000000000,0.000000000000,120.000000000000,1.685029958593,0.000000000000,
10.195000000000,0.000000000000,240.000000000000,1.685077895492,0.000000000000,
10.200000000000,0.000000000000,-120.000000000000,1.685077895492,0.000000000000,
10.205000000000,0.000000000000,-120.000000000000,1.685029958593,0.000000000000,
10.210000000000,0.000000000000,-120.000000000000,1.685077895492,0.000000000000,
10.215000000000,0.000000000000,-120.000000000000,1.685077895492,0.000000000000,
10.220000000000,0.000000000000,-240.000000000000,1.685077895492,0.000000000000,
10.225000000000,0.000000000000,-120.000000000000,1.685029958593,0.000000000000,
10.230000000000,0.000000000000,240.000000000000,1.685077895492,0.000000000000,
10.235000000000,0.000000000000,240.000000000000,1.685077895492,0.000000000000,
10.240000000000,0.000000000000,-240.000000000000,1.685077895492,0.000000000000,
10.245000000000,0.000000000000,-240.000000000000,1.685077895492,0.000000000000,
10.250000000000,0.000000000000,-240.000000000000,1.685077895492,0.000000000000,
10.255000000000,0.000000000000,120.000000000000,1.685077895492,0.000000000000,
10.260000000000,0.000000000000,-120.000000000000,1.685077895492,0.000000000000,
10.265000000000,0.000000000000,120.000000000000,1.685029958593,0.000000000000,
10.270000000000,0.000000000000,0.000000000000,1.685029958593,0.000000000000,
10.275000000000,0.000000000000,0.000000000000,1.685029958593,0.000000000000,
10.280000000000,0.000000000000,-120.000000000000,1.685077895492,0.000000000000,
10.285000000000,0.000000000000,-120.000000000000,1.685077895492,0.000000000000,
10.290000000000,0.000000000000,-240.000000000000,1.685077895492,0.000000000000,
10.295000000000,0.000000000000,120.000000000000,1.685077895492,0.000000000000,
10.300000000000,0.000000000000,120.000000000000,1.685077895492,0.000000000000,
10.305000000000,0.000000000000,120.000000000000,1.685077895492,0.000000000000,
10.310000000000,0.000000000000,360.000000000000,1.685077895492,0.000000000000,
10.315000000000,0.000000000000,120.000000000000,1.685029958593,0.000000000000,
10.320000000000,0.000000000000,-120.000000000000,1.685077895492,0.000000000000,
10.325000000000,0.000000000000,0.000000000000,1.685077895492,0.000000000000,
10.330000000000,0.000000000000,-240.000000000000,1.685077895492,0.000000000000,
10.335000000000,0.000000000000,-240.000000000000,1.685077895492,0.000000000000,
10.340000000000,0.000000000000,240.000000000000,1.685077895492,0.000000000000,
10.345000000000,0.000000000000,120.000000000000,1.685077895492,0.000000000000,
10.350000000000,0.000000000000,-240.000000000000,1.685029958593,0.000000000000,
10.355000000000,0.000000000000,-120.000000000000,1.685029958593,0.000000000000,
10.360000000000,0.000000000000,-120.000000000000,1.685029958593,0.000000000000,
10.365000000000,0.000000000000,-120.000000000000,1.685029958593,0.000000000000,
10.370000000000,0.000000000000,240.000000000000,1.685077895492,0.000000000000,
10.375000000000,0.000000000000,-120.000000000000,1.685029958593,0.000000000000,
10.380000000000,0.000000000000,240.000000000000,1.685077895492,0.000000000000,
10.385000000000,0.000000000000,-240.000000000000,1.685077895492,0.000000000000,
10.390000000000,0.000000000000,360.000000000000,1.685029958593,0.000000000000,
10.395000000000,0.000000000000,360.000000000000,1.685029958593,0.000000000000,
10.400000000000,0.000000000000,-120.000000000000,1.685029958593,0.000000000000,
10.405000000000,0.000000000000,-240.000000000000,1.685029958593,0.000000000000,
10.410000000000,0.000000000000,-360.000000000000,1.685077895492,0.000000000000,
10.415000000000,0.000000000000,0.000000000000,1.685077895492,0.000000000000,
10.420000000000,0.000000000000,-240.000000000000,1.685029958593,0.000000000000,
10.425000000000,0.000000000000,-240.000000000000,1.685029958593,0.000000000000,
10.430000000000,0.000000000000,240.000000000000,1.685029958593,0.000000000000,
10.435000000000,0.000000000000,-120.000000000000,1.685077895492,0.000000000000,
10.440000000000,0.000000000000,-240.000000000000,1.685077895492,0.000000000000,
10.445000000000,0.000000000000,120.000000000000,1.685077895492,0.000000000000,
10.450000000000,0.000000000000,-240.000000000000,1.685077895492,0.000000000000,
10.455000000000,0.000000000000,-240.000000000000,1.685077895492,0.000000000000,
10.460000000000,0.000000000000,-120.000000000000,1.685029958593,0.000000000000,
10.465000000000,0.000000000000,120.000000000000,1.685029958593,0.000000000000,
10.470000000000,0.000000000000,-240.000000000000,1.685029958593,0.000000000000,
10.475000000000,0.000000000000,120.000000000000,1.685077895492,0.000000000000,
10.480000000000,0.000000000000,-240.000000000000,1.685077895492,0.000000000000,
10.485000000000,0.000000000000,-240.000000000000,1.685077895492,0.000000000000,
10.490000000000,0.000000000000,-240.000000000000,1.685077895492,0.000000000000,
10.495000000000,0.000000000000,240.000000000000,1.685029958593,0.000000000000,
10.500000000000,0.000000000000,-120.000000000000,1.685077895492,0.000000000000,
10.505000000000,0.000000000000,120.000000000000,1.685077895492,0.000000000000,
10.510000000000,0.000000000000,-120.000000000000,1.685077895492,0.000000000000,
10.515000000000,0.000000000000,-120.000000000000,1.685077895492,0.000000000000,
10.520000000000,0.000000000000,-120.000000000000,1.685029958593,0.000000000000,
10.525000000000,0.000000000000,-120.000000000000,1.685029958593,0.000000000000,
10.530000000000,0.000000000000,0.000000000000,1.685077895492,0.000000000000,
10.535000000000,0.000000000000,-240.000000000000,1.685029958593,0.000000000000,
10.540000000000,0.000000000000,-240.000000000000,1.685077895492,0.000000000000,
10.545000000000,0.000000000000,-240.000000000000,1.685077895492,0.000000000000,
10.550000000000,0.000000000000,-360.000000000000,1.685077895492,0.000000000000,
10.555000000000,0.000000000000,-360.000000000000,1.685077895492,0.000000000000,
10.560000000000,0.000000000000,-360.000000000000,1.685077895492,0.000000000000,
10.565000000000,0.000000000000,120.000000000000,1.685077895492,0.000000000000,
10.570000000000,0.000000000000,240.000000000000,1.685077895492,0.000000000000,
10.575000000000,0.000000000000,240.000000000000,1.685077895492,0.000000000000,
10.580000000000,0.000000000000,-240.000000000000,1.685029958593,0.000000000000,
10.585000000000,0.000000000000,-240.000000000000,1.685077895492,0.000000000000,
10.590000000000,0.000000000000,120.000000000000,1.685029958593,0.000000000000,
10.595000000000,0.000000000000,-120.000000000000,1.685077895492,0.000000000000,
10.600000000000,0.000000000000,120.000000000000,1.685077895492,0.000000000000,
10.605000000000,0.000000000000,120.000000000000,1.685077895492,0.000000000000,
10.610000000000,0.000000000000,-120.000000000000,1.685077895492,0.000000000000,
10.615000000000,0.000000000000,120.000000000000,1.685029958593,0.000000000000,
10.620000000000,0.000000000000,480.000000000000,1.685077895492,0.000000000000,
10.625000000000,0.000000000000,-120.000000000000,1.685029958593,0.000000000000,
10.630000000000,0.000000000000,-120.000000000000,1.685077895492,0.000000000000,
10.635000000000,0.000000000000,-120.000000000000,1.685077895492,0.000000000000,
10.640000000000,0.000000000000,-240.000000000000,1.685029958593,0.000000000000,
10.645000000000,0.000000000000,-240.000000000000,1.685029958593,0.000000000000,
10.650000000000,0.000000000000,120.000000000000,1.685077895492,0.000000000000,
10.655000000000,0.000000000000,240.000000000000,1.685029958593,0.000000000000,
10.660000000000,0.000000000000,-240.000000000000,1.685077895492,0.000000000000,
10.665000000000,0.000000000000,-240.000000000000,1.685077895492,0.000000000000,
10.670000000000,0.000000000000,-360.000000000000,1.685077895492,0.000000000000,
10.675000000000,0.000000000000,-120.000000000000,1.685077895492,0.000000000000,
10.680000000000,0.000000000000,240.000000000000,1.685077895492,0.000000000000,
10.685000000000,0.000000000000,240.000000000000,1.685029958593,0.000000000000,
10.690000000000,0.000000000000,360.000000000000,1.685077895492,0.000000000000,
10.695000000000,0.000000000000,360.000000000000,1.685077895492,0.000000000000,
10.700000000000,0.000000000000,240.000000000000,1.685029958593,0.000000000000,
10.705000000000,0.000000000000,-120.000000000000,1.685077895492,0.000000000000,
10.710000000000,0.000000000000,-120.000000000000,1.685029958593,0.000000000000,
10.715000000000,0.000000000000,-240.000000000000,1.685077895492,0.000000000000,
10.720000000000,0.000000000000,-120.000000000000,1.685029958593,0.000000000000,
10.725000000000,0.000000000000,-120.000000000000,1.685029958593,0.000000000000,
10.730000000000,0.000000000000,0.000000000000,1.685077895492,0.000000000000,
10.735000000000,0.000000000000,-240.000000000000,1.685077895492,0.000000000000,
10.740000000000,0.000000000000,-600.000000000000,1.685077895492,0.000000000000,
10.745000000000,0.000000000000,-120.000000000000,1.685077895492,0.000000000000,
10.750000000000,0.000000000000,120.000000000000,1.685077895492,0.000000000000,
10.755000000000,0.000000000000,120.000000000000,1.685077895492,0.000000000000,
10.760000000000,0.000000000000,240.000000000000,1.685077895492,0.000000000000,
10.765000000000,0.000000000000,360.000000000000,1.685077895492,0.000000000000,
10.770000000000,0.000000000000,120.000000000000,1.685077895492,0.000000000000,
10.775000000000,0.000000000000,0.000000000000,1.685029958593,0.000000000000,
10.780000000000,0.000000000000,120.000000000000,1.685077895492,0.000000000000,
10.785000000000,0.000000000000,120.000000000000,1.685077895492,0.000000000000,
10.790000000000,0.000000000000,-120.000000000000,1.685029958593,0.000000000000,
10.795000000000,0.000000000000,-240.000000000000,1.685029958593,0.000000000000,
10.800000000000,0.000000000000,360.000000000000,1.685077895492,0.000000000000,
10.805000000000,0.000000000000,-120.000000000000,1.685077895492,0.000000000000,
10.810000000000,0.000000000000,-240.000000000000,1.685029958593,0.000000000000,
10.815000000000,0.000000000000,-240.000000000000,1.685029958593,0.000000000000,
10.820000000000,0.000000000000,-360.000000000000,1.685077895492,0.000000000000,
10.825000000000,0.000000000000,-120.000000000000,1.685077895492,0.000000000000,
10.830000000000,0.000000000000,-120.000000000000,1.685077895492,0.000000000000,
10.835000000000,0.000000000000,120.000000000000,1.685029958593,0.000000000000,
10.840000000000,0.000000000000,240.000000000000,1.685077895492,0.000000000000,
10.845000000000,0.000000000000,240.000000000000,1.685077895492,0.000000000000,
10.850000000000,0.000000000000,-120.000000000000,1.685029958593,0.000000000000,
10.855000000000,0.000000000000,240.000000000000,1.685029958593,0.000000000000,
10.860000000000,0.000000000000,0.000000000000,1.685077895492,0.000000000000,
10.865000000000,0.000000000000,240.000000000000,1.685077895492,0.000000000000,
10.870000000000,0.000000000000,-120.000000000000,1.685029958593,0.000000000000,
10.875000000000,0.000000000000,-120.000000000000,1.685029958593,0.000000000000,
10.880000000000,0.000000000000,-240.000000000000,1.685077895492,0.000000000000,
10.885000000000,0.000000000000,120.000000000000,1.685029958593,0.000000000000,
10.890000000000,0.000000000000,-240.000000000000,1.685029958593,0.000000000000,
10.895000000000,0.000000000000,-240.000000000000,1.685077895492,0.000000000000,
10.900000000000,0.000000000000,120.000000000000,1.685029958593,0.000000000000,
10.905000000000,0.000000000000,120.000000000000,1.685029958593,0.000000000000,
10.910000000000,0.000000000000,-120.000000000000,1.685029958593,0.000000000000,
10.915000000000,0.000000000000,-240.000000000000,1.685077895492,0.000000000000,
10.920000000000,0.000000000000,240.000000000000,1.685077895492,0.000000000000,
10.925000000000,0.000000000000,-120.000000000000,1.685077895492,0.000000000000,
10.930000000000,0.000000000000,240.000000000000,1.685077895492,0.000000000000,
10.935000000000,0.000000000000,240.000000000000,1.685077895492,0.000000000000,
10.940000000000,0.000000000000,120.000000000000,1.685077895492,0.000000000000,
10.945000000000,0.000000000000,240.000000000000,1.685077895492,0.000000000000,
10.950000000000,0.000000000000,240.000000000000,1.685029958593,0.000000000000,
10.955000000000,0.000000000000,-240.000000000000,1.685077895492,0.000000000000,
10.960000000000,0.000000000000,120.000000000000,1.685077895492,0.000000000000,
10.965000000000,0.000000000000,120.000000000000,1.685077895492,0.000000000000,
10.970000000000,0.000000000000,240.000000000000,1.685077895492,0.000000000000,
10.975000000000,0.000000000000,-240.000000000000,1.685077895492,0.000000000000,
10.980000000000,0.000000000000,120.000000000000,1.685077895492,0.000000000000,
10.985000000000,0.000000000000,240.000000000000,1.685077895492,0.000000000000,
10.990000000000,0.000000000000,120.000000000000,1.685077895492,0.000000000000,
10.995000000000,0.000000000000,120.000000000000,1.685077895492,0.000000000000,
11.000000000000,0.000000000000,-120.000000000000,1.685077895492,0.000000000000,
11.005000000000,0.000000000000,-360.000000000000,1.685029958593,0.000000000000,
11.010000000000,0.000000000000,-360.000000000000,1.685029958593,0.000000000000,
11.015000000000,0.000000000000,0.000000000000,1.685029958593,0.000000000000,
11.020000000000,0.000000000000,-120.000000000000,1.685029958593,0.000000000000,
11.025000000000,0.000000000000,-120.000000000000,1.685029958593,0.000000000000,
11.030000000000,0.000000000000,240.000000000000,1.685077895492,0.000000000000,
11.035000000000,0.000000000000,-120.000000000000,1.685029958593,0.000000000000,
11.040000000000,0.000000000000,-240.000000000000,1.685029958593,0.000000000000,
11.045000000000,0.000000000000,-120.000000000000,1.685077895492,0.000000000000,
11.050000000000,0.000000000000,0.000000000000,1.685077895492,0.000000000000,
11.055000000000,0.000000000000,0.000000000000,1.685077895492,0.000000000000,
11.060000000000,0.000000000000,-240.000000000000,1.685077895492,0.000000000000,
11.065000000000,0.000000000000,-120.000000000000,1.685077895492,0.000000000000,
11.070000000000,0.000000000000,-120.000000000000,1.685029958593,0.000000000000,
11.075000000000,0.000000000000,-240.000000000000,1.685029958593,0.000000000000,
11.080000000000,0.000000000000,0.000000000000,1.685077895492,0.000000000000,
11.085000000000,0.000000000000,0.000000000000,1.685077895492,0.000000000000,
11.090000000000,0.000000000000,0.000000000000,1.685077895492,0.000000000000,
11.095000000000,0.000000000000,360.000000000000,1.685077895492,0.000000000000,
11.100000000000,0.000000000000,240.000000000000,1.685077895492,0.000000000000,
11.105000000000,0.000000000000,480.000000000000,1.685029958593,0.000000000000,
11.110000000000,0.000000000000,240.000000000000,1.685077895492,0.000000000000,
11.115000000000,0.000000000000,240.000000000000,1.685077895492,0.000000000000,
11.120000000000,0.000000000000,360.000000000000,1.685029958593,0.000000000000,
11.125000000000,0.000000000000,240.000000000000,1.685029958593,0.000000000000,
11.130000000000,0.000000000000,-240.000000000000,1.685077895492,0.000000000000,
11.135000000000,0.000000000000,-240.000000000000,1.685077895492,0.000000000000,
11.140000000000,0.000000000000,-120.000000000000,1.685077895492,0.000000000000,
11.145000000000,0.000000000000,-120.000000000000,1.685077895492,0.000000000000,
11.150000000000,0.000000000000,360.000000000000,1.685077895492,0.000000000000,
11.155000000000,0.000000000000,120.000000000000,1.685029958593,0.000000000000,
11.160000000000,0.000000000000,0.000000000000,1.685077895492,0.000000000000,
11.165000000000,0.000000000000,-240.000000000000,1.685029958593,0.000000000000,
11.170000000000,0.000000000000,-120.000000000000,1.685077895492,0.000000000000,
11.175000000000,0.000000000000,-120.000000000000,1.685077895492,0.000000000000,
11.180000000000,0.000000000000,-240.000000000000,1.685077895492,0.000000000000,
11.185000000000,0.000000000000,120.000000000000,1.685029958593,0.000000000000,
11.190000000000,0.000000000000,-120.000000000000,1.685029958593,0.000000000000,
11.195000000000,0.000000000000,360.000000000000,1.685077895492,0.000000000000,
11.200000000000,0.000000000000,240.000000000000,1.685077895492,0.000000000000,
11.205000000000,0.000000000000,240.000000000000,1.685077895492,0.000000000000,
11.210000000000,0.000000000000,120.000000000000,1.685029958593,0.000000000000,
11.215000000000,0.000000000000,-120.000000000000,1.685077895492,0.000000000000,
11.220000000000,0.000000000000,240.000000000000,1.685077895492,0.000000000000,
11.225000000000,0.000000000000,360.000000000000,1.685077895492,0.000000000000,
11.230000000000,0.000000000000,120.000000000000,1.685077895492,0.000000000000,
11.235000000000,0.000000000000,120.000000000000,1.685077895492,0.000000000000,
11.240000000000,0.000000000000,-240.000000000000,1.685029958593,0.000000000000,
11.245000000000,0.000000000000,-240.000000000000,1.685077895492,0.000000000000,
11.250000000000,0.000000000000,120.000000000000,1.685077895492,0.000000000000,
11.255000000000,0.000000000000,120.000000000000,1.685077895492,0.000000000000,
11.260000000000,0.000000000000,240.000000000000,1.685077895492,0.000000000000,
11.265000000000,0.000000000000,240.000000000000,1.685077895492,0.000000000000,
11.270000000000,0.000000000000,120.000000000000,1.685029958593,0.000000000000,
11.275000000000,0.000000000000,-120.000000000000,1.685029958593,0.000000000000,
11.280000000000,0.000000000000,120.000000000000,1.685077895492,0.000000000000,
11.285000000000,0.000000000000,-120.000000000000,1.685077895492,0.000000000000,
11.290000000000,0.000000000000,120.000000000000,1.685077895492,0.000000000000,
11.295000000000,0.000000000000,120.000000000000,1.685077895492,0.000000000000,
11.300000000000,0.000000000000,360.000000000000,1.685029958593,0.000000000000,
11.305000000000,0.000000000000,-120.000000000000,1.685077895492,0.000000000000,
11.310000000000,0.000000000000,0.000000000000,1.685077895492,0.000000000000,
11.315000000000,0.000000000000,0.000000000000,1.685029958593,0.000000000000,
11.320000000000,0.000000000000,120.000000000000,1.685077895492,0.000000000000,
11.325000000000,0.000000000000,120.000000000000,1.685077895492,0.000000000000,
11.330000000000,0.000000000000,-240.000000000000,1.685077895492,0.000000000000,
11.335000000000,0.000000000000,-120.000000000000,1.685077895492,0.000000000000,
11.340000000000,0.000000000000,-120.000000000000,1.685029958593,0.000000000000,
11.345000000000,0.000000000000,-120.000000000000,1.685077895492,0.000000000000,
11.350000000000,0.000000000000,-120.000000000000,1.685077895492,0.000000000000,
11.355000000000,0.000000000000,-120.000000000000,1.685077895492,0.000000000000,
11.360000000000,0.000000000000,-120.000000000000,1.685077895492,0.000000000000,
11.365000000000,0.000000000000,-120.000000000000,1.685029958593,0.000000000000,
11.370000000000,0.000000000000,0.000000000000,1.685077895492,0.000000000000,
11.375000000000,0.000000000000,240.000000000000,1.685077895492,0.000000000000,
11.380000000000,0.000000000000,120.000000000000,1.685029958593,0.000000000000,
11.385000000000,0.000000000000,120.000000000000,1.685029958593,0.000000000000,
11.390000000000,0.000000000000,120.000000000000,1.685077895492,0.000000000000,
11.395000000000,0.000000000000,240.000000000000,1.685029958593,0.000000000000,
11.400000000000,0.000000000000,-240.000000000000,1.685077895492,0.000000000000,
11.405000000000,0.000000000000,-360.000000000000,1.685029958593,0.000000000000,
11.410000000000,0.000000000000,120.000000000000,1.685077895492,0.000000000000,
11.415000000000,0.000000000000,120.000000000000,1.685077895492,0.000000000000,
11.420000000000,0.000000000000,120.000000000000,1.685077895492,0.000000000000,
11.425000000000,0.000000000000,240.000000000000,1.685077895492,0.000000000000,
11.430000000000,0.000000000000,-120.000000000000,1.685077895492,0.000000000000,
11.435000000000,0.000000000000,-240.000000000000,1.685077895492,0.000000000000,
11.440000000000,0.000000000000,-240.000000000000,1.685077895492,0.000000000000,
11.445000000000,0.000000000000,-240.000000000000,1.685077895492,0.000000000000,
11.450000000000,0.000000000000,0.000000000000,1.685077895492,0.000000000000,
11.455000000000,0.000000000000,240.000000000000,1.685029958593,0.000000000000,
11.460000000000,0.000000000000,120.000000000000,1.685077895492,0.000000000000,
11.465000000000,0.000000000000,-360.000000000000,1.685077895492,0.000000000000,
11.470000000000,0.000000000000,-240.000000000000,1.685029958593,0.000000000000,
11.475000000000,0.000000000000,-240.000000000000,1.685029958593,0.000000000000,
11.480000000000,0.000000000000,120.000000000000,1.685029958593,0.000000000000,
11.485000000000,0.000000000000,-120.000000000000,1.685077895492,0.000000000000,
11.490000000000,0.000000000000,-240.000000000000,1.685077895492,0.000000000000,
11.495000000000,0.000000000000,-240.000000000000,1.685077895492,0.000000000000,
11.500000000000,0.000000000000,240.000000000000,1.685077895492,0.000000000000,
11.505000000000,0.000000000000,240.000000000000,1.685077895492,0.000000000000,
11.510000000000,0.000000000000,-120.000000000000,1.685077895492,0.000000000000,
11.515000000000,0.000000000000,-120.000000000000,1.685077895492,0.000000000000,
11.520000000000,0.000000000000,-120.000000000000,1.685029958593,0.000000000000,
11.525000000000,0.000000000000,120.000000000000,1.685029958593,0.000000000000,
11.530000000000,0.000000000000,120.000000000000,1.685077895492,0.000000000000,
11.535000000000,0.000000000000,120.000000000000,1.685077895492,0.000000000000,
11.540000000000,0.000000000000,240.000000000000,1.685077895492,0.000000000000,
11.545000000000,0.000000000000,360.000000000000,1.685077895492,0.000000000000,
11.550000000000,0.000000000000,240.000000000000,1.685077895492,0.000000000000,
11.555000000000,0.000000000000,-120.000000000000,1.685029958593,0.000000000000,
11.560000000000,0.000000000000,120.000000000000,1.685077895492,0.000000000000,
11.565000000000,0.000000000000,120.000000000000,1.685077895492,0.000000000000,
11.570000000000,0.000000000000,120.000000000000,1.685029958593,0.000000000000,
11.575000000000,0.000000000000,0.000000000000,1.685077895492,0.000000000000,
11.580000000000,0.000000000000,120.000000000000,1.685077895492,0.000000000000,
11.585000000000,0.000000000000,-120.000000000000,1.685077895492,0.000000000000,
11.590000000000,0.000000000000,-120.000000000000,1.685077895492,0.000000000000,
11.595000000000,0.000000000000,-120.000000000000,1.685077895492,0.000000000000,
11.600000000000,0.000000000000,120.000000000000,1.685029958593,0.000000000000,
11.605000000000,0.000000000000,-240.000000000000,1.685077895492,0.000000000000,
11.610000000000,0.000000000000,-240.000000000000,1.685029958593,0.000000000000,
11.615000000000,0.000000000000,0.000000000000,1.685077895492,0.000000000000,
11.620000000000,0.000000000000,-120.000000000000,1.685077895492,0.000000000000,
11.625000000000,0.000000000000,-120.000000000000,1.685077895492,0.000000000000,
11.630000000000,0.000000000000,0.000000000000,1.685029958593,0.000000000000,
11.635000000000,0.000000000000,-120.000000000000,1.685077895492,0.000000000000,
11.640000000000,0.000000000000,-240.000000000000,1.685077895492,0.000000000000,
11.645000000000,0.000000000000,0.000000000000,1.685029958593,0.000000000000,
11.650000000000,0.000000000000,120.000000000000,1.685029958593,0.000000000000,
11.655000000000,0.000000000000,120.000000000000,1.685029958593,0.000000000000,
11.660000000000,0.000000000000,120.000000000000,1.685029958593,0.000000000000,
11.665000000000,0.000000000000,-120.000000000000,1.685077895492,0.000000000000,
11.670000000000,0.000000000000,-120.000000000000,1.685077895492,0.000000000000,
11.675000000000,0.000000000000,120.000000000000,1.685077895492,0.000000000000,
11.680000000000,0.000000000000,120.000000000000,1.685029958593,0.000000000000,
11.685000000000,0.000000000000,120.000000000000,1.685029958593,0.000000000000,
11.690000000000,0.000000000000,120.000000000000,1.685029958593,0.000000000000,
11.695000000000,0.000000000000,-240.000000000000,1.685029958593,0.000000000000,
11.700000000000,0.000000000000,-360.000000000000,1.685077895492,0.000000000000,
11.705000000000,0.000000000000,-120.000000000000,1.685029958593,0.000000000000,
11.710000000000,0.000000000000,240.000000000000,1.685077895492,0.000000000000,
11.715000000000,0.000000000000,240.000000000000,1.685077895492,0.000000000000,
11.720000000000,0.000000000000,0.000000000000,1.685077895492,0.000000000000,
11.725000000000,0.000000000000,120.000000000000,1.685029958593,0.000000000000,
11.730000000000,0.000000000000,240.000000000000,1.685077895492,0.000000000000,
11.735000000000,0.000000000000,-120.000000000000,1.685077895492,0.000000000000,
11.740000000000,0.000000000000,0.000000000000,1.685029958593,0.000000000000,
11.745000000000,0.000000000000,0.000000000000,1.685029958593,0.000000000000,
11.750000000000,0.000000000000,120.000000000000,1.685077895492,0.000000000000,
11.755000000000,0.000000000000,600.000000000000,1.685077895492,0.000000000000,
11.760000000000,0.000000000000,240.000000000000,1.685029958593,0.000000000000,
11.765000000000,0.000000000000,-120.000000000000,1.685077895492,0.000000000000,
11.770000000000,0.000000000000,120.000000000000,1.685077895492,0.000000000000,
11.775000000000,0.000000000000,120.000000000000,1.685077895492,0.000000000000,
11.780000000000,0.000000000000,0.000000000000,1.685029958593,0.000000000000,
11.785000000000,0.000000000000,-240.000000000000,1.685077895492,0.000000000000,
11.790000000000,0.000000000000,-360.000000000000,1.685077895492,0.000000000000,
11.795000000000,0.000000000000,120.000000000000,1.685077895492,0.000000000000,
11.800000000000,0.000000000000,-120.000000000000,1.685029958593,0.000000000000,
11.805000000000,0.000000000000,-120.000000000000,1.685029958593,0.000000000000,
11.810000000000,0.000000000000,-240.000000000000,1.685029958593,0.000000000000,
11.815000000000,0.000000000000,120.000000000000,1.685077895492,0.000000000000,
11.820000000000,0.000000000000,240.000000000000,1.685029958593,0.000000000000,
11.825000000000,0.000000000000,120.000000000000,1.685077895492,0.000000000000,
11.830000000000,0.000000000000,120.000000000000,1.685029958593,0.000000000000,
11.835000000000,0.000000000000,120.000000000000,1.685029958593,0.000000000000,
11.840000000000,0.000000000000,120.000000000000,1.685077895492,0.000000000000,
11.845000000000,0.000000000000,-120.000000000000,1.685077895492,0.000000000000,
11.850000000000,0.000000000000,240.000000000000,1.685029958593,0.000000000000,
11.855000000000,0.000000000000,360.000000000000,1.685029958593,0.000000000000,
11.860000000000,0.000000000000,-120.000000000000,1.685029958593,0.000000000000,
11.865000000000,0.000000000000,-120.000000000000,1.685029958593,0.000000000000,
11.870000000000,0.000000000000,0.000000000000,1.685077895492,0.000000000000,
11.875000000000,0.000000000000,240.000000000000,1.685077895492,0.000000000000,
11.880000000000,0.000000000000,-120.000000000000,1.685029958593,0.000000000000,
11.885000000000,0.000000000000,120.000000000000,1.685029958593,0.000000000000,
11.890000000000,0.000000000000,240.000000000000,1.685077895492,0.000000000000,
11.895000000000,0.000000000000,240.000000000000,1.685077895492,0.000000000000,
11.900000000000,0.000000000000,-120.000000000000,1.685077895492,0.000000000000,
11.905000000000,0.000000000000,240.000000000000,1.685077895492,0.000000000000,
11.910000000000,0.000000000000,360.000000000000,1.685077895492,0.000000000000,
11.915000000000,0.000000000000,-120.000000000000,1.685077895492,0.000000000000,
11.920000000000,0.000000000000,-120.000000000000,1.685077895492,0.000000000000,
11.925000000000,0.000000000000,-120.000000000000,1.685077895492,0.000000000000,
11.930000000000,0.000000000000,-120.000000000000,1.685077895492,0.000000000000,
11.935000000000,0.000000000000,240.000000000000,1.685077895492,0.000000000000,
11.940000000000,0.000000000000,240.000000000000,1.685077895492,0.000000000000,
11.945000000000,0.000000000000,-240.000000000000,1.685029958593,0.000000000000,
11.950000000000,0.000000000000,120.000000000000,1.685077895492,0.000000000000,
11.955000000000,0.000000000000,120.000000000000,1.685077895492,0.000000000000,
11.960000000000,0.000000000000,0.000000000000,1.685077895492,0.000000000000,
11.965000000000,0.000000000000,120.000000000000,1.685077895492,0.000000000000,
11.970000000000,0.000000000000,120.000000000000,1.685077895492,0.000000000000,
11.975000000000,0.000000000000,0.000000000000,1.685077895492,0.000000000000,
11.980000000000,0.000000000000,0.000000000000,1.685077895492,0.000000000000,
11.985000000000,0.000000000000,0.000000000000,1.685077895492,0.000000000000,
11.990000000000,0.000000000000,-240.000000000000,1.685029958593,0.000000000000,
11.995000000000,0.000000000000,-120.000000000000,1.685077895492,0.000000000000,
12.000000000000,0.000000000000,-240.000000000000,1.685077895492,0.000000000000,
12.005000000000,0.000000000000,-120.000000000000,1.685077895492,0.000000000000,
12.010000000000,0.000000000000,120.000000000000,1.685077895492,0.000000000000,
12.015000000000,0.000000000000,120.000000000000,1.685077895492,0.000000000000,
12.020000000000,0.000000000000,-120.000000000000,1.685077895492,0.000000000000,
12.025000000000,0.000000000000,-240.000000000000,1.685077895492,0.000000000000,
12.030000000000,0.000000000000,-240.000000000000,1.685077895492,0.000000000000,
12.035000000000,0.000000000000,120.000000000000,1.685077895492,0.000000000000,
12.040000000000,0.000000000000,-120.000000000000,1.685077895492,0.000000000000,
12.045000000000,0.000000000000,-120.000000000000,1.685077895492,0.000000000000,
12.050000000000,0.000000000000,0.000000000000,1.685077895492,0.000000000000,
12.055000000000,0.000000000000,-120.000000000000,1.685077895492,0.000000000000,
12.060000000000,0.000000000000,-120.000000000000,1.685077895492,0.000000000000,
12.065000000000,0.000000000000,-120.000000000000,1.685077895492,0.000000000000,
12.070000000000,0.000000000000,0.000000000000,1.685077895492,0.000000000000,
12.075000000000,0.000000000000,0.000000000000,1.685077895492,0.000000000000,
12.080000000000,0.000000000000,-120.000000000000,1.685077895492,0.000000000000,
12.085000000000,0.000000000000,240.000000000000,1.685029958593,0.000000000000,
12.090000000000,0.000000000000,-120.000000000000,1.685077895492,0.000000000000,
12.095000000000,0.000000000000,120.000000000000,1.685077895492,0.000000000000,
12.100000000000,0.000000000000,0.000000000000,1.685029958593,0.000000000000,
12.105000000000,0.000000000000,0.000000000000,1.685029958593,0.000000000000,
12.110000000000,0.000000000000,0.000000000000,1.685029958593,0.000000000000,
12.115000000000,0.000000000000,-240.000000000000,1.685029958593,0.000000000000,
12.120000000000,0.000000000000,120.000000000000,1.685077895492,0.000000000000,
12.125000000000,0.000000000000,240.000000000000,1.685077895492,0.000000000000,
12.130000000000,0.000000000000,120.000000000000,1.685077895492,0.000000000000,
12.135000000000,0.000000000000,120.000000000000,1.685077895492,0.000000000000,
12.140000000000,0.000000000000,-120.000000000000,1.685077895492,0.000000000000,
12.145000000000,0.000000000000,-120.000000000000,1.685029958593,0.000000000000,
12.150000000000,0.000000000000,-240.000000000000,1.685077895492,0.000000000000,
12.155000000001,0.000000000000,120.000000000000,1.685029958593,0.000000000000,
12.160000000001,0.000000000000,120.000000000000,1.685029958593,0.000000000000,
12.165000000001,0.000000000000,120.000000000000,1.685029958593,0.000000000000,
12.170000000001,0.000000000000,-240.000000000000,1.685029958593,0.000000000000,
12.175000000001,0.000000000000,-120.000000000000,1.685077895492,0.000000000000,
12.180000000001,0.000000000000,120.000000000000,1.685029958593,0.000000000000,
12.185000000001,0.000000000000,360.000000000000,1.685077895492,0.000000000000,
12.190000000001,0.000000000000,-120.000000000000,1.685077895492,0.000000000000,
12.195000000001,0.000000000000,-120.000000000000,1.685077895492,0.000000000000,
12.200000000001,0.000000000000,-120.000000000000,1.685029958593,0.000000000000,
12.205000000001,0.000000000000,240.000000000000,1.685077895492,0.000000000000,
12.210000000001,0.000000000000,240.000000000000,1.685077895492,0.000000000000,
12.215000000001,0.000000000000,240.000000000000,1.685029958593,0.000000000000,
12.220000000001,0.000000000000,120.000000000000,1.685077895492,0.000000000000,
12.225000000001,0.000000000000,120.000000000000,1.685077895492,0.000000000000,
12.230000000001,0.000000000000,240.000000000000,1.685077895492,0.000000000000,
12.235000000001,0.000000000000,-240.000000000000,1.685077895492,0.000000000000,
12.240000000001,0.000000000000,-240.000000000000,1.685077895492,0.000000000000,
12.245000000001,0.000000000000,-120.000000000000,1.685029958593,0.000000000000,
12.250000000001,0.000000000000,-240.000000000000,1.685029958593,0.000000000000,
12.255000000001,0.000000000000,-240.000000000000,1.685029958593,0.000000000000,
12.260000000001,0.000000000000,-120.000000000000,1.685077895492,0.000000000000,
12.265000000001,0.000000000000,-120.000000000000,1.685077895492,0.000000000000,
12.270000000001,0.000000000000,240.000000000000,1.685077895492,0.000000000000,
12.275000000001,0.000000000000,360.000000000000,1.685077895492,0.000000000000,
12.280000000001,0.000000000000,360.000000000000,1.685077895492,0.000000000000,
12.285000000001,0.000000000000,360.000000000000,1.685077895492,0.000000000000,
12.290000000001,0.000000000000,0.000000000000,1.685029958593,0.000000000000,
12.295000000001,0.000000000000,-360.000000000000,1.685029958593,0.000000000000,
12.300000000001,0.000000000000,-120.000000000000,1.685029958593,0.000000000000,
12.305000000001,0.000000000000,0.000000000000,1.685077895492,0.000000000000,
12.310000000001,0.000000000000,-360.000000000000,1.685077895492,0.000000000000,
12.315000000001,0.000000000000,-360.000000000000,1.685077895492,0.000000000000,
12.320000000001,0.000000000000,-240.000000000000,1.685077895492,0.000000000000,
12.325000000001,0.000000000000,120.000000000000,1.685077895492,0.000000000000,
12.330000000001,0.000000000000,0.000000000000,1.685029958593,0.000000000000,
12.335000000001,0.000000000000,-480.000000000000,1.685029958593,0.000000000000,
12.340000000001,0.000000000000,120.000000000000,1.685077895492,0.000000000000,
12.345000000001,0.000000000000,120.000000000000,1.685077895492,0.000000000000,
12.350000000001,0.000000000000,-240.000000000000,1.685029958593,0.000000000000,
12.355000000001,0.000000000000,-120.000000000000,1.685077895492,0.000000000000,
12.360000000001,0.000000000000,240.000000000000,1.685077895492,0.000000000000,
12.365000000001,0.000000000000,-240.000000000000,1.685029958593,0.000000000000,
12.370000000001,0.000000000000,0.000000000000,1.685029958593,0.000000000000,
12.375000000001,0.000000000000,0.000000000000,1.685029958593,0.000000000000,
12.380000000001,0.000000000000,240.000000000000,1.685077895492,0.000000000000,
12.385000000001,0.000000000000,-120.000000000000,1.685029958593,0.000000000000,
12.390000000001,0.000000000000,-120.000000000000,1.685077895492,0.000000000000,
12.395000000001,0.000000000000,-120.000000000000,1.685029958593,0.000000000000,
12.400000000001,0.000000000000,-360.000000000000,1.685077895492,0.000000000000,
12.405000000001,0.000000000000,-360.000000000000,1.685077895492,0.000000000000,
12.410000000001,0.000000000000,-120.000000000000,1.685029958593,0.000000000000,
12.415000000001,0.000000000000,-120.000000000000,1.685077895492,0.000000000000,
12.420000000001,0.000000000000,240.000000000000,1.685077895492,0.000000000000,
12.425000000001,0.000000000000,120.000000000000,1.685029958593,0.000000000000,
12.430000000001,0.000000000000,-240.000000000000,1.685077895492,0.000000000000,
12.435000000001,0.000000000000,-240.000000000000,1.685077895492,0.000000000000,
12.440000000001,0.000000000000,-240.000000000000,1.685077895492,0.000000000000,
12.445000000001,0.000000000000,-240.000000000000,1.685029958593,0.000000000000,
12.450000000001,0.000000000000,-240.000000000000,1.685029958593,0.000000000000,
12.455000000001,0.000000000000,-360.000000000000,1.685077895492,0.000000000000,
12.460000000001,0.000000000000,-120.000000000000,1.685077895492,0.000000000000,
12.465000000001,0.000000000000,-120.000000000000,1.685077895492,0.000000000000,
12.470000000001,0.000000000000,0.000000000000,1.685077895492,0.000000000000,
12.475000000001,0.000000000000,-240.000000000000,1.685077895492,0.000000000000,
12.480000000001,0.000000000000,-360.000000000000,1.685029958593,0.000000000000,
12.485000000001,0.000000000000,-120.000000000000,1.685077895492,0.000000000000,
12.490000000001,0.000000000000,0.000000000000,1.685077895492,0.000000000000,
12.495000000001,0.000000000000,0.000000000000,1.685077895492,0.000000000000,
12.500000000001,0.000000000000,120.000000000000,1.685029958593,0.000000000000,
12.505000000001,0.000000000000,-360.000000000000,1.685077895492,0.000000000000,
12.510000000001,0.000000000000,-240.000000000000,1.685077895492,0.000000000000,
12.515000000001,0.000000000000,-120.000000000000,1.685077895492,0.000000000000,
12.520000000001,0.000000000000,120.000000000000,1.685029958593,0.000000000000,
12.525000000001,0.000000000000,120.000000000000,1.685029958593,0.000000000000,
12.530000000001,0.000000000000,120.000000000000,1.685029958593,0.000000000000,
12.535000000001,0.000000000000,-240.000000000000,1.685029958593,0.000000000000,
12.540000000001,0.000000000000,120.000000000000,1.685077895492,0.000000000000,
12.545000000001,0.000000000000,-240.000000000000,1.685029958593,0.000000000000,
12.550000000001,0.000000000000,-240.000000000000,1.685029958593,0.000000000000,
12.555000000001,0.000000000000,-240.000000000000,1.685029958593,0.000000000000,
12.560000000001,0.000000000000,-120.000000000000,1.685077895492,0.000000000000,
12.565000000001,0.000000000000,240.000000000000,1.685077895492,0.000000000000,
12.570000000001,0.000000000000,-120.000000000000,1.685029958593,0.000000000000,
12.575000000001,0.000000000000,-240.000000000000,1.685077895492,0.000000000000,
12.580000000001,0.000000000000,-120.000000000000,1.685077895492,0.000000000000,
12.585000000001,0.000000000000,-120.000000000000,1.685077895492,0.000000000000,
12.590000000001,0.000000000000,120.000000000000,1.685029958593,0.000000000000,
12.595000000001,0.000000000000,-240.000000000000,1.685029958593,0.000000000000,
12.600000000001,0.000000000000,-120.000000000000,1.685077895492,0.000000000000,
12.605000000001,0.000000000000,-240.000000000000,1.685029958593,0.000000000000,
12.610000000001,0.000000000000,-240.000000000000,1.685077895492,0.000000000000,
12.615000000001,0.000000000000,-240.000000000000,1.685077895492,0.000000000000,
12.620000000001,0.000000000000,240.000000000000,1.685029958593,0.000000000000,
12.625000000001,0.000000000000,-120.000000000000,1.685077895492,0.000000000000,
12.630000000001,0.000000000000,-120.000000000000,1.685029958593,0.000000000000,
12.635000000001,0.000000000000,-240.000000000000,1.685077895492,0.000000000000,
12.640000000001,0.000000000000,-360.000000000000,1.685029958593,0.000000000000,
12.645000000001,0.000000000000,-360.000000000000,1.685029958593,0.000000000000,
12.650000000001,0.000000000000,-480.000000000000,1.685077895492,0.000000000000,
12.655000000001,0.000000000000,120.000000000000,1.685029958593,0.000000000000,
12.660000000001,0.000000000000,120.000000000000,1.685029958593,0.000000000000,
12.665000000001,0.000000000000,-240.000000000000,1.685077895492,0.000000000000,
12.670000000001,0.000000000000,120.000000000000,1.685029958593,0.000000000000,
12.675000000001,0.000000000000,120.000000000000,1.685029958593,0.000000000000,
12.680000000001,0.000000000000,120.000000000000,1.685077895492,0.000000000000,
12.685000000001,0.000000000000,120.000000000000,1.685029958593,0.000000000000,
12.690000000001,0.000000000000,-120.000000000000,1.685029958593,0.000000000000,
12.695000000001,0.000000000000,120.000000000000,1.685077895492,0.000000000000,
12.700000000001,0.000000000000,-120.000000000000,1.685077895492,0.000000000000,
12.705000000001,0.000000000000,-120.000000000000,1.685077895492,0.000000000000,
12.710000000001,0.000000000000,120.000000000000,1.685077895492,0.000000000000,
12.715000000001,0.000000000000,-240.000000000000,1.685029958593,0.000000000000,
12.720000000001,0.000000000000,240.000000000000,1.685077895492,0.000000000000,
12.725000000001,0.000000000000,120.000000000000,1.685077895492,0.000000000000,
12.730000000001,0.000000000000,120.000000000000,1.685077895492,0.000000000000,
12.735000000001,0.000000000000,120.000000000000,1.685077895492,0.000000000000,
12.740000000001,0.000000000000,-240.000000000000,1.685077895492,0.000000000000,
12.745000000001,0.000000000000,-120.000000000000,1.685029958593,0.000000000000,
12.750000000001,0.000000000000,-240.000000000000,1.685077895492,0.000000000000,
12.755000000001,0.000000000000,120.000000000000,1.685029958593,0.000000000000,
12.760000000001,0.000000000000,240.000000000000,1.685029958593,0.000000000000,
12.765000000001,0.000000000000,240.000000000000,1.685029958593,0.000000000000,
12.770000000001,0.000000000000,-240.000000000000,1.685077895492,0.000000000000,
12.775000000001,0.000000000000,-120.000000000000,1.685077895492,0.000000000000,
12.780000000001,0.000000000000,240.000000000000,1.685077895492,0.000000000000,
12.785000000001,0.000000000000,120.000000000000,1.685029958593,0.000000000000,
12.790000000001,0.000000000000,-120.000000000000,1.685077895492,0.000000000000,
12.795000000001,0.000000000000,-120.000000000000,1.685077895492,0.000000000000,
12.800000000001,0.000000000000,120.000000000000,1.685077895492,0.000000000000,
12.805000000001,0.000000000000,240.000000000000,1.685077895492,0.000000000000,
12.810000000001,0.000000000000,-240.000000000000,1.685077895492,0.000000000000,
12.815000000001,0.000000000000,-120.000000000000,1.685077895492,0.000000000000,
12.820000000001,0.000000000000,120.000000000000,1.685077895492,0.000000000000,
12.825000000001,0.000000000000,120.000000000000,1.685077895492,0.000000000000,
12.830000000001,0.000000000000,240.000000000000,1.685029958593,0.000000000000,
12.835000000001,0.000000000000,-120.000000000000,1.685077895492,0.000000000000,
12.840000000001,0.000000000000,-120.000000000000,1.685029958593,0.000000000000,
12.845000000001,0.000000000000,120.000000000000,1.685077895492,0.000000000000,
12.850000000001,0.000000000000,0.000000000000,1.685077895492,0.000000000000,
12.855000000001,0.000000000000,0.000000000000,1.685077895492,0.000000000000,
12.860000000001,0.000000000000,240.000000000000,1.685077895492,0.000000000000,
12.865000000001,0.000000000000,-240.000000000000,1.685029958593,0.000000000000,
12.870000000001,0.000000000000,-120.000000000000,1.685077895492,0.000000000000,
12.875000000001,0.000000000000,-240.000000000000,1.685077895492,0.000000000000,
12.880000000001,0.000000000000,-120.000000000000,1.685077895492,0.000000000000,
12.885000000001,0.000000000000,-120.000000000000,1.685077895492,0.000000000000,
12.890000000001,0.000000000000,360.000000000000,1.685077895492,0.000000000000,
12.895000000001,0.000000000000,0.000000000000,1.685077895492,0.000000000000,
12.900000000001,0.000000000000,120.000000000000,1.685077895492,0.000000000000,
12.905000000001,0.000000000000,-240.000000000000,1.685029958593,0.000000000000,
12.910000000001,0.000000000000,480.000000000000,1.685029958593,0.000000000000,
12.915000000001,0.000000000000,480.000000000000,1.685029958593,0.000000000000,
12.920000000001,0.000000000000,120.000000000000,1.685077895492,0.000000000000,
12.925000000001,0.000000000000,-120.000000000000,1.685077895492,0.000000000000,
12.930000000001,0.000000000000,-240.000000000000,1.685077895492,0.000000000000,
12.935000000001,0.000000000000,120.000000000000,1.685029958593,0.000000000000,
12.940000000001,0.000000000000,-120.000000000000,1.685029958593,0.000000000000,
12.945000000001,0.000000000000,-120.000000000000,1.685029958593,0.000000000000,
12.950000000001,0.000000000000,-120.000000000000,1.685077895492,0.000000000000,
12.955000000001,0.000000000000,120.000000000000,1.685077895492,0.000000000000,
12.960000000001,0.000000000000,-120.000000000000,1.685077895492,0.000000000000,
12.965000000001,0.000000000000,240.000000000000,1.685077895492,0.000000000000,
12.970000000001,0.000000000000,0.000000000000,1.685029958593,0.000000000000,
12.975000000001,0.000000000000,0.000000000000,1.685029958593,0.000000000000,
12.980000000001,0.000000000000,360.000000000000,1.685077895492,0.000000000000,
12.985000000001,0.000000000000,120.000000000000,1.685077895492,0.000000000000,
12.990000000001,0.000000000000,-120.000000000000,1.685077895492,0.000000000000,
12.995000000001,0.000000000000,-120.000000000000,1.685077895492,0.000000000000,
13.000000000001,0.000000000000,120.000000000000,1.685077895492,0.000000000000,
13.005000000001,0.000000000000,120.000000000000,1.685077895492,0.000000000000,
13.010000000001,0.000000000000,120.000000000000,1.685029958593,0.000000000000,
13.015000000001,0.000000000000,120.000000000000,1.685077895492,0.000000000000,
13.020000000001,0.000000000000,-360.000000000000,1.685077895492,0.000000000000,
13.025000000001,0.000000000000,-120.000000000000,1.685029958593,0.000000000000,
13.030000000001,0.000000000000,120.000000000000,1.685029958593,0.000000000000,
13.035000000001,0.000000000000,120.000000000000,1.685029958593,0.000000000000,
13.040000000001,0.000000000000,120.000000000000,1.685077895492,0.000000000000,
13.045000000001,0.000000000000,0.000000000000,1.685029958593,0.000000000000,
13.050000000001,0.000000000000,120.000000000000,1.685029958593,0.000000000000,
13.055000000001,0.000000000000,-240.000000000000,1.685077895492,0.000000000000,
13.060000000001,0.000000000000,-120.000000000000,1.685077895492,0.000000000000,
13.065000000001,0.000000000000,-120.000000000000,1.685077895492,0.000000000000,
13.070000000001,0.000000000000,-240.000000000000,1.685077895492,0.000000000000,
13.075000000001,0.000000000000,-120.000000000000,1.685077895492,0.000000000000,
13.080000000001,0.000000000000,-240.000000000000,1.685077895492,0.000000000000,
13.085000000001,0.000000000000,240.000000000000,1.685029958593,0.000000000000,
13.090000000001,0.000000000000,-120.000000000000,1.685077895492,0.000000000000,
13.095000000001,0.000000000000,-120.000000000000,1.685077895492,0.000000000000,
13.100000000001,0.000000000000,240.000000000000,1.685077895492,0.000000000000,
13.105000000001,0.000000000000,-120.000000000000,1.685077895492,0.000000000000,
13.110000000001,0.000000000000,-240.000000000000,1.685077895492,0.000000000000,
13.115000000001,0.000000000000,240.000000000000,1.685077895492,0.000000000000,
13.120000000001,0.000000000000,120.000000000000,1.685077895492,0.000000000000,
13.125000000001,0.000000000000,120.000000000000,1.685077895492,0.000000000000,
13.130000000001,0.000000000000,-240.000000000000,1.685077895492,0.000000000000,
13.135000000001,0.000000000000,240.000000000000,1.685077895492,0.000000000000,
13.140000000001,0.000000000000,-120.000000000000,1.685077895492,0.000000000000,
13.145000000001,0.000000000000,-120.000000000000,1.685029958593,0.000000000000,
13.150000000001,0.000000000000,-360.000000000000,1.685077895492,0.000000000000,
13.155000000001,0.000000000000,-360.000000000000,1.685077895492,0.000000000000,
13.160000000001,0.000000000000,-120.000000000000,1.685077895492,0.000000000000,
13.165000000001,0.000000000000,-240.000000000000,1.685029958593,0.000000000000,
13.170000000001,0.000000000000,-240.000000000000,1.685077895492,0.000000000000,
13.175000000001,0.000000000000,120.000000000000,1.685077895492,0.000000000000,
13.180000000001,0.000000000000,-240.000000000000,1.685029958593,0.000000000000,
13.185000000001,0.000000000000,-240.000000000000,1.685029958593,0.000000000000,
13.190000000001,0.000000000000,240.000000000000,1.685077895492,0.000000000000,
13.195000000001,0.000000000000,0.000000000000,1.685077895492,0.000000000000,
13.200000000001,0.000000000000,0.000000000000,1.685077895492,0.000000000000,
13.205000000001,0.000000000000,240.000000000000,1.685077895492,0.000000000000,
13.210000000001,0.000000000000,0.000000000000,1.685077895492,0.000000000000,
13.215000000001,0.000000000000,0.000000000000,1.685077895492,0.000000000000,
13.220000000001,0.000000000000,-120.000000000000,1.685077895492,0.000000000000,
13.225000000001,0.000000000000,240.000000000000,1.685077895492,0.000000000000,
13.230000000001,0.000000000000,-120.000000000000,1.685029958593,0.000000000000,
13.235000000001,0.000000000000,240.000000000000,1.685077895492,0.000000000000,
13.240000000001,0.000000000000,-120.000000000000,1.685029958593,0.000000000000,
13.245000000001,0.000000000000,-120.000000000000,1.685029958593,0.000000000000,
13.250000000001,0.000000000000,-120.000000000000,1.685077895492,0.000000000000,
13.255000000001,0.000000000000,240.000000000000,1.685029958593,0.000000000000,
13.260000000001,0.000000000000,-240.000000000000,1.685029958593,0.000000000000,
13.265000000001,0.000000000000,240.000000000000,1.685029958593,0.000000000000,
13.270000000001,0.000000000000,0.000000000000,1.685077895492,0.000000000000,
13.275000000001,0.000000000000,0.000000000000,1.685077895492,0.000000000000,
13.280000000001,0.000000000000,-120.000000000000,1.685077895492,0.000000000000,
13.285000000001,0.000000000000,-240.000000000000,1.685077895492,0.000000000000,
13.290000000001,0.000000000000,-240.000000000000,1.685077895492,0.000000000000,
13.295000000001,0.000000000000,-120.000000000000,1.685077895492,0.000000000000,
13.300000000001,0.000000000000,360.000000000000,1.685077895492,0.000000000000,
13.305000000001,0.000000000000,360.000000000000,1.685077895492,0.000000000000,
13.310000000001,0.000000000000,-240.000000000000,1.685077895492,0.000000000000,
13.315000000001,0.000000000000,-120.000000000000,1.685077895492,0.000000000000,
13.320000000001,0.000000000000,-360.000000000000,1.685077895492,0.000000000000,
13.325000000001,0.000000000000,-120.000000000000,1.685029958593,0.000000000000,
13.330000000001,0.000000000000,-120.000000000000,1.685077895492,0.000000000000,
13.335000000001,0.000000000000,-120.000000000000,1.685077895492,0.000000000000,
13.340000000001,0.000000000000,-120.000000000000,1.685029958593,0.000000000000,
13.345000000001,0.000000000000,120.000000000000,1.685029958593,0.000000000000,
13.350000000001,0.000000000000,0.000000000000,1.685077895492,0.000000000000,
13.355000000001,0.000000000000,120.000000000000,1.685029958593,0.000000000000,
13.360000000001,0.000000000000,240.000000000000,1.685077895492,0.000000000000,
13.365000000001,0.000000000000,240.000000000000,1.685077895492,0.000000000000,
13.370000000001,0.000000000000,240.000000000000,1.685029958593,0.000000000000,
13.375000000001,0.000000000000,360.000000000000,1.685077895492,0.000000000000,
13.380000000001,0.000000000000,240.000000000000,1.685029958593,0.000000000000,
13.385000000001,0.000000000000,240.000000000000,1.685029958593,0.000000000000,
13.390000000001,0.000000000000,240.000000000000,1.685077895492,0.000000000000,
13.395000000001,0.000000000000,240.000000000000,1.685077895492,0.000000000000,
13.400000000001,0.000000000000,0.000000000000,1.685077895492,0.000000000000,
13.405000000001,0.000000000000,240.000000000000,1.685077895492,0.000000000000,
13.410000000001,0.000000000000,360.000000000000,1.685077895492,0.000000000000,
13.415000000001,0.000000000000,120.000000000000,1.685029958593,0.000000000000,
13.420000000001,0.000000000000,0.000000000000,1.685077895492,0.000000000000,
13.425000000001,0.000000000000,0.000000000000,1.685077895492,0.000000000000,
13.430000000001,0.000000000000,-120.000000000000,1.685029958593,0.000000000000,
13.435000000001,0.000000000000,0.000000000000,1.685077895492,0.000000000000,
13.440000000001,0.000000000000,-120.000000000000,1.685077895492,0.000000000000,
13.445000000001,0.000000000000,-240.000000000000,1.685077895492,0.000000000000,
13.450000000001,0.000000000000,-120.000000000000,1.685077895492,0.000000000000,
13.455000000001,0.000000000000,-120.000000000000,1.685077895492,0.000000000000,
13.460000000001,0.000000000000,0.000000000000,1.685029958593,0.000000000000,
13.465000000001,0.000000000000,0.000000000000,1.685077895492,0.000000000000,
13.470000000001,0.000000000000,120.000000000000,1.685077895492,0.000000000000,
13.475000000001,0.000000000000,120.000000000000,1.685029958593,0.000000000000,
13.480000000001,0.000000000000,120.000000000000,1.685029958593,0.000000000000,
13.485000000001,0.000000000000,120.000000000000,1.685029958593,0.000000000000,
13.490000000001,0.000000000000,-120.000000000000,1.685077895492,0.000000000000,
13.495000000001,0.000000000000,360.000000000000,1.685077895492,0.000000000000,
13.500000000001,0.000000000000,-120.000000000000,1.685077895492,0.000000000000,
13.505000000001,0.000000000000,120.000000000000,1.685029958593,0.000000000000,
13.510000000001,0.000000000000,-120.000000000000,1.685077895492,0.000000000000,
13.515000000001,0.000000000000,-120.000000000000,1.685077895492,0.000000000000,
13.520000000001,0.000000000000,240.000000000000,1.685077895492,0.000000000000,
13.525000000001,0.000000000000,-240.000000000000,1.685029958593,0.000000000000,
13.530000000001,0.000000000000,240.000000000000,1.685077895492,0.000000000000,
13.535000000001,0.000000000000,-240.000000000000,1.685077895492,0.000000000000,
13.540000000001,0.000000000000,-240.000000000000,1.685077895492,0.000000000000,
13.545000000001,0.000000000000,-240.000000000000,1.685077895492,0.000000000000,
13.550000000001,0.000000000000,-120.000000000000,1.685077895492,0.000000000000,
13.555000000001,0.000000000000,0.000000000000,1.685077895492,0.000000000000,
13.560000000001,0.000000000000,-240.000000000000,1.685077895492,0.000000000000,
13.565000000001,0.000000000000,360.000000000000,1.685077895492,0.000000000000,
13.570000000001,0.000000000000,-240.000000000000,1.685077895492,0.000000000000,
13.575000000001,0.000000000000,-240.000000000000,1.685077895492,0.000000000000,
13.580000000001,0.000000000000,240.000000000000,1.685029958593,0.000000000000,
13.585000000001,0.000000000000,-240.000000000000,1.685029958593,0.000000000000,
13.590000000001,0.000000000000,120.000000000000,1.685029958593,0.000000000000,
13.595000000001,0.000000000000,-360.000000000000,1.685029958593,0.000000000000,
13.600000000001,0.000000000000,120.000000000000,1.685077895492,0.000000000000,
13.605000000001,0.000000000000,120.000000000000,1.685077895492,0.000000000000,
13.610000000001,0.000000000000,240.000000000000,1.685077895492,0.000000000000,
13.615000000001,0.000000000000,-240.000000000000,1.685077895492,0.000000000000,
13.620000000001,0.000000000000,-120.000000000000,1.685077895492,0.000000000000,
13.625000000001,0.000000000000,240.000000000000,1.685077895492,0.000000000000,
13.630000000001,0.000000000000,240.000000000000,1.685029958593,0.000000000000,
13.635000000001,0.000000000000,240.000000000000,1.685029958593,0.000000000000,
13.640000000001,0.000000000000,120.000000000000,1.685077895492,0.000000000000,
13.645000000001,0.000000000000,-240.000000000000,1.685077895492,0.000000000000,
13.650000000001,0.000000000000,-120.000000000000,1.685029958593,0.000000000000,
13.655000000001,0.000000000000,-120.000000000000,1.685077895492,0.000000000000,
13.660000000001,0.000000000000,240.000000000000,1.685029958593,0.000000000000,
13.665000000001,0.000000000000,240.000000000000,1.685029958593,0.000000000000,
13.670000000001,0.000000000000,-120.000000000000,1.685077895492,0.000000000000,
13.675000000001,0.000000000000,240.000000000000,1.685029958593,0.000000000000,
13.680000000001,0.000000000000,-240.000000000000,1.685077895492,0.000000000000,
13.685000000001,0.000000000000,120.000000000000,1.685077895492,0.000000000000,
13.690000000001,0.000000000000,240.000000000000,1.685029958593,0.000000000000,
13.695000000001,0.000000000000,240.000000000000,1.685029958593,0.000000000000,
13.700000000001,0.000000000000,-120.000000000000,1.685029958593,0.000000000000,
13.705000000001,0.000000000000,-240.000000000000,1.685077895492,0.000000000000,
13.710000000001,0.000000000000,-120.000000000000,1.685077895492,0.000000000000,
13.715000000001,0.000000000000,-120.000000000000,1.685077895492,0.000000000000,
13.720000000001,0.000000000000,-120.000000000000,1.685029958593,0.000000000000,
13.725000000001,0.000000000000,-120.000000000000,1.685029958593,0.000000000000,
13.730000000001,0.000000000000,0.000000000000,1.685029958593,0.000000000000,
13.735000000001,0.000000000000,360.000000000000,1.685029958593,0.000000000000,
13.740000000001,0.000000000000,0.000000000000,1.685029958593,0.000000000000,
13.745000000001,0.000000000000,-120.000000000000,1.685029958593,0.000000000000,
13.750000000001,0.000000000000,120.000000000000,1.685077895492,0.000000000000,
13.755000000001,0.000000000000,120.000000000000,1.685077895492,0.000000000000,
13.760000000001,0.000000000000,120.000000000000,1.685077895492,0.000000000000,
13.765000000001,0.000000000000,120.000000000000,1.685077895492,0.000000000000,
13.770000000001,0.000000000000,360.000000000000,1.685077895492,0.000000000000,
13.775000000001,0.000000000000,-120.000000000000,1.685077895492,0.000000000000,
13.780000000001,0.000000000000,-120.000000000000,1.685029958593,0.000000000000,
13.785000000001,0.000000000000,-120.000000000000,1.685029958593,0.000000000000,
13.790000000001,0.000000000000,240.000000000000,1.685077895492,0.000000000000,
13.795000000001,0.000000000000,-240.000000000000,1.685077895492,0.000000000000,
13.800000000001,0.000000000000,-360.000000000000,1.685077895492,0.000000000000,
13.805000000001,0.000000000000,0.000000000000,1.685077895492,0.000000000000,
13.810000000001,0.000000000000,-240.000000000000,1.685077895492,0.000000000000,
13.815000000001,0.000000000000,-240.000000000000,1.685077895492,0.000000000000,
13.820000000001,0.000000000000,240.000000000000,1.685077895492,0.000000000000,
13.825000000001,0.000000000000,120.000000000000,1.685029958593,0.000000000000,
13.830000000001,0.000000000000,-240.000000000000,1.685029958593,0.000000000000,
13.835000000001,0.000000000000,-240.000000000000,1.685029958593,0.000000000000,
13.840000000001,0.000000000000,-240.000000000000,1.685077895492,0.000000000000,
13.845000000001,0.000000000000,-240.000000000000,1.685077895492,0.000000000000,
13.850000000001,0.000000000000,120.000000000000,1.685029958593,0.000000000000,
13.855000000001,0.000000000000,-120.000000000000,1.685077895492,0.000000000000,
13.860000000001,0.000000000000,-120.000000000000,1.685029958593,0.000000000000,
13.865000000001,0.000000000000,0.000000000000,1.685077895492,0.000000000000,
13.870000000001,0.000000000000,-120.000000000000,1.685077895492,0.000000000000,
13.875000000001,0.000000000000,-120.000000000000,1.685077895492,0.000000000000,
13.880000000001,0.000000000000,120.000000000000,1.685029958593,0.000000000000,
13.885000000001,0.000000000000,-120.000000000000,1.685077895492,0.000000000000,
13.890000000001,0.000000000000,-240.000000000000,1.685029958593,0.000000000000,
13.895000000001,0.000000000000,360.000000000000,1.685077895492,0.000000000000,
13.900000000001,0.000000000000,-120.000000000000,1.685029958593,0.000000000000,
13.905000000001,0.000000000000,-120.000000000000,1.685029958593,0.000000000000,
13.910000000001,0.000000000000,240.000000000000,1.685029958593,0.000000000000,
13.915000000001,0.000000000000,-240.000000000000,1.685077895492,0.000000000000,
13.920000000001,0.000000000000,-120.000000000000,1.685077895492,0.000000000000,
13.925000000001,0.000000000000,240.000000000000,1.685077895492,0.000000000000,
13.930000000001,0.000000000000,120.000000000000,1.685077895492,0.000000000000,
13.935000000001,0.000000000000,120.000000000000,1.685077895492,0.000000000000,
13.940000000001,0.000000000000,0.000000000000,1.685029958593,0.000000000000,
13.945000000001,0.000000000000,240.000000000000,1.685077895492,0.000000000000,
13.950000000001,0.000000000000,120.000000000000,1.685029958593,0.000000000000,
13.955000000001,0.000000000000,480.000000000000,1.685077895492,0.000000000000,
13.960000000001,0.000000000000,120.000000000000,1.685077895492,0.000000000000,
13.965000000001,0.000000000000,120.000000000000,1.685077895492,0.000000000000,
13.970000000001,0.000000000000,240.000000000000,1.685077895492,0.000000000000,
13.975000000001,0.000000000000,-240.000000000000,1.685077895492,0.000000000000,
13.980000000001,0.000000000000,600.000000000000,1.685029958593,0.000000000000,
13.985000000001,0.000000000000,-120.000000000000,1.685077895492,0.000000000000,
13.990000000001,0.000000000000,0.000000000000,1.685077895492,0.000000000000,
13.995000000001,0.000000000000,0.000000000000,1.685077895492,0.000000000000,
14.000000000001,0.000000000000,-240.000000000000,1.685077895492,0.000000000000,
14.005000000001,0.000000000000,-120.000000000000,1.685077895492,0.000000000000,
14.010000000001,0.000000000000,120.000000000000,1.685077895492,0.000000000000,
14.015000000001,0.000000000000,-240.000000000000,1.685077895492,0.000000000000,
14.020000000001,0.000000000000,-120.000000000000,1.685077895492,0.000000000000,
14.025000000001,0.000000000000,-120.000000000000,1.685077895492,0.000000000000,
14.030000000001,0.000000000000,240.000000000000,1.685029958593,0.000000000000,
14.035000000001,0.000000000000,120.000000000000,1.685077895492,0.000000000000,
14.040000000001,0.000000000000,0.000000000000,1.685077895492,0.000000000000,
14.045000000001,0.000000000000,120.000000000000,1.685077895492,0.000000000000,
14.050000000001,0.000000000000,-120.000000000000,1.685077895492,0.000000000000,
14.055000000001,0.000000000000,-120.000000000000,1.685077895492,0.000000000000,
14.060000000001,0.000000000000,0.000000000000,1.685029958593,0.000000000000,
14.065000000001,0.000000000000,-120.000000000000,1.685077895492,0.000000000000,
14.070000000001,0.000000000000,-360.000000000000,1.685029958593,0.000000000000,
14.075000000001,0.000000000000,-240.000000000000,1.685077895492,0.000000000000,
14.080000000001,0.000000000000,-120.000000000000,1.685077895492,0.000000000000,
14.085000000001,0.000000000000,-120.000000000000,1.685077895492,0.000000000000,
14.090000000001,0.000000000000,-120.000000000000,1.685029958593,0.000000000000,
14.095000000001,0.000000000000,240.000000000000,1.685029958593,0.000000000000,
14.100000000001,0.000000000000,-240.000000000000,1.685029958593,0.000000000000,
14.105000000001,0.000000000000,-240.000000000000,1.685029958593,0.000000000000,
14.110000000001,0.000000000000,-120.000000000000,1.685077895492,0.000000000000,
14.115000000001,0.000000000000,-120.000000000000,1.685077895492,0.000000000000,
14.120000000001,0.000000000000,-120.000000000000,1.685077895492,0.000000000000,
14.125000000001,0.000000000000,-120.000000000000,1.685077895492,0.000000000000,
14.130000000001,0.000000000000,-240.000000000000,1.685077895492,0.000000000000,
14.135000000001,0.000000000000,240.000000000000,1.685077895492,0.000000000000,
14.140000000001,0.000000000000,-240.000000000000,1.685029958593,0.000000000000,
14.145000000001,0.000000000000,-240.000000000000,1.685029958593,0.000000000000,
14.150000000001,0.000000000000,240.000000000000,1.685077895492,0.000000000000,
14.155000000001,0.000000000000,-240.000000000000,1.685077895492,0.000000000000,
14.160000000001,0.000000000000,240.000000000000,1.685029958593,0.000000000000,
14.165000000001,0.000000000000,-120.000000000000,1.685077895492,0.000000000000,
14.170000000001,0.000000000000,120.000000000000,1.685029958593,0.000000000000,
14.175000000001,0.000000000000,120.000000000000,1.685029958593,0.000000000000,
14.180000000001,0.000000000000,-120.000000000000,1.685077895492,0.000000000000,
14.185000000001,0.000000000000,240.000000000000,1.685029958593,0.000000000000,
14.190000000001,0.000000000000,-120.000000000000,1.685029958593,0.000000000000,
14.195000000001,0.000000000000,240.000000000000,1.685029958593,0.000000000000,
14.200000000001,0.000000000000,-240.000000000000,1.685029958593,0.000000000000,
14.205000000001,0.000000000000,-240.000000000000,1.685029958593,0.000000000000,
14.210000000001,0.000000000000,120.000000000000,1.685029958593,0.000000000000,
14.215000000001,0.000000000000,120.000000000000,1.685077895492,0.000000000000,
14.220000000001,0.000000000000,120.000000000000,1.685029958593,0.000000000000,
14.225000000001,0.000000000000,240.000000000000,1.685077895492,0.000000000000,
14.230000000001,0.000000000000,120.000000000000,1.685077895492,0.000000000000,
14.235000000001,0.000000000000,120.000000000000,1.685077895492,0.000000000000,
14.240000000001,0.000000000000,-120.000000000000,1.685077895492,0.000000000000,
14.245000000001,0.000000000000,-120.000000000000,1.685077895492,0.000000000000,
14.250000000001,0.000000000000,-240.000000000000,1.685029958593,0.000000000000,
14.255000000001,0.000000000000,-120.000000000000,1.685077895492,0.000000000000,
14.260000000001,0.000000000000,-120.000000000000,1.685077895492,0.000000000000,
14.265000000001,0.000000000000,-120.000000000000,1.685077895492,0.000000000000,
14.270000000001,0.000000000000,-120.000000000000,1.685077895492,0.000000000000,
14.275000000001,0.000000000000,-240.000000000000,1.685077895492,0.000000000000,
14.280000000001,0.000000000000,240.000000000000,1.685077895492,0.000000000000,
14.285000000001,0.000000000000,240.000000000000,1.685077895492,0.000000000000,
14.290000000001,0.000000000000,-120.000000000000,1.685077895492,0.000000000000,
14.295000000001,0.000000000000,-120.000000000000,1.685077895492,0.000000000000,
14.300000000001,0.000000000000,-240.000000000000,1.685077895492,0.000000000000,
14.305000000001,0.000000000000,120.000000000000,1.685077895492,0.000000000000,
14.310000000001,0.000000000000,-120.000000000000,1.685029958593,0.000000000000,
14.315000000001,0.000000000000,-240.000000000000,1.685029958593,0.000000000000,
14.320000000001,0.000000000000,360.000000000000,1.685029958593,0.000000000000,
14.325000000001,0.000000000000,360.000000000000,1.685029958593,0.000000000000,
14.330000000001,0.000000000000,-240.000000000000,1.685077895492,0.000000000000,
14.335000000001,0.000000000000,240.000000000000,1.685077895492,0.000000000000,
14.340000000001,0.000000000000,120.000000000000,1.685029958593,0.000000000000,
14.345000000001,0.000000000000,-120.000000000000,1.685029958593,0.000000000000,
14.350000000001,0.000000000000,-240.000000000000,1.685077895492,0.000000000000,
14.355000000001,0.000000000000,-240.000000000000,1.685077895492,0.000000000000,
14.360000000001,0.000000000000,-240.000000000000,1.685077895492,0.000000000000,
14.365000000001,0.000000000000,120.000000000000,1.685077895492,0.000000000000,
14.370000000001,0.000000000000,120.000000000000,1.685077895492,0.000000000000,
14.375000000001,0.000000000000,360.000000000000,1.685077895492,0.000000000000,
14.380000000001,0.000000000000,120.000000000000,1.685029958593,0.000000000000,
14.385000000001,0.000000000000,120.000000000000,1.685029958593,0.000000000000,
14.390000000001,0.000000000000,0.000000000000,1.685029958593,0.000000000000,
14.395000000001,0.000000000000,-240.000000000000,1.685077895492,0.000000000000,
14.400000000001,0.000000000000,240.000000000000,1.685077895492,0.000000000000,
14.405000000001,0.000000000000,0.000000000000,1.685029958593,0.000000000000,
14.410000000001,0.000000000000,480.000000000000,1.685077895492,0.000000000000,
14.415000000001,0.000000000000,480.000000000000,1.685077895492,0.000000000000,
14.420000000001,0.000000000000,-120.000000000000,1.685029958593,0.000000000000,
14.425000000001,0.000000000000,120.000000000000,1.685029958593,0.000000000000,
14.430000000001,0.000000000000,-360.000000000000,1.685029958593,0.000000000000,
14.435000000001,0.000000000000,240.000000000000,1.685077895492,0.000000000000,
14.440000000001,0.000000000000,120.000000000000,1.685077895492,0.000000000000,
14.445000000001,0.000000000000,120.000000000000,1.685077895492,0.000000000000,
14.450000000001,0.000000000000,-120.000000000000,1.685077895492,0.000000000000,
14.455000000001,0.000000000000,360.000000000000,1.685077895492,0.000000000000,
14.460000000001,0.000000000000,120.000000000000,1.685029958593,0.000000000000,
14.465000000001,0.000000000000,-240.000000000000,1.685077895492,0.000000000000,
14.470000000001,0.000000000000,-240.000000000000,1.685029958593,0.000000000000,
14.475000000001,0.000000000000,-240.000000000000,1.685029958593,0.000000000000,
14.480000000001,0.000000000000,360.000000000000,1.685029958593,0.000000000000,
14.485000000001,0.000000000000,-240.000000000000,1.685077895492,0.000000000000,
14.490000000001,0.000000000000,120.000000000000,1.685029958593,0.000000000000,
14.495000000001,0.000000000000,-120.000000000000,1.685029958593,0.000000000000,
14.500000000001,0.000000000000,-120.000000000000,1.685077895492,0.000000000000,
14.505000000001,0.000000000000,-120.000000000000,1.685077895492,0.000000000000,
14.510000000001,0.000000000000,-240.000000000000,1.685029958593,0.000000000000,
14.515000000001,0.000000000000,120.000000000000,1.685077895492,0.000000000000,
14.520000000001,0.000000000000,-120.000000000000,1.685077895492,0.000000000000,
14.525000000001,0.000000000000,240.000000000000,1.685077895492,0.000000000000,
14.530000000001,0.000000000000,-240.000000000000,1.685029958593,0.000000000000,
14.535000000001,0.000000000000,-240.000000000000,1.685029958593,0.000000000000,
14.540000000001,0.000000000000,0.000000000000,1.685029958593,0.000000000000,
14.545000000001,0.000000000000,120.000000000000,1.685029958593,0.000000000000,
14.550000000001,0.000000000000,120.000000000000,1.685077895492,0.000000000000,
14.555000000001,0.000000000000,240.000000000000,1.685029958593,0.000000000000,
14.560000000001,0.000000000000,-240.000000000000,1.685029958593,0.000000000000,
14.565000000001,0.000000000000,-240.000000000000,1.685029958593,0.000000000000,
14.570000000001,0.000000000000,480.000000000000,1.685077895492,0.000000000000,
14.575000000001,0.000000000000,-120.000000000000,1.685077895492,0.000000000000,
14.580000000001,0.000000000000,-120.000000000000,1.685077895492,0.000000000000,
14.585000000001,0.000000000000,-120.000000000000,1.685077895492,0.000000000000,
14.590000000001,0.000000000000,240.000000000000,1.685029958593,0.000000000000,
14.595000000001,0.000000000000,240.000000000000,1.685029958593,0.000000000000,
14.600000000001,0.000000000000,240.000000000000,1.685077895492,0.000000000000,
14.605000000001,0.000000000000,120.000000000000,1.685029958593,0.000000000000,
14.610000000001,0.000000000000,-240.000000000000,1.685077895492,0.000000000000,
14.615000000001,0.000000000000,120.000000000000,1.685077895492,0.000000000000,
14.620000000001,0.000000000000,0.000000000000,1.685077895492,0.000000000000,
14.625000000001,0.000000000000,0.000000000000,1.685077895492,0.000000000000,
14.630000000001,0.000000000000,-240.000000000000,1.685077895492,0.000000000000,
14.635000000001,0.000000000000,-120.000000000000,1.685077895492,0.000000000000,
14.640000000001,0.000000000000,360.000000000000,1.685077895492,0.000000000000,
14.645000000001,0.000000000000,360.000000000000,1.685029958593,0.000000000000,
14.650000000001,0.000000000000,0.000000000000,1.685029958593,0.000000000000,
14.655000000001,0.000000000000,0.000000000000,1.685029958593,0.000000000000,
14.660000000001,0.000000000000,240.000000000000,1.685077895492,0.000000000000,
14.665000000001,0.000000000000,480.000000000000,1.685077895492,0.000000000000,
14.670000000001,0.000000000000,120.000000000000,1.685077895492,0.000000000000,
14.675000000001,0.000000000000,-120.000000000000,1.685029958593,0.000000000000,
14.680000000001,0.000000000000,120.000000000000,1.685029958593,0.000000000000,
14.685000000001,0.000000000000,120.000000000000,1.685029958593,0.000000000000,
14.690000000001,0.000000000000,240.000000000000,1.685077895492,0.000000000000,
14.695000000001,0.000000000000,-120.000000000000,1.685077895492,0.000000000000,
14.700000000001,0.000000000000,120.000000000000,1.685029958593,0.000000000000,
14.705000000001,0.000000000000,120.000000000000,1.685077895492,0.000000000000,
14.710000000001,0.000000000000,0.000000000000,1.685029958593,0.000000000000,
14.715000000001,0.000000000000,0.000000000000,1.685029958593,0.000000000000,
14.720000000001,0.000000000000,-120.000000000000,1.685029958593,0.000000000000,
14.725000000001,0.000000000000,-120.000000000000,1.685029958593,0.000000000000,
14.730000000001,0.000000000000,240.000000000000,1.685077895492,0.000000000000,
14.735000000001,0.000000000000,-240.000000000000,1.685077895492,0.000000000000,
14.740000000001,0.000000000000,-120.000000000000,1.685077895492,0.000000000000,
14.745000000001,0.000000000000,-120.000000000000,1.685077895492,0.000000000000,
14.750000000001,0.000000000000,240.000000000000,1.685077895492,0.000000000000,
14.755000000001,0.000000000000,-240.000000000000,1.685029958593,0.000000000000,
14.760000000001,0.000000000000,-120.000000000000,1.685077895492,0.000000000000,
14.765000000001,0.000000000000,-120.000000000000,1.685029958593,0.000000000000,
14.770000000001,0.000000000000,0.000000000000,1.685029958593,0.000000000000,
14.775000000001,0.000000000000,0.000000000000,1.685029958593,0.000000000000,
14.780000000001,0.000000000000,-120.000000000000,1.685029958593,0.000000000000,
14.785000000001,0.000000000000,-240.000000000000,1.685077895492,0.000000000000,
14.790000000001,0.000000000000,120.000000000000,1.685029958593,0.000000000000,
14.795000000001,0.000000000000,120.000000000000,1.685077895492,0.000000000000,
14.800000000001,0.000000000000,120.000000000000,1.685029958593,0.000000000000,
14.805000000001,0.000000000000,120.000000000000,1.685029958593,0.000000000000,
14.810000000001,0.000000000000,0.000000000000,1.685077895492,0.000000000000,
14.815000000001,0.000000000000,120.000000000000,1.685077895492,0.000000000000,
14.820000000001,0.000000000000,0.000000000000,1.685029958593,0.000000000000,
14.825000000001,0.000000000000,0.000000000000,1.685029958593,0.000000000000,
14.830000000001,0.000000000000,-360.000000000000,1.685077895492,0.000000000000,
14.835000000001,0.000000000000,-360.000000000000,1.685077895492,0.000000000000,
14.840000000001,0.000000000000,-240.000000000000,1.685029958593,0.000000000000,
14.845000000001,0.000000000000,0.000000000000,1.685077895492,0.000000000000,
14.850000000001,0.000000000000,120.000000000000,1.685029958593,0.000000000000,
14.855000000001,0.000000000000,-120.000000000000,1.685077895492,0.000000000000,
14.860000000001,0.000000000000,0.000000000000,1.685077895492,0.000000000000,
14.865000000001,0.000000000000,0.000000000000,1.685077895492,0.000000000000,
14.870000000001,0.000000000000,600.000000000000,1.685077895492,0.000000000000,
14.875000000001,0.000000000000,120.000000000000,1.685029958593,0.000000000000,
14.880000000001,0.000000000000,-240.000000000000,1.685077895492,0.000000000000,
14.885000000001,0.000000000000,0.000000000000,1.685077895492,0.000000000000,
14.890000000001,0.000000000000,0.000000000000,1.685029958593,0.000000000000,
14.895000000001,0.000000000000,0.000000000000,1.685029958593,0.000000000000,
14.900000000001,0.000000000000,360.000000000000,1.685029958593,0.000000000000,
14.905000000001,0.000000000000,-240.000000000000,1.685029958593,0.000000000000,
14.910000000001,0.000000000000,-120.000000000000,1.685077895492,0.000000000000,
14.915000000001,0.000000000000,120.000000000000,1.685077895492,0.000000000000,
14.920000000001,0.000000000000,0.000000000000,1.685077895492,0.000000000000,
14.925000000001,0.000000000000,0.000000000000,1.685077895492,0.000000000000,
14.930000000001,0.000000000000,-240.000000000000,1.685029958593,0.000000000000,
14.935000000001,0.000000000000,-240.000000000000,1.685077895492,0.000000000000,
14.940000000001,0.000000000000,-120.000000000000,1.685077895492,0.000000000000,
14.945000000001,0.000000000000,-360.000000000000,1.685077895492,0.000000000000,
14.950000000001,0.000000000000,-120.000000000000,1.685029958593,0.000000000000,
14.955000000001,0.000000000000,-120.000000000000,1.685029958593,0.000000000000,
14.960000000001,0.000000000000,-120.000000000000,1.685077895492,0.000000000000,
14.965000000001,0.000000000000,-120.000000000000,1.685077895492,0.000000000000,
14.970000000001,0.000000000000,-120.000000000000,1.685029958593,0.000000000000,
14.975000000001,0.000000000000,-240.000000000000,1.685077895492,0.000000000000,
14.980000000001,0.000000000000,-120.000000000000,1.685077895492,0.000000000000,
14.985000000001,0.000000000000,-120.000000000000,1.685077895492,0.000000000000,
14.990000000001,0.000000000000,-240.000000000000,1.685077895492,0.000000000000,
14.995000000001,0.000000000000,-120.000000000000,1.685077895492,0.000000000000,
15.000000000001,0.000000000000,-360.000000000000,1.685077895492,0.000000000000,
15.005000000001,0.000000000000,-120.000000000000,1.685077895492,0.000000000000,
15.010000000001,0.000000000000,-240.000000000000,1.685077895492,0.000000000000,
15.015000000001,0.000000000000,-240.000000000000,1.685077895492,0.000000000000,
15.020000000001,0.000000000000,-240.000000000000,1.685077895492,0.000000000000,
15.025000000001,0.000000000000,-120.000000000000,1.685077895492,0.000000000000,
15.030000000001,0.000000000000,240.000000000000,1.685029958593,0.000000000000,
15.035000000001,0.000000000000,-240.000000000000,1.685077895492,0.000000000000,
15.040000000001,0.000000000000,-240.000000000000,1.685029958593,0.000000000000,
15.045000000001,0.000000000000,-240.000000000000,1.685029958593,0.000000000000,
15.050000000001,0.000000000000,-240.000000000000,1.685077895492,0.000000000000,
15.055000000001,0.000000000000,-240.000000000000,1.685077895492,0.000000000000,
15.060000000001,0.000000000000,-360.000000000000,1.685077895492,0.000000000000,
15.065000000001,0.000000000000,0.000000000000,1.685029958593,0.000000000000,
15.070000000001,0.000000000000,-120.000000000000,1.685077895492,0.000000000000,
15.075000000001,0.000000000000,-120.000000000000,1.685077895492,0.000000000000,
15.080000000001,0.000000000000,120.000000000000,1.685029958593,0.000000000000,
15.085000000001,0.000000000000,0.000000000000,1.685029958593,0.000000000000,
15.090000000001,0.000000000000,120.000000000000,1.685077895492,0.000000000000,
15.095000000001,0.000000000000,-120.000000000000,1.685077895492,0.000000000000,
15.100000000001,0.000000000000,240.000000000000,1.685029958593,0.000000000000,
15.105000000001,0.000000000000,240.000000000000,1.685029958593,0.000000000000,
15.110000000001,0.000000000000,240.000000000000,1.685077895492,0.000000000000,
15.115000000001,0.000000000000,240.000000000000,1.685077895492,0.000000000000,
15.120000000001,0.000000000000,0.000000000000,1.685029958593,0.000000000000,
15.125000000001,0.000000000000,120.000000000000,1.685077895492,0.000000000000,
15.130000000001,0.000000000000,-360.000000000000,1.685029958593,0.000000000000,
15.135000000001,0.000000000000,-360.000000000000,1.685029958593,0.000000000000,
15.140000000001,0.000000000000,240.000000000000,1.685029958593,0.000000000000,
15.145000000001,0.000000000000,120.000000000000,1.685077895492,0.000000000000,
15.150000000001,0.000000000000,-360.000000000000,1.685077895492,0.000000000000,
15.155000000001,0.000000000000,240.000000000000,1.685029958593,0.000000000000,
15.160000000001,0.000000000000,120.000000000000,1.685077895492,0.000000000000,
15.165000000001,0.000000000000,120.000000000000,1.685077895492,0.000000000000,
15.170000000001,0.000000000000,-120.000000000000,1.685077895492,0.000000000000,
15.175000000001,0.000000000000,-120.000000000000,1.685077895492,0.000000000000,
15.180000000001,0.000000000000,240.000000000000,1.685029958593,0.000000000000,
15.185000000001,0.000000000000,120.000000000000,1.685029958593,0.000000000000,
15.190000000001,0.000000000000,0.000000000000,1.685029958593,0.000000000000,
15.195000000001,0.000000000000,0.000000000000,1.685029958593,0.000000000000,
15.200000000001,0.000000000000,-120.000000000000,1.685029958593,0.000000000000,
15.205000000001,0.000000000000,-120.000000000000,1.685077895492,0.000000000000,
15.210000000001,0.000000000000,240.000000000000,1.685077895492,0.000000000000,
15.215000000001,0.000000000000,120.000000000000,1.685029958593,0.000000000000,
15.220000000001,0.000000000000,-240.000000000000,1.685029958593,0.000000000000,
15.225000000001,0.000000000000,-240.000000000000,1.685029958593,0.000000000000,
15.230000000001,0.000000000000,-240.000000000000,1.685077895492,0.000000000000,
15.235000000001,0.000000000000,-120.000000000000,1.685029958593,0.000000000000,
15.240000000001,0.000000000000,0.000000000000,1.685077895492,0.000000000000,
15.245000000001,0.000000000000,360.000000000000,1.685029958593,0.000000000000,
15.250000000001,0.000000000000,-240.000000000000,1.685077895492,0.000000000000,
15.255000000001,0.000000000000,-240.000000000000,1.685077895492,0.000000000000,
15.260000000001,0.000000000000,-120.000000000000,1.685077895492,0.000000000000,
15.265000000001,0.000000000000,-240.000000000000,1.685077895492,0.000000000000,
15.270000000001,0.000000000000,-120.000000000000,1.685077895492,0.000000000000,
15.275000000001,0.000000000000,240.000000000000,1.685077895492,0.000000000000,
15.280000000001,0.000000000000,-120.000000000000,1.685029958593,0.000000000000,
15.285000000001,0.000000000000,-120.000000000000,1.685029958593,0.000000000000,
15.290000000001,0.000000000000,-120.000000000000,1.685077895492,0.000000000000,
15.295000000001,0.000000000000,-120.000000000000,1.685029958593,0.000000000000,
15.300000000001,0.000000000000,-120.000000000000,1.685077895492,0.000000000000,
15.305000000001,0.000000000000,120.000000000000,1.685077895492,0.000000000000,
15.310000000001,0.000000000000,-240.000000000000,1.685077895492,0.000000000000,
15.315000000001,0.000000000000,-240.000000000000,1.685077895492,0.000000000000,
15.320000000001,0.000000000000,-120.000000000000,1.685077895492,0.000000000000,
15.325000000001,0.000000000000,-120.000000000000,1.685077895492,0.000000000000,
15.330000000001,0.000000000000,-120.000000000000,1.685077895492,0.000000000000,
15.335000000001,0.000000000000,-240.000000000000,1.685077895492,0.000000000000,
15.340000000001,0.000000000000,-240.000000000000,1.685029958593,0.000000000000,
15.345000000001,0.000000000000,-240.000000000000,1.685029958593,0.000000000000,
15.350000000001,0.000000000000,240.000000000000,1.685077895492,0.000000000000,
15.355000000001,0.000000000000,-120.000000000000,1.685029958593,0.000000000000,
15.360000000001,0.000000000000,-120.000000000000,1.685077895492,0.000000000000,
15.365000000001,0.000000000000,240.000000000000,1.685077895492,0.000000000000,
15.370000000001,0.000000000000,-240.000000000000,1.685077895492,0.000000000000,
15.375000000001,0.000000000000,-240.000000000000,1.685077895492,0.000000000000,
15.380000000001,0.000000000000,-120.000000000000,1.685077895492,0.000000000000,
15.385000000001,0.000000000000,-120.000000000000,1.685077895492,0.000000000000,
15.390000000001,0.000000000000,-240.000000000000,1.685029958593,0.000000000000,
15.395000000001,0.000000000000,-120.000000000000,1.685029958593,0.000000000000,
15.400000000001,0.000000000000,-240.000000000000,1.685077895492,0.000000000000,
15.405000000001,0.000000000000,-240.000000000000,1.685077895492,0.000000000000,
15.410000000001,0.000000000000,0.000000000000,1.685029958593,0.000000000000,
15.415000000001,0.000000000000,240.000000000000,1.685077895492,0.000000000000,
15.420000000001,0.000000000000,120.000000000000,1.685077895492,0.000000000000,
15.425000000001,0.000000000000,-120.000000000000,1.685077895492,0.000000000000,
15.430000000001,0.000000000000,-120.000000000000,1.685077895492,0.000000000000,
15.435000000001,0.000000000000,-120.000000000000,1.685077895492,0.000000000000,
15.440000000001,0.000000000000,120.000000000000,1.685077895492,0.000000000000,
15.445000000001,0.000000000000,-120.000000000000,1.685077895492,0.000000000000,
15.450000000001,0.000000000000,240.000000000000,1.685077895492,0.000000000000,
15.455000000001,0.000000000000,-240.000000000000,1.685077895492,0.000000000000,
15.460000000001,0.000000000000,-240.000000000000,1.685029958593,0.000000000000,
15.465000000001,0.000000000000,-240.000000000000,1.685029958593,0.000000000000,
15.470000000001,0.000000000000,240.000000000000,1.685077895492,0.000000000000,
15.475000000001,0.000000000000,120.000000000000,1.685077895492,0.000000000000,
15.480000000001,0.000000000000,0.000000000000,1.685029958593,0.000000000000,
15.485000000001,0.000000000000,120.000000000000,1.685077895492,0.000000000000,
15.490000000001,0.000000000000,0.000000000000,1.685077895492,0.000000000000,
15.495000000001,0.000000000000,0.000000000000,1.685077895492,0.000000000000,
15.500000000001,0.000000000000,-120.000000000000,1.685077895492,0.000000000000,
15.505000000001,0.000000000000,0.000000000000,1.685077895492,0.000000000000,
15.510000000001,0.000000000000,120.000000000000,1.685029958593,0.000000000000,
15.515000000001,0.000000000000,-120.000000000000,1.685077895492,0.000000000000,
15.520000000001,0.000000000000,240.000000000000,1.685077895492,0.000000000000,
15.525000000001,0.000000000000,240.000000000000,1.685077895492,0.000000000000,
15.530000000001,0.000000000000,120.000000000000,1.685029958593,0.000000000000,
15.535000000001,0.000000000000,0.000000000000,1.685077895492,0.000000000000,
15.540000000001,0.000000000000,-120.000000000000,1.685077895492,0.000000000000,
15.545000000001,0.000000000000,-120.000000000000,1.685029958593,0.000000000000,
15.550000000001,0.000000000000,240.000000000000,1.685077895492,0.000000000000,
15.555000000001,0.000000000000,240.000000000000,1.685077895492,0.000000000000,
15.560000000001,0.000000000000,-120.000000000000,1.685077895492,0.000000000000,
15.565000000001,0.000000000000,-240.000000000000,1.685029958593,0.000000000000,
15.570000000001,0.000000000000,0.000000000000,1.685077895492,0.000000000000,
15.575000000001,0.000000000000,120.000000000000,1.685077895492,0.000000000000,
15.580000000001,0.000000000000,0.000000000000,1.685077895492,0.000000000000,
15.585000000001,0.000000000000,0.000000000000,1.685077895492,0.000000000000,
15.590000000001,0.000000000000,-120.000000000000,1.685077895492,0.000000000000,
15.595000000001,0.000000000000,120.000000000000,1.685029958593,0.000000000000,
15.600000000001,0.000000000000,-120.000000000000,1.685077895492,0.000000000000,
15.605000000001,0.000000000000,-120.000000000000,1.685029958593,0.000000000000,
15.610000000001,0.000000000000,-120.000000000000,1.685029958593,0.000000000000,
15.615000000001,0.000000000000,-120.000000000000,1.685029958593,0.000000000000,
15.620000000001,0.000000000000,0.000000000000,1.685077895492,0.000000000000,
15.625000000001,0.000000000000,-120.000000000000,1.685077895492,0.000000000000,
15.630000000001,0.000000000000,120.000000000000,1.685077895492,0.000000000000,
15.635000000001,0.000000000000,120.000000000000,1.685077895492,0.000000000000,
15.640000000001,0.000000000000,120.000000000000,1.685077895492,0.000000000000,
15.645000000001,0.000000000000,120.000000000000,1.685077895492,0.000000000000,
15.650000000001,0.000000000000,-120.000000000000,1.685077895492,0.000000000000,
15.655000000001,0.000000000000,240.000000000000,1.685077895492,0.000000000000,
15.660000000001,0.000000000000,120.000000000000,1.685077895492,0.000000000000,
15.665000000001,0.000000000000,120.000000000000,1.685029958593,0.000000000000,
15.670000000001,0.000000000000,240.000000000000,1.685077895492,0.000000000000,
15.675000000001,0.000000000000,240.000000000000,1.685077895492,0.000000000000,
15.680000000001,0.000000000000,240.000000000000,1.685077895492,0.000000000000,
15.685000000001,0.000000000000,240.000000000000,1.685077895492,0.000000000000,
15.690000000001,0.000000000000,-120.000000000000,1.685029958593,0.000000000000,
15.695000000001,0.000000000000,360.000000000000,1.685077895492,0.000000000000,
15.700000000001,0.000000000000,120.000000000000,1.685029958593,0.000000000000,
15.705000000001,0.000000000000,120.000000000000,1.685029958593,0.000000000000,
15.710000000001,0.000000000000,-120.000000000000,1.685029958593,0.000000000000,
15.715000000001,0.000000000000,-120.000000000000,1.685077895492,0.000000000000,
15.720000000001,0.000000000000,-120.000000000000,1.685077895492,0.000000000000,
15.725000000001,0.000000000000,-120.000000000000,1.685077895492,0.000000000000,
15.730000000001,0.000000000000,-240.000000000000,1.685029958593,0.000000000000,
15.735000000001,0.000000000000,-240.000000000000,1.685029958593,0.000000000000,
15.740000000001,0.000000000000,0.000000000000,1.685029958593,0.000000000000,
15.745000000001,0.000000000000,-120.000000000000,1.685077895492,0.000000000000,
15.750000000001,0.000000000000,0.000000000000,1.685077895492,0.000000000000,
15.755000000001,0.000000000000,-120.000000000000,1.685029958593,0.000000000000,
15.760000000001,0.000000000000,240.000000000000,1.685077895492,0.000000000000,
15.765000000001,0.000000000000,240.000000000000,1.685077895492,0.000000000000,
15.770000000001,0.000000000000,120.000000000000,1.685077895492,0.000000000000,
15.775000000001,0.000000000000,240.000000000000,1.685077895492,0.000000000000,
15.780000000001,0.000000000000,360.000000000000,1.685029958593,0.000000000000,
15.785000000001,0.000000000000,0.000000000000,1.685029958593,0.000000000000,
15.790000000001,0.000000000000,-120.000000000000,1.685077895492,0.000000000000,
15.795000000001,0.000000000000,-120.000000000000,1.685077895492,0.000000000000,
15.800000000001,0.000000000000,-120.000000000000,1.685077895492,0.000000000000,
15.805000000001,0.000000000000,-240.000000000000,1.685077895492,0.000000000000,
15.810000000001,0.000000000000,120.000000000000,1.685077895492,0.000000000000,
15.815000000001,0.000000000000,0.000000000000,1.685077895492,0.000000000000,
15.820000000001,0.000000000000,-120.000000000000,1.685029958593,0.000000000000,
15.825000000001,0.000000000000,-120.000000000000,1.685029958593,0.000000000000,
15.830000000001,0.000000000000,120.000000000000,1.685029958593,0.000000000000,
15.835000000001,0.000000000000,-120.000000000000,1.685029958593,0.000000000000,
15.840000000001,0.000000000000,240.000000000000,1.685077895492,0.000000000000,
15.845000000001,0.000000000000,240.000000000000,1.685077895492,0.000000000000,
15.850000000001,0.000000000000,120.000000000000,1.685029958593,0.000000000000,
15.855000000001,0.000000000000,120.000000000000,1.685029958593,0.000000000000,
15.860000000001,0.000000000000,-120.000000000000,1.685077895492,0.000000000000,
15.865000000001,0.000000000000,-240.000000000000,1.685077895492,0.000000000000,
15.870000000001,0.000000000000,-240.000000000000,1.685029958593,0.000000000000,
15.875000000001,0.000000000000,-240.000000000000,1.685077895492,0.000000000000,
15.880000000001,0.000000000000,-120.000000000000,1.685029958593,0.000000000000,
15.885000000001,0.000000000000,-120.000000000000,1.685029958593,0.000000000000,
15.890000000001,0.000000000000,240.000000000000,1.685077895492,0.000000000000,
15.895000000001,0.000000000000,-240.000000000000,1.685029958593,0.000000000000,
15.900000000001,0.000000000000,-120.000000000000,1.685077895492,0.000000000000,
15.905000000001,0.000000000000,120.000000000000,1.685077895492,0.000000000000,
15.910000000001,0.000000000000,240.000000000000,1.685029958593,0.000000000000,
15.915000000001,0.000000000000,240.000000000000,1.685029958593,0.000000000000,
15.920000000001,0.000000000000,240.000000000000,1.685077895492,0.000000000000,
15.925000000001,0.000000000000,360.000000000000,1.685077895492,0.000000000000,
15.930000000001,0.000000000000,0.000000000000,1.685077895492,0.000000000000,
15.935000000001,0.000000000000,120.000000000000,1.685029958593,0.000000000000,
15.940000000001,0.000000000000,120.000000000000,1.685077895492,0.000000000000,
15.945000000001,0.000000000000,120.000000000000,1.685077895492,0.000000000000,
15.950000000001,0.000000000000,0.000000000000,1.685029958593,0.000000000000,
15.955000000001,0.000000000000,120.000000000000,1.685029958593,0.000000000000,
15.960000000001,0.000000000000,120.000000000000,1.685077895492,0.000000000000,
15.965000000001,0.000000000000,-240.000000000000,1.685029958593,0.000000000000,
15.970000000001,0.000000000000,-240.000000000000,1.685077895492,0.000000000000,
15.975000000001,0.000000000000,-240.000000000000,1.685077895492,0.000000000000,
15.980000000001,0.000000000000,-120.000000000000,1.685077895492,0.000000000000,
15.985000000001,0.000000000000,240.000000000000,1.685077895492,0.000000000000,
15.990000000001,0.000000000000,120.000000000000,1.685077895492,0.000000000000,
15.995000000001,0.000000000000,120.000000000000,1.685029958593,0.000000000000,
16.000000000001,0.000000000000,-240.000000000000,1.685029958593,0.000000000000,
16.005000000001,0.000000000000,-240.000000000000,1.685029958593,0.000000000000,
16.010000000001,0.000000000000,360.000000000000,1.685077895492,0.000000000000,
16.015000000001,0.000000000000,-240.000000000000,1.685077895492,0.000000000000,
16.020000000001,0.000000000000,360.000000000000,1.685077895492,0.000000000000,
16.025000000001,0.000000000000,-240.000000000000,1.685077895492,0.000000000000,
16.030000000001,0.000000000000,-240.000000000000,1.685077895492,0.000000000000,
16.035000000001,0.000000000000,-240.000000000000,1.685077895492,0.000000000000,
16.040000000001,0.000000000000,120.000000000000,1.685077895492,0.000000000000,
16.045000000001,0.000000000000,-120.000000000000,1.685029958593,0.000000000000,
16.050000000001,0.000000000000,240.000000000000,1.685029958593,0.000000000000,
16.055000000001,0.000000000000,-120.000000000000,1.685029958593,0.000000000000,
16.060000000001,0.000000000000,-240.000000000000,1.685029958593,0.000000000000,
16.065000000001,0.000000000000,-240.000000000000,1.685029958593,0.000000000000,
16.070000000001,0.000000000000,-240.000000000000,1.685077895492,0.000000000000,
16.075000000001,0.000000000000,-240.000000000000,1.685077895492,0.000000000000,
16.080000000001,0.000000000000,-240.000000000000,1.685029958593,0.000000000000,
16.085000000001,0.000000000000,120.000000000000,1.685077895492,0.000000000000,
16.090000000001,0.000000000000,120.000000000000,1.685077895492,0.000000000000,
16.095000000001,0.000000000000,120.000000000000,1.685077895492,0.000000000000,
16.100000000001,0.000000000000,120.000000000000,1.685077895492,0.000000000000,
16.105000000001,0.000000000000,240.000000000000,1.685077895492,0.000000000000,
16.110000000001,0.000000000000,360.000000000000,1.685077895492,0.000000000000,
16.115000000001,0.000000000000,240.000000000000,1.685029958593,0.000000000000,
16.120000000001,0.000000000000,-240.000000000000,1.685077895492,0.000000000000,
16.125000000001,0.000000000000,-240.000000000000,1.685077895492,0.000000000000,
16.130000000001,0.000000000000,120.000000000000,1.685077895492,0.000000000000,
16.135000000001,0.000000000000,-120.000000000000,1.685077895492,0.000000000000,
16.140000000001,0.000000000000,-240.000000000000,1.685077895492,0.000000000000,
16.145000000001,0.000000000000,-120.000000000000,1.685077895492,0.000000000000,
16.150000000001,0.000000000000,120.000000000000,1.685029958593,0.000000000000,
16.155000000001,0.000000000000,120.000000000000,1.685029958593,0.000000000000,
16.160000000001,0.000000000000,120.000000000000,1.685029958593,0.000000000000,
16.165000000001,0.000000000000,120.000000000000,1.685077895492,0.000000000000,
16.170000000001,0.000000000000,120.000000000000,1.685077895492,0.000000000000,
16.175000000001,0.000000000000,-120.000000000000,1.685077895492,0.000000000000,
16.180000000001,0.000000000000,-120.000000000000,1.685077895492,0.000000000000,
16.185000000001,0.000000000000,-120.000000000000,1.685077895492,0.000000000000,
16.190000000001,0.000000000000,0.000000000000,1.685077895492,0.000000000000,
16.195000000001,0.000000000000,-240.000000000000,1.685077895492,0.000000000000,
16.200000000001,0.000000000000,-120.000000000000,1.685029958593,0.000000000000,
16.205000000001,0.000000000000,-240.000000000000,1.685029958593,0.000000000000,
16.210000000001,0.000000000000,-240.000000000000,1.685029958593,0.000000000000,
16.215000000001,0.000000000000,-240.000000000000,1.685029958593,0.000000000000,
16.220000000001,0.000000000000,-120.000000000000,1.685077895492,0.000000000000,
16.225000000001,0.000000000000,0.000000000000,1.685029958593,0.000000000000,
16.230000000001,0.000000000000,120.000000000000,1.685029958593,0.000000000000,
16.235000000001,0.000000000000,0.000000000000,1.685029958593,0.000000000000,
16.240000000001,0.000000000000,120.000000000000,1.685077895492,0.000000000000,
16.245000000001,0.000000000000,120.000000000000,1.685077895492,0.000000000000,
16.250000000001,0.000000000000,-240.000000000000,1.685077895492,0.000000000000,
16.255000000001,0.000000000000,-240.000000000000,1.685077895492,0.000000000000,
16.260000000001,0.000000000000,-120.000000000000,1.685077895492,0.000000000000,
16.265000000001,0.000000000000,-240.000000000000,1.685077895492,0.000000000000,
16.270000000001,0.000000000000,-120.000000000000,1.685029958593,0.000000000000,
16.275000000001,0.000000000000,-120.000000000000,1.685029958593,0.000000000000,
16.280000000001,0.000000000000,240.000000000000,1.685077895492,0.000000000000,
16.285000000001,0.000000000000,-120.000000000000,1.685077895492,0.000000000000,
16.290000000001,0.000000000000,-120.000000000000,1.685077895492,0.000000000000,
16.295000000001,0.000000000000,-240.000000000000,1.685077895492,0.000000000000,
16.300000000001,0.000000000000,120.000000000000,1.685029958593,0.000000000000,
16.305000000001,0.000000000000,120.000000000000,1.685029958593,0.000000000000,
16.310000000001,0.000000000000,0.000000000000,1.685077895492,0.000000000000,
16.315000000001,0.000000000000,-240.000000000000,1.685077895492,0.000000000000,
16.320000000001,0.000000000000,-240.000000000000,1.685077895492,0.000000000000,
16.325000000001,0.000000000000,120.000000000000,1.685077895492,0.000000000000,
16.330000000001,0.000000000000,120.000000000000,1.685029958593,0.000000000000,
16.335000000001,0.000000000000,120.000000000000,1.685029958593,0.000000000000,
16.340000000001,0.000000000000,-120.000000000000,1.685077895492,0.000000000000,
16.345000000001,0.000000000000,240.000000000000,1.685077895492,0.000000000000,
16.350000000001,0.000000000000,240.000000000000,1.685077895492,0.000000000000,
16.355000000001,0.000000000000,240.000000000000,1.685029958593,0.000000000000,
16.360000000001,0.000000000000,-240.000000000000,1.685077895492,0.000000000000,
16.365000000001,0.000000000000,-240.000000000000,1.685077895492,0.000000000000,
16.370000000001,0.000000000000,120.000000000000,1.685029958593,0.000000000000,
16.375000000001,0.000000000000,-360.000000000000,1.685029958593,0.000000000000,
16.380000000001,0.000000000000,-120.000000000000,1.685077895492,0.000000000000,
16.385000000001,0.000000000000,-120.000000000000,1.685077895492,0.000000000000,
16.390000000001,0.000000000000,-240.000000000000,1.685077895492,0.000000000000,
16.395000000001,0.000000000000,-240.000000000000,1.685077895492,0.000000000000,
16.400000000001,0.000000000000,240.000000000000,1.685077895492,0.000000000000,
16.405000000001,0.000000000000,120.000000000000,1.685077895492,0.000000000000,
16.410000000001,0.000000000000,0.000000000000,1.685077895492,0.000000000000,
16.415000000001,0.000000000000,-120.000000000000,1.685077895492,0.000000000000,
16.420000000001,0.000000000000,120.000000000000,1.685077895492,0.000000000000,
16.425000000001,0.000000000000,120.000000000000,1.685077895492,0.000000000000,
16.430000000001,0.000000000000,360.000000000000,1.685077895492,0.000000000000,
16.435000000001,0.000000000000,120.000000000000,1.685077895492,0.000000000000,
16.440000000001,0.000000000000,-120.000000000000,1.685029958593,0.000000000000,
16.445000000001,0.000000000000,-120.000000000000,1.685077895492,0.000000000000,
16.450000000001,0.000000000000,-240.000000000000,1.685077895492,0.000000000000,
16.455000000001,0.000000000000,-240.000000000000,1.685077895492,0.000000000000,
16.460000000001,0.000000000000,240.000000000000,1.685077895492,0.000000000000,
16.465000000001,0.000000000000,120.000000000000,1.685077895492,0.000000000000,
16.470000000001,0.000000000000,120.000000000000,1.685029958593,0.000000000000,
16.475000000001,0.000000000000,240.000000000000,1.685029958593,0.000000000000,
16.480000000001,0.000000000000,240.000000000000,1.685077895492,0.000000000000,
16.485000000001,0.000000000000,240.000000000000,1.685077895492,0.000000000000,
16.490000000001,0.000000000000,-120.000000000000,1.685029958593,0.000000000000,
16.495000000001,0.000000000000,-240.000000000000,1.685077895492,0.000000000000,
16.500000000001,0.000000000000,120.000000000000,1.685077895492,0.000000000000,
16.505000000001,0.000000000000,-240.000000000000,1.685077895492,0.000000000000,
16.510000000001,0.000000000000,120.000000000000,1.685029958593,0.000000000000,
16.515000000001,0.000000000000,120.000000000000,1.685029958593,0.000000000000,
16.520000000001,0.000000000000,-120.000000000000,1.685077895492,0.000000000000,
16.525000000001,0.000000000000,120.000000000000,1.685077895492,0.000000000000,
16.530000000001,0.000000000000,-120.000000000000,1.685077895492,0.000000000000,
16.535000000001,0.000000000000,240.000000000000,1.685077895492,0.000000000000,
16.540000000001,0.000000000000,240.000000000000,1.685077895492,0.000000000000,
16.545000000001,0.000000000000,240.000000000000,1.685077895492,0.000000000000,
16.550000000001,0.000000000000,0.000000000000,1.685077895492,0.000000000000,
16.555000000001,0.000000000000,120.000000000000,1.685077895492,0.000000000000,
16.560000000001,0.000000000000,240.000000000000,1.685077895492,0.000000000000,
16.565000000001,0.000000000000,120.000000000000,1.685077895492,0.000000000000,
16.570000000001,0.000000000000,240.000000000000,1.685077895492,0.000000000000,
16.575000000001,0.000000000000,240.000000000000,1.685077895492,0.000000000000,
16.580000000001,0.000000000000,120.000000000000,1.685029958593,0.000000000000,
16.585000000001,0.000000000000,-120.000000000000,1.685077895492,0.000000000000,
16.590000000001,0.000000000000,-240.000000000000,1.685077895492,0.000000000000,
16.595000000001,0.000000000000,-120.000000000000,1.685077895492,0.000000000000,
16.600000000001,0.000000000000,-240.000000000000,1.685077895492,0.000000000000,
16.605000000001,0.000000000000,-240.000000000000,1.685077895492,0.000000000000,
16.610000000001,0.000000000000,120.000000000000,1.685077895492,0.000000000000,
16.615000000001,0.000000000000,-240.000000000000,1.685077895492,0.000000000000,
16.620000000001,0.000000000000,240.000000000000,1.685077895492,0.000000000000,
16.625000000001,0.000000000000,-360.000000000000,1.685029958593,0.000000000000,
16.630000000001,0.000000000000,120.000000000000,1.685077895492,0.000000000000,
16.635000000001,0.000000000000,120.000000000000,1.685077895492,0.000000000000,
16.640000000001,0.000000000000,0.000000000000,1.685077895492,0.000000000000,
16.645000000001,0.000000000000,0.000000000000,1.685077895492,0.000000000000,
16.650000000001,0.000000000000,-240.000000000000,1.685077895492,0.000000000000,
16.655000000001,0.000000000000,-120.000000000000,1.685077895492,0.000000000000,
16.660000000001,0.000000000000,360.000000000000,1.685029958593,0.000000000000,
16.665000000001,0.000000000000,360.000000000000,1.685029958593,0.000000000000,
16.670000000001,0.000000000000,240.000000000000,1.685029958593,0.000000000000,
16.675000000001,0.000000000000,-120.000000000000,1.685077895492,0.000000000000,
16.680000000001,0.000000000000,0.000000000000,1.685077895492,0.000000000000,
16.685000000001,0.000000000000,240.000000000000,1.685077895492,0.000000000000,
16.690000000001,0.000000000000,240.000000000000,1.685077895492,0.000000000000,
16.695000000001,0.000000000000,240.000000000000,1.685077895492,0.000000000000,
16.700000000001,0.000000000000,240.000000000000,1.685077895492,0.000000000000,
16.705000000001,0.000000000000,240.000000000000,1.685077895492,0.000000000000,
16.710000000001,0.000000000000,-240.000000000000,1.685077895492,0.000000000000,
16.715000000001,0.000000000000,240.000000000000,1.685077895492,0.000000000000,
16.720000000001,0.000000000000,-240.000000000000,1.685029958593,0.000000000000,
16.725000000001,0.000000000000,-240.000000000000,1.685029958593,0.000000000000,
16.730000000001,0.000000000000,-120.000000000000,1.685077895492,0.000000000000,
16.735000000001,0.000000000000,-240.000000000000,1.685029958593,0.000000000000,
16.740000000001,0.000000000000,-120.000000000000,1.685029958593,0.000000000000,
16.745000000001,0.000000000000,-240.000000000000,1.685077895492,0.000000000000,
16.750000000001,0.000000000000,-120.000000000000,1.685077895492,0.000000000000,
16.755000000001,0.000000000000,-120.000000000000,1.685077895492,0.000000000000,
16.760000000001,0.000000000000,120.000000000000,1.685029958593,0.000000000000,
16.765000000001,0.000000000000,-120.000000000000,1.685029958593,0.000000000000,
16.770000000001,0.000000000000,120.000000000000,1.685077895492,0.000000000000,
16.775000000001,0.000000000000,240.000000000000,1.685077895492,0.000000000000,
16.780000000001,0.000000000000,-120.000000000000,1.685029958593,0.000000000000,
16.785000000001,0.000000000000,-120.000000000000,1.685029958593,0.000000000000,
16.790000000001,0.000000000000,-240.000000000000,1.685077895492,0.000000000000,
16.795000000001,0.000000000000,-240.000000000000,1.685077895492,0.000000000000,
16.800000000001,0.000000000000,-240.000000000000,1.685077895492,0.000000000000,
16.805000000001,0.000000000000,-240.000000000000,1.685077895492,0.000000000000,
16.810000000001,0.000000000000,-120.000000000000,1.685077895492,0.000000000000,
16.815000000001,0.000000000000,-120.000000000000,1.685077895492,0.000000000000,
16.820000000001,0.000000000000,240.000000000000,1.685029958593,0.000000000000,
16.825000000001,0.000000000000,-120.000000000000,1.685077895492,0.000000000000,
16.830000000001,0.000000000000,-120.000000000000,1.685029958593,0.000000000000,
16.835000000001,0.000000000000,-120.000000000000,1.685077895492,0.000000000000,
16.840000000001,0.000000000000,-120.000000000000,1.685029958593,0.000000000000,
16.845000000001,0.000000000000,-120.000000000000,1.685029958593,0.000000000000,
16.850000000001,0.000000000000,-120.000000000000,1.685077895492,0.000000000000,
16.855000000001,0.000000000000,0.000000000000,1.685077895492,0.000000000000,
16.860000000001,0.000000000000,120.000000000000,1.685077895492,0.000000000000,
16.865000000001,0.000000000000,360.000000000000,1.685077895492,0.000000000000,
16.870000000001,0.000000000000,-240.000000000000,1.685077895492,0.000000000000,
16.875000000001,0.000000000000,-240.000000000000,1.685077895492,0.000000000000,
16.880000000001,0.000000000000,-360.000000000000,1.685077895492,0.000000000000,
16.885000000001,0.000000000000,-120.000000000000,1.685077895492,0.000000000000,
16.890000000001,0.000000000000,0.000000000000,1.685077895492,0.000000000000,
16.895000000001,0.000000000000,120.000000000000,1.685029958593,0.000000000000,
16.900000000001,0.000000000000,120.000000000000,1.685077895492,0.000000000000,
16.905000000001,0.000000000000,120.000000000000,1.685077895492,0.000000000000,
16.910000000001,0.000000000000,0.000000000000,1.685029958593,0.000000000000,
16.915000000001,0.000000000000,120.000000000000,1.685029958593,0.000000000000,
16.920000000001,0.000000000000,120.000000000000,1.685029958593,0.000000000000,
16.925000000001,0.000000000000,240.000000000000,1.685077895492,0.000000000000,
16.930000000001,0.000000000000,-240.000000000000,1.685077895492,0.000000000000,
16.935000000001,0.000000000000,-240.000000000000,1.685077895492,0.000000000000,
16.940000000001,0.000000000000,240.000000000000,1.685077895492,0.000000000000,
16.945000000001,0.000000000000,-360.000000000000,1.685029958593,0.000000000000,
16.950000000001,0.000000000000,-240.000000000000,1.685077895492,0.000000000000,
16.955000000001,0.000000000000,-120.000000000000,1.685077895492,0.000000000000,
16.960000000001,0.000000000000,-240.000000000000,1.685077895492,0.000000000000,
16.965000000001,0.000000000000,-240.000000000000,1.685077895492,0.000000000000,
16.970000000001,0.000000000000,120.000000000000,1.685077895492,0.000000000000,
16.975000000001,0.000000000000,120.000000000000,1.685077895492,0.000000000000,
16.980000000001,0.000000000000,360.000000000000,1.685029958593,0.000000000000,
16.985000000001,0.000000000000,120.000000000000,1.685077895492,0.000000000000,
16.990000000001,0.000000000000,-120.000000000000,1.685077895492,0.000000000000,
16.995000000001,0.000000000000,-120.000000000000,1.685077895492,0.000000000000,
17.000000000001,0.000000000000,-120.000000000000,1.685077895492,0.000000000000,
17.005000000001,0.000000000000,120.000000000000,1.685077895492,0.000000000000,
17.010000000001,0.000000000000,120.000000000000,1.685077895492,0.000000000000,
17.015000000001,0.000000000000,-240.000000000000,1.685077895492,0.000000000000,
17.020000000001,0.000000000000,0.000000000000,1.685077895492,0.000000000000,
17.025000000001,0.000000000000,0.000000000000,1.685077895492,0.000000000000,
17.030000000001,0.000000000000,-120.000000000000,1.685029958593,0.000000000000,
17.035000000001,0.000000000000,-360.000000000000,1.685029958593,0.000000000000,
17.040000000001,0.000000000000,0.000000000000,1.685077895492,0.000000000000,
17.045000000001,0.000000000000,-240.000000000000,1.685029958593,0.000000000000,
17.050000000001,0.000000000000,-120.000000000000,1.685077895492,0.000000000000,
17.055000000001,0.000000000000,-120.000000000000,1.685077895492,0.000000000000,
17.060000000001,0.000000000000,0.000000000000,1.685077895492,0.000000000000,
17.065000000001,0.000000000000,240.000000000000,1.685077895492,0.000000000000,
17.070000000001,0.000000000000,360.000000000000,1.685077895492,0.000000000000,
17.075000000001,0.000000000000,360.000000000000,1.685029958593,0.000000000000,
17.080000000001,0.000000000000,0.000000000000,1.685029958593,0.000000000000,
17.085000000001,0.000000000000,0.000000000000,1.685029958593,0.000000000000,
17.090000000001,0.000000000000,120.000000000000,1.685029958593,0.000000000000,
17.095000000001,0.000000000000,120.000000000000,1.685029958593,0.000000000000,
17.100000000001,0.000000000000,-360.000000000000,1.685077895492,0.000000000000,
17.105000000001,0.000000000000,-240.000000000000,1.685029958593,0.000000000000,
17.110000000001,0.000000000000,240.000000000000,1.685077895492,0.000000000000,
17.115000000001,0.000000000000,240.000000000000,1.685077895492,0.000000000000,
17.120000000001,0.000000000000,-120.000000000000,1.685077895492,0.000000000000,
17.125000000001,0.000000000000,-120.000000000000,1.685077895492,0.000000000000,
17.130000000001,0.000000000000,-120.000000000000,1.685077895492,0.000000000000,
17.135000000001,0.000000000000,-120.000000000000,1.685029958593,0.000000000000,
17.140000000001,0.000000000000,120.000000000000,1.685077895492,0.000000000000,
17.145000000001,0.000000000000,120.000000000000,1.685077895492,0.000000000000,
17.150000000001,0.000000000000,240.000000000000,1.685077895492,0.000000000000,
17.155000000001,0.000000000000,-120.000000000000,1.685077895492,0.000000000000,
17.160000000001,0.000000000000,-120.000000000000,1.685077895492,0.000000000000,
17.165000000001,0.000000000000,-240.000000000000,1.685029958593,0.000000000000,
17.170000000001,0.000000000000,-120.000000000000,1.685077895492,0.000000000000,
17.175000000001,0.000000000000,-120.000000000000,1.685077895492,0.000000000000,
17.180000000001,0.000000000000,240.000000000000,1.685077895492,0.000000000000,
17.185000000001,0.000000000000,120.000000000000,1.685029958593,0.000000000000,
17.190000000001,0.000000000000,120.000000000000,1.685029958593,0.000000000000,
17.195000000001,0.000000000000,-120.000000000000,1.685077895492,0.000000000000,
17.200000000001,0.000000000000,-240.000000000000,1.685077895492,0.000000000000,
17.205000000001,0.000000000000,-240.000000000000,1.685077895492,0.000000000000,
17.210000000001,0.000000000000,120.000000000000,1.685029958593,0.000000000000,
17.215000000001,0.000000000000,120.000000000000,1.685077895492,0.000000000000,
17.220000000001,0.000000000000,0.000000000000,1.685029958593,0.000000000000,
17.225000000001,0.000000000000,-240.000000000000,1.685077895492,0.000000000000,
17.230000000001,0.000000000000,-120.000000000000,1.685029958593,0.000000000000,
17.235000000001,0.000000000000,-120.000000000000,1.685029958593,0.000000000000,
17.240000000001,0.000000000000,240.000000000000,1.685077895492,0.000000000000,
17.245000000001,0.000000000000,-240.000000000000,1.685077895492,0.000000000000,
17.250000000001,0.000000000000,120.000000000000,1.685077895492,0.000000000000,
17.255000000001,0.000000000000,-240.000000000000,1.685077895492,0.000000000000,
17.260000000001,0.000000000000,240.000000000000,1.685029958593,0.000000000000,
17.265000000001,0.000000000000,240.000000000000,1.685029958593,0.000000000000,
17.270000000001,0.000000000000,-120.000000000000,1.685077895492,0.000000000000,
17.275000000001,0.000000000000,120.000000000000,1.685077895492,0.000000000000,
17.280000000001,0.000000000000,360.000000000000,1.685077895492,0.000000000000,
17.285000000001,0.000000000000,-120.000000000000,1.685077895492,0.000000000000,
17.290000000001,0.000000000000,-120.000000000000,1.685077895492,0.000000000000,
17.295000000001,0.000000000000,-120.000000000000,1.685077895492,0.000000000000,
17.300000000001,0.000000000000,120.000000000000,1.685077895492,0.000000000000,
17.305000000001,0.000000000000,240.000000000000,1.685029958593,0.000000000000,
17.310000000001,0.000000000000,240.000000000000,1.685029958593,0.000000000000,
17.315000000001,0.000000000000,0.000000000000,1.685077895492,0.000000000000,
17.320000000001,0.000000000000,360.000000000000,1.685077895492,0.000000000000,
17.325000000001,0.000000000000,360.000000000000,1.685077895492,0.000000000000,
17.330000000001,0.000000000000,240.000000000000,1.685077895492,0.000000000000,
17.335000000001,0.000000000000,120.000000000000,1.685077895492,0.000000000000,
17.340000000001,0.000000000000,360.000000000000,1.685077895492,0.000000000000,
17.345000000001,0.000000000000,600.000000000000,1.685029958593,0.000000000000,
17.350000000001,0.000000000000,240.000000000000,1.685029958593,0.000000000000,
17.355000000001,0.000000000000,240.000000000000,1.685029958593,0.000000000000,
17.360000000001,0.000000000000,-120.000000000000,1.685077895492,0.000000000000,
17.365000000001,0.000000000000,120.000000000000,1.685029958593,0.000000000000,
17.370000000001,0.000000000000,-240.000000000000,1.685029958593,0.000000000000,
17.375000000001,0.000000000000,-120.000000000000,1.685029958593,0.000000000000,
17.380000000001,0.000000000000,-120.000000000000,1.685077895492,0.000000000000,
17.385000000001,0.000000000000,-120.000000000000,1.685077895492,0.000000000000,
17.390000000001,0.000000000000,-240.000000000000,1.685077895492,0.000000000000,
17.395000000001,0.000000000000,-240.000000000000,1.685077895492,0.000000000000,
17.400000000001,0.000000000000,-240.000000000000,1.685077895492,0.000000000000,
17.405000000001,0.000000000000,-120.000000000000,1.685077895492,0.000000000000,
17.410000000001,0.000000000000,-240.000000000000,1.685077895492,0.000000000000,
17.415000000001,0.000000000000,-240.000000000000,1.685077895492,0.000000000000,
17.420000000001,0.000000000000,0.000000000000,1.685029958593,0.000000000000,
17.425000000001,0.000000000000,-240.000000000000,1.685077895492,0.000000000000,
17.430000000001,0.000000000000,-120.000000000000,1.685029958593,0.000000000000,
17.435000000001,0.000000000000,120.000000000000,1.685077895492,0.000000000000,
17.440000000001,0.000000000000,240.000000000000,1.685077895492,0.000000000000,
17.445000000001,0.000000000000,240.000000000000,1.685077895492,0.000000000000,
17.450000000001,0.000000000000,-120.000000000000,1.685077895492,0.000000000000,
17.455000000001,0.000000000000,0.000000000000,1.685029958593,0.000000000000,
17.460000000001,0.000000000000,120.000000000000,1.685077895492,0.000000000000,
17.465000000001,0.000000000000,-360.000000000000,1.685077895492,0.000000000000,
17.470000000001,0.000000000000,-240.000000000000,1.685077895492,0.000000000000,
17.475000000001,0.000000000000,-240.000000000000,1.685077895492,0.000000000000,
17.480000000001,0.000000000000,-120.000000000000,1.685077895492,0.000000000000,
17.485000000001,0.000000000000,-120.000000000000,1.685077895492,0.000000000000,
17.490000000001,0.000000000000,120.000000000000,1.685077895492,0.000000000000,
17.495000000001,0.000000000000,240.000000000000,1.685077895492,0.000000000000,
17.500000000001,0.000000000000,-240.000000000000,1.685077895492,0.000000000000,
17.505000000001,0.000000000000,-240.000000000000,1.685077895492,0.000000000000,
17.510000000001,0.000000000000,-240.000000000000,1.685077895492,0.000000000000,
17.515000000001,0.000000000000,-360.000000000000,1.685029958593,0.000000000000,
17.520000000001,0.000000000000,-120.000000000000,1.685077895492,0.000000000000,
17.525000000001,0.000000000000,240.000000000000,1.685077895492,0.000000000000,
17.530000000001,0.000000000000,120.000000000000,1.685077895492,0.000000000000,
17.535000000001,0.000000000000,120.000000000000,1.685077895492,0.000000000000,
17.540000000001,0.000000000000,-120.000000000000,1.685077895492,0.000000000000,
17.545000000001,0.000000000000,-120.000000000000,1.685077895492,0.000000000000,
17.550000000001,0.000000000000,-120.000000000000,1.685077895492,0.000000000000,
17.555000000001,0.000000000000,0.000000000000,1.685029958593,0.000000000000,
17.560000000001,0.000000000000,360.000000000000,1.685077895492,0.000000000000,
17.565000000001,0.000000000000,360.000000000000,1.685077895492,0.000000000000,
17.570000000001,0.000000000000,-120.000000000000,1.685077895492,0.000000000000,
17.575000000001,0.000000000000,360.000000000000,1.685029958593,0.000000000000,
17.580000000001,0.000000000000,0.000000000000,1.685029958593,0.000000000000,
17.585000000001,0.000000000000,120.000000000000,1.685029958593,0.000000000000,
17.590000000001,0.000000000000,-240.000000000000,1.685077895492,0.000000000000,
17.595000000001,0.000000000000,-240.000000000000,1.685077895492,0.000000000000,
17.600000000001,0.000000000000,240.000000000000,1.685029958593,0.000000000000,
17.605000000001,0.000000000000,-360.000000000000,1.685077895492,0.000000000000,
17.610000000001,0.000000000000,-120.000000000000,1.685077895492,0.000000000000,
17.615000000001,0.000000000000,-120.000000000000,1.685029958593,0.000000000000,
17.620000000001,0.000000000000,120.000000000000,1.685077895492,0.000000000000,
17.625000000001,0.000000000000,120.000000000000,1.685077895492,0.000000000000,
17.630000000001,0.000000000000,-240.000000000000,1.685029958593,0.000000000000,
17.635000000001,0.000000000000,0.000000000000,1.685029958593,0.000000000000,
17.640000000001,0.000000000000,-120.000000000000,1.685077895492,0.000000000000,
17.645000000001,0.000000000000,-120.000000000000,1.685077895492,0.000000000000,
17.650000000001,0.000000000000,120.000000000000,1.685029958593,0.000000000000,
17.655000000001,0.000000000000,120.000000000000,1.685029958593,0.000000000000,
17.660000000001,0.000000000000,-120.000000000000,1.685077895492,0.000000000000,
17.665000000001,0.000000000000,-240.000000000000,1.685077895492,0.000000000000,
17.670000000001,0.000000000000,600.000000000000,1.685077895492,0.000000000000,
17.675000000001,0.000000000000,240.000000000000,1.685029958593,0.000000000000,
17.680000000001,0.000000000000,120.000000000000,1.685077895492,0.000000000000,
17.685000000001,0.000000000000,120.000000000000,1.685077895492,0.000000000000,
17.690000000001,0.000000000000,120.000000000000,1.685029958593,0.000000000000,
17.695000000001,0.000000000000,-240.000000000000,1.685029958593,0.000000000000,
17.700000000001,0.000000000000,-120.000000000000,1.685029958593,0.000000000000,
17.705000000001,0.000000000000,-120.000000000000,1.685029958593,0.000000000000,
17.710000000001,0.000000000000,-120.000000000000,1.685077895492,0.000000000000,
17.715000000001,0.000000000000,-120.000000000000,1.685077895492,0.000000000000,
17.720000000001,0.000000000000,0.000000000000,1.685029958593,0.000000000000,
17.725000000001,0.000000000000,-360.000000000000,1.685029958593,0.000000000000,
17.730000000001,0.000000000000,-360.000000000000,1.685029958593,0.000000000000,
17.735000000001,0.000000000000,-240.000000000000,1.685077895492,0.000000000000,
17.740000000001,0.000000000000,-360.000000000000,1.685077895492,0.000000000000,
17.745000000001,0.000000000000,-360.000000000000,1.685077895492,0.000000000000,
17.750000000001,0.000000000000,-120.000000000000,1.685077895492,0.000000000000,
17.755000000001,0.000000000000,-120.000000000000,1.685077895492,0.000000000000,
17.760000000001,0.000000000000,-240.000000000000,1.685077895492,0.000000000000,
17.765000000001,0.000000000000,-240.000000000000,1.685077895492,0.000000000000,
17.770000000001,0.000000000000,120.000000000000,1.685029958593,0.000000000000,
17.775000000001,0.000000000000,120.000000000000,1.685029958593,0.000000000000,
17.780000000001,0.000000000000,120.000000000000,1.685077895492,0.000000000000,
17.785000000001,0.000000000000,-120.000000000000,1.685029958593,0.000000000000,
17.790000000001,0.000000000000,-120.000000000000,1.685077895492,0.000000000000,
17.795000000001,0.000000000000,240.000000000000,1.685029958593,0.000000000000,
17.800000000001,0.000000000000,-120.000000000000,1.685029958593,0.000000000000,
17.805000000001,0.000000000000,-120.000000000000,1.685029958593,0.000000000000,
17.810000000001,0.000000000000,240.000000000000,1.685077895492,0.000000000000,
17.815000000001,0.000000000000,240.000000000000,1.685077895492,0.000000000000,
17.820000000001,0.000000000000,240.000000000000,1.685029958593,0.000000000000,
17.825000000001,0.000000000000,-120.000000000000,1.685029958593,0.000000000000,
17.830000000001,0.000000000000,-120.000000000000,1.685029958593,0.000000000000,
17.835000000001,0.000000000000,-120.000000000000,1.685029958593,0.000000000000,
17.840000000001,0.000000000000,-120.000000000000,1.685077895492,0.000000000000,
17.845000000001,0.000000000000,480.000000000000,1.685077895492,0.000000000000,
17.850000000001,0.000000000000,120.000000000000,1.685077895492,0.000000000000,
17.855000000001,0.000000000000,120.000000000000,1.685077895492,0.000000000000,
17.860000000001,0.000000000000,120.000000000000,1.685077895492,0.000000000000,
17.865000000001,0.000000000000,120.000000000000,1.685077895492,0.000000000000,
17.870000000001,0.000000000000,0.000000000000,1.685077895492,0.000000000000,
17.875000000001,0.000000000000,120.000000000000,1.685029958593,0.000000000000,
17.880000000001,0.000000000000,240.000000000000,1.685029958593,0.000000000000,
17.885000000001,0.000000000000,-240.000000000000,1.685077895492,0.000000000000,
17.890000000001,0.000000000000,120.000000000000,1.685029958593,0.000000000000,
17.895000000001,0.000000000000,120.000000000000,1.685029958593,0.000000000000,
17.900000000001,0.000000000000,240.000000000000,1.685077895492,0.000000000000,
17.905000000001,0.000000000000,240.000000000000,1.685077895492,0.000000000000,
17.910000000001,0.000000000000,120.000000000000,1.685029958593,0.000000000000,
17.915000000001,0.000000000000,240.000000000000,1.685077895492,0.000000000000,
17.920000000001,0.000000000000,-120.000000000000,1.685077895492,0.000000000000,
17.925000000001,0.000000000000,-120.000000000000,1.685077895492,0.000000000000,
17.930000000001,0.000000000000,-120.000000000000,1.685077895492,0.000000000000,
17.935000000001,0.000000000000,-120.000000000000,1.685077895492,0.000000000000,
17.940000000001,0.000000000000,240.000000000000,1.685077895492,0.000000000000,
17.945000000001,0.000000000000,-120.000000000000,1.685077895492,0.000000000000,
17.950000000001,0.000000000000,120.000000000000,1.685029958593,0.000000000000,
17.955000000001,0.000000000000,120.000000000000,1.685029958593,0.000000000000,
17.960000000001,0.000000000000,0.000000000000,1.685077895492,0.000000000000,
17.965000000001,0.000000000000,120.000000000000,1.685029958593,0.000000000000,
17.970000000001,0.000000000000,-240.000000000000,1.685029958593,0.000000000000,
17.975000000001,0.000000000000,120.000000000000,1.685077895492,0.000000000000,
17.980000000001,0.000000000000,-120.000000000000,1.685077895492,0.000000000000,
17.985000000001,0.000000000000,-120.000000000000,1.685077895492,0.000000000000,
17.990000000001,0.000000000000,120.000000000000,1.685029958593,0.000000000000,
17.995000000001,0.000000000000,120.000000000000,1.685077895492,0.000000000000,
18.000000000001,0.000000000000,120.000000000000,1.685077895492,0.000000000000,
18.005000000001,0.000000000000,360.000000000000,1.685077895492,0.000000000000,
18.010000000001,0.000000000000,0.000000000000,1.685077895492,0.000000000000,
18.015000000001,0.000000000000,0.000000000000,1.685077895492,0.000000000000,
18.020000000001,0.000000000000,360.000000000000,1.685029958593,0.000000000000,
18.025000000001,0.000000000000,-120.000000000000,1.685077895492,0.000000000000,
18.030000000001,0.000000000000,-120.000000000000,1.685077895492,0.000000000000,
18.035000000001,0.000000000000,240.000000000000,1.685077895492,0.000000000000,
18.040000000001,0.000000000000,120.000000000000,1.685077895492,0.000000000000,
18.045000000001,0.000000000000,120.000000000000,1.685077895492,0.000000000000,
18.050000000001,0.000000000000,0.000000000000,1.685077895492,0.000000000000,
18.055000000001,0.000000000000,-120.000000000000,1.685029958593,0.000000000000,
18.060000000001,0.000000000000,360.000000000000,1.685029958593,0.000000000000,
18.065000000001,0.000000000000,240.000000000000,1.685029958593,0.000000000000,
18.070000000001,0.000000000000,0.000000000000,1.685077895492,0.000000000000,
18.075000000001,0.000000000000,0.000000000000,1.685077895492,0.000000000000,
18.080000000001,0.000000000000,-240.000000000000,1.685077895492,0.000000000000,
18.085000000001,0.000000000000,120.000000000000,1.685077895492,0.000000000000,
18.090000000001,0.000000000000,0.000000000000,1.685077895492,0.000000000000,
18.095000000001,0.000000000000,600.000000000000,1.685029958593,0.000000000000,
18.100000000001,0.000000000000,120.000000000000,1.685029958593,0.000000000000,
18.105000000001,0.000000000000,120.000000000000,1.685029958593,0.000000000000,
18.110000000001,0.000000000000,-240.000000000000,1.685077895492,0.000000000000,
18.115000000001,0.000000000000,240.000000000000,1.685077895492,0.000000000000,
18.120000000001,0.000000000000,0.000000000000,1.685077895492,0.000000000000,
18.125000000001,0.000000000000,-120.000000000000,1.685029958593,0.000000000000,
18.130000000001,0.000000000000,-240.000000000000,1.685029958593,0.000000000000,
18.135000000001,0.000000000000,-240.000000000000,1.685029958593,0.000000000000,
18.140000000001,0.000000000000,-240.000000000000,1.685077895492,0.000000000000,
18.145000000001,0.000000000000,0.000000000000,1.685029958593,0.000000000000,
18.150000000001,0.000000000000,-120.000000000000,1.685077895492,0.000000000000,
18.155000000001,0.000000000000,240.000000000000,1.685077895492,0.000000000000,
18.160000000001,0.000000000000,120.000000000000,1.685077895492,0.000000000000,
18.165000000001,0.000000000000,120.000000000000,1.685077895492,0.000000000000,
18.170000000001,0.000000000000,120.000000000000,1.685029958593,0.000000000000,
18.175000000001,0.000000000000,360.000000000000,1.685077895492,0.000000000000,
18.180000000001,0.000000000000,-240.000000000000,1.685029958593,0.000000000000,
18.185000000001,0.000000000000,-120.000000000000,1.685029958593,0.000000000000,
18.190000000001,0.000000000000,-240.000000000000,1.685077895492,0.000000000000,
18.195000000001,0.000000000000,-240.000000000000,1.685077895492,0.000000000000,
18.200000000001,0.000000000000,-240.000000000000,1.685029958593,0.000000000000,
18.205000000001,0.000000000000,0.000000000000,1.685077895492,0.000000000000,
18.210000000001,0.000000000000,-120.000000000000,1.685029958593,0.000000000000,
18.215000000001,0.000000000000,-240.000000000000,1.685029958593,0.000000000000,
18.220000000001,0.000000000000,240.000000000000,1.685077895492,0.000000000000,
18.225000000001,0.000000000000,240.000000000000,1.685077895492,0.000000000000,
18.230000000001,0.000000000000,-240.000000000000,1.685077895492,0.000000000000,
18.235000000001,0.000000000000,-480.000000000000,1.685077895492,0.000000000000,
18.240000000001,0.000000000000,-240.000000000000,1.685077895492,0.000000000000,
18.245000000001,0.000000000000,120.000000000000,1.685077895492,0.000000000000,
18.250000000001,0.000000000000,120.000000000000,1.685029958593,0.000000000000,
18.255000000001,0.000000000000,120.000000000000,1.685029958593,0.000000000000,
18.260000000001,0.000000000000,240.000000000000,1.685029958593,0.000000000000,
18.265000000001,0.000000000000,-120.000000000000,1.685029958593,0.000000000000,
18.270000000001,0.000000000000,-120.000000000000,1.685029958593,0.000000000000,
18.275000000001,0.000000000000,120.000000000000,1.685029958593,0.000000000000,
18.280000000001,0.000000000000,240.000000000000,1.685029958593,0.000000000000,
18.285000000001,0.000000000000,240.000000000000,1.685029958593,0.000000000000,
18.290000000001,0.000000000000,-120.000000000000,1.685077895492,0.000000000000,
18.295000000001,0.000000000000,120.000000000000,1.685077895492,0.000000000000,
18.300000000001,0.000000000000,360.000000000000,1.685077895492,0.000000000000,
18.305000000001,0.000000000000,-240.000000000000,1.685029958593,0.000000000000,
18.310000000001,0.000000000000,-240.000000000000,1.685077895492,0.000000000000,
18.315000000001,0.000000000000,-240.000000000000,1.685077895492,0.000000000000,
18.320000000001,0.000000000000,-240.000000000000,1.685077895492,0.000000000000,
18.325000000001,0.000000000000,120.000000000000,1.685077895492,0.000000000000,
18.330000000001,0.000000000000,-240.000000000000,1.685029958593,0.000000000000,
18.335000000001,0.000000000000,-240.000000000000,1.685029958593,0.000000000000,
18.340000000001,0.000000000000,-120.000000000000,1.685029958593,0.000000000000,
18.345000000001,0.000000000000,-120.000000000000,1.685029958593,0.000000000000,
18.350000000001,0.000000000000,480.000000000000,1.685077895492,0.000000000000,
18.355000000001,0.000000000000,120.000000000000,1.685077895492,0.000000000000,
18.360000000001,0.000000000000,-240.000000000000,1.685077895492,0.000000000000,
18.365000000001,0.000000000000,120.000000000000,1.685077895492,0.000000000000,
18.370000000001,0.000000000000,120.000000000000,1.685029958593,0.000000000000,
18.375000000001,0.000000000000,120.000000000000,1.685029958593,0.000000000000,
18.380000000001,0.000000000000,-120.000000000000,1.685029958593,0.000000000000,
18.385000000001,0.000000000000,-120.000000000000,1.685029958593,0.000000000000,
18.390000000001,0.000000000000,120.000000000000,1.685077895492,0.000000000000,
18.395000000001,0.000000000000,240.000000000000,1.685077895492,0.000000000000,
18.400000000001,0.000000000000,0.000000000000,1.685077895492,0.000000000000,
18.405000000001,0.000000000000,0.000000000000,1.685077895492,0.000000000000,
18.410000000001,0.000000000000,0.000000000000,1.685077895492,0.000000000000,
18.415000000001,0.000000000000,240.000000000000,1.685077895492,0.000000000000,
18.420000000001,0.000000000000,120.000000000000,1.685029958593,0.000000000000,
18.425000000001,0.000000000000,120.000000000000,1.685077895492,0.000000000000,
18.430000000001,0.000000000000,0.000000000000,1.685077895492,0.000000000000,
18.435000000001,0.000000000000,0.000000000000,1.685077895492,0.000000000000,
18.440000000001,0.000000000000,-120.000000000000,1.685077895492,0.000000000000,
18.445000000001,0.000000000000,240.000000000000,1.685029958593,0.000000000000,
18.450000000001,0.000000000000,360.000000000000,1.685077895492,0.000000000000,
18.455000000001,0.000000000000,120.000000000000,1.685077895492,0.000000000000,
18.460000000001,0.000000000000,360.000000000000,1.685077895492,0.000000000000,
18.465000000001,0.000000000000,360.000000000000,1.685077895492,0.000000000000,
18.470000000001,0.000000000000,-120.000000000000,1.685029958593,0.000000000000,
18.475000000001,0.000000000000,120.000000000000,1.685029958593,0.000000000000,
18.480000000001,0.000000000000,-120.000000000000,1.685029958593,0.000000000000,
18.485000000001,0.000000000000,-120.000000000000,1.685029958593,0.000000000000,
18.490000000001,0.000000000000,-240.000000000000,1.685077895492,0.000000000000,
18.495000000001,0.000000000000,-240.000000000000,1.685077895492,0.000000000000,
18.500000000001,0.000000000000,-120.000000000000,1.685077895492,0.000000000000,
18.505000000001,0.000000000000,120.000000000000,1.685077895492,0.000000000000,
18.510000000001,0.000000000000,-120.000000000000,1.685029958593,0.000000000000,
18.515000000001,0.000000000000,0.000000000000,1.685077895492,0.000000000000,
18.520000000001,0.000000000000,240.000000000000,1.685077895492,0.000000000000,
18.525000000001,0.000000000000,240.000000000000,1.685077895492,0.000000000000,
18.530000000001,0.000000000000,240.000000000000,1.685029958593,0.000000000000,
18.535000000001,0.000000000000,-120.000000000000,1.685029958593,0.000000000000,
18.540000000001,0.000000000000,-360.000000000000,1.685077895492,0.000000000000,
18.545000000001,0.000000000000,-120.000000000000,1.685077895492,0.000000000000,
18.550000000001,0.000000000000,-120.000000000000,1.685077895492,0.000000000000,
18.555000000001,0.000000000000,-120.000000000000,1.685077895492,0.000000000000,
18.560000000001,0.000000000000,0.000000000000,1.685077895492,0.000000000000,
18.565000000001,0.000000000000,-120.000000000000,1.685077895492,0.000000000000,
18.570000000001,0.000000000000,-120.000000000000,1.685029958593,0.000000000000,
18.575000000001,0.000000000000,-120.000000000000,1.685077895492,0.000000000000,
18.580000000001,0.000000000000,120.000000000000,1.685077895492,0.000000000000,
18.585000000001,0.000000000000,120.000000000000,1.685077895492,0.000000000000,
18.590000000001,0.000000000000,120.000000000000,1.685077895492,0.000000000000,
18.595000000001,0.000000000000,0.000000000000,1.685077895492,0.000000000000,
18.600000000001,0.000000000000,240.000000000000,1.685029958593,0.000000000000,
18.605000000001,0.000000000000,240.000000000000,1.685077895492,0.000000000000,
18.610000000001,0.000000000000,-120.000000000000,1.685077895492,0.000000000000,
18.615000000001,0.000000000000,-120.000000000000,1.685077895492,0.000000000000,
18.620000000001,0.000000000000,240.000000000000,1.685077895492,0.000000000000,
18.625000000001,0.000000000000,120.000000000000,1.685077895492,0.000000000000,
18.630000000001,0.000000000000,120.000000000000,1.685077895492,0.000000000000,
18.635000000001,0.000000000000,-120.000000000000,1.685077895492,0.000000000000,
18.640000000001,0.000000000000,-120.000000000000,1.685029958593,0.000000000000,
18.645000000001,0.000000000000,-120.000000000000,1.685029958593,0.000000000000,
18.650000000001,0.000000000000,-240.000000000000,1.685077895492,0.000000000000,
18.655000000001,0.000000000000,240.000000000000,1.685077895492,0.000000000000,
18.660000000001,0.000000000000,240.000000000000,1.685077895492,0.000000000000,
18.665000000001,0.000000000000,120.000000000000,1.685029958593,0.000000000000,
18.670000000001,0.000000000000,120.000000000000,1.685077895492,0.000000000000,
18.675000000001,0.000000000000,120.000000000000,1.685077895492,0.000000000000,
18.680000000001,0.000000000000,-120.000000000000,1.685077895492,0.000000000000,
18.685000000001,0.000000000000,-360.000000000000,1.685077895492,0.000000000000,
18.690000000001,0.000000000000,120.000000000000,1.685077895492,0.000000000000,
18.695000000001,0.000000000000,360.000000000000,1.685077895492,0.000000000000,
18.700000000001,0.000000000000,-120.000000000000,1.685029958593,0.000000000000,
18.705000000001,0.000000000000,-120.000000000000,1.685029958593,0.000000000000,
18.710000000001,0.000000000000,120.000000000000,1.685029958593,0.000000000000,
18.715000000001,0.000000000000,120.000000000000,1.685029958593,0.000000000000,
18.720000000001,0.000000000000,120.000000000000,1.685077895492,0.000000000000,
18.725000000001,0.000000000000,-120.000000000000,1.685077895492,0.000000000000,
18.730000000001,0.000000000000,-120.000000000000,1.685077895492,0.000000000000,
18.735000000001,0.000000000000,-120.000000000000,1.685077895492,0.000000000000,
18.740000000001,0.000000000000,360.000000000000,1.685029958593,0.000000000000,
18.745000000001,0.000000000000,-120.000000000000,1.685077895492,0.000000000000,
18.750000000001,0.000000000000,0.000000000000,1.685029958593,0.000000000000,
18.755000000001,0.000000000000,-240.000000000000,1.685077895492,0.000000000000,
18.760000000001,0.000000000000,120.000000000000,1.685077895492,0.000000000000,
18.765000000001,0.000000000000,120.000000000000,1.685077895492,0.000000000000,
18.770000000001,0.000000000000,360.000000000000,1.685029958593,0.000000000000,
18.775000000001,0.000000000000,120.000000000000,1.685077895492,0.000000000000,
18.780000000001,0.000000000000,-240.000000000000,1.685029958593,0.000000000000,
18.785000000001,0.000000000000,240.000000000000,1.685077895492,0.000000000000,
18.790000000001,0.000000000000,360.000000000000,1.685029958593,0.000000000000,
18.795000000001,0.000000000000,360.000000000000,1.685029958593,0.000000000000,
18.800000000001,0.000000000000,240.000000000000,1.685077895492,0.000000000000,
18.805000000001,0.000000000000,120.000000000000,1.685029958593,0.000000000000,
18.810000000001,0.000000000000,-120.000000000000,1.685077895492,0.000000000000,
18.815000000001,0.000000000000,-240.000000000000,1.685077895492,0.000000000000,
18.820000000001,0.000000000000,-240.000000000000,1.685029958593,0.000000000000,
18.825000000001,0.000000000000,-240.000000000000,1.685029958593,0.000000000000,
18.830000000001,0.000000000000,-360.000000000000,1.685077895492,0.000000000000,
18.835000000001,0.000000000000,-120.000000000000,1.685077895492,0.000000000000,
18.840000000001,0.000000000000,-120.000000000000,1.685029958593,0.000000000000,
18.845000000001,0.000000000000,-120.000000000000,1.685077895492,0.000000000000,
18.850000000001,0.000000000000,-360.000000000000,1.685029958593,0.000000000000,
18.855000000001,0.000000000000,-360.000000000000,1.685029958593,0.000000000000,
18.860000000001,0.000000000000,-120.000000000000,1.685077895492,0.000000000000,
18.865000000001,0.000000000000,120.000000000000,1.685029958593,0.000000000000,
18.870000000001,0.000000000000,-120.000000000000,1.685029958593,0.000000000000,
18.875000000001,0.000000000000,-360.000000000000,1.685077895492,0.000000000000,
18.880000000001,0.000000000000,240.000000000000,1.685029958593,0.000000000000,
18.885000000001,0.000000000000,240.000000000000,1.685029958593,0.000000000000,
18.890000000001,0.000000000000,0.000000000000,1.685077895492,0.000000000000,
18.895000000001,0.000000000000,0.000000000000,1.685077895492,0.000000000000,
18.900000000001,0.000000000000,120.000000000000,1.685077895492,0.000000000000,
18.905000000001,0.000000000000,-240.000000000000,1.685077895492,0.000000000000,
18.910000000001,0.000000000000,-240.000000000000,1.685077895492,0.000000000000,
18.915000000001,0.000000000000,-240.000000000000,1.685077895492,0.000000000000,
18.920000000001,0.000000000000,-120.000000000000,1.685077895492,0.000000000000,
18.925000000001,0.000000000000,120.000000000000,1.685077895492,0.000000000000,
18.930000000001,0.000000000000,-240.000000000000,1.685077895492,0.000000000000,
18.935000000001,0.000000000000,120.000000000000,1.685077895492,0.000000000000,
18.940000000001,0.000000000000,-120.000000000000,1.685077895492,0.000000000000,
18.945000000001,0.000000000000,-120.000000000000,1.685077895492,0.000000000000,
18.950000000001,0.000000000000,240.000000000000,1.685077895492,0.000000000000,
18.955000000001,0.000000000000,120.000000000000,1.685029958593,0.000000000000,
18.960000000001,0.000000000000,480.000000000000,1.685029958593,0.000000000000,
18.965000000001,0.000000000000,-240.000000000000,1.685029958593,0.000000000000,
18.970000000001,0.000000000000,-240.000000000000,1.685077895492,0.000000000000,
18.975000000001,0.000000000000,-240.000000000000,1.685077895492,0.000000000000,
18.980000000001,0.000000000000,240.000000000000,1.685077895492,0.000000000000,
18.985000000001,0.000000000000,-120.000000000000,1.685029958593,0.000000000000,
18.990000000001,0.000000000000,360.000000000000,1.685077895492,0.000000000000,
18.995000000001,0.000000000000,120.000000000000,1.685029958593,0.000000000000,
19.000000000001,0.000000000000,120.000000000000,1.685077895492,0.000000000000,
19.005000000001,0.000000000000,120.000000000000,1.685077895492,0.000000000000,
19.010000000001,0.000000000000,-240.000000000000,1.685077895492,0.000000000000,
19.015000000001,0.000000000000,120.000000000000,1.685029958593,0.000000000000,
19.020000000001,0.000000000000,-120.000000000000,1.685029958593,0.000000000000,
19.025000000000,0.000000000000,-120.000000000000,1.685029958593,0.000000000000,
19.030000000000,0.000000000000,0.000000000000,1.685077895492,0.000000000000,
19.035000000000,0.000000000000,0.000000000000,1.685077895492,0.000000000000,
19.040000000000,0.000000000000,-240.000000000000,1.685077895492,0.000000000000,
19.045000000000,0.000000000000,0.000000000000,1.685029958593,0.000000000000,
19.050000000000,0.000000000000,120.000000000000,1.685077895492,0.000000000000,
19.055000000000,0.000000000000,360.000000000000,1.685029958593,0.000000000000,
19.060000000000,0.000000000000,-120.000000000000,1.685029958593,0.000000000000,
19.065000000000,0.000000000000,-120.000000000000,1.685029958593,0.000000000000,
19.070000000000,0.000000000000,0.000000000000,1.685077895492,0.000000000000,
19.075000000000,0.000000000000,-120.000000000000,1.685029958593,0.000000000000,
19.080000000000,0.000000000000,120.000000000000,1.685077895492,0.000000000000,
19.085000000000,0.000000000000,120.000000000000,1.685029958593,0.000000000000,
19.090000000000,0.000000000000,240.000000000000,1.685077895492,0.000000000000,
19.095000000000,0.000000000000,240.000000000000,1.685077895492,0.000000000000,
19.100000000000,0.000000000000,120.000000000000,1.685029958593,0.000000000000,
19.105000000000,0.000000000000,-120.000000000000,1.685077895492,0.000000000000,
19.110000000000,0.000000000000,-120.000000000000,1.685077895492,0.000000000000,
19.115000000000,0.000000000000,-120.000000000000,1.685029958593,0.000000000000,
19.120000000000,0.000000000000,240.000000000000,1.685077895492,0.000000000000,
19.125000000000,0.000000000000,240.000000000000,1.685077895492,0.000000000000,
19.130000000000,0.000000000000,-120.000000000000,1.685077895492,0.000000000000,
19.135000000000,0.000000000000,0.000000000000,1.685077895492,0.000000000000,
19.140000000000,0.000000000000,-360.000000000000,1.685029958593,0.000000000000,
19.145000000000,0.000000000000,-240.000000000000,1.685029958593,0.000000000000,
19.150000000000,0.000000000000,120.000000000000,1.685077895492,0.000000000000,
19.155000000000,0.000000000000,120.000000000000,1.685077895492,0.000000000000,
19.160000000000,0.000000000000,-120.000000000000,1.685029958593,0.000000000000,
19.165000000000,0.000000000000,240.000000000000,1.685077895492,0.000000000000,
19.170000000000,0.000000000000,0.000000000000,1.685077895492,0.000000000000,
19.175000000000,0.000000000000,-120.000000000000,1.685077895492,0.000000000000,
19.180000000000,0.000000000000,-240.000000000000,1.685077895492,0.000000000000,
19.185000000000,0.000000000000,-240.000000000000,1.685077895492,0.000000000000,
19.190000000000,0.000000000000,240.000000000000,1.685029958593,0.000000000000,
19.195000000000,0.000000000000,-120.000000000000,1.685029958593,0.000000000000,
19.200000000000,0.000000000000,-120.000000000000,1.685077895492,0.000000000000,
19.205000000000,0.000000000000,-120.000000000000,1.685029958593,0.000000000000,
19.210000000000,0.000000000000,-240.000000000000,1.685077895492,0.000000000000,
19.215000000000,0.000000000000,-240.000000000000,1.685077895492,0.000000000000,
19.220000000000,0.000000000000,0.000000000000,1.685029958593,0.000000000000,
19.225000000000,0.000000000000,-240.000000000000,1.685077895492,0.000000000000,
19.230000000000,0.000000000000,0.000000000000,1.685077895492,0.000000000000,
19.235000000000,0.000000000000,-120.000000000000,1.685077895492,0.000000000000,
19.240000000000,0.000000000000,-120.000000000000,1.685077895492,0.000000000000,
19.245000000000,0.000000000000,-120.000000000000,1.685077895492,0.000000000000,
19.250000000000,0.000000000000,-120.000000000000,1.685029958593,0.000000000000,
19.255000000000,0.000000000000,120.000000000000,1.685029958593,0.000000000000,
19.260000000000,0.000000000000,240.000000000000,1.685029958593,0.000000000000,
19.265000000000,0.000000000000,120.000000000000,1.685077895492,0.000000000000,
19.270000000000,0.000000000000,120.000000000000,1.685077895492,0.000000000000,
19.275000000000,0.000000000000,120.000000000000,1.685077895492,0.000000000000,
19.280000000000,0.000000000000,-120.000000000000,1.685077895492,0.000000000000,
19.285000000000,0.000000000000,-120.000000000000,1.685077895492,0.000000000000,
19.290000000000,0.000000000000,120.000000000000,1.685077895492,0.000000000000,
19.295000000000,0.000000000000,120.000000000000,1.685077895492,0.000000000000,
19.300000000000,0.000000000000,-240.000000000000,1.685077895492,0.000000000000,
19.305000000000,0.000000000000,-240.000000000000,1.685077895492,0.000000000000,
19.310000000000,0.000000000000,120.000000000000,1.685077895492,0.000000000000,
19.315000000000,0.000000000000,-120.000000000000,1.685029958593,0.000000000000,
19.320000000000,0.000000000000,240.000000000000,1.685029958593,0.000000000000,
19.325000000000,0.000000000000,-240.000000000000,1.685077895492,0.000000000000,
19.330000000000,0.000000000000,-120.000000000000,1.685077895492,0.000000000000,
19.335000000000,0.000000000000,-120.000000000000,1.685077895492,0.000000000000,
19.340000000000,0.000000000000,-240.000000000000,1.685077895492,0.000000000000,
19.345000000000,0.000000000000,-120.000000000000,1.685029958593,0.000000000000,
19.350000000000,0.000000000000,0.000000000000,1.685077895492,0.000000000000,
19.355000000000,0.000000000000,360.000000000000,1.685077895492,0.000000000000,
19.360000000000,0.000000000000,-120.000000000000,1.685077895492,0.000000000000,
19.365000000000,0.000000000000,-120.000000000000,1.685077895492,0.000000000000,
19.370000000000,0.000000000000,-360.000000000000,1.685077895492,0.000000000000,
19.375000000000,0.000000000000,240.000000000000,1.685029958593,0.000000000000,
19.380000000000,0.000000000000,120.000000000000,1.685077895492,0.000000000000,
19.385000000000,0.000000000000,-120.000000000000,1.685029958593,0.000000000000,
19.390000000000,0.000000000000,-120.000000000000,1.685077895492,0.000000000000,
19.395000000000,0.000000000000,-120.000000000000,1.685077895492,0.000000000000,
19.400000000000,0.000000000000,-120.000000000000,1.685029958593,0.000000000000,
19.405000000000,0.000000000000,0.000000000000,1.685029958593,0.000000000000,
19.410000000000,0.000000000000,-120.000000000000,1.685029958593,0.000000000000,
19.415000000000,0.000000000000,-360.000000000000,1.685029958593,0.000000000000,
19.420000000000,0.000000000000,-120.000000000000,1.685077895492,0.000000000000,
19.425000000000,0.000000000000,-120.000000000000,1.685077895492,0.000000000000,
19.430000000000,0.000000000000,-120.000000000000,1.685077895492,0.000000000000,
19.435000000000,0.000000000000,120.000000000000,1.685077895492,0.000000000000,
19.440000000000,0.000000000000,120.000000000000,1.685077895492,0.000000000000,
19.445000000000,0.000000000000,360.000000000000,1.685077895492,0.000000000000,
19.450000000000,0.000000000000,120.000000000000,1.685077895492,0.000000000000,
19.455000000000,0.000000000000,120.000000000000,1.685077895492,0.000000000000,
19.460000000000,0.000000000000,-240.000000000000,1.685077895492,0.000000000000,
19.465000000000,0.000000000000,-120.000000000000,1.685077895492,0.000000000000,
19.470000000000,0.000000000000,240.000000000000,1.685077895492,0.000000000000,
19.475000000000,0.000000000000,120.000000000000,1.685029958593,0.000000000000,
19.480000000000,0.000000000000,120.000000000000,1.685077895492,0.000000000000,
19.485000000000,0.000000000000,120.000000000000,1.685077895492,0.000000000000,
19.490000000000,0.000000000000,-120.000000000000,1.685077895492,0.000000000000,
19.495000000000,0.000000000000,-240.000000000000,1.685077895492,0.000000000000,
19.500000000000,0.000000000000,240.000000000000,1.685077895492,0.000000000000,
19.505000000000,0.000000000000,-480.000000000000,1.685029958593,0.000000000000,
19.510000000000,0.000000000000,-240.000000000000,1.685077895492,0.000000000000,
19.515000000000,0.000000000000,-240.000000000000,1.685077895492,0.000000000000,
19.520000000000,0.000000000000,120.000000000000,1.685077895492,0.000000000000,
19.525000000000,0.000000000000,120.000000000000,1.685029958593,0.000000000000,
19.530000000000,0.000000000000,-120.000000000000,1.685029958593,0.000000000000,
19.535000000000,0.000000000000,-120.000000000000,1.685077895492,0.000000000000,
19.540000000000,0.000000000000,120.000000000000,1.685077895492,0.000000000000,
19.545000000000,0.000000000000,120.000000000000,1.685077895492,0.000000000000,
19.550000000000,0.000000000000,0.000000000000,1.685077895492,0.000000000000,
19.555000000000,0.000000000000,-120.000000000000,1.685077895492,0.000000000000,
19.560000000000,0.000000000000,-120.000000000000,1.685029958593,0.000000000000,
19.565000000000,0.000000000000,-240.000000000000,1.685077895492,0.000000000000,
19.570000000000,0.000000000000,120.000000000000,1.685029958593,0.000000000000,
19.575000000000,0.000000000000,120.000000000000,1.685029958593,0.000000000000,
19.580000000000,0.000000000000,-240.000000000000,1.685029958593,0.000000000000,
19.585000000000,0.000000000000,-120.000000000000,1.685077895492,0.000000000000,
19.590000000000,0.000000000000,-120.000000000000,1.685077895492,0.000000000000,
19.595000000000,0.000000000000,-120.000000000000,1.685077895492,0.000000000000,
19.600000000000,0.000000000000,-120.000000000000,1.685077895492,0.000000000000,
19.605000000000,0.000000000000,-120.000000000000,1.685077895492,0.000000000000,
19.610000000000,0.000000000000,-120.000000000000,1.685077895492,0.000000000000,
19.615000000000,0.000000000000,0.000000000000,1.685077895492,0.000000000000,
19.620000000000,0.000000000000,-240.000000000000,1.685077895492,0.000000000000,
19.625000000000,0.000000000000,120.000000000000,1.685077895492,0.000000000000,
19.630000000000,0.000000000000,-480.000000000000,1.685077895492,0.000000000000,
19.635000000000,0.000000000000,-480.000000000000,1.685077895492,0.000000000000,
19.640000000000,0.000000000000,-240.000000000000,1.685077895492,0.000000000000,
19.645000000000,0.000000000000,-120.000000000000,1.685029958593,0.000000000000,
19.650000000000,0.000000000000,120.000000000000,1.685029958593,0.000000000000,
19.655000000000,0.000000000000,120.000000000000,1.685077895492,0.000000000000,
19.660000000000,0.000000000000,0.000000000000,1.685077895492,0.000000000000,
19.665000000000,0.000000000000,0.000000000000,1.685077895492,0.000000000000,
19.670000000000,0.000000000000,-120.000000000000,1.685077895492,0.000000000000,
19.675000000000,0.000000000000,-120.000000000000,1.685077895492,0.000000000000,
19.680000000000,0.000000000000,0.000000000000,1.685077895492,0.000000000000,
19.685000000000,0.000000000000,-360.000000000000,1.685077895492,0.000000000000,
19.690000000000,0.000000000000,-120.000000000000,1.685029958593,0.000000000000,
19.695000000000,0.000000000000,-120.000000000000,1.685029958593,0.000000000000,
19.700000000000,0.000000000000,-240.000000000000,1.685077895492,0.000000000000,
19.705000000000,0.000000000000,-120.000000000000,1.685077895492,0.000000000000,
19.710000000000,0.000000000000,0.000000000000,1.685077895492,0.000000000000,
19.715000000000,0.000000000000,-120.000000000000,1.685077895492,0.000000000000,
19.720000000000,0.000000000000,120.000000000000,1.685077895492,0.000000000000,
19.725000000000,0.000000000000,120.000000000000,1.685077895492,0.000000000000,
19.730000000000,0.000000000000,360.000000000000,1.685077895492,0.000000000000,
19.735000000000,0.000000000000,240.000000000000,1.685077895492,0.000000000000,
19.740000000000,0.000000000000,120.000000000000,1.685077895492,0.000000000000,
19.745000000000,0.000000000000,120.000000000000,1.685077895492,0.000000000000,
19.750000000000,0.000000000000,120.000000000000,1.685029958593,0.000000000000,
19.755000000000,0.000000000000,120.000000000000,1.685029958593,0.000000000000,
19.760000000000,0.000000000000,120.000000000000,1.685077895492,0.000000000000,
19.765000000000,0.000000000000,-120.000000000000,1.685077895492,0.000000000000,
19.770000000000,0.000000000000,-240.000000000000,1.685077895492,0.000000000000,
19.775000000000,0.000000000000,120.000000000000,1.685029958593,0.000000000000,
19.780000000000,0.000000000000,-240.000000000000,1.685029958593,0.000000000000,
19.785000000000,0.000000000000,-240.000000000000,1.685029958593,0.000000000000,
19.790000000000,0.000000000000,-120.000000000000,1.685077895492,0.000000000000,
19.795000000000,0.000000000000,240.000000000000,1.685077895492,0.000000000000,
19.800000000000,0.000000000000,120.000000000000,1.685077895492,0.000000000000,
19.805000000000,0.000000000000,120.000000000000,1.685077895492,0.000000000000,
19.810000000000,0.000000000000,-120.000000000000,1.685077895492,0.000000000000,
19.815000000000,0.000000000000,-120.000000000000,1.685077895492,0.000000000000,
19.820000000000,0.000000000000,-240.000000000000,1.685077895492,0.000000000000,
19.825000000000,0.000000000000,-240.000000000000,1.685077895492,0.000000000000,
19.830000000000,0.000000000000,-120.000000000000,1.685077895492,0.000000000000,
19.835000000000,0.000000000000,-360.000000000000,1.685077895492,0.000000000000,
19.840000000000,0.000000000000,0.000000000000,1.685077895492,0.000000000000,
19.845000000000,0.000000000000,0.000000000000,1.685077895492,0.000000000000,
19.850000000000,0.000000000000,0.000000000000,1.685077895492,0.000000000000,
19.855000000000,0.000000000000,-120.000000000000,1.685029958593,0.000000000000,
19.860000000000,0.000000000000,120.000000000000,1.685077895492,0.000000000000,
19.865000000000,0.000000000000,120.000000000000,1.685077895492,0.000000000000,
19.870000000000,0.000000000000,-120.000000000000,1.685077895492,0.000000000000,
19.875000000000,0.000000000000,-120.000000000000,1.685077895492,0.000000000000,
19.880000000000,0.000000000000,-120.000000000000,1.685077895492,0.000000000000,
19.885000000000,0.000000000000,240.000000000000,1.685077895492,0.000000000000,
19.890000000000,0.000000000000,0.000000000000,1.685077895492,0.000000000000,
19.895000000000,0.000000000000,-120.000000000000,1.685077895492,0.000000000000,
19.900000000000,0.000000000000,-240.000000000000,1.685077895492,0.000000000000,
19.905000000000,0.000000000000,-240.000000000000,1.685077895492,0.000000000000,
19.910000000000,0.000000000000,0.000000000000,1.685077895492,0.000000000000,
19.915000000000,0.000000000000,0.000000000000,1.685029958593,0.000000000000,
19.920000000000,0.000000000000,-120.000000000000,1.685077895492,0.000000000000,
19.925000000000,0.000000000000,-240.000000000000,1.685077895492,0.000000000000,
19.930000000000,0.000000000000,-360.000000000000,1.685077895492,0.000000000000,
19.935000000000,0.000000000000,-360.000000000000,1.685077895492,0.000000000000,
19.940000000000,0.000000000000,-600.000000000000,1.685077895492,0.000000000000,
19.945000000000,0.000000000000,-240.000000000000,1.685077895492,0.000000000000,
19.950000000000,0.000000000000,-120.000000000000,1.685029958593,0.000000000000,
19.955000000000,0.000000000000,120.000000000000,1.685077895492,0.000000000000,
19.960000000000,0.000000000000,120.000000000000,1.685077895492,0.000000000000,
19.965000000000,0.000000000000,120.000000000000,1.685077895492,0.000000000000,
19.970000000000,0.000000000000,240.000000000000,1.685077895492,0.000000000000,
19.975000000000,0.000000000000,-240.000000000000,1.685029958593,0.000000000000,
19.980000000000,0.000000000000,-240.000000000000,1.685077895492,0.000000000000,
19.985000000000,0.000000000000,-240.000000000000,1.685077895492,0.000000000000,
19.990000000000,0.000000000000,240.000000000000,1.685029958593,0.000000000000,
19.995000000000,0.000000000000,240.000000000000,1.685029958593,0.000000000000,
20.000000000000,0.000000000000,-120.000000000000,1.685029958593,0.000000000000,
20.005000000000,0.000000000000,-360.000000000000,1.685029958593,0.000000000000,
20.010000000000,0.000000000000,120.000000000000,1.685077895492,0.000000000000,
20.015000000000,0.000000000000,-120.000000000000,1.685077895492,0.000000000000,
20.020000000000,0.000000000000,-120.000000000000,1.685077895492,0.000000000000,
20.025000000000,0.000000000000,-120.000000000000,1.685077895492,0.000000000000,
20.030000000000,0.000000000000,-120.000000000000,1.685077895492,0.000000000000,
20.035000000000,0.000000000000,-240.000000000000,1.685077895492,0.000000000000,
20.040000000000,0.000000000000,120.000000000000,1.685077895492,0.000000000000,
20.045000000000,0.000000000000,-120.000000000000,1.685077895492,0.000000000000,
20.050000000000,0.000000000000,120.000000000000,1.685077895492,0.000000000000,
20.055000000000,0.000000000000,120.000000000000,1.685077895492,0.000000000000,
20.060000000000,0.000000000000,240.000000000000,1.685077895492,0.000000000000,
20.065000000000,0.000000000000,240.000000000000,1.685077895492,0.000000000000,
20.070000000000,0.000000000000,-120.000000000000,1.685077895492,0.000000000000,
20.075000000000,0.000000000000,-120.000000000000,1.685029958593,0.000000000000,
20.080000000000,0.000000000000,120.000000000000,1.685077895492,0.000000000000,
20.085000000000,0.000000000000,120.000000000000,1.685077895492,0.000000000000,
20.090000000000,0.000000000000,240.000000000000,1.685077895492,0.000000000000,
20.095000000000,0.000000000000,-120.000000000000,1.685077895492,0.000000000000,
20.100000000000,0.000000000000,-120.000000000000,1.685029958593,0.000000000000,
20.105000000000,0.000000000000,240.000000000000,1.685029958593,0.000000000000,
20.110000000000,0.000000000000,120.000000000000,1.685077895492,0.000000000000,
20.115000000000,0.000000000000,120.000000000000,1.685077895492,0.000000000000,
20.120000000000,0.000000000000,120.000000000000,1.685029958593,0.000000000000,
20.125000000000,0.000000000000,-120.000000000000,1.685077895492,0.000000000000,
20.130000000000,0.000000000000,120.000000000000,1.685029958593,0.000000000000,
20.135000000000,0.000000000000,-120.000000000000,1.685029958593,0.000000000000,
20.140000000000,0.000000000000,-120.000000000000,1.685077895492,0.000000000000,
20.145000000000,0.000000000000,-120.000000000000,1.685077895492,0.000000000000,
20.150000000000,0.000000000000,0.000000000000,1.685029958593,0.000000000000,
20.155000000000,0.000000000000,0.000000000000,1.685029958593,0.000000000000,
20.160000000000,0.000000000000,-120.000000000000,1.685077895492,0.000000000000,
20.165000000000,0.000000000000,-240.000000000000,1.685029958593,0.000000000000,
20.170000000000,0.000000000000,0.000000000000,1.685029958593,0.000000000000,
20.175000000000,0.000000000000,0.000000000000,1.685029958593,0.000000000000,
20.180000000000,0.000000000000,-120.000000000000,1.685029958593,0.000000000000,
20.185000000000,0.000000000000,360.000000000000,1.685029958593,0.000000000000,
20.190000000000,0.000000000000,-240.000000000000,1.685029958593,0.000000000000,
20.195000000000,0.000000000000,-120.000000000000,1.685029958593,0.000000000000,
20.200000000000,0.000000000000,240.000000000000,1.685029958593,0.000000000000,
20.205000000000,0.000000000000,240.000000000000,1.685029958593,0.000000000000,
20.210000000000,0.000000000000,0.000000000000,1.685077895492,0.000000000000,
20.215000000000,0.000000000000,120.000000000000,1.685029958593,0.000000000000,
20.220000000000,0.000000000000,240.000000000000,1.685029958593,0.000000000000,
20.225000000000,0.000000000000,-360.000000000000,1.685029958593,0.000000000000,
20.230000000000,0.000000000000,-240.000000000000,1.685077895492,0.000000000000,
20.235000000000,0.000000000000,-240.000000000000,1.685077895492,0.000000000000,
20.240000000000,0.000000000000,120.000000000000,1.685077895492,0.000000000000,
20.245000000000,0.000000000000,360.000000000000,1.685029958593,0.000000000000,
20.250000000000,0.000000000000,-240.000000000000,1.685077895492,0.000000000000,
20.255000000000,0.000000000000,-240.000000000000,1.685077895492,0.000000000000,
20.260000000000,0.000000000000,240.000000000000,1.685029958593,0.000000000000,
20.265000000000,0.000000000000,240.000000000000,1.685029958593,0.000000000000,
20.270000000000,0.000000000000,-240.000000000000,1.685077895492,0.000000000000,
20.275000000000,0.000000000000,120.000000000000,1.685029958593,0.000000000000,
20.280000000000,0.000000000000,120.000000000000,1.685077895492,0.000000000000,
20.285000000000,0.000000000000,-120.000000000000,1.685029958593,0.000000000000,
20.290000000000,0.000000000000,-240.000000000000,1.685077895492,0.000000000000,
20.295000000000,0.000000000000,-240.000000000000,1.685077895492,0.000000000000,
20.300000000000,0.000000000000,-240.000000000000,1.685077895492,0.000000000000,
20.305000000000,0.000000000000,240.000000000000,1.685077895492,0.000000000000,
20.310000000000,0.000000000000,120.000000000000,1.685077895492,0.000000000000,
20.315000000000,0.000000000000,-120.000000000000,1.685077895492,0.000000000000,
20.320000000000,0.000000000000,-120.000000000000,1.685077895492,0.000000000000,
20.325000000000,0.000000000000,-120.000000000000,1.685077895492,0.000000000000,
20.330000000000,0.000000000000,120.000000000000,1.685029958593,0.000000000000,
20.335000000000,0.000000000000,0.000000000000,1.685077895492,0.000000000000,
20.340000000000,0.000000000000,-120.000000000000,1.685077895492,0.000000000000,
20.345000000000,0.000000000000,-240.000000000000,1.685077895492,0.000000000000,
20.350000000000,0.000000000000,0.000000000000,1.685077895492,0.000000000000,
20.355000000000,0.000000000000,0.000000000000,1.685077895492,0.000000000000,
20.360000000000,0.000000000000,240.000000000000,1.685077895492,0.000000000000,
20.365000000000,0.000000000000,-360.000000000000,1.685077895492,0.000000000000,
20.370000000000,0.000000000000,0.000000000000,1.685077895492,0.000000000000,
20.375000000000,0.000000000000,-120.000000000000,1.685077895492,0.000000000000,
20.380000000000,0.000000000000,0.000000000000,1.685029958593,0.000000000000,
20.385000000000,0.000000000000,0.000000000000,1.685029958593,0.000000000000,
20.390000000000,0.000000000000,120.000000000000,1.685077895492,0.000000000000,
20.395000000000,0.000000000000,120.000000000000,1.685077895492,0.000000000000,
20.400000000000,0.000000000000,120.000000000000,1.685077895492,0.000000000000,
20.405000000000,0.000000000000,0.000000000000,1.685077895492,0.000000000000,
20.410000000000,0.000000000000,-240.000000000000,1.685077895492,0.000000000000,
20.415000000000,0.000000000000,-240.000000000000,1.685077895492,0.000000000000,
20.420000000000,0.000000000000,120.000000000000,1.685077895492,0.000000000000,
20.425000000000,0.000000000000,240.000000000000,1.685077895492,0.000000000000,
20.430000000000,0.000000000000,120.000000000000,1.685029958593,0.000000000000,
20.435000000000,0.000000000000,-120.000000000000,1.685077895492,0.000000000000,
20.440000000000,0.000000000000,360.000000000000,1.685029958593,0.000000000000,
20.445000000000,0.000000000000,360.000000000000,1.685029958593,0.000000000000,
20.450000000000,0.000000000000,240.000000000000,1.685077895492,0.000000000000,
20.455000000000,0.000000000000,-120.000000000000,1.685077895492,0.000000000000,
20.460000000000,0.000000000000,120.000000000000,1.685029958593,0.000000000000,
20.465000000000,0.000000000000,240.000000000000,1.685077895492,0.000000000000,
20.470000000000,0.000000000000,-240.000000000000,1.685077895492,0.000000000000,
20.475000000000,0.000000000000,-240.000000000000,1.685077895492,0.000000000000,
20.480000000000,0.000000000000,-240.000000000000,1.685077895492,0.000000000000,
20.485000000000,0.000000000000,-240.000000000000,1.685077895492,0.000000000000,
20.490000000000,0.000000000000,-240.000000000000,1.685029958593,0.000000000000,
20.495000000000,0.000000000000,-120.000000000000,1.685077895492,0.000000000000,
20.500000000000,0.000000000000,-120.000000000000,1.685077895492,0.000000000000,
20.505000000000,0.000000000000,-120.000000000000,1.685077895492,0.000000000000,
20.510000000000,0.000000000000,-120.000000000000,1.685077895492,0.000000000000,
20.515000000000,0.000000000000,120.000000000000,1.685077895492,0.000000000000,
20.520000000000,0.000000000000,-240.000000000000,1.685077895492,0.000000000000,
20.525000000000,0.000000000000,-240.000000000000,1.685077895492,0.000000000000,
20.530000000000,0.000000000000,-240.000000000000,1.685029958593,0.000000000000,
20.535000000000,0.000000000000,-240.000000000000,1.685029958593,0.000000000000,
20.540000000000,0.000000000000,-120.000000000000,1.685077895492,0.000000000000,
20.545000000000,0.000000000000,-120.000000000000,1.685077895492,0.000000000000,
20.550000000000,0.000000000000,120.000000000000,1.685029958593,0.000000000000,
20.555000000000,0.000000000000,120.000000000000,1.685029958593,0.000000000000,
20.560000000000,0.000000000000,120.000000000000,1.685029958593,0.000000000000,
20.565000000000,0.000000000000,120.000000000000,1.685029958593,0.000000000000,
20.570000000000,0.000000000000,240.000000000000,1.685077895492,0.000000000000,
20.575000000000,0.000000000000,-360.000000000000,1.685077895492,0.000000000000,
20.580000000000,0.000000000000,-120.000000000000,1.685077895492,0.000000000000,
20.585000000000,0.000000000000,-120.000000000000,1.685077895492,0.000000000000,
20.590000000000,0.000000000000,-120.000000000000,1.685029958593,0.000000000000,
20.595000000000,0.000000000000,-120.000000000000,1.685029958593,0.000000000000,
20.600000000000,0.000000000000,120.000000000000,1.685077895492,0.000000000000,
20.605000000000,0.000000000000,120.000000000000,1.685029958593,0.000000000000,
20.610000000000,0.000000000000,240.000000000000,1.685029958593,0.000000000000,
20.615000000000,0.000000000000,-240.000000000000,1.685029958593,0.000000000000,
20.620000000000,0.000000000000,-360.000000000000,1.685029958593,0.000000000000,
20.625000000000,0.000000000000,-360.000000000000,1.685029958593,0.000000000000,
20.630000000000,0.000000000000,-120.000000000000,1.685029958593,0.000000000000,
20.635000000000,0.000000000000,-240.000000000000,1.685077895492,0.000000000000,
20.640000000000,0.000000000000,360.000000000000,1.685077895492,0.000000000000,
20.645000000000,0.000000000000,360.000000000000,1.685077895492,0.000000000000,
20.650000000000,0.000000000000,-120.000000000000,1.685077895492,0.000000000000,
20.655000000000,0.000000000000,-120.000000000000,1.685077895492,0.000000000000,
20.660000000000,0.000000000000,-240.000000000000,1.685077895492,0.000000000000,
20.665000000000,0.000000000000,-360.000000000000,1.685077895492,0.000000000000,
20.670000000000,0.000000000000,-120.000000000000,1.685077895492,0.000000000000,
20.675000000000,0.000000000000,-120.000000000000,1.685077895492,0.000000000000,
20.680000000000,0.000000000000,-120.000000000000,1.685077895492,0.000000000000,
20.685000000000,0.000000000000,-120.000000000000,1.685077895492,0.000000000000,
20.690000000000,0.000000000000,-240.000000000000,1.685029958593,0.000000000000,
20.695000000000,0.000000000000,-240.000000000000,1.685077895492,0.000000000000,
20.700000000000,0.000000000000,480.000000000000,1.685077895492,0.000000000000,
20.705000000000,0.000000000000,-120.000000000000,1.685077895492,0.000000000000,
20.710000000000,0.000000000000,-120.000000000000,1.685077895492,0.000000000000,
20.715000000000,0.000000000000,-120.000000000000,1.685077895492,0.000000000000,
20.720000000000,0.000000000000,120.000000000000,1.685029958593,0.000000000000,
20.725000000000,0.000000000000,-240.000000000000,1.685077895492,0.000000000000,
20.730000000000,0.000000000000,-120.000000000000,1.685077895492,0.000000000000,
20.735000000000,0.000000000000,0.000000000000,1.685029958593,0.000000000000,
20.740000000000,0.000000000000,240.000000000000,1.685029958593,0.000000000000,
20.745000000000,0.000000000000,240.000000000000,1.685029958593,0.000000000000,
20.750000000000,0.000000000000,600.000000000000,1.685077895492,0.000000000000,
20.755000000000,0.000000000000,0.000000000000,1.685077895492,0.000000000000,
20.760000000000,0.000000000000,-120.000000000000,1.685077895492,0.000000000000,
20.765000000000,0.000000000000,-240.000000000000,1.685029958593,0.000000000000,
20.770000000000,0.000000000000,-240.000000000000,1.685077895492,0.000000000000,
20.775000000000,0.000000000000,-240.000000000000,1.685077895492,0.000000000000,
20.780000000000,0.000000000000,0.000000000000,1.685077895492,0.000000000000,
20.785000000000,0.000000000000,240.000000000000,1.685077895492,0.000000000000,
20.790000000000,0.000000000000,240.000000000000,1.685077895492,0.000000000000,
20.795000000000,0.000000000000,-120.000000000000,1.685077895492,0.000000000000,
20.800000000000,0.000000000000,120.000000000000,1.685077895492,0.000000000000,
20.805000000000,0.000000000000,120.000000000000,1.685077895492,0.000000000000,
20.810000000000,0.000000000000,360.000000000000,1.685077895492,0.000000000000,
20.815000000000,0.000000000000,-120.000000000000,1.685077895492,0.000000000000,
20.820000000000,0.000000000000,-120.000000000000,1.685029958593,0.000000000000,
20.825000000000,0.000000000000,240.000000000000,1.685077895492,0.000000000000,
20.830000000000,0.000000000000,120.000000000000,1.685029958593,0.000000000000,
20.835000000000,0.000000000000,120.000000000000,1.685029958593,0.000000000000,
20.840000000000,0.000000000000,-360.000000000000,1.685077895492,0.000000000000,
20.845000000000,0.000000000000,120.000000000000,1.685029958593,0.000000000000,
20.850000000000,0.000000000000,-120.000000000000,1.685077895492,0.000000000000,
20.855000000000,0.000000000000,-240.000000000000,1.685029958593,0.000000000000,
20.860000000000,0.000000000000,0.000000000000,1.685077895492,0.000000000000,
20.865000000000,0.000000000000,0.000000000000,1.685077895492,0.000000000000,
20.870000000000,0.000000000000,-240.000000000000,1.685077895492,0.000000000000,
20.875000000000,0.000000000000,240.000000000000,1.685077895492,0.000000000000,
20.880000000000,0.000000000000,-240.000000000000,1.685077895492,0.000000000000,
20.885000000000,0.000000000000,240.000000000000,1.685077895492,0.000000000000,
20.890000000000,0.000000000000,240.000000000000,1.685077895492,0.000000000000,
20.895000000000,0.000000000000,240.000000000000,1.685077895492,0.000000000000,
20.900000000000,0.000000000000,120.000000000000,1.685029958593,0.000000000000,
20.905000000000,0.000000000000,-120.000000000000,1.685029958593,0.000000000000,
20.910000000000,0.000000000000,120.000000000000,1.685029958593,0.000000000000,
20.915000000000,0.000000000000,-240.000000000000,1.685029958593,0.000000000000,
20.920000000000,0.000000000000,0.000000000000,1.685077895492,0.000000000000,
20.925000000000,0.000000000000,0.000000000000,1.685077895492,0.000000000000,
20.930000000000,0.000000000000,-120.000000000000,1.685077895492,0.000000000000,
20.935000000000,0.000000000000,240.000000000000,1.685077895492,0.000000000000,
20.940000000000,0.000000000000,0.000000000000,1.685029958593,0.000000000000,
20.945000000000,0.000000000000,240.000000000000,1.685029958593,0.000000000000,
20.950000000000,0.000000000000,240.000000000000,1.685029958593,0.000000000000,
20.955000000000,0.000000000000,240.000000000000,1.685029958593,0.000000000000,
20.960000000000,0.000000000000,120.000000000000,1.685077895492,0.000000000000,
20.965000000000,0.000000000000,-120.000000000000,1.685077895492,0.000000000000,
20.970000000000,0.000000000000,-120.000000000000,1.685077895492,0.000000000000,
20.975000000000,0.000000000000,-120.000000000000,1.685077895492,0.000000000000,
20.980000000000,0.000000000000,0.000000000000,1.685077895492,0.000000000000,
20.985000000000,0.000000000000,0.000000000000,1.685077895492,0.000000000000,
20.990000000000,0.000000000000,360.000000000000,1.685077895492,0.000000000000,
20.995000000000,0.000000000000,-120.000000000000,1.685029958593,0.000000000000,
21.000000000000,0.000000000000,-120.000000000000,1.685077895492,0.000000000000,
21.005000000000,0.000000000000,-120.000000000000,1.685029958593,0.000000000000,
21.010000000000,0.000000000000,120.000000000000,1.685029958593,0.000000000000,
21.015000000000,0.000000000000,120.000000000000,1.685029958593,0.000000000000,
21.020000000000,0.000000000000,120.000000000000,1.685077895492,0.000000000000,
21.025000000000,0.000000000000,-240.000000000000,1.685029958593,0.000000000000,
21.030000000000,0.000000000000,360.000000000000,1.685077895492,0.000000000000,
21.035000000000,0.000000000000,-120.000000000000,1.685029958593,0.000000000000,
21.040000000000,0.000000000000,240.000000000000,1.685029958593,0.000000000000,
21.045000000000,0.000000000000,240.000000000000,1.685029958593,0.000000000000,
21.050000000000,0.000000000000,-120.000000000000,1.685077895492,0.000000000000,
21.055000000000,0.000000000000,-240.000000000000,1.685077895492,0.000000000000,
21.060000000000,0.000000000000,-120.000000000000,1.685077895492,0.000000000000,
21.065000000000,0.000000000000,-240.000000000000,1.685077895492,0.000000000000,
21.070000000000,0.000000000000,120.000000000000,1.685077895492,0.000000000000,
21.075000000000,0.000000000000,120.000000000000,1.685077895492,0.000000000000,
21.080000000000,0.000000000000,240.000000000000,1.685077895492,0.000000000000,
21.085000000000,0.000000000000,240.000000000000,1.685077895492,0.000000000000,
21.090000000000,0.000000000000,-120.000000000000,1.685077895492,0.000000000000,
21.095000000000,0.000000000000,-360.000000000000,1.685077895492,0.000000000000,
21.100000000000,0.000000000000,-120.000000000000,1.685029958593,0.000000000000,
21.105000000000,0.000000000000,-120.000000000000,1.685029958593,0.000000000000,
21.110000000000,0.000000000000,-120.000000000000,1.685077895492,0.000000000000,
21.115000000000,0.000000000000,120.000000000000,1.685077895492,0.000000000000,
21.120000000000,0.000000000000,240.000000000000,1.685077895492,0.000000000000,
21.125000000000,0.000000000000,120.000000000000,1.685077895492,0.000000000000,
21.130000000000,0.000000000000,120.000000000000,1.685077895492,0.000000000000,
21.135000000000,0.000000000000,120.000000000000,1.685077895492,0.000000000000,
21.140000000000,0.000000000000,-240.000000000000,1.685029958593,0.000000000000,
21.145000000000,0.000000000000,-240.000000000000,1.685077895492,0.000000000000,
21.150000000000,0.000000000000,-240.000000000000,1.685077895492,0.000000000000,
21.155000000000,0.000000000000,-120.000000000000,1.685077895492,0.000000000000,
21.160000000000,0.000000000000,120.000000000000,1.685029958593,0.000000000000,
21.165000000000,0.000000000000,120.000000000000,1.685029958593,0.000000000000,
21.170000000000,0.000000000000,120.000000000000,1.685077895492,0.000000000000,
21.175000000000,0.000000000000,-240.000000000000,1.685029958593,0.000000000000,
21.180000000000,0.000000000000,360.000000000000,1.685029958593,0.000000000000,
21.185000000000,0.000000000000,-120.000000000000,1.685029958593,0.000000000000,
21.190000000000,0.000000000000,-120.000000000000,1.685029958593,0.000000000000,
21.195000000000,0.000000000000,-120.000000000000,1.685029958593,0.000000000000,
21.200000000000,0.000000000000,-240.000000000000,1.685077895492,0.000000000000,
21.205000000000,0.000000000000,-240.000000000000,1.685077895492,0.000000000000,
21.210000000000,0.000000000000,360.000000000000,1.685029958593,0.000000000000,
21.215000000000,0.000000000000,-120.000000000000,1.685077895492,0.000000000000,
21.220000000000,0.000000000000,-120.000000000000,1.685077895492,0.000000000000,
21.225000000000,0.000000000000,-120.000000000000,1.685077895492,0.000000000000,
21.230000000000,0.000000000000,-120.000000000000,1.685077895492,0.000000000000,
21.235000000000,0.000000000000,120.000000000000,1.685077895492,0.000000000000,
21.240000000000,0.000000000000,-240.000000000000,1.685077895492,0.000000000000,
21.245000000000,0.000000000000,0.000000000000,1.685077895492,0.000000000000,
21.250000000000,0.000000000000,-120.000000000000,1.685077895492,0.000000000000,
21.255000000000,0.000000000000,-120.000000000000,1.685077895492,0.000000000000,
21.260000000000,0.000000000000,-240.000000000000,1.685077895492,0.000000000000,
21.265000000000,0.000000000000,240.000000000000,1.685077895492,0.000000000000,
21.270000000000,0.000000000000,-360.000000000000,1.685077895492,0.000000000000,
21.275000000000,0.000000000000,240.000000000000,1.685077895492,0.000000000000,
21.280000000000,0.000000000000,-240.000000000000,1.685029958593,0.000000000000,
21.285000000000,0.000000000000,-240.000000000000,1.685029958593,0.000000000000,
21.290000000000,0.000000000000,-120.000000000000,1.685077895492,0.000000000000,
21.295000000000,0.000000000000,0.000000000000,1.685077895492,0.000000000000,
21.300000000000,0.000000000000,-120.000000000000,1.685077895492,0.000000000000,
21.305000000000,0.000000000000,240.000000000000,1.685077895492,0.000000000000,
21.310000000000,0.000000000000,-120.000000000000,1.685029958593,0.000000000000,
21.315000000000,0.000000000000,-120.000000000000,1.685029958593,0.000000000000,
21.320000000000,0.000000000000,-240.000000000000,1.685029958593,0.000000000000,
21.325000000000,0.000000000000,-240.000000000000,1.685029958593,0.000000000000,
21.330000000000,0.000000000000,-120.000000000000,1.685029958593,0.000000000000,
21.335000000000,0.000000000000,-360.000000000000,1.685029958593,0.000000000000,
21.340000000000,0.000000000000,240.000000000000,1.685077895492,0.000000000000,
21.345000000000,0.000000000000,240.000000000000,1.685077895492,0.000000000000,
21.350000000000,0.000000000000,120.000000000000,1.685077895492,0.000000000000,
21.355000000000,0.000000000000,120.000000000000,1.685077895492,0.000000000000,
21.360000000000,0.000000000000,360.000000000000,1.685077895492,0.000000000000,
21.365000000000,0.000000000000,240.000000000000,1.685029958593,0.000000000000,
21.370000000000,0.000000000000,-120.000000000000,1.685077895492,0.000000000000,
21.375000000000,0.000000000000,-120.000000000000,1.685077895492,0.000000000000,
21.380000000000,0.000000000000,-120.000000000000,1.685077895492,0.000000000000,
21.385000000000,0.000000000000,-240.000000000000,1.685077895492,0.000000000000,
21.390000000000,0.000000000000,-240.000000000000,1.685029958593,0.000000000000,
21.395000000000,0.000000000000,240.000000000000,1.685029958593,0.000000000000,
21.400000000000,0.000000000000,-240.000000000000,1.685029958593,0.000000000000,
21.405000000000,0.000000000000,-240.000000000000,1.685029958593,0.000000000000,
21.410000000000,0.000000000000,-240.000000000000,1.685077895492,0.000000000000,
21.415000000000,0.000000000000,240.000000000000,1.685077895492,0.000000000000,
21.420000000000,0.000000000000,-240.000000000000,1.685077895492,0.000000000000,
21.425000000000,0.000000000000,120.000000000000,1.685077895492,0.000000000000,
21.430000000000,0.000000000000,120.000000000000,1.685077895492,0.000000000000,
21.435000000000,0.000000000000,120.000000000000,1.685077895492,0.000000000000,
21.440000000000,0.000000000000,120.000000000000,1.685077895492,0.000000000000,
21.445000000000,0.000000000000,120.000000000000,1.685077895492,0.000000000000,
21.450000000000,0.000000000000,240.000000000000,1.685029958593,0.000000000000,
21.455000000000,0.000000000000,120.000000000000,1.685029958593,0.000000000000,
21.460000000000,0.000000000000,240.000000000000,1.685077895492,0.000000000000,
21.465000000000,0.000000000000,240.000000000000,1.685077895492,0.000000000000,
21.470000000000,0.000000000000,-240.000000000000,1.685077895492,0.000000000000,
21.475000000000,0.000000000000,240.000000000000,1.685077895492,0.000000000000,
21.480000000000,0.000000000000,120.000000000000,1.685077895492,0.000000000000,
21.485000000000,0.000000000000,120.000000000000,1.685077895492,0.000000000000,
21.490000000000,0.000000000000,-120.000000000000,1.685029958593,0.000000000000,
21.495000000000,0.000000000000,-120.000000000000,1.685029958593,0.000000000000,
21.500000000000,0.000000000000,120.000000000000,1.685029958593,0.000000000000,
21.505000000000,0.000000000000,120.000000000000,1.685077895492,0.000000000000,
21.510000000000,0.000000000000,-120.000000000000,1.685077895492,0.000000000000,
21.515000000000,0.000000000000,-120.000000000000,1.685077895492,0.000000000000,
21.520000000000,0.000000000000,-240.000000000000,1.685029958593,0.000000000000,
21.525000000000,0.000000000000,-240.000000000000,1.685029958593,0.000000000000,
21.530000000000,0.000000000000,0.000000000000,1.685077895492,0.000000000000,
21.535000000000,0.000000000000,0.000000000000,1.685077895492,0.000000000000,
21.540000000000,0.000000000000,360.000000000000,1.685077895492,0.000000000000,
21.545000000000,0.000000000000,0.000000000000,1.685077895492,0.000000000000,
21.550000000000,0.000000000000,-240.000000000000,1.685077895492,0.000000000000,
21.555000000000,0.000000000000,-240.000000000000,1.685077895492,0.000000000000,
21.560000000000,0.000000000000,120.000000000000,1.685077895492,0.000000000000,
21.565000000000,0.000000000000,600.000000000000,1.685077895492,0.000000000000,
21.570000000000,0.000000000000,240.000000000000,1.685077895492,0.000000000000,
21.575000000000,0.000000000000,-240.000000000000,1.685077895492,0.000000000000,
21.580000000000,0.000000000000,-120.000000000000,1.685077895492,0.000000000000,
21.585000000000,0.000000000000,-120.000000000000,1.685077895492,0.000000000000,
21.590000000000,0.000000000000,-240.000000000000,1.685077895492,0.000000000000,
21.595000000000,0.000000000000,-120.000000000000,1.685077895492,0.000000000000,
21.600000000000,0.000000000000,-240.000000000000,1.685077895492,0.000000000000,
21.605000000000,0.000000000000,-120.000000000000,1.685077895492,0.000000000000,
21.610000000000,0.000000000000,-240.000000000000,1.685077895492,0.000000000000,
21.615000000000,0.000000000000,-240.000000000000,1.685077895492,0.000000000000,
21.620000000000,0.000000000000,0.000000000000,1.685077895492,0.000000000000,
21.625000000000,0.000000000000,0.000000000000,1.685077895492,0.000000000000,
21.630000000000,0.000000000000,240.000000000000,1.685029958593,0.000000000000,
21.635000000000,0.000000000000,-360.000000000000,1.685029958593,0.000000000000,
21.640000000000,0.000000000000,120.000000000000,1.685077895492,0.000000000000,
21.645000000000,0.000000000000,120.000000000000,1.685077895492,0.000000000000,
21.650000000000,0.000000000000,0.000000000000,1.685029958593,0.000000000000,
21.655000000000,0.000000000000,120.000000000000,1.685077895492,0.000000000000,
21.660000000000,0.000000000000,-240.000000000000,1.685077895492,0.000000000000,
21.665000000000,0.000000000000,-120.000000000000,1.685077895492,0.000000000000,
21.670000000000,0.000000000000,120.000000000000,1.685077895492,0.000000000000,
21.675000000000,0.000000000000,120.000000000000,1.685077895492,0.000000000000,
21.680000000000,0.000000000000,120.000000000000,1.685077895492,0.000000000000,
21.685000000000,0.000000000000,-120.000000000000,1.685029958593,0.000000000000,
21.690000000000,0.000000000000,-360.000000000000,1.685077895492,0.000000000000,
21.695000000000,0.000000000000,0.000000000000,1.685029958593,0.000000000000,
21.700000000000,0.000000000000,0.000000000000,1.685029958593,0.000000000000,
21.705000000000,0.000000000000,0.000000000000,1.685029958593,0.000000000000,
21.710000000000,0.000000000000,120.000000000000,1.685077895492,0.000000000000,
21.715000000000,0.000000000000,0.000000000000,1.685029958593,0.000000000000,
21.720000000000,0.000000000000,360.000000000000,1.685077895492,0.000000000000,
21.725000000000,0.000000000000,-240.000000000000,1.685077895492,0.000000000000,
21.730000000000,0.000000000000,-120.000000000000,1.685077895492,0.000000000000,
21.735000000000,0.000000000000,-120.000000000000,1.685077895492,0.000000000000,
21.740000000000,0.000000000000,-240.000000000000,1.685029958593,0.000000000000,
21.745000000000,0.000000000000,-120.000000000000,1.685077895492,0.000000000000,
21.750000000000,0.000000000000,-120.000000000000,1.685077895492,0.000000000000,
21.755000000000,0.000000000000,-240.000000000000,1.685077895492,0.000000000000,
21.760000000000,0.000000000000,120.000000000000,1.685077895492,0.000000000000,
21.765000000000,0.000000000000,120.000000000000,1.685077895492,0.000000000000,
21.770000000000,0.000000000000,0.000000000000,1.685077895492,0.000000000000,
21.775000000000,0.000000000000,-240.000000000000,1.685029958593,0.000000000000,
21.780000000000,0.000000000000,240.000000000000,1.685077895492,0.000000000000,
21.785000000000,0.000000000000,-240.000000000000,1.685077895492,0.000000000000,
21.790000000000,0.000000000000,120.000000000000,1.685077895492,0.000000000000,
21.795000000000,0.000000000000,120.000000000000,1.685077895492,0.000000000000,
21.800000000000,0.000000000000,120.000000000000,1.685077895492,0.000000000000,
21.805000000000,0.000000000000,-240.000000000000,1.685029958593,0.000000000000,
21.810000000000,0.000000000000,-240.000000000000,1.685077895492,0.000000000000,
21.815000000000,0.000000000000,120.000000000000,1.685077895492,0.000000000000,
21.820000000000,0.000000000000,-120.000000000000,1.685077895492,0.000000000000,
21.825000000000,0.000000000000,-120.000000000000,1.685077895492,0.000000000000,
21.830000000000,0.000000000000,600.000000000000,1.685029958593,0.000000000000,
21.835000000000,0.000000000000,-120.000000000000,1.685029958593,0.000000000000,
21.840000000000,0.000000000000,-120.000000000000,1.685077895492,0.000000000000,
21.845000000000,0.000000000000,-240.000000000000,1.685077895492,0.000000000000,
21.850000000000,0.000000000000,240.000000000000,1.685029958593,0.000000000000,
21.855000000000,0.000000000000,240.000000000000,1.685029958593,0.000000000000,
21.860000000000,0.000000000000,-120.000000000000,1.685077895492,0.000000000000,
21.865000000000,0.000000000000,120.000000000000,1.685077895492,0.000000000000,
21.870000000000,0.000000000000,-240.000000000000,1.685029958593,0.000000000000,
21.875000000000,0.000000000000,-120.000000000000,1.685029958593,0.000000000000,
21.880000000000,0.000000000000,120.000000000000,1.685077895492,0.000000000000,
21.885000000000,0.000000000000,120.000000000000,1.685077895492,0.000000000000,
21.890000000000,0.000000000000,240.000000000000,1.685077895492,0.000000000000,
21.895000000000,0.000000000000,-120.000000000000,1.685077895492,0.000000000000,
21.900000000000,0.000000000000,240.000000000000,1.685077895492,0.000000000000,
21.905000000000,0.000000000000,-240.000000000000,1.685077895492,0.000000000000,
21.910000000000,0.000000000000,240.000000000000,1.685077895492,0.000000000000,
21.915000000000,0.000000000000,240.000000000000,1.685077895492,0.000000000000,
21.920000000000,0.000000000000,-120.000000000000,1.685077895492,0.000000000000,
21.925000000000,0.000000000000,-360.000000000000,1.685077895492,0.000000000000,
21.930000000000,0.000000000000,-120.000000000000,1.685077895492,0.000000000000,
21.935000000000,0.000000000000,120.000000000000,1.685077895492,0.000000000000,
21.940000000000,0.000000000000,120.000000000000,1.685077895492,0.000000000000,
21.945000000000,0.000000000000,120.000000000000,1.685077895492,0.000000000000,
21.950000000000,0.000000000000,360.000000000000,1.685029958593,0.000000000000,
21.955000000000,0.000000000000,-240.000000000000,1.685077895492,0.000000000000,
21.960000000000,0.000000000000,240.000000000000,1.685077895492,0.000000000000,
21.965000000000,0.000000000000,-120.000000000000,1.685077895492,0.000000000000,
21.970000000000,0.000000000000,240.000000000000,1.685077895492,0.000000000000,
21.975000000000,0.000000000000,240.000000000000,1.685077895492,0.000000000000,
21.980000000000,0.000000000000,-120.000000000000,1.685029958593,0.000000000000,
21.985000000000,0.000000000000,0.000000000000,1.685077895492,0.000000000000,
21.990000000000,0.000000000000,240.000000000000,1.685029958593,0.000000000000,
21.995000000000,0.000000000000,120.000000000000,1.685029958593,0.000000000000,
22.000000000000,0.000000000000,120.000000000000,1.685077895492,0.000000000000,
22.005000000000,0.000000000000,120.000000000000,1.685077895492,0.000000000000,
22.010000000000,0.000000000000,-240.000000000000,1.685077895492,0.000000000000,
22.015000000000,0.000000000000,240.000000000000,1.685029958593,0.000000000000,
22.020000000000,0.000000000000,-120.000000000000,1.685077895492,0.000000000000,
22.025000000000,0.000000000000,-240.000000000000,1.685077895492,0.000000000000,
22.030000000000,0.000000000000,240.000000000000,1.685077895492,0.000000000000,
22.035000000000,0.000000000000,240.000000000000,1.685077895492,0.000000000000,
22.040000000000,0.000000000000,-120.000000000000,1.685077895492,0.000000000000,
22.045000000000,0.000000000000,-120.000000000000,1.685077895492,0.000000000000,
22.050000000000,0.000000000000,120.000000000000,1.685029958593,0.000000000000,
22.055000000000,0.000000000000,-120.000000000000,1.685077895492,0.000000000000,
22.060000000000,0.000000000000,-120.000000000000,1.685077895492,0.000000000000,
22.065000000000,0.000000000000,-120.000000000000,1.685077895492,0.000000000000,
22.070000000000,0.000000000000,240.000000000000,1.685077895492,0.000000000000,
22.075000000000,0.000000000000,-120.000000000000,1.685077895492,0.000000000000,
22.080000000000,0.000000000000,360.000000000000,1.685029958593,0.000000000000,
22.085000000000,0.000000000000,-120.000000000000,1.685077895492,0.000000000000,
22.090000000000,0.000000000000,-240.000000000000,1.685077895492,0.000000000000,
22.095000000000,0.000000000000,-240.000000000000,1.685077895492,0.000000000000,
22.100000000000,0.000000000000,-120.000000000000,1.685029958593,0.000000000000,
22.105000000000,0.000000000000,-240.000000000000,1.685077895492,0.000000000000,
22.110000000000,0.000000000000,-240.000000000000,1.685029958593,0.000000000000,
22.115000000000,0.000000000000,-240.000000000000,1.685077895492,0.000000000000,
22.120000000000,0.000000000000,-120.000000000000,1.685029958593,0.000000000000,
22.125000000000,0.000000000000,-120.000000000000,1.685029958593,0.000000000000,
22.130000000000,0.000000000000,-240.000000000000,1.685029958593,0.000000000000,
22.135000000000,0.000000000000,600.000000000000,1.685029958593,0.000000000000,
22.140000000000,0.000000000000,240.000000000000,1.685029958593,0.000000000000,
22.145000000000,0.000000000000,-240.000000000000,1.685029958593,0.000000000000,
22.150000000000,0.000000000000,-240.000000000000,1.685029958593,0.000000000000,
22.155000000000,0.000000000000,-240.000000000000,1.685029958593,0.000000000000,
22.160000000000,0.000000000000,-120.000000000000,1.685029958593,0.000000000000,
22.165000000000,0.000000000000,240.000000000000,1.685029958593,0.000000000000,
22.170000000000,0.000000000000,240.000000000000,1.685077895492,0.000000000000,
22.175000000000,0.000000000000,-240.000000000000,1.685077895492,0.000000000000,
22.180000000000,0.000000000000,120.000000000000,1.685029958593,0.000000000000,
22.185000000000,0.000000000000,120.000000000000,1.685029958593,0.000000000000,
22.190000000000,0.000000000000,-360.000000000000,1.685077895492,0.000000000000,
22.195000000000,0.000000000000,0.000000000000,1.685029958593,0.000000000000,
22.200000000000,0.000000000000,-120.000000000000,1.685077895492,0.000000000000,
22.205000000000,0.000000000000,-240.000000000000,1.685077895492,0.000000000000,
22.210000000000,0.000000000000,-240.000000000000,1.685077895492,0.000000000000,
22.215000000000,0.000000000000,-240.000000000000,1.685077895492,0.000000000000,
22.220000000000,0.000000000000,240.000000000000,1.685077895492,0.000000000000,
22.225000000000,0.000000000000,360.000000000000,1.685077895492,0.000000000000,
22.230000000000,0.000000000000,-120.000000000000,1.685029958593,0.000000000000,
22.235000000000,0.000000000000,120.000000000000,1.685077895492,0.000000000000,
22.240000000000,0.000000000000,-120.000000000000,1.685077895492,0.000000000000,
22.245000000000,0.000000000000,-120.000000000000,1.685077895492,0.000000000000,
22.250000000000,0.000000000000,120.000000000000,1.685077895492,0.000000000000,
22.255000000000,0.000000000000,-240.000000000000,1.685077895492,0.000000000000,
22.260000000000,0.000000000000,0.000000000000,1.685029958593,0.000000000000,
22.265000000000,0.000000000000,240.000000000000,1.685077895492,0.000000000000,
22.270000000000,0.000000000000,-120.000000000000,1.685077895492,0.000000000000,
22.275000000000,0.000000000000,-120.000000000000,1.685077895492,0.000000000000,
22.280000000000,0.000000000000,-240.000000000000,1.685077895492,0.000000000000,
22.285000000000,0.000000000000,-360.000000000000,1.685077895492,0.000000000000,
22.290000000000,0.000000000000,120.000000000000,1.685077895492,0.000000000000,
22.295000000000,0.000000000000,0.000000000000,1.685077895492,0.000000000000,
22.300000000000,0.000000000000,-240.000000000000,1.685077895492,0.000000000000,
22.305000000000,0.000000000000,-240.000000000000,1.685077895492,0.000000000000,
22.310000000000,0.000000000000,-240.000000000000,1.685077895492,0.000000000000,
22.315000000000,0.000000000000,600.000000000000,1.685077895492,0.000000000000,
22.320000000000,0.000000000000,480.000000000000,1.685077895492,0.000000000000,
22.325000000000,0.000000000000,600.000000000000,1.685029958593,0.000000000000,
22.330000000000,0.000000000000,-240.000000000000,1.685029958593,0.000000000000,
22.335000000000,0.000000000000,-240.000000000000,1.685029958593,0.000000000000,
22.340000000000,0.000000000000,120.000000000000,1.685077895492,0.000000000000,
22.345000000000,0.000000000000,0.000000000000,1.685077895492,0.000000000000,
22.350000000000,0.000000000000,-240.000000000000,1.685077895492,0.000000000000,
22.355000000000,0.000000000000,360.000000000000,1.685077895492,0.000000000000,
22.360000000000,0.000000000000,-120.000000000000,1.685077895492,0.000000000000,
22.365000000000,0.000000000000,-120.000000000000,1.685077895492,0.000000000000,
22.370000000000,0.000000000000,-240.000000000000,1.685077895492,0.000000000000,
22.375000000000,0.000000000000,-120.000000000000,1.685077895492,0.000000000000,
22.380000000000,0.000000000000,-240.000000000000,1.685077895492,0.000000000000,
22.385000000000,0.000000000000,120.000000000000,1.685077895492,0.000000000000,
22.390000000000,0.000000000000,-120.000000000000,1.685077895492,0.000000000000,
22.395000000000,0.000000000000,-120.000000000000,1.685077895492,0.000000000000,
22.400000000000,0.000000000000,240.000000000000,1.685029958593,0.000000000000,
22.405000000000,0.000000000000,0.000000000000,1.685077895492,0.000000000000,
22.410000000000,0.000000000000,360.000000000000,1.685029958593,0.000000000000,
22.415000000000,0.000000000000,-240.000000000000,1.685029958593,0.000000000000,
22.420000000000,0.000000000000,360.000000000000,1.685029958593,0.000000000000,
22.425000000000,0.000000000000,360.000000000000,1.685029958593,0.000000000000,
22.430000000000,0.000000000000,120.000000000000,1.685077895492,0.000000000000,
22.435000000000,0.000000000000,240.000000000000,1.685029958593,0.000000000000,
22.440000000000,0.000000000000,-120.000000000000,1.685077895492,0.000000000000,
22.445000000000,0.000000000000,-120.000000000000,1.685029958593,0.000000000000,
22.450000000000,0.000000000000,120.000000000000,1.685077895492,0.000000000000,
22.455000000000,0.000000000000,120.000000000000,1.685077895492,0.000000000000,
22.460000000000,0.000000000000,0.000000000000,1.685077895492,0.000000000000,
22.465000000000,0.000000000000,-240.000000000000,1.685077895492,0.000000000000,
22.470000000000,0.000000000000,120.000000000000,1.685029958593,0.000000000000,
22.475000000000,0.000000000000,-120.000000000000,1.685077895492,0.000000000000,
22.480000000000,0.000000000000,-240.000000000000,1.685029958593,0.000000000000,
22.485000000000,0.000000000000,-240.000000000000,1.685029958593,0.000000000000,
22.490000000000,0.000000000000,-240.000000000000,1.685077895492,0.000000000000,
22.495000000000,0.000000000000,120.000000000000,1.685029958593,0.000000000000,
22.500000000000,0.000000000000,240.000000000000,1.685077895492,0.000000000000,
22.505000000000,0.000000000000,-120.000000000000,1.685077895492,0.000000000000,
22.510000000000,0.000000000000,0.000000000000,1.685077895492,0.000000000000,
22.515000000000,0.000000000000,0.000000000000,1.685077895492,0.000000000000,
22.520000000000,0.000000000000,240.000000000000,1.685029958593,0.000000000000,
22.525000000000,0.000000000000,-240.000000000000,1.685029958593,0.000000000000,
22.530000000000,0.000000000000,-360.000000000000,1.685077895492,0.000000000000,
22.535000000000,0.000000000000,120.000000000000,1.685077895492,0.000000000000,
22.540000000000,0.000000000000,120.000000000000,1.685029958593,0.000000000000,
22.545000000000,0.000000000000,120.000000000000,1.685029958593,0.000000000000,
22.550000000000,0.000000000000,-120.000000000000,1.685077895492,0.000000000000,
22.555000000000,0.000000000000,-240.000000000000,1.685077895492,0.000000000000,
22.560000000000,0.000000000000,120.000000000000,1.685077895492,0.000000000000,
22.565000000000,0.000000000000,-240.000000000000,1.685077895492,0.000000000000,
22.570000000000,0.000000000000,-120.000000000000,1.685077895492,0.000000000000,
22.575000000000,0.000000000000,-120.000000000000,1.685077895492,0.000000000000,
22.580000000000,0.000000000000,-240.000000000000,1.685077895492,0.000000000000,
22.585000000000,0.000000000000,360.000000000000,1.685077895492,0.000000000000,
22.590000000000,0.000000000000,240.000000000000,1.685077895492,0.000000000000,
22.595000000000,0.000000000000,-120.000000000000,1.685029958593,0.000000000000,
22.600000000000,0.000000000000,-120.000000000000,1.685077895492,0.000000000000,
22.605000000000,0.000000000000,-120.000000000000,1.685077895492,0.000000000000,
22.610000000000,0.000000000000,-360.000000000000,1.685077895492,0.000000000000,
22.615000000000,0.000000000000,240.000000000000,1.685077895492,0.000000000000,
22.620000000000,0.000000000000,120.000000000000,1.685029958593,0.000000000000,
22.625000000000,0.000000000000,0.000000000000,1.685029958593,0.000000000000,
22.630000000000,0.000000000000,-120.000000000000,1.685029958593,0.000000000000,
22.635000000000,0.000000000000,-120.000000000000,1.685029958593,0.000000000000,
22.640000000000,0.000000000000,-120.000000000000,1.685077895492,0.000000000000,
22.645000000000,0.000000000000,240.000000000000,1.685077895492,0.000000000000,
22.650000000000,0.000000000000,120.000000000000,1.685077895492,0.000000000000,
22.655000000000,0.000000000000,120.000000000000,1.685029958593,0.000000000000,
22.660000000000,0.000000000000,-240.000000000000,1.685077895492,0.000000000000,
22.665000000000,0.000000000000,-240.000000000000,1.685077895492,0.000000000000,
22.670000000000,0.000000000000,240.000000000000,1.685077895492,0.000000000000,
22.675000000000,0.000000000000,360.000000000000,1.685077895492,0.000000000000,
22.680000000000,0.000000000000,-120.000000000000,1.685077895492,0.000000000000,
22.685000000000,0.000000000000,-240.000000000000,1.685077895492,0.000000000000,
22.690000000000,0.000000000000,0.000000000000,1.685077895492,0.000000000000,
22.695000000000,0.000000000000,0.000000000000,1.685077895492,0.000000000000,
22.700000000000,0.000000000000,-240.000000000000,1.685077895492,0.000000000000,
22.705000000000,0.000000000000,-360.000000000000,1.685077895492,0.000000000000,
22.710000000000,0.000000000000,240.000000000000,1.685077895492,0.000000000000,
22.715000000000,0.000000000000,120.000000000000,1.685029958593,0.000000000000,
22.720000000000,0.000000000000,-360.000000000000,1.685077895492,0.000000000000,
22.725000000000,0.000000000000,-360.000000000000,1.685077895492,0.000000000000,
22.730000000000,0.000000000000,0.000000000000,1.685029958593,0.000000000000,
22.735000000000,0.000000000000,120.000000000000,1.685029958593,0.000000000000,
22.740000000000,0.000000000000,120.000000000000,1.685029958593,0.000000000000,
22.745000000000,0.000000000000,-240.000000000000,1.685077895492,0.000000000000,
22.750000000000,0.000000000000,240.000000000000,1.685077895492,0.000000000000,
22.755000000000,0.000000000000,240.000000000000,1.685077895492,0.000000000000,
22.760000000000,0.000000000000,240.000000000000,1.685029958593,0.000000000000,
22.765000000000,0.000000000000,-120.000000000000,1.685029958593,0.000000000000,
22.770000000000,0.000000000000,-240.000000000000,1.685029958593,0.000000000000,
22.775000000000,0.000000000000,-120.000000000000,1.685077895492,0.000000000000,
22.780000000000,0.000000000000,120.000000000000,1.685077895492,0.000000000000,
22.785000000000,0.000000000000,120.000000000000,1.685077895492,0.000000000000,
22.790000000000,0.000000000000,120.000000000000,1.685029958593,0.000000000000,
22.795000000000,0.000000000000,-120.000000000000,1.685029958593,0.000000000000,
22.800000000000,0.000000000000,-120.000000000000,1.685077895492,0.000000000000,
22.805000000000,0.000000000000,120.000000000000,1.685077895492,0.000000000000,
22.810000000000,0.000000000000,120.000000000000,1.685077895492,0.000000000000,
22.815000000000,0.000000000000,120.000000000000,1.685077895492,0.000000000000,
22.820000000000,0.000000000000,-240.000000000000,1.685077895492,0.000000000000,
22.825000000000,0.000000000000,480.000000000000,1.685077895492,0.000000000000,
22.830000000000,0.000000000000,120.000000000000,1.685029958593,0.000000000000,
22.835000000000,0.000000000000,0.000000000000,1.685077895492,0.000000000000,
22.840000000000,0.000000000000,360.000000000000,1.685029958593,0.000000000000,
22.845000000000,0.000000000000,360.000000000000,1.685029958593,0.000000000000,
22.850000000000,0.000000000000,360.000000000000,1.685077895492,0.000000000000,
22.855000000000,0.000000000000,120.000000000000,1.685077895492,0.000000000000,
22.860000000000,0.000000000000,0.000000000000,1.685077895492,0.000000000000,
22.865000000000,0.000000000000,240.000000000000,1.685029958593,0.000000000000,
22.870000000000,0.000000000000,120.000000000000,1.685029958593,0.000000000000,
22.875000000000,0.000000000000,120.000000000000,1.685029958593,0.000000000000,
22.880000000000,0.000000000000,-120.000000000000,1.685077895492,0.000000000000,
22.885000000000,0.000000000000,-240.000000000000,1.685077895492,0.000000000000,
22.890000000000,0.000000000000,240.000000000000,1.685029958593,0.000000000000,
22.895000000000,0.000000000000,-240.000000000000,1.685029958593,0.000000000000,
22.900000000000,0.000000000000,-120.000000000000,1.685077895492,0.000000000000,
22.905000000000,0.000000000000,-120.000000000000,1.685077895492,0.000000000000,
22.910000000000,0.000000000000,-120.000000000000,1.685029958593,0.000000000000,
22.915000000000,0.000000000000,-240.000000000000,1.685029958593,0.000000000000,
22.920000000000,0.000000000000,-120.000000000000,1.685077895492,0.000000000000,
22.925000000000,0.000000000000,-240.000000000000,1.685077895492,0.000000000000,
22.930000000000,0.000000000000,240.000000000000,1.685077895492,0.000000000000,
22.935000000000,0.000000000000,240.000000000000,1.685077895492,0.000000000000,
22.940000000000,0.000000000000,-120.000000000000,1.685077895492,0.000000000000,
22.945000000000,0.000000000000,0.000000000000,1.685077895492,0.000000000000,
22.950000000000,0.000000000000,-120.000000000000,1.685029958593,0.000000000000,
22.955000000000,0.000000000000,-240.000000000000,1.685077895492,0.000000000000,
22.960000000000,0.000000000000,120.000000000000,1.685029958593,0.000000000000,
22.965000000000,0.000000000000,120.000000000000,1.685029958593,0.000000000000,
22.970000000000,0.000000000000,120.000000000000,1.685029958593,0.000000000000,
22.975000000000,0.000000000000,360.000000000000,1.685029958593,0.000000000000,
22.980000000000,0.000000000000,240.000000000000,1.685077895492,0.000000000000,
22.985000000000,0.000000000000,-240.000000000000,1.685077895492,0.000000000000,
22.990000000000,0.000000000000,-240.000000000000,1.685077895492,0.000000000000,
22.995000000000,0.000000000000,-240.000000000000,1.685077895492,0.000000000000,
23.000000000000,0.000000000000,-240.000000000000,1.685077895492,0.000000000000,
23.005000000000,0.000000000000,120.000000000000,1.685077895492,0.000000000000,
23.010000000000,0.000000000000,-240.000000000000,1.685077895492,0.000000000000,
23.015000000000,0.000000000000,-360.000000000000,1.685029958593,0.000000000000,
23.020000000000,0.000000000000,120.000000000000,1.685077895492,0.000000000000,
23.025000000000,0.000000000000,120.000000000000,1.685077895492,0.000000000000,
23.030000000000,0.000000000000,-240.000000000000,1.685029958593,0.000000000000,
23.035000000000,0.000000000000,-120.000000000000,1.685077895492,0.000000000000,
23.040000000000,0.000000000000,-120.000000000000,1.685077895492,0.000000000000,
23.045000000000,0.000000000000,240.000000000000,1.685077895492,0.000000000000,
23.050000000000,0.000000000000,240.000000000000,1.685077895492,0.000000000000,
23.055000000000,0.000000000000,240.000000000000,1.685077895492,0.000000000000,
23.060000000000,0.000000000000,-120.000000000000,1.685077895492,0.000000000000,
23.065000000000,0.000000000000,-360.000000000000,1.685077895492,0.000000000000,
23.070000000000,0.000000000000,-120.000000000000,1.685077895492,0.000000000000,
23.075000000000,0.000000000000,240.000000000000,1.685077895492,0.000000000000,
23.080000000000,0.000000000000,120.000000000000,1.685077895492,0.000000000000,
23.085000000000,0.000000000000,120.000000000000,1.685077895492,0.000000000000,
23.090000000000,0.000000000000,-240.000000000000,1.685077895492,0.000000000000,
23.095000000000,0.000000000000,240.000000000000,1.685029958593,0.000000000000,
23.100000000000,0.000000000000,120.000000000000,1.685077895492,0.000000000000,
23.105000000000,0.000000000000,240.000000000000,1.685077895492,0.000000000000,
23.110000000000,0.000000000000,-120.000000000000,1.685077895492,0.000000000000,
23.115000000000,0.000000000000,-120.000000000000,1.685077895492,0.000000000000,
23.120000000000,0.000000000000,0.000000000000,1.685029958593,0.000000000000,
23.125000000000,0.000000000000,0.000000000000,1.685077895492,0.000000000000,
23.130000000000,0.000000000000,-120.000000000000,1.685029958593,0.000000000000,
23.135000000000,0.000000000000,120.000000000000,1.685077895492,0.000000000000,
23.140000000000,0.000000000000,240.000000000000,1.685029958593,0.000000000000,
23.145000000000,0.000000000000,240.000000000000,1.685029958593,0.000000000000,
23.150000000000,0.000000000000,120.000000000000,1.685077895492,0.000000000000,
23.155000000000,0.000000000000,-120.000000000000,1.685077895492,0.000000000000,
23.160000000000,0.000000000000,-120.000000000000,1.685077895492,0.000000000000,
23.165000000000,0.000000000000,-240.000000000000,1.685077895492,0.000000000000,
23.170000000000,0.000000000000,-120.000000000000,1.685077895492,0.000000000000,
23.175000000000,0.000000000000,-120.000000000000,1.685077895492,0.000000000000,
23.180000000000,0.000000000000,120.000000000000,1.685029958593,0.000000000000,
23.185000000000,0.000000000000,240.000000000000,1.685029958593,0.000000000000,
23.190000000000,0.000000000000,-240.000000000000,1.685077895492,0.000000000000,
23.195000000000,0.000000000000,-240.000000000000,1.685077895492,0.000000000000,
23.200000000000,0.000000000000,-240.000000000000,1.685029958593,0.000000000000,
23.205000000000,0.000000000000,-240.000000000000,1.685029958593,0.000000000000,
23.210000000000,0.000000000000,240.000000000000,1.685077895492,0.000000000000,
23.215000000000,0.000000000000,-240.000000000000,1.685077895492,0.000000000000,
23.220000000000,0.000000000000,240.000000000000,1.685077895492,0.000000000000,
23.225000000000,0.000000000000,-120.000000000000,1.685077895492,0.000000000000,
23.230000000000,0.000000000000,120.000000000000,1.685077895492,0.000000000000,
23.235000000000,0.000000000000,120.000000000000,1.685077895492,0.000000000000,
23.240000000000,0.000000000000,0.000000000000,1.685077895492,0.000000000000,
23.245000000000,0.000000000000,240.000000000000,1.685077895492,0.000000000000,
23.250000000000,0.000000000000,-120.000000000000,1.685029958593,0.000000000000,
23.255000000000,0.000000000000,120.000000000000,1.685029958593,0.000000000000,
23.260000000000,0.000000000000,0.000000000000,1.685077895492,0.000000000000,
23.265000000000,0.000000000000,0.000000000000,1.685077895492,0.000000000000,
23.270000000000,0.000000000000,-240.000000000000,1.685077895492,0.000000000000,
23.275000000000,0.000000000000,120.000000000000,1.685077895492,0.000000000000,
23.280000000000,0.000000000000,240.000000000000,1.685029958593,0.000000000000,
23.285000000000,0.000000000000,-240.000000000000,1.685077895492,0.000000000000,
23.290000000000,0.000000000000,360.000000000000,1.685077895492,0.000000000000,
23.295000000000,0.000000000000,360.000000000000,1.685077895492,0.000000000000,
23.300000000000,0.000000000000,0.000000000000,1.685077895492,0.000000000000,
23.305000000000,0.000000000000,120.000000000000,1.685077895492,0.000000000000,
23.310000000000,0.000000000000,360.000000000000,1.685077895492,0.000000000000,
23.315000000000,0.000000000000,-240.000000000000,1.685077895492,0.000000000000,
23.320000000000,0.000000000000,-240.000000000000,1.685077895492,0.000000000000,
23.325000000000,0.000000000000,-240.000000000000,1.685077895492,0.000000000000,
23.330000000000,0.000000000000,-120.000000000000,1.685077895492,0.000000000000,
23.335000000000,0.000000000000,240.000000000000,1.685077895492,0.000000000000,
23.340000000000,0.000000000000,-240.000000000000,1.685077895492,0.000000000000,
23.345000000000,0.000000000000,-240.000000000000,1.685077895492,0.000000000000,
23.350000000000,0.000000000000,0.000000000000,1.685029958593,0.000000000000,
23.355000000000,0.000000000000,0.000000000000,1.685029958593,0.000000000000,
23.360000000000,0.000000000000,-120.000000000000,1.685029958593,0.000000000000,
23.365000000000,0.000000000000,120.000000000000,1.685077895492,0.000000000000,
23.370000000000,0.000000000000,120.000000000000,1.685029958593,0.000000000000,
23.375000000000,0.000000000000,120.000000000000,1.685029958593,0.000000000000,
23.380000000000,0.000000000000,-120.000000000000,1.685077895492,0.000000000000,
23.385000000000,0.000000000000,-120.000000000000,1.685077895492,0.000000000000,
23.390000000000,0.000000000000,-240.000000000000,1.685077895492,0.000000000000,
23.395000000000,0.000000000000,360.000000000000,1.685077895492,0.000000000000,
23.400000000000,0.000000000000,-120.000000000000,1.685077895492,0.000000000000,
23.405000000000,0.000000000000,-240.000000000000,1.685077895492,0.000000000000,
23.410000000000,0.000000000000,120.000000000000,1.685029958593,0.000000000000,
23.415000000000,0.000000000000,120.000000000000,1.685029958593,0.000000000000,
23.420000000000,0.000000000000,-120.000000000000,1.685029958593,0.000000000000,
23.425000000000,0.000000000000,120.000000000000,1.685077895492,0.000000000000,
23.430000000000,0.000000000000,-360.000000000000,1.685077895492,0.000000000000,
23.435000000000,0.000000000000,120.000000000000,1.685077895492,0.000000000000,
23.440000000000,0.000000000000,-240.000000000000,1.685077895492,0.000000000000,
23.445000000000,0.000000000000,-240.000000000000,1.685077895492,0.000000000000,
23.450000000000,0.000000000000,-240.000000000000,1.685077895492,0.000000000000,
23.455000000000,0.000000000000,-240.000000000000,1.685029958593,0.000000000000,
23.460000000000,0.000000000000,360.000000000000,1.685077895492,0.000000000000,
23.465000000000,0.000000000000,-120.000000000000,1.685077895492,0.000000000000,
23.470000000000,0.000000000000,-120.000000000000,1.685029958593,0.000000000000,
23.475000000000,0.000000000000,-120.000000000000,1.685029958593,0.000000000000,
23.480000000000,0.000000000000,360.000000000000,1.685077895492,0.000000000000,
23.485000000000,0.000000000000,-120.000000000000,1.685029958593,0.000000000000,
