0.000000000000,0.000095873799,0.005493164062,0.200000000000,
0.000000000000,0.000000000000,0.000000000000,0.200000000000,
0.000000000000,0.000095873799,0.005493164062,0.200000000000,
0.000000000000,0.000095873799,0.005493164062,0.200000000000,
0.000000000000,0.000000000000,0.000000000000,0.200000000000,
0.000000000000,0.000047936900,0.002746582031,0.200000000000,
0.000000000000,-0.000047936900,-0.002746582031,0.200000000000,
0.000000000000,-0.000047936900,-0.002746582031,0.200000000000,
0.000000000000,-0.000047936900,-0.002746582031,0.200000000000,
0.000000000000,-0.000047936900,-0.002746582031,0.200000000000,
0.000000000000,0.000000000000,0.000000000000,0.200000000000,
0.000000000000,-0.000047936900,-0.002746582031,0.200000000000,
0.000000000000,0.000000000000,0.000000000000,0.200000000000,
0.000000000000,0.000000000000,0.000000000000,0.200000000000,
0.000000000000,0.000095873799,0.005493164062,0.200000000000,
0.000000000000,0.000095873799,0.005493164062,0.200000000000,
0.000000000000,-0.000047936900,-0.002746582031,0.200000000000,
0.000000000000,0.000095873799,0.005493164062,0.200000000000,
0.000000000000,0.000047936900,0.002746582031,0.200000000000,
0.000000000000,0.000095873799,0.005493164062,0.200000000000,
0.000000000000,-0.000047936900,-0.002746582031,0.200000000000,
0.000000000000,-0.000047936900,-0.002746582031,0.200000000000,
0.000000000000,0.000047936900,0.002746582031,0.200000000000,
0.000000000000,0.000047936900,0.002746582031,0.200000000000,
0.000000000000,0.000047936900,0.002746582031,0.200000000000,
0.000000000000,0.000047936900,0.002746582031,0.200000000000,
0.000000000000,0.000047936900,0.002746582031,0.200000000000,
0.000000000000,0.000047936900,0.002746582031,0.200000000000,
0.000000000000,0.000047936900,0.002746582031,0.200000000000,
0.000000000000,0.000000000000,0.000000000000,0.200000000000,
0.000000000000,0.000095873799,0.005493164062,0.200000000000,
0.000000000000,0.000095873799,0.005493164062,0.200000000000,
0.000000000000,0.000191747598,0.010986328125,0.200000000000,
0.000000000000,0.000191747598,0.010986328125,0.200000000000,
0.000000000000,0.000143810699,0.008239746094,0.200000000000,
0.000000000000,0.000143810699,0.008239746094,0.200000000000,
0.000000000000,0.000239684498,0.013732910156,0.200000000000,
0.000000000000,0.000191747598,0.010986328125,0.200000000000,
0.000000000000,0.000191747598,0.010986328125,0.200000000000,
0.000000000000,0.000191747598,0.010986328125,0.200000000000,
0.000000000000,0.000239684498,0.013732910156,0.200000000000,
0.000000000000,0.000335558297,0.019226074219,0.200000000000,
0.000000000000,0.000287621398,0.016479492187,0.200000000000,
0.000000000000,0.000287621398,0.016479492187,0.200000000000,
0.000000000000,0.000335558297,0.019226074219,0.200000000000,
0.000000000000,0.000335558297,0.019226074219,0.200000000000,
0.000000000000,0.000335558297,0.019226074219,0.200000000000,
0.000000000000,0.000383495197,0.021972656250,0.200000000000,
0.000000000000,0.000431432097,0.024719238281,0.200000000000,
0.000000000000,0.000527305896,0.030212402344,0.200000000000,
0.000000000000,0.000527305896,0.030212402344,0.200000000000,
0.000000000000,0.000527305896,0.030212402344,0.200000000000,
0.000000000000,0.000623179695,0.035705566406,0.200000000000,
0.000000000000,0.000575242795,0.032958984375,0.200000000000,
0.000000000000,0.000623179695,0.035705566406,0.200000000000,
0.000000000000,0.000671116595,0.038452148437,0.200000000000,
0.000000000000,0.000719053494,0.041198730469,0.200000000000,
0.000000000000,0.000719053494,0.041198730469,0.200000000000,
0.000000000000,0.000862864193,0.049438476562,0.200000000000,
0.000000000000,0.000766990394,0.043945312500,0.200000000000,
0.000000000000,0.000814927294,0.046691894531,0.200000000000,
0.000000000000,0.000958737992,0.054931640625,0.200000000000,
0.000000000000,0.001006674892,0.057678222656,0.200000000000,
0.000000000000,0.001006674892,0.057678222656,0.200000000000,
0.000000000000,0.001150485591,0.065917968750,0.200000000000,
0.000000000000,0.001150485591,0.065917968750,0.200000000000,
0.000000000000,0.001198422491,0.068664550781,0.200000000000,
0.000000000000,0.001342233189,0.076904296875,0.200000000000,
0.000000000000,0.001342233189,0.076904296875,0.200000000000,
0.000000000000,0.001342233189,0.076904296875,0.200000000000,
0.000000000000,0.001438106989,0.082397460937,0.200000000000,
0.000000000000,0.001486043888,0.085144042969,0.200000000000,
0.000000000000,0.001581917688,0.090637207031,0.200000000000,
0.000000000000,0.001725728386,0.098876953125,0.200000000000,
0.000000000000,0.001725728386,0.098876953125,0.200000000000,
0.000000000000,0.001725728386,0.098876953125,0.200000000000,
0.000000000000,0.001821602186,0.104370117187,0.200000000000,
0.000000000000,0.001917475985,0.109863281250,0.200000000000,
0.000000000000,0.001965412884,0.112609863281,0.200000000000,
0.000000000000,0.002061286684,0.118103027344,0.200000000000,
0.000000000000,0.002157160483,0.123596191406,0.200000000000,
0.000000000000,0.002157160483,0.123596191406,0.200000000000,
0.000000000000,0.002253034282,0.129089355469,0.200000000000,
0.000000000000,0.002348908081,0.134582519531,0.200000000000,
0.000000000000,0.002444781881,0.140075683594,0.200000000000,
0.000000000000,0.002540655680,0.145568847656,0.200000000000,
0.000000000000,0.002636529479,0.151062011719,0.200000000000,
0.000000000000,0.002636529479,0.151062011719,0.200000000000,
0.000000000000,0.002732403278,0.156555175781,0.200000000000,
0.000000000000,0.002924150877,0.167541503906,0.200000000000,
0.000000000000,0.002972087777,0.170288085938,0.200000000000,
0.000000000000,0.003067961576,0.175781250000,0.200000000000,
0.000000000000,0.003211772275,0.184020996094,0.200000000000,
0.000000000000,0.003211772275,0.184020996094,0.200000000000,
0.000000000000,0.003307646074,0.189514160156,0.200000000000,
0.000000000000,0.003499393672,0.200500488281,0.200000000000,
0.000000000000,0.003547330572,0.203247070312,0.200000000000,
0.000000000000,0.003739078170,0.214233398438,0.200000000000,
0.000000000000,0.003787015070,0.216979980469,0.200000000000,
0.000000000000,0.003787015070,0.216979980469,0.200000000000,
0.000000000000,0.003930825769,0.225219726562,0.200000000000,
0.000000000000,0.004074636468,0.233459472656,0.200000000000,
0.000000000000,0.004218447167,0.241699218750,0.200000000000,
0.000000000000,0.004362257866,0.249938964844,0.200000000000,
0.000000000000,0.004506068564,0.258178710937,0.200000000000,
0.000000000000,0.004506068564,0.258178710937,0.200000000000,
0.000000000000,0.004697816163,0.269165039062,0.200000000000,
0.000000000000,0.004841626862,0.277404785156,0.200000000000,
0.000000000000,0.004937500661,0.282897949219,0.200000000000,
0.000000000000,0.005081311360,0.291137695312,0.200000000000,
0.000000000000,0.005320995858,0.304870605469,0.200000000000,
0.000000000000,0.005320995858,0.304870605469,0.200000000000,
0.000000000000,0.005464806557,0.313110351562,0.200000000000,
0.000000000000,0.005560680356,0.318603515625,0.200000000000,
0.000000000000,0.005704491055,0.326843261719,0.200000000000,
0.000000000000,0.005800364854,0.332336425781,0.200000000000,
0.000000000000,0.006135923152,0.351562500000,0.200000000000,
0.000000000000,0.006135923152,0.351562500000,0.200000000000,
0.000000000000,0.006231796951,0.357055664063,0.200000000000,
0.000000000000,0.006471481449,0.370788574219,0.200000000000,
0.000000000000,0.006567355248,0.376281738281,0.200000000000,
0.000000000000,0.006807039746,0.390014648437,0.200000000000,
0.000000000000,0.006902913545,0.395507812500,0.200000000000,
0.000000000000,0.006902913545,0.395507812500,0.200000000000,
0.000000000000,0.007094661144,0.406494140625,0.200000000000,
0.000000000000,0.007238471843,0.414733886719,0.200000000000,
0.000000000000,0.007430219441,0.425720214844,0.200000000000,
0.000000000000,0.007621967040,0.436706542969,0.200000000000,
0.000000000000,0.007813714638,0.447692871094,0.200000000000,
0.000000000000,0.007813714638,0.447692871094,0.200000000000,
0.000000000000,0.008005462237,0.458679199219,0.200000000000,
0.000000000000,0.008197209835,0.469665527344,0.200000000000,
0.000000000000,0.008436894333,0.483398437500,0.200000000000,
0.000000000000,0.008628641932,0.494384765625,0.200000000000,
0.000000000000,0.008820389530,0.505371093750,0.200000000000,
0.000000000000,0.008820389530,0.505371093750,0.200000000000,
0.000000000000,0.008916263330,0.510864257813,0.200000000000,
0.000000000000,0.009108010928,0.521850585937,0.200000000000,
0.000000000000,0.009299758527,0.532836914062,0.200000000000,
0.000000000000,0.009491506125,0.543823242188,0.200000000000,
0.000000000000,0.009683253724,0.554809570312,0.200000000000,
0.000000000000,0.009683253724,0.554809570312,0.200000000000,
0.000000000000,0.009875001322,0.565795898437,0.200000000000,
0.000000000000,0.010114685820,0.579528808594,0.200000000000,
0.000000000000,0.010258496519,0.587768554687,0.200000000000,
0.000000000000,0.010498181017,0.601501464844,0.200000000000,
0.000000000000,0.010594054816,0.606994628906,0.200000000000,
0.000000000000,0.010594054816,0.606994628906,0.200000000000,
0.000000000000,0.010881676214,0.623474121094,0.200000000000,
0.000000000000,0.010977550013,0.628967285156,0.200000000000,
0.000000000000,0.011265171411,0.645446777344,0.200000000000,
0.000000000000,0.011361045210,0.650939941406,0.200000000000,
0.000000000000,0.011552792809,0.661926269531,0.200000000000,
0.000000000000,0.011552792809,0.661926269531,0.200000000000,
0.000000000000,0.011840414206,0.678405761719,0.200000000000,
0.000000000000,0.011936288006,0.683898925781,0.200000000000,
0.000000000000,0.012128035604,0.694885253906,0.200000000000,
0.000000000000,0.012319783203,0.705871582031,0.200000000000,
0.000000000000,0.012511530801,0.716857910156,0.200000000000,
0.000000000000,0.012511530801,0.716857910156,0.200000000000,
0.000000000000,0.012703278400,0.727844238281,0.200000000000,
0.000000000000,0.012895025998,0.738830566406,0.200000000000,
0.000000000000,0.013134710496,0.752563476562,0.200000000000,
0.000000000000,0.013326458095,0.763549804688,0.200000000000,
0.000000000000,0.013518205693,0.774536132812,0.200000000000,
0.000000000000,0.013518205693,0.774536132812,0.200000000000,
0.000000000000,0.013614079492,0.780029296875,0.200000000000,
0.000000000000,0.013805827091,0.791015625000,0.200000000000,
0.000000000000,0.013997574689,0.802001953125,0.200000000000,
0.000000000000,0.014189322288,0.812988281250,0.200000000000,
0.000000000000,0.014381069886,0.823974609375,0.200000000000,
0.000000000000,0.014381069886,0.823974609375,0.200000000000,
0.000000000000,0.014572817485,0.834960937500,0.200000000000,
0.000000000000,0.014764565083,0.845947265625,0.200000000000,
0.000000000000,0.014956312682,0.856933593750,0.200000000000,
0.000000000000,0.015195997180,0.870666503906,0.200000000000,
0.000000000000,0.015387744778,0.881652832031,0.200000000000,
0.000000000000,0.015387744778,0.881652832031,0.200000000000,
0.000000000000,0.015579492377,0.892639160156,0.200000000000,
0.000000000000,0.015771239975,0.903625488281,0.200000000000,
0.000000000000,0.015867113775,0.909118652344,0.200000000000,
0.000000000000,0.016058861373,0.920104980469,0.200000000000,
0.000000000000,0.016250608972,0.931091308594,0.200000000000,
0.000000000000,0.016250608972,0.931091308594,0.200000000000,
0.000000000000,0.016442356570,0.942077636719,0.200000000000,
0.000000000000,0.016634104169,0.953063964844,0.200000000000,
0.000000000000,0.016825851767,0.964050292969,0.200000000000,
0.000000000000,0.017017599366,0.975036621094,0.200000000000,
0.000000000000,0.017209346964,0.986022949219,0.200000000000,
0.000000000000,0.017209346964,0.986022949219,0.200000000000,
0.000000000000,0.017401094563,0.997009277344,0.200000000000,
0.000000000000,0.017688715960,1.013488769531,0.200000000000,
0.000000000000,0.017880463559,1.024475097656,0.200000000000,
0.000000000000,0.017976337358,1.029968261719,0.200000000000,
0.000000000000,0.018168084957,1.040954589844,0.200000000000,
0.000000000000,0.018168084957,1.040954589844,0.200000000000,
0.000000000000,0.018455706354,1.057434082031,0.200000000000,
0.000000000000,0.018551580153,1.062927246094,0.200000000000,
0.000000000000,0.018791264652,1.076660156250,0.200000000000,
0.000000000000,0.019030949150,1.090393066406,0.200000000000,
0.000000000000,0.019126822949,1.095886230469,0.200000000000,
0.000000000000,0.019126822949,1.095886230469,0.200000000000,
0.000000000000,0.019318570547,1.106872558594,0.200000000000,
0.000000000000,0.019606191945,1.123352050781,0.200000000000,
0.000000000000,0.019702065744,1.128845214844,0.200000000000,
0.000000000000,0.019989687142,1.145324707031,0.200000000000,
0.000000000000,0.020181434741,1.156311035156,0.200000000000,
0.000000000000,0.020181434741,1.156311035156,0.200000000000,
0.000000000000,0.020373182339,1.167297363281,0.200000000000,
0.000000000000,0.020564929938,1.178283691406,0.200000000000,
0.000000000000,0.020756677536,1.189270019531,0.200000000000,
0.000000000000,0.020948425135,1.200256347656,0.200000000000,
0.000000000000,0.021044298934,1.205749511719,0.200000000000,
0.000000000000,0.021044298934,1.205749511719,0.200000000000,
0.000000000000,0.021236046532,1.216735839844,0.200000000000,
0.000000000000,0.021523667930,1.233215332031,0.200000000000,
0.000000000000,0.021619541729,1.238708496094,0.200000000000,
0.000000000000,0.021811289328,1.249694824219,0.200000000000,
0.000000000000,0.022098910725,1.266174316406,0.200000000000,
0.000000000000,0.022098910725,1.266174316406,0.200000000000,
0.000000000000,0.022290658324,1.277160644531,0.200000000000,
0.000000000000,0.022482405922,1.288146972656,0.200000000000,
0.000000000000,0.022626216621,1.296386718750,0.200000000000,
0.000000000000,0.022865901119,1.310119628906,0.200000000000,
0.000000000000,0.023057648718,1.321105957031,0.200000000000,
0.000000000000,0.023057648718,1.321105957031,0.200000000000,
0.000000000000,0.023201459417,1.329345703125,0.200000000000,
0.000000000000,0.023441143915,1.343078613281,0.200000000000,
0.000000000000,0.023584954614,1.351318359375,0.200000000000,
0.000000000000,0.023824639112,1.365051269531,0.200000000000,
0.000000000000,0.023968449811,1.373291015625,0.200000000000,
0.000000000000,0.023968449811,1.373291015625,0.200000000000,
0.000000000000,0.024160197409,1.384277343750,0.200000000000,
0.000000000000,0.024351945008,1.395263671875,0.200000000000,
0.000000000000,0.024543692606,1.406250000000,0.200000000000,
0.000000000000,0.024783377104,1.419982910156,0.200000000000,
0.000000000000,0.025023061602,1.433715820313,0.200000000000,
0.000000000000,0.025023061602,1.433715820313,0.200000000000,
0.000000000000,0.025118935402,1.439208984375,0.200000000000,
0.000000000000,0.025406556799,1.455688476562,0.200000000000,
0.000000000000,0.025550367498,1.463928222656,0.200000000000,
0.000000000000,0.025742115097,1.474914550781,0.200000000000,
0.000000000000,0.025981799595,1.488647460937,0.200000000000,
0.000000000000,0.025981799595,1.488647460937,0.200000000000,
0.000000000000,0.026125610294,1.496887207031,0.200000000000,
0.000000000000,0.026317357892,1.507873535156,0.200000000000,
0.000000000000,0.026604979290,1.524353027344,0.200000000000,
0.000000000000,0.026700853089,1.529846191406,0.200000000000,
0.000000000000,0.026940537587,1.543579101563,0.200000000000,
0.000000000000,0.026940537587,1.543579101563,0.200000000000,
0.000000000000,0.027132285186,1.554565429688,0.200000000000,
0.000000000000,0.027324032784,1.565551757812,0.200000000000,
0.000000000000,0.027611654182,1.582031250000,0.200000000000,
0.000000000000,0.027803401780,1.593017578125,0.200000000000,
0.000000000000,0.027947212479,1.601257324219,0.200000000000,
0.000000000000,0.027947212479,1.601257324219,0.200000000000,
0.000000000000,0.028138960078,1.612243652344,0.200000000000,
0.000000000000,0.028330707676,1.623229980469,0.200000000000,
0.000000000000,0.028618329074,1.639709472656,0.200000000000,
0.000000000000,0.028810076672,1.650695800781,0.200000000000,
0.000000000000,0.028953887371,1.658935546875,0.200000000000,
0.000000000000,0.028953887371,1.658935546875,0.200000000000,
0.000000000000,0.029145634970,1.669921875000,0.200000000000,
0.000000000000,0.029337382568,1.680908203125,0.200000000000,
0.000000000000,0.029625003966,1.697387695313,0.200000000000,
0.000000000000,0.029816751565,1.708374023437,0.200000000000,
0.000000000000,0.029912625364,1.713867187500,0.200000000000,
0.000000000000,0.029912625364,1.713867187500,0.200000000000,
0.000000000000,0.030200246761,1.730346679688,0.200000000000,
0.000000000000,0.030344057460,1.738586425781,0.200000000000,
0.000000000000,0.030535805059,1.749572753906,0.200000000000,
0.000000000000,0.030727552657,1.760559082031,0.200000000000,
0.000000000000,0.030919300256,1.771545410156,0.200000000000,
0.000000000000,0.030919300256,1.771545410156,0.200000000000,
0.000000000000,0.031206921654,1.788024902344,0.200000000000,
0.000000000000,0.031398669252,1.799011230469,0.200000000000,
0.000000000000,0.031542479951,1.807250976563,0.200000000000,
0.000000000000,0.031830101349,1.823730468750,0.200000000000,
0.000000000000,0.031973912047,1.831970214844,0.200000000000,
0.000000000000,0.031973912047,1.831970214844,0.200000000000,
0.000000000000,0.032165659646,1.842956542969,0.200000000000,
0.000000000000,0.032453281044,1.859436035156,0.200000000000,
0.000000000000,0.032645028642,1.870422363281,0.200000000000,
0.000000000000,0.032836776241,1.881408691406,0.200000000000,
0.000000000000,0.032980586940,1.889648437500,0.200000000000,
0.000000000000,0.032980586940,1.889648437500,0.200000000000,
0.000000000000,0.033172334538,1.900634765625,0.200000000000,
0.000000000000,0.033459955936,1.917114257813,0.200000000000,
0.000000000000,0.033555829735,1.922607421875,0.200000000000,
0.000000000000,0.033843451133,1.939086914062,0.200000000000,
0.000000000000,0.033987261832,1.947326660156,0.200000000000,
0.000000000000,0.033987261832,1.947326660156,0.200000000000,
0.000000000000,0.034179009430,1.958312988281,0.200000000000,
0.000000000000,0.034370757029,1.969299316406,0.200000000000,
0.000000000000,0.034658378426,1.985778808594,0.200000000000,
0.000000000000,0.034850126025,1.996765136719,0.200000000000,
0.000000000000,0.034993936724,2.005004882813,0.200000000000,
0.000000000000,0.034993936724,2.005004882813,0.200000000000,
0.000000000000,0.035185684322,2.015991210937,0.200000000000,
0.000000000000,0.035377431921,2.026977539062,0.200000000000,
0.000000000000,0.035569179519,2.037963867188,0.200000000000,
0.000000000000,0.035856800917,2.054443359375,0.200000000000,
0.000000000000,0.036048548515,2.065429687500,0.200000000000,
0.000000000000,0.036048548515,2.065429687500,0.200000000000,
0.000000000000,0.036192359214,2.073669433594,0.200000000000,
0.000000000000,0.036384106813,2.084655761719,0.200000000000,
0.000000000000,0.036575854411,2.095642089844,0.200000000000,
0.000000000000,0.036767602010,2.106628417969,0.200000000000,
0.000000000000,0.036959349608,2.117614746094,0.200000000000,
0.000000000000,0.036959349608,2.117614746094,0.200000000000,
0.000000000000,0.037151097207,2.128601074219,0.200000000000,
0.000000000000,0.037438718604,2.145080566406,0.200000000000,
0.000000000000,0.037630466203,2.156066894531,0.200000000000,
0.000000000000,0.037822213801,2.167053222656,0.200000000000,
0.000000000000,0.037966024500,2.175292968750,0.200000000000,
0.000000000000,0.037966024500,2.175292968750,0.200000000000,
0.000000000000,0.038157772099,2.186279296875,0.200000000000,
0.000000000000,0.038349519697,2.197265625000,0.200000000000,
0.000000000000,0.038589204195,2.210998535156,0.200000000000,
0.000000000000,0.038733014894,2.219238281250,0.200000000000,
0.000000000000,0.038924762493,2.230224609375,0.200000000000,
0.000000000000,0.038924762493,2.230224609375,0.200000000000,
0.000000000000,0.039116510091,2.241210937500,0.200000000000,
0.000000000000,0.039308257690,2.252197265625,0.200000000000,
0.000000000000,0.039500005288,2.263183593750,0.200000000000,
0.000000000000,0.039691752887,2.274169921875,0.200000000000,
0.000000000000,0.039883500485,2.285156250000,0.200000000000,
0.000000000000,0.039883500485,2.285156250000,0.200000000000,
0.000000000000,0.040075248084,2.296142578125,0.200000000000,
0.000000000000,0.040362869481,2.312622070312,0.200000000000,
0.000000000000,0.040458743280,2.318115234375,0.200000000000,
0.000000000000,0.040746364678,2.334594726563,0.200000000000,
0.000000000000,0.040842238477,2.340087890625,0.200000000000,
0.000000000000,0.040842238477,2.340087890625,0.200000000000,
0.000000000000,0.041033986076,2.351074218750,0.200000000000,
0.000000000000,0.041225733674,2.362060546875,0.200000000000,
0.000000000000,0.041417481273,2.373046875000,0.200000000000,
0.000000000000,0.041609228871,2.384033203125,0.200000000000,
0.000000000000,0.041800976470,2.395019531250,0.200000000000,
0.000000000000,0.041800976470,2.395019531250,0.200000000000,
0.000000000000,0.041992724068,2.406005859375,0.200000000000,
0.000000000000,0.042184471667,2.416992187500,0.200000000000,
0.000000000000,0.042424156165,2.430725097656,0.200000000000,
0.000000000000,0.042567966864,2.438964843750,0.200000000000,
0.000000000000,0.042759714462,2.449951171875,0.200000000000,
0.000000000000,0.042759714462,2.449951171875,0.200000000000,
0.000000000000,0.042951462061,2.460937500000,0.200000000000,
0.000000000000,0.043143209659,2.471923828125,0.200000000000,
0.000000000000,0.043430831057,2.488403320313,0.200000000000,
0.000000000000,0.043622578655,2.499389648437,0.200000000000,
0.000000000000,0.043766389354,2.507629394531,0.200000000000,
0.000000000000,0.043766389354,2.507629394531,0.200000000000,
0.000000000000,0.043958136953,2.518615722656,0.200000000000,
0.000000000000,0.044149884551,2.529602050781,0.200000000000,
0.000000000000,0.044389569049,2.543334960937,0.200000000000,
0.000000000000,0.044533379748,2.551574707031,0.200000000000,
0.000000000000,0.044725127347,2.562561035156,0.200000000000,
0.000000000000,0.044725127347,2.562561035156,0.200000000000,
0.000000000000,0.044916874945,2.573547363281,0.200000000000,
0.000000000000,0.045108622544,2.584533691406,0.200000000000,
0.000000000000,0.045396243941,2.601013183594,0.200000000000,
0.000000000000,0.045587991540,2.611999511719,0.200000000000,
0.000000000000,0.045779739138,2.622985839844,0.200000000000,
0.000000000000,0.045779739138,2.622985839844,0.200000000000,
0.000000000000,0.045923549837,2.631225585938,0.200000000000,
0.000000000000,0.046163234335,2.644958496094,0.200000000000,
0.000000000000,0.046307045034,2.653198242187,0.200000000000,
0.000000000000,0.046498792633,2.664184570313,0.200000000000,
0.000000000000,0.046786414031,2.680664062500,0.200000000000,
0.000000000000,0.046786414031,2.680664062500,0.200000000000,
0.000000000000,0.046930224729,2.688903808594,0.200000000000,
0.000000000000,0.047121972328,2.699890136719,0.200000000000,
0.000000000000,0.047313719926,2.710876464844,0.200000000000,
0.000000000000,0.047457530625,2.719116210937,0.200000000000,
0.000000000000,0.047649278224,2.730102539062,0.200000000000,
0.000000000000,0.047649278224,2.730102539062,0.200000000000,
0.000000000000,0.047936899621,2.746582031250,0.200000000000,
0.000000000000,0.048128647220,2.757568359375,0.200000000000,
0.000000000000,0.048320394818,2.768554687500,0.200000000000,
0.000000000000,0.048512142417,2.779541015625,0.200000000000,
0.000000000000,0.048655953116,2.787780761719,0.200000000000,
0.000000000000,0.048655953116,2.787780761719,0.200000000000,
0.000000000000,0.048847700714,2.798767089844,0.200000000000,
0.000000000000,0.049039448313,2.809753417969,0.200000000000,
0.000000000000,0.049231195911,2.820739746094,0.200000000000,
0.000000000000,0.049518817309,2.837219238281,0.200000000000,
0.000000000000,0.049662628008,2.845458984375,0.200000000000,
0.000000000000,0.049662628008,2.845458984375,0.200000000000,
0.000000000000,0.049854375606,2.856445312500,0.200000000000,
0.000000000000,0.050141997004,2.872924804687,0.200000000000,
0.000000000000,0.050333744602,2.883911132813,0.200000000000,
0.000000000000,0.050525492201,2.894897460938,0.200000000000,
0.000000000000,0.050669302900,2.903137207031,0.200000000000,
0.000000000000,0.050669302900,2.903137207031,0.200000000000,
0.000000000000,0.050861050498,2.914123535156,0.200000000000,
0.000000000000,0.051148671896,2.930603027344,0.200000000000,
0.000000000000,0.051292482595,2.938842773437,0.200000000000,
0.000000000000,0.051484230193,2.949829101562,0.200000000000,
0.000000000000,0.051675977792,2.960815429688,0.200000000000,
0.000000000000,0.051675977792,2.960815429688,0.200000000000,
0.000000000000,0.051963599190,2.977294921875,0.200000000000,
0.000000000000,0.052107409888,2.985534667969,0.200000000000,
0.000000000000,0.052299157487,2.996520996094,0.200000000000,
0.000000000000,0.052538841985,3.010253906250,0.200000000000,
0.000000000000,0.052730589584,3.021240234375,0.200000000000,
0.000000000000,0.052730589584,3.021240234375,0.200000000000,
0.000000000000,0.053018210981,3.037719726563,0.200000000000,
0.000000000000,0.053114084781,3.043212890625,0.200000000000,
0.000000000000,0.053353769279,3.056945800781,0.200000000000,
0.000000000000,0.053545516877,3.067932128906,0.200000000000,
0.000000000000,0.053833138275,3.084411621094,0.200000000000,
0.000000000000,0.053833138275,3.084411621094,0.200000000000,
0.000000000000,0.054024885873,3.095397949219,0.200000000000,
0.000000000000,0.054168696572,3.103637695312,0.200000000000,
0.000000000000,0.054456317970,3.120117187500,0.200000000000,
0.000000000000,0.054648065568,3.131103515625,0.200000000000,
0.000000000000,0.054791876267,3.139343261719,0.200000000000,
0.000000000000,0.054791876267,3.139343261719,0.200000000000,
0.000000000000,0.054983623866,3.150329589844,0.200000000000,
0.000000000000,0.055271245264,3.166809082031,0.200000000000,
0.000000000000,0.055415055962,3.175048828125,0.200000000000,
0.000000000000,0.055606803561,3.186035156250,0.200000000000,
0.000000000000,0.055894424959,3.202514648437,0.200000000000,
0.000000000000,0.055894424959,3.202514648437,0.200000000000,
0.000000000000,0.056038235657,3.210754394531,0.200000000000,
0.000000000000,0.056325857055,3.227233886719,0.200000000000,
0.000000000000,0.056517604654,3.238220214844,0.200000000000,
0.000000000000,0.056661415353,3.246459960937,0.200000000000,
0.000000000000,0.056901099851,3.260192871094,0.200000000000,
0.000000000000,0.056901099851,3.260192871094,0.200000000000,
0.000000000000,0.057092847449,3.271179199219,0.200000000000,
0.000000000000,0.057380468847,3.287658691406,0.200000000000,
0.000000000000,0.057572216445,3.298645019531,0.200000000000,
0.000000000000,0.057716027144,3.306884765625,0.200000000000,
0.000000000000,0.058003648542,3.323364257812,0.200000000000,
0.000000000000,0.058003648542,3.323364257812,0.200000000000,
0.000000000000,0.058147459241,3.331604003906,0.200000000000,
0.000000000000,0.058339206839,3.342590332031,0.200000000000,
0.000000000000,0.058530954438,3.353576660156,0.200000000000,
0.000000000000,0.058770638936,3.367309570313,0.200000000000,
0.000000000000,0.058962386534,3.378295898438,0.200000000000,
0.000000000000,0.058962386534,3.378295898438,0.200000000000,
0.000000000000,0.059250007932,3.394775390625,0.200000000000,
0.000000000000,0.059393818631,3.403015136719,0.200000000000,
0.000000000000,0.059585566229,3.414001464844,0.200000000000,
0.000000000000,0.059873187627,3.430480957031,0.200000000000,
0.000000000000,0.060064935226,3.441467285156,0.200000000000,
0.000000000000,0.060064935226,3.441467285156,0.200000000000,
0.000000000000,0.060208745925,3.449707031250,0.200000000000,
0.000000000000,0.060496367322,3.466186523437,0.200000000000,
0.000000000000,0.060640178021,3.474426269531,0.200000000000,
0.000000000000,0.060831925620,3.485412597656,0.200000000000,
0.000000000000,0.061023673218,3.496398925781,0.200000000000,
0.000000000000,0.061023673218,3.496398925781,0.200000000000,
0.000000000000,0.061263357716,3.510131835937,0.200000000000,
0.000000000000,0.061455105315,3.521118164063,0.200000000000,
0.000000000000,0.061646852913,3.532104492188,0.200000000000,
0.000000000000,0.061886537411,3.545837402344,0.200000000000,
0.000000000000,0.062078285010,3.556823730469,0.200000000000,
0.000000000000,0.062078285010,3.556823730469,0.200000000000,
0.000000000000,0.062270032608,3.567810058594,0.200000000000,
0.000000000000,0.062557654006,3.584289550781,0.200000000000,
0.000000000000,0.062749401604,3.595275878906,0.200000000000,
0.000000000000,0.062893212303,3.603515625000,0.200000000000,
0.000000000000,0.063084959902,3.614501953125,0.200000000000,
0.000000000000,0.063084959902,3.614501953125,0.200000000000,
0.000000000000,0.063372581300,3.630981445313,0.200000000000,
0.000000000000,0.063516391998,3.639221191406,0.200000000000,
0.000000000000,0.063804013396,3.655700683594,0.200000000000,
0.000000000000,0.063947824095,3.663940429688,0.200000000000,
0.000000000000,0.064187508593,3.677673339844,0.200000000000,
0.000000000000,0.064187508593,3.677673339844,0.200000000000,
0.000000000000,0.064475129991,3.694152832031,0.200000000000,
0.000000000000,0.064666877589,3.705139160156,0.200000000000,
0.000000000000,0.064858625188,3.716125488281,0.200000000000,
0.000000000000,0.065002435887,3.724365234375,0.200000000000,
0.000000000000,0.065194183485,3.735351562500,0.200000000000,
0.000000000000,0.065194183485,3.735351562500,0.200000000000,
0.000000000000,0.065385931084,3.746337890625,0.200000000000,
0.000000000000,0.065577678682,3.757324218750,0.200000000000,
0.000000000000,0.065865300080,3.773803710937,0.200000000000,
0.000000000000,0.065961173879,3.779296875000,0.200000000000,
0.000000000000,0.066248795277,3.795776367188,0.200000000000,
0.000000000000,0.066248795277,3.795776367188,0.200000000000,
0.000000000000,0.066440542875,3.806762695312,0.200000000000,
0.000000000000,0.066584353574,3.815002441406,0.200000000000,
0.000000000000,0.066776101173,3.825988769531,0.200000000000,
0.000000000000,0.066967848771,3.836975097656,0.200000000000,
0.000000000000,0.067159596370,3.847961425781,0.200000000000,
0.000000000000,0.067159596370,3.847961425781,0.200000000000,
0.000000000000,0.067351343968,3.858947753906,0.200000000000,
0.000000000000,0.067543091567,3.869934082031,0.200000000000,
0.000000000000,0.067734839165,3.880920410156,0.200000000000,
0.000000000000,0.067926586764,3.891906738281,0.200000000000,
0.000000000000,0.068118334362,3.902893066406,0.200000000000,
0.000000000000,0.068118334362,3.902893066406,0.200000000000,
0.000000000000,0.068310081961,3.913879394531,0.200000000000,
0.000000000000,0.068597703358,3.930358886719,0.200000000000,
0.000000000000,0.068789450957,3.941345214844,0.200000000000,
0.000000000000,0.068981198555,3.952331542969,0.200000000000,
0.000000000000,0.069172946154,3.963317871094,0.200000000000,
0.000000000000,0.069172946154,3.963317871094,0.200000000000,
0.000000000000,0.069364693752,3.974304199219,0.200000000000,
0.000000000000,0.069508504451,3.982543945313,0.200000000000,
0.000000000000,0.069796125849,3.999023437500,0.200000000000,
0.000000000000,0.069891999648,4.004516601563,0.200000000000,
0.000000000000,0.070179621046,4.020996093750,0.200000000000,
0.000000000000,0.070179621046,4.020996093750,0.200000000000,
0.000000000000,0.070371368644,4.031982421875,0.200000000000,
0.000000000000,0.070515179343,4.040222167969,0.200000000000,
0.000000000000,0.070754863841,4.053955078125,0.200000000000,
0.000000000000,0.070946611440,4.064941406250,0.200000000000,
0.000000000000,0.071090422139,4.073181152344,0.200000000000,
0.000000000000,0.071090422139,4.073181152344,0.200000000000,
0.000000000000,0.071282169737,4.084167480469,0.200000000000,
0.000000000000,0.071473917336,4.095153808594,0.200000000000,
0.000000000000,0.071665664934,4.106140136719,0.200000000000,
0.000000000000,0.071857412533,4.117126464844,0.200000000000,
0.000000000000,0.072145033930,4.133605957031,0.200000000000,
0.000000000000,0.072145033930,4.133605957031,0.200000000000,
0.000000000000,0.072336781529,4.144592285156,0.200000000000,
0.000000000000,0.072528529127,4.155578613281,0.200000000000,
0.000000000000,0.072672339826,4.163818359375,0.200000000000,
0.000000000000,0.072912024324,4.177551269531,0.200000000000,
0.000000000000,0.073103771923,4.188537597656,0.200000000000,
0.000000000000,0.073103771923,4.188537597656,0.200000000000,
0.000000000000,0.073247582622,4.196777343750,0.200000000000,
0.000000000000,0.073487267120,4.210510253906,0.200000000000,
0.000000000000,0.073631077819,4.218750000000,0.200000000000,
0.000000000000,0.073822825417,4.229736328125,0.200000000000,
0.000000000000,0.074014573015,4.240722656250,0.200000000000,
0.000000000000,0.074014573015,4.240722656250,0.200000000000,
0.000000000000,0.074206320614,4.251708984375,0.200000000000,
0.000000000000,0.074398068212,4.262695312500,0.200000000000,
0.000000000000,0.074589815811,4.273681640625,0.200000000000,
0.000000000000,0.074877437209,4.290161132812,0.200000000000,
0.000000000000,0.074973311008,4.295654296875,0.200000000000,
0.000000000000,0.074973311008,4.295654296875,0.200000000000,
0.000000000000,0.075260932406,4.312133789063,0.200000000000,
0.000000000000,0.075452680004,4.323120117187,0.200000000000,
0.000000000000,0.075596490703,4.331359863281,0.200000000000,
0.000000000000,0.075836175201,4.345092773438,0.200000000000,
0.000000000000,0.075979985900,4.353332519531,0.200000000000,
0.000000000000,0.075979985900,4.353332519531,0.200000000000,
0.000000000000,0.076171733498,4.364318847656,0.200000000000,
0.000000000000,0.076459354896,4.380798339844,0.200000000000,
0.000000000000,0.076603165595,4.389038085938,0.200000000000,
0.000000000000,0.076794913194,4.400024414062,0.200000000000,
0.000000000000,0.077034597692,4.413757324219,0.200000000000,
0.000000000000,0.077034597692,4.413757324219,0.200000000000,
0.000000000000,0.077178408390,4.421997070313,0.200000000000,
0.000000000000,0.077466029788,4.438476562500,0.200000000000,
0.000000000000,0.077561903587,4.443969726562,0.200000000000,
0.000000000000,0.077849524985,4.460449218750,0.200000000000,
0.000000000000,0.077993335684,4.468688964844,0.200000000000,
0.000000000000,0.077993335684,4.468688964844,0.200000000000,
0.000000000000,0.078185083283,4.479675292969,0.200000000000,
0.000000000000,0.078376830881,4.490661621094,0.200000000000,
0.000000000000,0.078664452279,4.507141113281,0.200000000000,
0.000000000000,0.078856199877,4.518127441406,0.200000000000,
0.000000000000,0.079000010576,4.526367187500,0.200000000000,
0.000000000000,0.079000010576,4.526367187500,0.200000000000,
0.000000000000,0.079191758175,4.537353515625,0.200000000000,
0.000000000000,0.079479379572,4.553833007812,0.200000000000,
0.000000000000,0.079671127171,4.564819335938,0.200000000000,
0.000000000000,0.079862874769,4.575805664063,0.200000000000,
0.000000000000,0.080006685468,4.584045410156,0.200000000000,
0.000000000000,0.080006685468,4.584045410156,0.200000000000,
0.000000000000,0.080294306866,4.600524902344,0.200000000000,
0.000000000000,0.080438117565,4.608764648438,0.200000000000,
0.000000000000,0.080629865163,4.619750976562,0.200000000000,
0.000000000000,0.080821612762,4.630737304688,0.200000000000,
0.000000000000,0.081109234159,4.647216796875,0.200000000000,
0.000000000000,0.081109234159,4.647216796875,0.200000000000,
0.000000000000,0.081253044858,4.655456542969,0.200000000000,
0.000000000000,0.081444792457,4.666442871094,0.200000000000,
0.000000000000,0.081636540055,4.677429199219,0.200000000000,
0.000000000000,0.081924161453,4.693908691406,0.200000000000,
0.000000000000,0.082067972152,4.702148437500,0.200000000000,
0.000000000000,0.082067972152,4.702148437500,0.200000000000,
0.000000000000,0.082259719750,4.713134765625,0.200000000000,
0.000000000000,0.082547341148,4.729614257812,0.200000000000,
0.000000000000,0.082691151847,4.737854003906,0.200000000000,
0.000000000000,0.082930836345,4.751586914063,0.200000000000,
0.000000000000,0.083170520843,4.765319824219,0.200000000000,
0.000000000000,0.083170520843,4.765319824219,0.200000000000,
0.000000000000,0.083314331542,4.773559570312,0.200000000000,
0.000000000000,0.083554016040,4.787292480469,0.200000000000,
0.000000000000,0.083697826739,4.795532226563,0.200000000000,
0.000000000000,0.083985448137,4.812011718750,0.200000000000,
0.000000000000,0.084177195735,4.822998046875,0.200000000000,
0.000000000000,0.084177195735,4.822998046875,0.200000000000,
0.000000000000,0.084321006434,4.831237792969,0.200000000000,
0.000000000000,0.084512754033,4.842224121094,0.200000000000,
0.000000000000,0.084800375430,4.858703613281,0.200000000000,
0.000000000000,0.084944186129,4.866943359375,0.200000000000,
0.000000000000,0.085135933728,4.877929687500,0.200000000000,
0.000000000000,0.085135933728,4.877929687500,0.200000000000,
0.000000000000,0.085327681326,4.888916015625,0.200000000000,
0.000000000000,0.085567365824,4.902648925781,0.200000000000,
0.000000000000,0.085759113423,4.913635253906,0.200000000000,
0.000000000000,0.085950861021,4.924621582031,0.200000000000,
0.000000000000,0.086142608620,4.935607910156,0.200000000000,
0.000000000000,0.086142608620,4.935607910156,0.200000000000,
0.000000000000,0.086430230017,4.952087402344,0.200000000000,
0.000000000000,0.086574040716,4.960327148437,0.200000000000,
0.000000000000,0.086765788315,4.971313476563,0.200000000000,
0.000000000000,0.087053409713,4.987792968750,0.200000000000,
0.000000000000,0.087197220411,4.996032714844,0.200000000000,
0.000000000000,0.087197220411,4.996032714844,0.200000000000,
0.000000000000,0.087388968010,5.007019042969,0.200000000000,
0.000000000000,0.087580715608,5.018005371094,0.200000000000,
0.000000000000,0.087868337006,5.034484863281,0.200000000000,
0.000000000000,0.088012147705,5.042724609375,0.200000000000,
0.000000000000,0.088203895303,5.053710937500,0.200000000000,
0.000000000000,0.088203895303,5.053710937500,0.200000000000,
0.000000000000,0.088395642902,5.064697265625,0.200000000000,
0.000000000000,0.088587390500,5.075683593750,0.200000000000,
0.000000000000,0.088827074999,5.089416503906,0.200000000000,
0.000000000000,0.089066759497,5.103149414062,0.200000000000,
0.000000000000,0.089210570195,5.111389160156,0.200000000000,
0.000000000000,0.089210570195,5.111389160156,0.200000000000,
0.000000000000,0.089402317794,5.122375488281,0.200000000000,
0.000000000000,0.089594065392,5.133361816406,0.200000000000,
0.000000000000,0.089785812991,5.144348144531,0.200000000000,
0.000000000000,0.090025497489,5.158081054688,0.200000000000,
0.000000000000,0.090265181987,5.171813964844,0.200000000000,
0.000000000000,0.090265181987,5.171813964844,0.200000000000,
0.000000000000,0.090408992686,5.180053710937,0.200000000000,
0.000000000000,0.090600740284,5.191040039063,0.200000000000,
0.000000000000,0.090792487883,5.202026367188,0.200000000000,
0.000000000000,0.091080109281,5.218505859375,0.200000000000,
0.000000000000,0.091175983080,5.223999023438,0.200000000000,
0.000000000000,0.091175983080,5.223999023438,0.200000000000,
0.000000000000,0.091463604478,5.240478515625,0.200000000000,
0.000000000000,0.091655352076,5.251464843750,0.200000000000,
0.000000000000,0.091847099675,5.262451171875,0.200000000000,
0.000000000000,0.091990910374,5.270690917969,0.200000000000,
0.000000000000,0.092182657972,5.281677246094,0.200000000000,
0.000000000000,0.092182657972,5.281677246094,0.200000000000,
0.000000000000,0.092374405570,5.292663574219,0.200000000000,
0.000000000000,0.092566153169,5.303649902344,0.200000000000,
0.000000000000,0.092757900767,5.314636230469,0.200000000000,
0.000000000000,0.092949648366,5.325622558594,0.200000000000,
0.000000000000,0.093141395964,5.336608886719,0.200000000000,
0.000000000000,0.093141395964,5.336608886719,0.200000000000,
0.000000000000,0.093429017362,5.353088378906,0.200000000000,
0.000000000000,0.093524891161,5.358581542969,0.200000000000,
0.000000000000,0.093812512559,5.375061035156,0.200000000000,
0.000000000000,0.094004260158,5.386047363281,0.200000000000,
0.000000000000,0.094100133957,5.391540527344,0.200000000000,
0.000000000000,0.094100133957,5.391540527344,0.200000000000,
0.000000000000,0.094291881555,5.402526855469,0.200000000000,
0.000000000000,0.094579502953,5.419006347656,0.200000000000,
0.000000000000,0.094771250552,5.429992675781,0.200000000000,
0.000000000000,0.094867124351,5.435485839844,0.200000000000,
0.000000000000,0.095058871949,5.446472167969,0.200000000000,
0.000000000000,0.095058871949,5.446472167969,0.200000000000,
0.000000000000,0.095346493347,5.462951660156,0.200000000000,
0.000000000000,0.095538240946,5.473937988281,0.200000000000,
0.000000000000,0.095682051644,5.482177734375,0.200000000000,
0.000000000000,0.095873799243,5.493164062500,0.200000000000,
0.000000000000,0.096065546841,5.504150390625,0.200000000000,
0.000000000000,0.096065546841,5.504150390625,0.200000000000,
0.000000000000,0.096257294440,5.515136718750,0.200000000000,
0.000000000000,0.096544915838,5.531616210938,0.200000000000,
0.000000000000,0.096736663436,5.542602539063,0.200000000000,
0.000000000000,0.096928411035,5.553588867187,0.200000000000,
0.000000000000,0.097072221733,5.561828613281,0.200000000000,
0.000000000000,0.097072221733,5.561828613281,0.200000000000,
0.000000000000,0.097263969332,5.572814941406,0.200000000000,
0.000000000000,0.097455716930,5.583801269531,0.200000000000,
0.000000000000,0.097647464529,5.594787597656,0.200000000000,
0.000000000000,0.097935085927,5.611267089844,0.200000000000,
0.000000000000,0.098030959726,5.616760253906,0.200000000000,
0.000000000000,0.098030959726,5.616760253906,0.200000000000,
0.000000000000,0.098318581124,5.633239746094,0.200000000000,
0.000000000000,0.098510328722,5.644226074219,0.200000000000,
0.000000000000,0.098654139421,5.652465820313,0.200000000000,
0.000000000000,0.098845887019,5.663452148437,0.200000000000,
0.000000000000,0.099037634618,5.674438476563,0.200000000000,
0.000000000000,0.099037634618,5.674438476563,0.200000000000,
0.000000000000,0.099277319116,5.688171386719,0.200000000000,
0.000000000000,0.099421129815,5.696411132813,0.200000000000,
0.000000000000,0.099612877413,5.707397460937,0.200000000000,
0.000000000000,0.099804625012,5.718383789063,0.200000000000,
0.000000000000,0.099996372610,5.729370117188,0.200000000000,
0.000000000000,0.099996372610,5.729370117188,0.200000000000,
0.000000000000,0.100188120209,5.740356445312,0.200000000000,
0.000000000000,0.100475741607,5.756835937500,0.200000000000,
0.000000000000,0.100571615406,5.762329101563,0.200000000000,
0.000000000000,0.100859236803,5.778808593750,0.200000000000,
0.000000000000,0.101003047502,5.787048339844,0.200000000000,
0.000000000000,0.101003047502,5.787048339844,0.200000000000,
0.000000000000,0.101194795101,5.798034667969,0.200000000000,
0.000000000000,0.101482416499,5.814514160156,0.200000000000,
0.000000000000,0.101578290298,5.820007324219,0.200000000000,
0.000000000000,0.101770037896,5.830993652344,0.200000000000,
0.000000000000,0.102057659294,5.847473144531,0.200000000000,
0.000000000000,0.102057659294,5.847473144531,0.200000000000,
0.000000000000,0.102249406893,5.858459472656,0.200000000000,
0.000000000000,0.102393217591,5.866699218750,0.200000000000,
0.000000000000,0.102632902089,5.880432128906,0.200000000000,
0.000000000000,0.102776712788,5.888671875000,0.200000000000,
0.000000000000,0.103064334186,5.905151367188,0.200000000000,
0.000000000000,0.103064334186,5.905151367188,0.200000000000,
0.000000000000,0.103256081785,5.916137695313,0.200000000000,
0.000000000000,0.103447829383,5.927124023437,0.200000000000,
0.000000000000,0.103591640082,5.935363769531,0.200000000000,
0.000000000000,0.103783387680,5.946350097656,0.200000000000,
0.000000000000,0.104071009078,5.962829589844,0.200000000000,
0.000000000000,0.104071009078,5.962829589844,0.200000000000,
0.000000000000,0.104214819777,5.971069335938,0.200000000000,
0.000000000000,0.104454504275,5.984802246094,0.200000000000,
0.000000000000,0.104598314974,5.993041992188,0.200000000000,
0.000000000000,0.104885936372,6.009521484375,0.200000000000,
0.000000000000,0.105077683970,6.020507812500,0.200000000000,
0.000000000000,0.105077683970,6.020507812500,0.200000000000,
0.000000000000,0.105221494669,6.028747558594,0.200000000000,
0.000000000000,0.105413242268,6.039733886719,0.200000000000,
0.000000000000,0.105700863665,6.056213378906,0.200000000000,
0.000000000000,0.105892611264,6.067199707031,0.200000000000,
0.000000000000,0.106036421963,6.075439453125,0.200000000000,
0.000000000000,0.106036421963,6.075439453125,0.200000000000,
0.000000000000,0.106324043360,6.091918945313,0.200000000000,
0.000000000000,0.106467854059,6.100158691406,0.200000000000,
0.000000000000,0.106659601658,6.111145019531,0.200000000000,
0.000000000000,0.106947223055,6.127624511719,0.200000000000,
0.000000000000,0.107091033754,6.135864257813,0.200000000000,
0.000000000000,0.107091033754,6.135864257813,0.200000000000,
0.000000000000,0.107330718252,6.149597167969,0.200000000000,
0.000000000000,0.107474528951,6.157836914063,0.200000000000,
0.000000000000,0.107762150349,6.174316406250,0.200000000000,
0.000000000000,0.107905961048,6.182556152344,0.200000000000,
0.000000000000,0.108097708646,6.193542480469,0.200000000000,
0.000000000000,0.108097708646,6.193542480469,0.200000000000,
0.000000000000,0.108385330044,6.210021972656,0.200000000000,
0.000000000000,0.108529140743,6.218261718750,0.200000000000,
0.000000000000,0.108720888341,6.229248046875,0.200000000000,
0.000000000000,0.109008509739,6.245727539063,0.200000000000,
0.000000000000,0.109152320438,6.253967285156,0.200000000000,
0.000000000000,0.109152320438,6.253967285156,0.200000000000,
0.000000000000,0.109439941836,6.270446777344,0.200000000000,
0.000000000000,0.109631689434,6.281433105469,0.200000000000,
0.000000000000,0.109775500133,6.289672851563,0.200000000000,
0.000000000000,0.110063121531,6.306152343750,0.200000000000,
0.000000000000,0.110206932230,6.314392089844,0.200000000000,
0.000000000000,0.110206932230,6.314392089844,0.200000000000,
0.000000000000,0.110494553627,6.330871582031,0.200000000000,
0.000000000000,0.110686301226,6.341857910156,0.200000000000,
0.000000000000,0.110830111925,6.350097656250,0.200000000000,
0.000000000000,0.111117733322,6.366577148438,0.200000000000,
0.000000000000,0.111261544021,6.374816894531,0.200000000000,
0.000000000000,0.111261544021,6.374816894531,0.200000000000,
0.000000000000,0.111549165419,6.391296386719,0.200000000000,
0.000000000000,0.111740913018,6.402282714844,0.200000000000,
0.000000000000,0.111884723716,6.410522460937,0.200000000000,
0.000000000000,0.112076471315,6.421508789063,0.200000000000,
0.000000000000,0.112364092713,6.437988281250,0.200000000000,
0.000000000000,0.112364092713,6.437988281250,0.200000000000,
0.000000000000,0.112507903411,6.446228027344,0.200000000000,
0.000000000000,0.112699651010,6.457214355469,0.200000000000,
0.000000000000,0.112987272408,6.473693847656,0.200000000000,
0.000000000000,0.113179020006,6.484680175781,0.200000000000,
0.000000000000,0.113322830705,6.492919921875,0.200000000000,
0.000000000000,0.113322830705,6.492919921875,0.200000000000,
0.000000000000,0.113514578304,6.503906250000,0.200000000000,
0.000000000000,0.113706325902,6.514892578125,0.200000000000,
0.000000000000,0.113946010400,6.528625488281,0.200000000000,
0.000000000000,0.114137757999,6.539611816406,0.200000000000,
0.000000000000,0.114425379396,6.556091308594,0.200000000000,
0.000000000000,0.114425379396,6.556091308594,0.200000000000,
0.000000000000,0.114569190095,6.564331054688,0.200000000000,
0.000000000000,0.114760937694,6.575317382813,0.200000000000,
0.000000000000,0.114952685292,6.586303710938,0.200000000000,
0.000000000000,0.115144432891,6.597290039062,0.200000000000,
0.000000000000,0.115432054288,6.613769531250,0.200000000000,
0.000000000000,0.115432054288,6.613769531250,0.200000000000,
0.000000000000,0.115575864987,6.622009277344,0.200000000000,
0.000000000000,0.115767612586,6.632995605469,0.200000000000,
0.000000000000,0.115959360184,6.643981933594,0.200000000000,
0.000000000000,0.116246981582,6.660461425781,0.200000000000,
0.000000000000,0.116438729180,6.671447753906,0.200000000000,
0.000000000000,0.116438729180,6.671447753906,0.200000000000,
0.000000000000,0.116630476779,6.682434082031,0.200000000000,
0.000000000000,0.116774287478,6.690673828125,0.200000000000,
0.000000000000,0.116966035076,6.701660156250,0.200000000000,
0.000000000000,0.117253656474,6.718139648438,0.200000000000,
0.000000000000,0.117397467173,6.726379394531,0.200000000000,
0.000000000000,0.117397467173,6.726379394531,0.200000000000,
0.000000000000,0.117589214771,6.737365722656,0.200000000000,
0.000000000000,0.117780962370,6.748352050781,0.200000000000,
0.000000000000,0.118116520667,6.767578125000,0.200000000000,
0.000000000000,0.118164457567,6.770324707031,0.200000000000,
0.000000000000,0.118356205165,6.781311035156,0.200000000000,
0.000000000000,0.118356205165,6.781311035156,0.200000000000,
0.000000000000,0.118643826563,6.797790527344,0.200000000000,
0.000000000000,0.118835574162,6.808776855469,0.200000000000,
0.000000000000,0.119027321760,6.819763183594,0.200000000000,
0.000000000000,0.119219069358,6.830749511719,0.200000000000,
0.000000000000,0.119410816957,6.841735839844,0.200000000000,
0.000000000000,0.119410816957,6.841735839844,0.200000000000,
0.000000000000,0.119506690756,6.847229003906,0.200000000000,
0.000000000000,0.119794312154,6.863708496094,0.200000000000,
0.000000000000,0.119986059752,6.874694824219,0.200000000000,
0.000000000000,0.120129870451,6.882934570313,0.200000000000,
0.000000000000,0.120369554949,6.896667480469,0.200000000000,
0.000000000000,0.120369554949,6.896667480469,0.200000000000,
0.000000000000,0.120561302548,6.907653808594,0.200000000000,
0.000000000000,0.120657176347,6.913146972656,0.200000000000,
0.000000000000,0.120848923946,6.924133300781,0.200000000000,
0.000000000000,0.121040671544,6.935119628906,0.200000000000,
0.000000000000,0.121232419143,6.946105957031,0.200000000000,
0.000000000000,0.121232419143,6.946105957031,0.200000000000,
0.000000000000,0.121520040540,6.962585449219,0.200000000000,
0.000000000000,0.121711788139,6.973571777344,0.200000000000,
0.000000000000,0.121903535737,6.984558105469,0.200000000000,
0.000000000000,0.122095283336,6.995544433594,0.200000000000,
0.000000000000,0.122239094035,7.003784179688,0.200000000000,
0.000000000000,0.122239094035,7.003784179688,0.200000000000,
0.000000000000,0.122430841633,7.014770507813,0.200000000000,
0.000000000000,0.122622589232,7.025756835938,0.200000000000,
0.000000000000,0.122814336830,7.036743164063,0.200000000000,
0.000000000000,0.123006084429,7.047729492188,0.200000000000,
0.000000000000,0.123293705826,7.064208984375,0.200000000000,
0.000000000000,0.123293705826,7.064208984375,0.200000000000,
0.000000000000,0.123389579626,7.069702148438,0.200000000000,
0.000000000000,0.123677201023,7.086181640625,0.200000000000,
0.000000000000,0.123821011722,7.094421386719,0.200000000000,
0.000000000000,0.124060696220,7.108154296875,0.200000000000,
0.000000000000,0.124252443819,7.119140625000,0.200000000000,
0.000000000000,0.124252443819,7.119140625000,0.200000000000,
0.000000000000,0.124396254518,7.127380371094,0.200000000000,
0.000000000000,0.124588002116,7.138366699219,0.200000000000,
0.000000000000,0.124779749715,7.149353027344,0.200000000000,
0.000000000000,0.124971497313,7.160339355469,0.200000000000,
0.000000000000,0.125211181811,7.174072265625,0.200000000000,
0.000000000000,0.125211181811,7.174072265625,0.200000000000,
0.000000000000,0.125354992510,7.182312011719,0.200000000000,
0.000000000000,0.125546740109,7.193298339844,0.200000000000,
0.000000000000,0.125738487707,7.204284667969,0.200000000000,
0.000000000000,0.125930235305,7.215270996094,0.200000000000,
0.000000000000,0.126121982904,7.226257324219,0.200000000000,
0.000000000000,0.126121982904,7.226257324219,0.200000000000,
0.000000000000,0.126313730502,7.237243652344,0.200000000000,
0.000000000000,0.126505478101,7.248229980469,0.200000000000,
0.000000000000,0.126697225699,7.259216308594,0.200000000000,
0.000000000000,0.126888973298,7.270202636719,0.200000000000,
0.000000000000,0.127080720896,7.281188964844,0.200000000000,
0.000000000000,0.127080720896,7.281188964844,0.200000000000,
0.000000000000,0.127272468495,7.292175292969,0.200000000000,
0.000000000000,0.127464216093,7.303161621094,0.200000000000,
0.000000000000,0.127751837491,7.319641113281,0.200000000000,
0.000000000000,0.127847711290,7.325134277344,0.200000000000,
0.000000000000,0.128135332688,7.341613769531,0.200000000000,
0.000000000000,0.128135332688,7.341613769531,0.200000000000,
0.000000000000,0.128327080287,7.352600097656,0.200000000000,
0.000000000000,0.128470890985,7.360839843750,0.200000000000,
0.000000000000,0.128662638584,7.371826171875,0.200000000000,
0.000000000000,0.128854386182,7.382812500000,0.200000000000,
0.000000000000,0.129046133781,7.393798828125,0.200000000000,
0.000000000000,0.129046133781,7.393798828125,0.200000000000,
0.000000000000,0.129237881379,7.404785156250,0.200000000000,
0.000000000000,0.129429628978,7.415771484375,0.200000000000,
0.000000000000,0.129621376576,7.426757812500,0.200000000000,
0.000000000000,0.129908997974,7.443237304688,0.200000000000,
0.000000000000,0.130100745573,7.454223632812,0.200000000000,
0.000000000000,0.130100745573,7.454223632812,0.200000000000,
0.000000000000,0.130244556271,7.462463378906,0.200000000000,
0.000000000000,0.130436303870,7.473449707031,0.200000000000,
0.000000000000,0.130628051468,7.484436035156,0.200000000000,
0.000000000000,0.130915672866,7.500915527344,0.200000000000,
0.000000000000,0.131107420465,7.511901855469,0.200000000000,
0.000000000000,0.131107420465,7.511901855469,0.200000000000,
0.000000000000,0.131299168063,7.522888183594,0.200000000000,
0.000000000000,0.131442978762,7.531127929688,0.200000000000,
0.000000000000,0.131634726360,7.542114257813,0.200000000000,
0.000000000000,0.131826473959,7.553100585938,0.200000000000,
0.000000000000,0.132114095357,7.569580078125,0.200000000000,
0.000000000000,0.132114095357,7.569580078125,0.200000000000,
0.000000000000,0.132305842955,7.580566406250,0.200000000000,
0.000000000000,0.132497590554,7.591552734375,0.200000000000,
0.000000000000,0.132641401252,7.599792480469,0.200000000000,
0.000000000000,0.132833148851,7.610778808594,0.200000000000,
0.000000000000,0.133120770249,7.627258300781,0.200000000000,
0.000000000000,0.133120770249,7.627258300781,0.200000000000,
0.000000000000,0.133312517847,7.638244628906,0.200000000000,
0.000000000000,0.133456328546,7.646484375000,0.200000000000,
0.000000000000,0.133648076145,7.657470703125,0.200000000000,
0.000000000000,0.133935697542,7.673950195313,0.200000000000,
0.000000000000,0.134127445141,7.684936523438,0.200000000000,
0.000000000000,0.134127445141,7.684936523438,0.200000000000,
0.000000000000,0.134319192739,7.695922851563,0.200000000000,
0.000000000000,0.134463003438,7.704162597656,0.200000000000,
0.000000000000,0.134654751037,7.715148925781,0.200000000000,
0.000000000000,0.134942372434,7.731628417969,0.200000000000,
0.000000000000,0.135134120033,7.742614746094,0.200000000000,
0.000000000000,0.135134120033,7.742614746094,0.200000000000,
0.000000000000,0.135277930732,7.750854492188,0.200000000000,
0.000000000000,0.135469678330,7.761840820313,0.200000000000,
0.000000000000,0.135661425929,7.772827148438,0.200000000000,
0.000000000000,0.135949047326,7.789306640625,0.200000000000,
0.000000000000,0.136092858025,7.797546386719,0.200000000000,
0.000000000000,0.136092858025,7.797546386719,0.200000000000,
0.000000000000,0.136284605624,7.808532714844,0.200000000000,
0.000000000000,0.136572227021,7.825012207031,0.200000000000,
0.000000000000,0.136716037720,7.833251953125,0.200000000000,
0.000000000000,0.136907785319,7.844238281250,0.200000000000,
0.000000000000,0.137195406717,7.860717773438,0.200000000000,
0.000000000000,0.137195406717,7.860717773438,0.200000000000,
0.000000000000,0.137291280516,7.866210937500,0.200000000000,
0.000000000000,0.137578901913,7.882690429688,0.200000000000,
0.000000000000,0.137722712612,7.890930175781,0.200000000000,
0.000000000000,0.137914460211,7.901916503906,0.200000000000,
0.000000000000,0.138202081609,7.918395996094,0.200000000000,
0.000000000000,0.138202081609,7.918395996094,0.200000000000,
0.000000000000,0.138393829207,7.929382324219,0.200000000000,
0.000000000000,0.138537639906,7.937622070313,0.200000000000,
0.000000000000,0.138729387504,7.948608398438,0.200000000000,
0.000000000000,0.138921135103,7.959594726563,0.200000000000,
0.000000000000,0.139112882701,7.970581054688,0.200000000000,
0.000000000000,0.139112882701,7.970581054688,0.200000000000,
0.000000000000,0.139352567199,7.984313964844,0.200000000000,
0.000000000000,0.139544314798,7.995300292969,0.200000000000,
0.000000000000,0.139736062396,8.006286621094,0.200000000000,
0.000000000000,0.140023683794,8.022766113281,0.200000000000,
0.000000000000,0.140215431393,8.033752441406,0.200000000000,
0.000000000000,0.140215431393,8.033752441406,0.200000000000,
0.000000000000,0.140359242092,8.041992187500,0.200000000000,
0.000000000000,0.140550989690,8.052978515625,0.200000000000,
0.000000000000,0.140838611088,8.069458007813,0.200000000000,
0.000000000000,0.140934484887,8.074951171875,0.200000000000,
0.000000000000,0.141222106285,8.091430664063,0.200000000000,
0.000000000000,0.141222106285,8.091430664063,0.200000000000,
0.000000000000,0.141413853883,8.102416992188,0.200000000000,
0.000000000000,0.141557664582,8.110656738281,0.200000000000,
0.000000000000,0.141749412181,8.121643066406,0.200000000000,
0.000000000000,0.141941159779,8.132629394531,0.200000000000,
0.000000000000,0.142132907378,8.143615722656,0.200000000000,
0.000000000000,0.142132907378,8.143615722656,0.200000000000,
0.000000000000,0.142420528775,8.160095214844,0.200000000000,
0.000000000000,0.142612276374,8.171081542969,0.200000000000,
0.000000000000,0.142804023972,8.182067871094,0.200000000000,
0.000000000000,0.142947834671,8.190307617188,0.200000000000,
0.000000000000,0.143139582270,8.201293945312,0.200000000000,
0.000000000000,0.143139582270,8.201293945312,0.200000000000,
0.000000000000,0.143427203667,8.217773437500,0.200000000000,
0.000000000000,0.143523077467,8.223266601563,0.200000000000,
0.000000000000,0.143714825065,8.234252929688,0.200000000000,
0.000000000000,0.144002446463,8.250732421875,0.200000000000,
0.000000000000,0.144194194061,8.261718750000,0.200000000000,
0.000000000000,0.144194194061,8.261718750000,0.200000000000,
0.000000000000,0.144385941660,8.272705078125,0.200000000000,
0.000000000000,0.144577689258,8.283691406250,0.200000000000,
0.000000000000,0.144769436857,8.294677734375,0.200000000000,
0.000000000000,0.144961184455,8.305664062500,0.200000000000,
0.000000000000,0.145104995154,8.313903808594,0.200000000000,
0.000000000000,0.145104995154,8.313903808594,0.200000000000,
0.000000000000,0.145296742753,8.324890136719,0.200000000000,
0.000000000000,0.145488490351,8.335876464844,0.200000000000,
0.000000000000,0.145680237950,8.346862792969,0.200000000000,
0.000000000000,0.145871985548,8.357849121094,0.200000000000,
0.000000000000,0.146063733146,8.368835449219,0.200000000000,
0.000000000000,0.146063733146,8.368835449219,0.200000000000,
0.000000000000,0.146255480745,8.379821777344,0.200000000000,
0.000000000000,0.146495165243,8.393554687500,0.200000000000,
0.000000000000,0.146638975942,8.401794433594,0.200000000000,
0.000000000000,0.146878660440,8.415527343750,0.200000000000,
0.000000000000,0.147070408039,8.426513671875,0.200000000000,
0.000000000000,0.147070408039,8.426513671875,0.200000000000,
0.000000000000,0.147262155637,8.437500000000,0.200000000000,
0.000000000000,0.147453903236,8.448486328125,0.200000000000,
0.000000000000,0.147597713934,8.456726074219,0.200000000000,
0.000000000000,0.147789461533,8.467712402344,0.200000000000,
0.000000000000,0.147981209131,8.478698730469,0.200000000000,
0.000000000000,0.147981209131,8.478698730469,0.200000000000,
0.000000000000,0.148172956730,8.489685058594,0.200000000000,
0.000000000000,0.148364704328,8.500671386719,0.200000000000,
0.000000000000,0.148652325726,8.517150878906,0.200000000000,
0.000000000000,0.148844073325,8.528137207031,0.200000000000,
0.000000000000,0.149035820923,8.539123535156,0.200000000000,
0.000000000000,0.149035820923,8.539123535156,0.200000000000,
0.000000000000,0.149227568522,8.550109863281,0.200000000000,
0.000000000000,0.149371379220,8.558349609375,0.200000000000,
0.000000000000,0.149563126819,8.569335937500,0.200000000000,
0.000000000000,0.149754874417,8.580322265625,0.200000000000,
0.000000000000,0.149946622016,8.591308593750,0.200000000000,
0.000000000000,0.149946622016,8.591308593750,0.200000000000,
0.000000000000,0.150234243414,8.607788085938,0.200000000000,
0.000000000000,0.150425991012,8.618774414063,0.200000000000,
0.000000000000,0.150617738611,8.629760742188,0.200000000000,
0.000000000000,0.150713612410,8.635253906250,0.200000000000,
0.000000000000,0.151001233807,8.651733398438,0.200000000000,
0.000000000000,0.151001233807,8.651733398438,0.200000000000,
0.000000000000,0.151192981406,8.662719726563,0.200000000000,
0.000000000000,0.151288855205,8.668212890625,0.200000000000,
0.000000000000,0.151576476603,8.684692382812,0.200000000000,
0.000000000000,0.151768224201,8.695678710938,0.200000000000,
0.000000000000,0.151959971800,8.706665039063,0.200000000000,
0.000000000000,0.151959971800,8.706665039063,0.200000000000,
0.000000000000,0.152151719398,8.717651367188,0.200000000000,
0.000000000000,0.152343466997,8.728637695313,0.200000000000,
0.000000000000,0.152535214595,8.739624023438,0.200000000000,
0.000000000000,0.152726962194,8.750610351563,0.200000000000,
0.000000000000,0.152870772893,8.758850097656,0.200000000000,
0.000000000000,0.152870772893,8.758850097656,0.200000000000,
0.000000000000,0.153062520491,8.769836425781,0.200000000000,
0.000000000000,0.153302204989,8.783569335938,0.200000000000,
0.000000000000,0.153446015688,8.791809082031,0.200000000000,
0.000000000000,0.153637763287,8.802795410156,0.200000000000,
0.000000000000,0.153829510885,8.813781738281,0.200000000000,
0.000000000000,0.153829510885,8.813781738281,0.200000000000,
0.000000000000,0.154021258484,8.824768066406,0.200000000000,
0.000000000000,0.154213006082,8.835754394531,0.200000000000,
0.000000000000,0.154500627480,8.852233886719,0.200000000000,
0.000000000000,0.154692375078,8.863220214844,0.200000000000,
0.000000000000,0.154836185777,8.871459960938,0.200000000000,
0.000000000000,0.154836185777,8.871459960938,0.200000000000,
0.000000000000,0.155027933376,8.882446289063,0.200000000000,
0.000000000000,0.155219680974,8.893432617188,0.200000000000,
0.000000000000,0.155507302372,8.909912109375,0.200000000000,
0.000000000000,0.155699049970,8.920898437500,0.200000000000,
0.000000000000,0.155890797569,8.931884765625,0.200000000000,
0.000000000000,0.155890797569,8.931884765625,0.200000000000,
0.000000000000,0.156082545167,8.942871093750,0.200000000000,
0.000000000000,0.156226355866,8.951110839844,0.200000000000,
0.000000000000,0.156418103465,8.962097167969,0.200000000000,
0.000000000000,0.156705724862,8.978576660156,0.200000000000,
0.000000000000,0.156801598662,8.984069824219,0.200000000000,
0.000000000000,0.156801598662,8.984069824219,0.200000000000,
0.000000000000,0.157089220059,9.000549316406,0.200000000000,
0.000000000000,0.157233030758,9.008789062500,0.200000000000,
0.000000000000,0.157424778357,9.019775390625,0.200000000000,
0.000000000000,0.157712399754,9.036254882813,0.200000000000,
0.000000000000,0.157856210453,9.044494628906,0.200000000000,
0.000000000000,0.157856210453,9.044494628906,0.200000000000,
0.000000000000,0.158047958052,9.055480957031,0.200000000000,
0.000000000000,0.158239705650,9.066467285156,0.200000000000,
0.000000000000,0.158431453249,9.077453613281,0.200000000000,
0.000000000000,0.158671137747,9.091186523438,0.200000000000,
0.000000000000,0.158958759145,9.107666015625,0.200000000000,
0.000000000000,0.158958759145,9.107666015625,0.200000000000,
0.000000000000,0.159054632944,9.113159179688,0.200000000000,
0.000000000000,0.159342254342,9.129638671875,0.200000000000,
0.000000000000,0.159534001940,9.140625000000,0.200000000000,
0.000000000000,0.159677812639,9.148864746094,0.200000000000,
0.000000000000,0.159869560237,9.159851074219,0.200000000000,
0.000000000000,0.159869560237,9.159851074219,0.200000000000,
0.000000000000,0.160061307836,9.170837402344,0.200000000000,
0.000000000000,0.160300992334,9.184570312500,0.200000000000,
0.000000000000,0.160492739933,9.195556640625,0.200000000000,
0.000000000000,0.160780361330,9.212036132813,0.200000000000,
0.000000000000,0.160924172029,9.220275878906,0.200000000000,
0.000000000000,0.160924172029,9.220275878906,0.200000000000,
0.000000000000,0.161211793427,9.236755371094,0.200000000000,
0.000000000000,0.161355604126,9.244995117188,0.200000000000,
0.000000000000,0.161547351724,9.255981445313,0.200000000000,
0.000000000000,0.161739099323,9.266967773438,0.200000000000,
0.000000000000,0.162026720720,9.283447265625,0.200000000000,
0.000000000000,0.162026720720,9.283447265625,0.200000000000,
0.000000000000,0.162170531419,9.291687011719,0.200000000000,
0.000000000000,0.162362279018,9.302673339844,0.200000000000,
0.000000000000,0.162554026616,9.313659667969,0.200000000000,
0.000000000000,0.162841648014,9.330139160156,0.200000000000,
0.000000000000,0.163081332512,9.343872070313,0.200000000000,
0.000000000000,0.163081332512,9.343872070313,0.200000000000,
0.000000000000,0.163273080111,9.354858398438,0.200000000000,
0.000000000000,0.163416890809,9.363098144531,0.200000000000,
0.000000000000,0.163608638408,9.374084472656,0.200000000000,
0.000000000000,0.163896259806,9.390563964844,0.200000000000,
0.000000000000,0.164088007404,9.401550292969,0.200000000000,
0.000000000000,0.164088007404,9.401550292969,0.200000000000,
0.000000000000,0.164231818103,9.409790039063,0.200000000000,
0.000000000000,0.164519439501,9.426269531250,0.200000000000,
0.000000000000,0.164711187099,9.437255859375,0.200000000000,
0.000000000000,0.164854997798,9.445495605469,0.200000000000,
0.000000000000,0.165046745397,9.456481933594,0.200000000000,
0.000000000000,0.165046745397,9.456481933594,0.200000000000,
0.000000000000,0.165334366794,9.472961425781,0.200000000000,
0.000000000000,0.165526114393,9.483947753906,0.200000000000,
0.000000000000,0.165669925092,9.492187500000,0.200000000000,
0.000000000000,0.165861672690,9.503173828125,0.200000000000,
0.000000000000,0.166149294088,9.519653320313,0.200000000000,
0.000000000000,0.166149294088,9.519653320313,0.200000000000,
0.000000000000,0.166293104787,9.527893066406,0.200000000000,
0.000000000000,0.166484852385,9.538879394531,0.200000000000,
0.000000000000,0.166772473783,9.555358886719,0.200000000000,
0.000000000000,0.166964221381,9.566345214844,0.200000000000,
0.000000000000,0.167108032080,9.574584960938,0.200000000000,
0.000000000000,0.167108032080,9.574584960938,0.200000000000,
0.000000000000,0.167347716578,9.588317871094,0.200000000000,
0.000000000000,0.167587401077,9.602050781250,0.200000000000,
0.000000000000,0.167779148675,9.613037109375,0.200000000000,
0.000000000000,0.167875022474,9.618530273438,0.200000000000,
0.000000000000,0.168162643872,9.635009765625,0.200000000000,
0.000000000000,0.168162643872,9.635009765625,0.200000000000,
0.000000000000,0.168306454571,9.643249511719,0.200000000000,
0.000000000000,0.168498202169,9.654235839844,0.200000000000,
0.000000000000,0.168689949768,9.665222167969,0.200000000000,
0.000000000000,0.168977571166,9.681701660156,0.200000000000,
0.000000000000,0.169121381864,9.689941406250,0.200000000000,
0.000000000000,0.169121381864,9.689941406250,0.200000000000,
0.000000000000,0.169313129463,9.700927734375,0.200000000000,
0.000000000000,0.169504877061,9.711914062500,0.200000000000,
0.000000000000,0.169792498459,9.728393554688,0.200000000000,
0.000000000000,0.169984246058,9.739379882813,0.200000000000,
0.000000000000,0.170175993656,9.750366210938,0.200000000000,
0.000000000000,0.170175993656,9.750366210938,0.200000000000,
0.000000000000,0.170367741255,9.761352539063,0.200000000000,
0.000000000000,0.170511551953,9.769592285156,0.200000000000,
0.000000000000,0.170703299552,9.780578613281,0.200000000000,
0.000000000000,0.170990920950,9.797058105469,0.200000000000,
0.000000000000,0.171182668548,9.808044433594,0.200000000000,
0.000000000000,0.171182668548,9.808044433594,0.200000000000,
0.000000000000,0.171374416147,9.819030761719,0.200000000000,
0.000000000000,0.171470289946,9.824523925781,0.200000000000,
0.000000000000,0.171757911344,9.841003417969,0.200000000000,
0.000000000000,0.171901722042,9.849243164063,0.200000000000,
0.000000000000,0.172093469641,9.860229492188,0.200000000000,
0.000000000000,0.172093469641,9.860229492188,0.200000000000,
0.000000000000,0.172333154139,9.873962402344,0.200000000000,
0.000000000000,0.172524901738,9.884948730469,0.200000000000,
0.000000000000,0.172668712436,9.893188476563,0.200000000000,
0.000000000000,0.172908396934,9.906921386719,0.200000000000,
0.000000000000,0.173052207633,9.915161132813,0.200000000000,
0.000000000000,0.173052207633,9.915161132813,0.200000000000,
0.000000000000,0.173291892131,9.928894042969,0.200000000000,
0.000000000000,0.173483639730,9.939880371094,0.200000000000,
0.000000000000,0.173627450429,9.948120117188,0.200000000000,
0.000000000000,0.173867134927,9.961853027344,0.200000000000,
0.000000000000,0.174010945626,9.970092773438,0.200000000000,
0.000000000000,0.174010945626,9.970092773438,0.200000000000,
0.000000000000,0.174298567024,9.986572265625,0.200000000000,
0.000000000000,0.174490314622,9.997558593750,0.200000000000,
0.000000000000,0.174634125321,10.005798339844,0.200000000000,
0.000000000000,0.174825872919,10.016784667969,0.200000000000,
0.000000000000,0.175017620518,10.027770996094,0.200000000000,
0.000000000000,0.175017620518,10.027770996094,0.200000000000,
0.000000000000,0.175209368116,10.038757324219,0.200000000000,
0.000000000000,0.175496989514,10.055236816406,0.200000000000,
0.000000000000,0.175688737113,10.066223144531,0.200000000000,
0.000000000000,0.175880484711,10.077209472656,0.200000000000,
0.000000000000,0.176024295410,10.085449218750,0.200000000000,
0.000000000000,0.176024295410,10.085449218750,0.200000000000,
0.000000000000,0.176216043008,10.096435546875,0.200000000000,
0.000000000000,0.176407790607,10.107421875000,0.200000000000,
0.000000000000,0.176599538205,10.118408203125,0.200000000000,
0.000000000000,0.176791285804,10.129394531250,0.200000000000,
0.000000000000,0.176983033402,10.140380859375,0.200000000000,
0.000000000000,0.176983033402,10.140380859375,0.200000000000,
0.000000000000,0.177174781001,10.151367187500,0.200000000000,
0.000000000000,0.177366528599,10.162353515625,0.200000000000,
0.000000000000,0.177654149997,10.178833007813,0.200000000000,
0.000000000000,0.177750023796,10.184326171875,0.200000000000,
0.000000000000,0.177941771395,10.195312500000,0.200000000000,
0.000000000000,0.177941771395,10.195312500000,0.200000000000,
0.000000000000,0.178133518993,10.206298828125,0.200000000000,
0.000000000000,0.178421140391,10.222778320313,0.200000000000,
0.000000000000,0.178612887989,10.233764648438,0.200000000000,
0.000000000000,0.178804635588,10.244750976563,0.200000000000,
0.000000000000,0.178948446287,10.252990722656,0.200000000000,
0.000000000000,0.178948446287,10.252990722656,0.200000000000,
0.000000000000,0.179188130785,10.266723632813,0.200000000000,
0.000000000000,0.179379878383,10.277709960938,0.200000000000,
0.000000000000,0.179571625982,10.288696289063,0.200000000000,
0.000000000000,0.179715436681,10.296936035156,0.200000000000,
0.000000000000,0.179907184279,10.307922363281,0.200000000000,
0.000000000000,0.179907184279,10.307922363281,0.200000000000,
0.000000000000,0.180098931878,10.318908691406,0.200000000000,
0.000000000000,0.180290679476,10.329895019531,0.200000000000,
0.000000000000,0.180482427075,10.340881347656,0.200000000000,
0.000000000000,0.180770048472,10.357360839844,0.200000000000,
0.000000000000,0.180913859171,10.365600585938,0.200000000000,
0.000000000000,0.180913859171,10.365600585938,0.200000000000,
0.000000000000,0.181153543669,10.379333496094,0.200000000000,
0.000000000000,0.181345291268,10.390319824219,0.200000000000,
0.000000000000,0.181537038866,10.401306152344,0.200000000000,
0.000000000000,0.181680849565,10.409545898438,0.200000000000,
0.000000000000,0.181968470963,10.426025390625,0.200000000000,
0.000000000000,0.181968470963,10.426025390625,0.200000000000,
0.000000000000,0.182160218561,10.437011718750,0.200000000000,
0.000000000000,0.182208155461,10.439758300781,0.200000000000,
0.000000000000,0.182543713758,10.458984375000,0.200000000000,
0.000000000000,0.182687524457,10.467224121094,0.200000000000,
0.000000000000,0.182879272056,10.478210449219,0.200000000000,
0.000000000000,0.182879272056,10.478210449219,0.200000000000,
0.000000000000,0.183166893453,10.494689941406,0.200000000000,
0.000000000000,0.183358641052,10.505676269531,0.200000000000,
0.000000000000,0.183502451751,10.513916015625,0.200000000000,
0.000000000000,0.183694199349,10.524902343750,0.200000000000,
0.000000000000,0.183885946948,10.535888671875,0.200000000000,
0.000000000000,0.183885946948,10.535888671875,0.200000000000,
0.000000000000,0.184173568346,10.552368164063,0.200000000000,
0.000000000000,0.184365315944,10.563354492188,0.200000000000,
0.000000000000,0.184509126643,10.571594238281,0.200000000000,
0.000000000000,0.184700874241,10.582580566406,0.200000000000,
0.000000000000,0.184892621840,10.593566894531,0.200000000000,
0.000000000000,0.184892621840,10.593566894531,0.200000000000,
0.000000000000,0.185084369438,10.604553222656,0.200000000000,
0.000000000000,0.185371990836,10.621032714844,0.200000000000,
0.000000000000,0.185515801535,10.629272460938,0.200000000000,
0.000000000000,0.185707549133,10.640258789063,0.200000000000,
0.000000000000,0.185995170531,10.656738281250,0.200000000000,
0.000000000000,0.185995170531,10.656738281250,0.200000000000,
0.000000000000,0.186186918130,10.667724609375,0.200000000000,
0.000000000000,0.186330728828,10.675964355469,0.200000000000,
0.000000000000,0.186522476427,10.686950683594,0.200000000000,
0.000000000000,0.186810097825,10.703430175781,0.200000000000,
0.000000000000,0.187001845423,10.714416503906,0.200000000000,
0.000000000000,0.187001845423,10.714416503906,0.200000000000,
0.000000000000,0.187145656122,10.722656250000,0.200000000000,
0.000000000000,0.187433277520,10.739135742188,0.200000000000,
0.000000000000,0.187577088219,10.747375488281,0.200000000000,
0.000000000000,0.187816772717,10.761108398438,0.200000000000,
0.000000000000,0.187960583416,10.769348144531,0.200000000000,
0.000000000000,0.187960583416,10.769348144531,0.200000000000,
0.000000000000,0.188152331014,10.780334472656,0.200000000000,
0.000000000000,0.188439952412,10.796813964844,0.200000000000,
0.000000000000,0.188583763111,10.805053710938,0.200000000000,
0.000000000000,0.188775510709,10.816040039063,0.200000000000,
0.000000000000,0.189063132107,10.832519531250,0.200000000000,
0.000000000000,0.189063132107,10.832519531250,0.200000000000,
0.000000000000,0.189206942806,10.840759277344,0.200000000000,
0.000000000000,0.189398690404,10.851745605469,0.200000000000,
0.000000000000,0.189686311802,10.868225097656,0.200000000000,
0.000000000000,0.189830122501,10.876464843750,0.200000000000,
0.000000000000,0.190021870099,10.887451171875,0.200000000000,
0.000000000000,0.190021870099,10.887451171875,0.200000000000,
0.000000000000,0.190213617698,10.898437500000,0.200000000000,
0.000000000000,0.190453302196,10.912170410156,0.200000000000,
0.000000000000,0.190645049794,10.923156738281,0.200000000000,
0.000000000000,0.190836797393,10.934143066406,0.200000000000,
0.000000000000,0.191124418791,10.950622558594,0.200000000000,
0.000000000000,0.191124418791,10.950622558594,0.200000000000,
0.000000000000,0.191316166389,10.961608886719,0.200000000000,
0.000000000000,0.191459977088,10.969848632813,0.200000000000,
0.000000000000,0.191651724686,10.980834960938,0.200000000000,
0.000000000000,0.191795535385,10.989074707031,0.200000000000,
0.000000000000,0.192131093683,11.008300781250,0.200000000000,
0.000000000000,0.192131093683,11.008300781250,0.200000000000,
0.000000000000,0.192274904382,11.016540527344,0.200000000000,
0.000000000000,0.192466651980,11.027526855469,0.200000000000,
0.000000000000,0.192658399579,11.038513183594,0.200000000000,
0.000000000000,0.192946020976,11.054992675781,0.200000000000,
0.000000000000,0.193089831675,11.063232421875,0.200000000000,
0.000000000000,0.193089831675,11.063232421875,0.200000000000,
0.000000000000,0.193281579274,11.074218750000,0.200000000000,
0.000000000000,0.193473326872,11.085205078125,0.200000000000,
0.000000000000,0.193665074471,11.096191406250,0.200000000000,
0.000000000000,0.193952695868,11.112670898438,0.200000000000,
0.000000000000,0.194096506567,11.120910644531,0.200000000000,
0.000000000000,0.194096506567,11.120910644531,0.200000000000,
0.000000000000,0.194288254166,11.131896972656,0.200000000000,
0.000000000000,0.194480001764,11.142883300781,0.200000000000,
0.000000000000,0.194767623162,11.159362792969,0.200000000000,
0.000000000000,0.194911433861,11.167602539063,0.200000000000,
0.000000000000,0.195103181459,11.178588867188,0.200000000000,
0.000000000000,0.195103181459,11.178588867188,0.200000000000,
0.000000000000,0.195294929058,11.189575195313,0.200000000000,
0.000000000000,0.195486676656,11.200561523438,0.200000000000,
0.000000000000,0.195774298054,11.217041015625,0.200000000000,
0.000000000000,0.195966045652,11.228027343750,0.200000000000,
0.000000000000,0.196157793251,11.239013671875,0.200000000000,
0.000000000000,0.196157793251,11.239013671875,0.200000000000,
0.000000000000,0.196301603950,11.247253417969,0.200000000000,
0.000000000000,0.196493351548,11.258239746094,0.200000000000,
0.000000000000,0.196685099147,11.269226074219,0.200000000000,
0.000000000000,0.196876846745,11.280212402344,0.200000000000,
0.000000000000,0.197164468143,11.296691894531,0.200000000000,
0.000000000000,0.197164468143,11.296691894531,0.200000000000,
0.000000000000,0.197356215741,11.307678222656,0.200000000000,
0.000000000000,0.197452089541,11.313171386719,0.200000000000,
0.000000000000,0.197739710938,11.329650878906,0.200000000000,
0.000000000000,0.197931458537,11.340637207031,0.200000000000,
0.000000000000,0.198123206135,11.351623535156,0.200000000000,
0.000000000000,0.198123206135,11.351623535156,0.200000000000,
0.000000000000,0.198267016834,11.359863281250,0.200000000000,
0.000000000000,0.198458764433,11.370849609375,0.200000000000,
0.000000000000,0.198698448931,11.384582519531,0.200000000000,
0.000000000000,0.198890196529,11.395568847656,0.200000000000,
0.000000000000,0.199081944128,11.406555175781,0.200000000000,
0.000000000000,0.199081944128,11.406555175781,0.200000000000,
0.000000000000,0.199273691726,11.417541503906,0.200000000000,
0.000000000000,0.199465439325,11.428527832031,0.200000000000,
0.000000000000,0.199609250024,11.436767578125,0.200000000000,
0.000000000000,0.199800997622,11.447753906250,0.200000000000,
0.000000000000,0.199992745221,11.458740234375,0.200000000000,
0.000000000000,0.199992745221,11.458740234375,0.200000000000,
0.000000000000,0.200184492819,11.469726562500,0.200000000000,
0.000000000000,0.200472114217,11.486206054688,0.200000000000,
0.000000000000,0.200663861815,11.497192382813,0.200000000000,
0.000000000000,0.200855609414,11.508178710938,0.200000000000,
0.000000000000,0.200999420113,11.516418457031,0.200000000000,
0.000000000000,0.200999420113,11.516418457031,0.200000000000,
0.000000000000,0.201191167711,11.527404785156,0.200000000000,
0.000000000000,0.201382915310,11.538391113281,0.200000000000,
0.000000000000,0.201574662908,11.549377441406,0.200000000000,
0.000000000000,0.201862284306,11.565856933594,0.200000000000,
0.000000000000,0.202054031904,11.576843261719,0.200000000000,
0.000000000000,0.202054031904,11.576843261719,0.200000000000,
0.000000000000,0.202245779503,11.587829589844,0.200000000000,
0.000000000000,0.202389590202,11.596069335938,0.200000000000,
0.000000000000,0.202581337800,11.607055664063,0.200000000000,
0.000000000000,0.202773085399,11.618041992188,0.200000000000,
0.000000000000,0.202964832997,11.629028320313,0.200000000000,
0.000000000000,0.202964832997,11.629028320313,0.200000000000,
0.000000000000,0.203252454395,11.645507812500,0.200000000000,
0.000000000000,0.203444201993,11.656494140625,0.200000000000,
0.000000000000,0.203540075793,11.661987304688,0.200000000000,
0.000000000000,0.203827697190,11.678466796875,0.200000000000,
0.000000000000,0.203971507889,11.686706542969,0.200000000000,
0.000000000000,0.203971507889,11.686706542969,0.200000000000,
0.000000000000,0.204163255488,11.697692871094,0.200000000000,
0.000000000000,0.204355003086,11.708679199219,0.200000000000,
0.000000000000,0.204546750685,11.719665527344,0.200000000000,
0.000000000000,0.204738498283,11.730651855469,0.200000000000,
0.000000000000,0.204930245882,11.741638183594,0.200000000000,
0.000000000000,0.204930245882,11.741638183594,0.200000000000,
0.000000000000,0.205121993480,11.752624511719,0.200000000000,
0.000000000000,0.205313741079,11.763610839844,0.200000000000,
0.000000000000,0.205601362476,11.780090332031,0.200000000000,
0.000000000000,0.205745173175,11.788330078125,0.200000000000,
0.000000000000,0.205936920774,11.799316406250,0.200000000000,
0.000000000000,0.205936920774,11.799316406250,0.200000000000,
0.000000000000,0.206128668372,11.810302734375,0.200000000000,
0.000000000000,0.206320415971,11.821289062500,0.200000000000,
0.000000000000,0.206512163569,11.832275390625,0.200000000000,
0.000000000000,0.206799784967,11.848754882813,0.200000000000,
0.000000000000,0.206943595666,11.856994628906,0.200000000000,
0.000000000000,0.206943595666,11.856994628906,0.200000000000,
0.000000000000,0.207135343264,11.867980957031,0.200000000000,
0.000000000000,0.207375027762,11.881713867188,0.200000000000,
0.000000000000,0.207614712260,11.895446777344,0.200000000000,
0.000000000000,0.207710586060,11.900939941406,0.200000000000,
0.000000000000,0.207902333658,11.911926269531,0.200000000000,
0.000000000000,0.207902333658,11.911926269531,0.200000000000,
0.000000000000,0.208189955056,11.928405761719,0.200000000000,
0.000000000000,0.208333765755,11.936645507813,0.200000000000,
0.000000000000,0.208477576454,11.944885253906,0.200000000000,
0.000000000000,0.208813134751,11.964111328125,0.200000000000,
0.000000000000,0.208956945450,11.972351074219,0.200000000000,
0.000000000000,0.208956945450,11.972351074219,0.200000000000,
0.000000000000,0.209148693048,11.983337402344,0.200000000000,
0.000000000000,0.209436314446,11.999816894531,0.200000000000,
0.000000000000,0.209628062044,12.010803222656,0.200000000000,
0.000000000000,0.209819809643,12.021789550781,0.200000000000,
0.000000000000,0.209963620342,12.030029296875,0.200000000000,
0.000000000000,0.209963620342,12.030029296875,0.200000000000,
0.000000000000,0.210251241740,12.046508789063,0.200000000000,
0.000000000000,0.210442989338,12.057495117188,0.200000000000,
0.000000000000,0.210586800037,12.065734863281,0.200000000000,
0.000000000000,0.210778547635,12.076721191406,0.200000000000,
0.000000000000,0.211066169033,12.093200683594,0.200000000000,
0.000000000000,0.211066169033,12.093200683594,0.200000000000,
0.000000000000,0.211257916632,12.104187011719,0.200000000000,
0.000000000000,0.211401727330,12.112426757813,0.200000000000,
0.000000000000,0.211689348728,12.128906250000,0.200000000000,
0.000000000000,0.211881096327,12.139892578125,0.200000000000,
0.000000000000,0.212024907026,12.148132324219,0.200000000000,
0.000000000000,0.212024907026,12.148132324219,0.200000000000,
0.000000000000,0.212216654624,12.159118652344,0.200000000000,
0.000000000000,0.212408402223,12.170104980469,0.200000000000,
0.000000000000,0.212648086721,12.183837890625,0.200000000000,
0.000000000000,0.212839834319,12.194824218750,0.200000000000,
0.000000000000,0.213031581918,12.205810546875,0.200000000000,
0.000000000000,0.213031581918,12.205810546875,0.200000000000,
0.000000000000,0.213319203315,12.222290039063,0.200000000000,
0.000000000000,0.213558887813,12.236022949219,0.200000000000,
0.000000000000,0.213654761613,12.241516113281,0.200000000000,
0.000000000000,0.213942383010,12.257995605469,0.200000000000,
0.000000000000,0.214086193709,12.266235351563,0.200000000000,
0.000000000000,0.214086193709,12.266235351563,0.200000000000,
0.000000000000,0.214373815107,12.282714843750,0.200000000000,
0.000000000000,0.214517625806,12.290954589844,0.200000000000,
0.000000000000,0.214709373404,12.301940917969,0.200000000000,
0.000000000000,0.214996994802,12.318420410156,0.200000000000,
0.000000000000,0.215188742401,12.329406738281,0.200000000000,
0.000000000000,0.215188742401,12.329406738281,0.200000000000,
0.000000000000,0.215428426899,12.343139648438,0.200000000000,
0.000000000000,0.215620174497,12.354125976563,0.200000000000,
0.000000000000,0.215859858995,12.367858886719,0.200000000000,
0.000000000000,0.216051606594,12.378845214844,0.200000000000,
0.000000000000,0.216195417293,12.387084960938,0.200000000000,
0.000000000000,0.216195417293,12.387084960938,0.200000000000,
0.000000000000,0.216387164891,12.398071289063,0.200000000000,
0.000000000000,0.216674786289,12.414550781250,0.200000000000,
0.000000000000,0.216866533887,12.425537109375,0.200000000000,
0.000000000000,0.217010344586,12.433776855469,0.200000000000,
0.000000000000,0.217202092185,12.444763183594,0.200000000000,
0.000000000000,0.217202092185,12.444763183594,0.200000000000,
0.000000000000,0.217489713582,12.461242675781,0.200000000000,
0.000000000000,0.217633524281,12.469482421875,0.200000000000,
0.000000000000,0.217825271880,12.480468750000,0.200000000000,
0.000000000000,0.218112893277,12.496948242188,0.200000000000,
0.000000000000,0.218304640876,12.507934570313,0.200000000000,
0.000000000000,0.218304640876,12.507934570313,0.200000000000,
0.000000000000,0.218544325374,12.521667480469,0.200000000000,
0.000000000000,0.218736072973,12.532653808594,0.200000000000,
0.000000000000,0.218879883671,12.540893554688,0.200000000000,
0.000000000000,0.219167505069,12.557373046875,0.200000000000,
0.000000000000,0.219359252668,12.568359375000,0.200000000000,
0.000000000000,0.219359252668,12.568359375000,0.200000000000,
0.000000000000,0.219551000266,12.579345703125,0.200000000000,
0.000000000000,0.219694810965,12.587585449219,0.200000000000,
0.000000000000,0.219982432363,12.604064941406,0.200000000000,
0.000000000000,0.220174179961,12.615051269531,0.200000000000,
0.000000000000,0.220365927560,12.626037597656,0.200000000000,
0.000000000000,0.220365927560,12.626037597656,0.200000000000,
0.000000000000,0.220509738259,12.634277343750,0.200000000000,
0.000000000000,0.220701485857,12.645263671875,0.200000000000,
0.000000000000,0.220989107255,12.661743164063,0.200000000000,
0.000000000000,0.221180854853,12.672729492188,0.200000000000,
0.000000000000,0.221324665552,12.680969238281,0.200000000000,
0.000000000000,0.221324665552,12.680969238281,0.200000000000,
0.000000000000,0.221516413151,12.691955566406,0.200000000000,
0.000000000000,0.221708160749,12.702941894531,0.200000000000,
0.000000000000,0.221995782147,12.719421386719,0.200000000000,
0.000000000000,0.222187529745,12.730407714844,0.200000000000,
0.000000000000,0.222331340444,12.738647460938,0.200000000000,
0.000000000000,0.222331340444,12.738647460938,0.200000000000,
0.000000000000,0.222523088043,12.749633789063,0.200000000000,
0.000000000000,0.222714835641,12.760620117188,0.200000000000,
0.000000000000,0.223002457039,12.777099609375,0.200000000000,
0.000000000000,0.223098330838,12.782592773438,0.200000000000,
0.000000000000,0.223385952236,12.799072265625,0.200000000000,
0.000000000000,0.223385952236,12.799072265625,0.200000000000,
0.000000000000,0.223577699834,12.810058593750,0.200000000000,
0.000000000000,0.223721510533,12.818298339844,0.200000000000,
0.000000000000,0.223913258132,12.829284667969,0.200000000000,
0.000000000000,0.224105005730,12.840270996094,0.200000000000,
0.000000000000,0.224296753329,12.851257324219,0.200000000000,
0.000000000000,0.224296753329,12.851257324219,0.200000000000,
0.000000000000,0.224488500927,12.862243652344,0.200000000000,
0.000000000000,0.224680248526,12.873229980469,0.200000000000,
0.000000000000,0.224871996124,12.884216308594,0.200000000000,
0.000000000000,0.225063743723,12.895202636719,0.200000000000,
0.000000000000,0.225255491321,12.906188964844,0.200000000000,
0.000000000000,0.225255491321,12.906188964844,0.200000000000,
0.000000000000,0.225495175819,12.919921875000,0.200000000000,
0.000000000000,0.225686923418,12.930908203125,0.200000000000,
0.000000000000,0.225830734117,12.939147949219,0.200000000000,
0.000000000000,0.226022481715,12.950134277344,0.200000000000,
0.000000000000,0.226310103113,12.966613769531,0.200000000000,
0.000000000000,0.226310103113,12.966613769531,0.200000000000,
0.000000000000,0.226405976912,12.972106933594,0.200000000000,
0.000000000000,0.226693598310,12.988586425781,0.200000000000,
0.000000000000,0.226885345908,12.999572753906,0.200000000000,
0.000000000000,0.227029156607,13.007812500000,0.200000000000,
0.000000000000,0.227220904206,13.018798828125,0.200000000000,
0.000000000000,0.227220904206,13.018798828125,0.200000000000,
0.000000000000,0.227412651804,13.029785156250,0.200000000000,
0.000000000000,0.227604399403,13.040771484375,0.200000000000,
0.000000000000,0.227796147001,13.051757812500,0.200000000000,
0.000000000000,0.228083768399,13.068237304688,0.200000000000,
0.000000000000,0.228275515997,13.079223632813,0.200000000000,
0.000000000000,0.228275515997,13.079223632813,0.200000000000,
0.000000000000,0.228371389796,13.084716796875,0.200000000000,
0.000000000000,0.228611074295,13.098449707031,0.200000000000,
0.000000000000,0.228802821893,13.109436035156,0.200000000000,
0.000000000000,0.228994569492,13.120422363281,0.200000000000,
0.000000000000,0.229186317090,13.131408691406,0.200000000000,
0.000000000000,0.229186317090,13.131408691406,0.200000000000,
0.000000000000,0.229378064689,13.142395019531,0.200000000000,
0.000000000000,0.229569812287,13.153381347656,0.200000000000,
0.000000000000,0.229809496785,13.167114257813,0.200000000000,
0.000000000000,0.230049181283,13.180847167969,0.200000000000,
0.000000000000,0.230145055082,13.186340332031,0.200000000000,
0.000000000000,0.230145055082,13.186340332031,0.200000000000,
0.000000000000,0.230432676480,13.202819824219,0.200000000000,
0.000000000000,0.230528550279,13.208312988281,0.200000000000,
0.000000000000,0.230720297878,13.219299316406,0.200000000000,
0.000000000000,0.230912045476,13.230285644531,0.200000000000,
0.000000000000,0.231103793075,13.241271972656,0.200000000000,
0.000000000000,0.231103793075,13.241271972656,0.200000000000,
0.000000000000,0.231295540673,13.252258300781,0.200000000000,
0.000000000000,0.231583162071,13.268737792969,0.200000000000,
0.000000000000,0.231774909670,13.279724121094,0.200000000000,
0.000000000000,0.231966657268,13.290710449219,0.200000000000,
0.000000000000,0.232206341766,13.304443359375,0.200000000000,
0.000000000000,0.232206341766,13.304443359375,0.200000000000,
0.000000000000,0.232446026264,13.318176269531,0.200000000000,
0.000000000000,0.232493963164,13.320922851563,0.200000000000,
0.000000000000,0.232781584562,13.337402343750,0.200000000000,
0.000000000000,0.232877458361,13.342895507813,0.200000000000,
0.000000000000,0.233165079759,13.359375000000,0.200000000000,
0.000000000000,0.233165079759,13.359375000000,0.200000000000,
0.000000000000,0.233260953558,13.364868164063,0.200000000000,
0.000000000000,0.233548574956,13.381347656250,0.200000000000,
0.000000000000,0.233740322554,13.392333984375,0.200000000000,
0.000000000000,0.233932070153,13.403320312500,0.200000000000,
0.000000000000,0.234075880851,13.411560058594,0.200000000000,
0.000000000000,0.234075880851,13.411560058594,0.200000000000,
0.000000000000,0.234267628450,13.422546386719,0.200000000000,
0.000000000000,0.234459376048,13.433532714844,0.200000000000,
0.000000000000,0.234746997446,13.450012207031,0.200000000000,
0.000000000000,0.234890808145,13.458251953125,0.200000000000,
0.000000000000,0.235130492643,13.471984863281,0.200000000000,
0.000000000000,0.235130492643,13.471984863281,0.200000000000,
0.000000000000,0.235322240242,13.482971191406,0.200000000000,
0.000000000000,0.235466050940,13.491210937500,0.200000000000,
0.000000000000,0.235753672338,13.507690429688,0.200000000000,
0.000000000000,0.235945419937,13.518676757813,0.200000000000,
0.000000000000,0.236089230636,13.526916503906,0.200000000000,
0.000000000000,0.236089230636,13.526916503906,0.200000000000,
0.000000000000,0.236280978234,13.537902832031,0.200000000000,
0.000000000000,0.236568599632,13.554382324219,0.200000000000,
0.000000000000,0.236760347230,13.565368652344,0.200000000000,
0.000000000000,0.236952094829,13.576354980469,0.200000000000,
0.000000000000,0.237143842427,13.587341308594,0.200000000000,
0.000000000000,0.237143842427,13.587341308594,0.200000000000,
0.000000000000,0.237287653126,13.595581054688,0.200000000000,
0.000000000000,0.237479400725,13.606567382813,0.200000000000,
0.000000000000,0.237671148323,13.617553710938,0.200000000000,
0.000000000000,0.237958769721,13.634033203125,0.200000000000,
0.000000000000,0.238150517319,13.645019531250,0.200000000000,
0.000000000000,0.238150517319,13.645019531250,0.200000000000,
0.000000000000,0.238246391118,13.650512695313,0.200000000000,
0.000000000000,0.238486075617,13.664245605469,0.200000000000,
0.000000000000,0.238677823215,13.675231933594,0.200000000000,
0.000000000000,0.238965444613,13.691711425781,0.200000000000,
0.000000000000,0.239109255312,13.699951171875,0.200000000000,
0.000000000000,0.239109255312,13.699951171875,0.200000000000,
0.000000000000,0.239301002910,13.710937500000,0.200000000000,
0.000000000000,0.239588624308,13.727416992188,0.200000000000,
0.000000000000,0.239780371906,13.738403320313,0.200000000000,
0.000000000000,0.239972119505,13.749389648438,0.200000000000,
0.000000000000,0.240163867103,13.760375976563,0.200000000000,
0.000000000000,0.240163867103,13.760375976563,0.200000000000,
0.000000000000,0.240307677802,13.768615722656,0.200000000000,
0.000000000000,0.240595299200,13.785095214844,0.200000000000,
0.000000000000,0.240787046798,13.796081542969,0.200000000000,
0.000000000000,0.240930857497,13.804321289063,0.200000000000,
0.000000000000,0.241122605096,13.815307617188,0.200000000000,
0.000000000000,0.241122605096,13.815307617188,0.200000000000,
0.000000000000,0.241314352694,13.826293945313,0.200000000000,
0.000000000000,0.241601974092,13.842773437500,0.200000000000,
0.000000000000,0.241745784791,13.851013183594,0.200000000000,
0.000000000000,0.241937532389,13.861999511719,0.200000000000,
0.000000000000,0.242225153787,13.878479003906,0.200000000000,
0.000000000000,0.242225153787,13.878479003906,0.200000000000,
0.000000000000,0.242368964486,13.886718750000,0.200000000000,
0.000000000000,0.242656585884,13.903198242188,0.200000000000,
0.000000000000,0.242752459683,13.908691406250,0.200000000000,
0.000000000000,0.242992144181,13.922424316406,0.200000000000,
0.000000000000,0.243183891779,13.933410644531,0.200000000000,
0.000000000000,0.243183891779,13.933410644531,0.200000000000,
0.000000000000,0.243471513177,13.949890136719,0.200000000000,
0.000000000000,0.243663260776,13.960876464844,0.200000000000,
0.000000000000,0.243807071475,13.969116210938,0.200000000000,
0.000000000000,0.243998819073,13.980102539063,0.200000000000,
0.000000000000,0.244286440471,13.996582031250,0.200000000000,
0.000000000000,0.244286440471,13.996582031250,0.200000000000,
0.000000000000,0.244478188069,14.007568359375,0.200000000000,
0.000000000000,0.244669935668,14.018554687500,0.200000000000,
0.000000000000,0.244909620166,14.032287597656,0.200000000000,
0.000000000000,0.245101367764,14.043273925781,0.200000000000,
0.000000000000,0.245293115363,14.054260253906,0.200000000000,
0.000000000000,0.245293115363,14.054260253906,0.200000000000,
0.000000000000,0.245484862961,14.065246582031,0.200000000000,
0.000000000000,0.245628673660,14.073486328125,0.200000000000,
0.000000000000,0.245820421259,14.084472656250,0.200000000000,
0.000000000000,0.246108042656,14.100952148438,0.200000000000,
0.000000000000,0.246299790255,14.111938476563,0.200000000000,
0.000000000000,0.246299790255,14.111938476563,0.200000000000,
0.000000000000,0.246491537853,14.122924804688,0.200000000000,
0.000000000000,0.246635348552,14.131164550781,0.200000000000,
0.000000000000,0.246922969950,14.147644042969,0.200000000000,
0.000000000000,0.247114717548,14.158630371094,0.200000000000,
0.000000000000,0.247306465147,14.169616699219,0.200000000000,
0.000000000000,0.247306465147,14.169616699219,0.200000000000,
0.000000000000,0.247450275846,14.177856445313,0.200000000000,
0.000000000000,0.247642023444,14.188842773438,0.200000000000,
0.000000000000,0.247833771043,14.199829101563,0.200000000000,
0.000000000000,0.248121392441,14.216308593750,0.200000000000,
0.000000000000,0.248313140039,14.227294921875,0.200000000000,
0.000000000000,0.248313140039,14.227294921875,0.200000000000,
0.000000000000,0.248504887637,14.238281250000,0.200000000000,
0.000000000000,0.248648698336,14.246520996094,0.200000000000,
0.000000000000,0.248840445935,14.257507324219,0.200000000000,
0.000000000000,0.249128067333,14.273986816406,0.200000000000,
0.000000000000,0.249319814931,14.284973144531,0.200000000000,
0.000000000000,0.249319814931,14.284973144531,0.200000000000,
0.000000000000,0.249511562530,14.295959472656,0.200000000000,
0.000000000000,0.249607436329,14.301452636719,0.200000000000,
0.000000000000,0.249895057726,14.317932128906,0.200000000000,
0.000000000000,0.250086805325,14.328918457031,0.200000000000,
0.000000000000,0.250278552923,14.339904785156,0.200000000000,
0.000000000000,0.250278552923,14.339904785156,0.200000000000,
0.000000000000,0.250470300522,14.350891113281,0.200000000000,
0.000000000000,0.250662048120,14.361877441406,0.200000000000,
0.000000000000,0.250805858819,14.370117187500,0.200000000000,
0.000000000000,0.250997606418,14.381103515625,0.200000000000,
0.000000000000,0.251237290916,14.394836425781,0.200000000000,
0.000000000000,0.251237290916,14.394836425781,0.200000000000,
0.000000000000,0.251381101615,14.403076171875,0.200000000000,
0.000000000000,0.251572849213,14.414062500000,0.200000000000,
0.000000000000,0.251764596812,14.425048828125,0.200000000000,
0.000000000000,0.251956344410,14.436035156250,0.200000000000,
0.000000000000,0.252148092009,14.447021484375,0.200000000000,
0.000000000000,0.252148092009,14.447021484375,0.200000000000,
0.000000000000,0.252339839607,14.458007812500,0.200000000000,
0.000000000000,0.252627461005,14.474487304688,0.200000000000,
0.000000000000,0.252819208603,14.485473632813,0.200000000000,
0.000000000000,0.253010956202,14.496459960938,0.200000000000,
0.000000000000,0.253202703800,14.507446289063,0.200000000000,
0.000000000000,0.253202703800,14.507446289063,0.200000000000,
0.000000000000,0.253394451399,14.518432617188,0.200000000000,
0.000000000000,0.253538262098,14.526672363281,0.200000000000,
0.000000000000,0.253730009696,14.537658691406,0.200000000000,
0.000000000000,0.253921757295,14.548645019531,0.200000000000,
0.000000000000,0.254209378692,14.565124511719,0.200000000000,
0.000000000000,0.254209378692,14.565124511719,0.200000000000,
0.000000000000,0.254401126291,14.576110839844,0.200000000000,
0.000000000000,0.254592873889,14.587097167969,0.200000000000,
0.000000000000,0.254736684588,14.595336914063,0.200000000000,
0.000000000000,0.254976369086,14.609069824219,0.200000000000,
0.000000000000,0.255120179785,14.617309570313,0.200000000000,
0.000000000000,0.255120179785,14.617309570313,0.200000000000,
0.000000000000,0.255311927384,14.628295898438,0.200000000000,
0.000000000000,0.255503674982,14.639282226563,0.200000000000,
0.000000000000,0.255695422581,14.650268554688,0.200000000000,
0.000000000000,0.255887170179,14.661254882813,0.200000000000,
0.000000000000,0.256078917778,14.672241210938,0.200000000000,
0.000000000000,0.256078917778,14.672241210938,0.200000000000,
0.000000000000,0.256366539175,14.688720703125,0.200000000000,
0.000000000000,0.256462412975,14.694213867188,0.200000000000,
0.000000000000,0.256750034372,14.710693359375,0.200000000000,
0.000000000000,0.256845908172,14.716186523438,0.200000000000,
0.000000000000,0.257133529569,14.732666015625,0.200000000000,
0.000000000000,0.257133529569,14.732666015625,0.200000000000,
0.000000000000,0.257325277168,14.743652343750,0.200000000000,
0.000000000000,0.257469087867,14.751892089844,0.200000000000,
0.000000000000,0.257660835465,14.762878417969,0.200000000000,
0.000000000000,0.257852583064,14.773864746094,0.200000000000,
0.000000000000,0.258044330662,14.784851074219,0.200000000000,
0.000000000000,0.258044330662,14.784851074219,0.200000000000,
0.000000000000,0.258236078261,14.795837402344,0.200000000000,
0.000000000000,0.258427825859,14.806823730469,0.200000000000,
0.000000000000,0.258619573458,14.817810058594,0.200000000000,
0.000000000000,0.258811321056,14.828796386719,0.200000000000,
0.000000000000,0.259098942454,14.845275878906,0.200000000000,
0.000000000000,0.259098942454,14.845275878906,0.200000000000,
0.000000000000,0.259290690052,14.856262207031,0.200000000000,
0.000000000000,0.259482437651,14.867248535156,0.200000000000,
0.000000000000,0.259626248350,14.875488281250,0.200000000000,
0.000000000000,0.259817995948,14.886474609375,0.200000000000,
0.000000000000,0.260009743547,14.897460937500,0.200000000000,
0.000000000000,0.260009743547,14.897460937500,0.200000000000,
0.000000000000,0.260201491145,14.908447265625,0.200000000000,
0.000000000000,0.260489112543,14.924926757813,0.200000000000,
0.000000000000,0.260632923242,14.933166503906,0.200000000000,
0.000000000000,0.260824670840,14.944152832031,0.200000000000,
0.000000000000,0.261016418439,14.955139160156,0.200000000000,
0.000000000000,0.261016418439,14.955139160156,0.200000000000,
0.000000000000,0.261304039836,14.971618652344,0.200000000000,
0.000000000000,0.261495787435,14.982604980469,0.200000000000,
0.000000000000,0.261639598134,14.990844726563,0.200000000000,
0.000000000000,0.261879282632,15.004577636719,0.200000000000,
0.000000000000,0.262023093331,15.012817382813,0.200000000000,
0.000000000000,0.262023093331,15.012817382813,0.200000000000,
0.000000000000,0.262310714728,15.029296875000,0.200000000000,
0.000000000000,0.262454525427,15.037536621094,0.200000000000,
0.000000000000,0.262646273026,15.048522949219,0.200000000000,
0.000000000000,0.262933894424,15.065002441406,0.200000000000,
0.000000000000,0.263125642022,15.075988769531,0.200000000000,
0.000000000000,0.263125642022,15.075988769531,0.200000000000,
0.000000000000,0.263317389620,15.086975097656,0.200000000000,
0.000000000000,0.263461200319,15.095214843750,0.200000000000,
0.000000000000,0.263748821717,15.111694335938,0.200000000000,
0.000000000000,0.263940569316,15.122680664063,0.200000000000,
0.000000000000,0.264084380014,15.130920410156,0.200000000000,
0.000000000000,0.264084380014,15.130920410156,0.200000000000,
0.000000000000,0.264276127613,15.141906738281,0.200000000000,
0.000000000000,0.264563749011,15.158386230469,0.200000000000,
0.000000000000,0.264755496609,15.169372558594,0.200000000000,
0.000000000000,0.264899307308,15.177612304688,0.200000000000,
0.000000000000,0.265186928706,15.194091796875,0.200000000000,
0.000000000000,0.265186928706,15.194091796875,0.200000000000,
0.000000000000,0.265378676304,15.205078125000,0.200000000000,
0.000000000000,0.265570423903,15.216064453125,0.200000000000,
0.000000000000,0.265714234602,15.224304199219,0.200000000000,
0.000000000000,0.266001855999,15.240783691406,0.200000000000,
0.000000000000,0.266145666698,15.249023437500,0.200000000000,
0.000000000000,0.266145666698,15.249023437500,0.200000000000,
0.000000000000,0.266337414297,15.260009765625,0.200000000000,
0.000000000000,0.266529161895,15.270996093750,0.200000000000,
0.000000000000,0.266816783293,15.287475585938,0.200000000000,
0.000000000000,0.266960593992,15.295715332031,0.200000000000,
0.000000000000,0.267152341590,15.306701660156,0.200000000000,
0.000000000000,0.267152341590,15.306701660156,0.200000000000,
0.000000000000,0.267439962988,15.323181152344,0.200000000000,
0.000000000000,0.267583773687,15.331420898438,0.200000000000,
0.000000000000,0.267871395085,15.347900390625,0.200000000000,
0.000000000000,0.268015205783,15.356140136719,0.200000000000,
0.000000000000,0.268206953382,15.367126464844,0.200000000000,
0.000000000000,0.268206953382,15.367126464844,0.200000000000,
0.000000000000,0.268494574780,15.383605957031,0.200000000000,
0.000000000000,0.268638385478,15.391845703125,0.200000000000,
0.000000000000,0.268830133077,15.402832031250,0.200000000000,
0.000000000000,0.269021880675,15.413818359375,0.200000000000,
0.000000000000,0.269309502073,15.430297851563,0.200000000000,
0.000000000000,0.269309502073,15.430297851563,0.200000000000,
0.000000000000,0.269453312772,15.438537597656,0.200000000000,
0.000000000000,0.269740934170,15.455017089844,0.200000000000,
0.000000000000,0.269932681768,15.466003417969,0.200000000000,
0.000000000000,0.270076492467,15.474243164063,0.200000000000,
0.000000000000,0.270364113865,15.490722656250,0.200000000000,
0.000000000000,0.270364113865,15.490722656250,0.200000000000,
0.000000000000,0.270555861463,15.501708984375,0.200000000000,
0.000000000000,0.270747609062,15.512695312500,0.200000000000,
0.000000000000,0.270891419761,15.520935058594,0.200000000000,
0.000000000000,0.271083167359,15.531921386719,0.200000000000,
0.000000000000,0.271370788757,15.548400878906,0.200000000000,
0.000000000000,0.271370788757,15.548400878906,0.200000000000,
0.000000000000,0.271562536355,15.559387207031,0.200000000000,
0.000000000000,0.271706347054,15.567626953125,0.200000000000,
0.000000000000,0.271898094653,15.578613281250,0.200000000000,
0.000000000000,0.272185716050,15.595092773438,0.200000000000,
0.000000000000,0.272377463649,15.606079101563,0.200000000000,
0.000000000000,0.272377463649,15.606079101563,0.200000000000,
0.000000000000,0.272569211247,15.617065429688,0.200000000000,
0.000000000000,0.272713021946,15.625305175781,0.200000000000,
0.000000000000,0.272904769545,15.636291503906,0.200000000000,
0.000000000000,0.273192390943,15.652770996094,0.200000000000,
0.000000000000,0.273384138541,15.663757324219,0.200000000000,
0.000000000000,0.273384138541,15.663757324219,0.200000000000,
0.000000000000,0.273575886139,15.674743652344,0.200000000000,
0.000000000000,0.273719696838,15.682983398438,0.200000000000,
0.000000000000,0.273911444437,15.693969726563,0.200000000000,
0.000000000000,0.274199065835,15.710449218750,0.200000000000,
0.000000000000,0.274390813433,15.721435546875,0.200000000000,
0.000000000000,0.274390813433,15.721435546875,0.200000000000,
0.000000000000,0.274582561032,15.732421875000,0.200000000000,
0.000000000000,0.274774308630,15.743408203125,0.200000000000,
0.000000000000,0.274966056229,15.754394531250,0.200000000000,
0.000000000000,0.275109866927,15.762634277344,0.200000000000,
0.000000000000,0.275301614526,15.773620605469,0.200000000000,
0.000000000000,0.275301614526,15.773620605469,0.200000000000,
0.000000000000,0.275493362124,15.784606933594,0.200000000000,
0.000000000000,0.275780983522,15.801086425781,0.200000000000,
0.000000000000,0.275972731121,15.812072753906,0.200000000000,
0.000000000000,0.276116541819,15.820312500000,0.200000000000,
0.000000000000,0.276356226318,15.834045410156,0.200000000000,
0.000000000000,0.276356226318,15.834045410156,0.200000000000,
0.000000000000,0.276452100117,15.839538574219,0.200000000000,
0.000000000000,0.276739721514,15.856018066406,0.200000000000,
0.000000000000,0.276931469113,15.867004394531,0.200000000000,
0.000000000000,0.277123216711,15.877990722656,0.200000000000,
0.000000000000,0.277314964310,15.888977050781,0.200000000000,
0.000000000000,0.277314964310,15.888977050781,0.200000000000,
0.000000000000,0.277458775009,15.897216796875,0.200000000000,
0.000000000000,0.277698459507,15.910949707031,0.200000000000,
0.000000000000,0.277890207105,15.921936035156,0.200000000000,
0.000000000000,0.278034017804,15.930175781250,0.200000000000,
0.000000000000,0.278273702302,15.943908691406,0.200000000000,
0.000000000000,0.278273702302,15.943908691406,0.200000000000,
0.000000000000,0.278465449901,15.954895019531,0.200000000000,
0.000000000000,0.278609260600,15.963134765625,0.200000000000,
0.000000000000,0.278801008198,15.974121093750,0.200000000000,
0.000000000000,0.279088629596,15.990600585938,0.200000000000,
0.000000000000,0.279184503395,15.996093750000,0.200000000000,
0.000000000000,0.279184503395,15.996093750000,0.200000000000,
0.000000000000,0.279376250994,16.007080078125,0.200000000000,
0.000000000000,0.279663872391,16.023559570313,0.200000000000,
0.000000000000,0.279807683090,16.031799316406,0.200000000000,
0.000000000000,0.280047367588,16.045532226563,0.200000000000,
0.000000000000,0.280191178287,16.053771972656,0.200000000000,
0.000000000000,0.280191178287,16.053771972656,0.200000000000,
0.000000000000,0.280430862785,16.067504882813,0.200000000000,
0.000000000000,0.280574673484,16.075744628906,0.200000000000,
0.000000000000,0.280766421083,16.086730957031,0.200000000000,
0.000000000000,0.280958168681,16.097717285156,0.200000000000,
0.000000000000,0.281149916280,16.108703613281,0.200000000000,
0.000000000000,0.281149916280,16.108703613281,0.200000000000,
0.000000000000,0.281437537677,16.125183105469,0.200000000000,
0.000000000000,0.281629285276,16.136169433594,0.200000000000,
0.000000000000,0.281821032874,16.147155761719,0.200000000000,
0.000000000000,0.281916906674,16.152648925781,0.200000000000,
0.000000000000,0.282108654272,16.163635253906,0.200000000000,
0.000000000000,0.282108654272,16.163635253906,0.200000000000,
0.000000000000,0.282300401871,16.174621582031,0.200000000000,
0.000000000000,0.282492149469,16.185607910156,0.200000000000,
0.000000000000,0.282683897068,16.196594238281,0.200000000000,
0.000000000000,0.282875644666,16.207580566406,0.200000000000,
0.000000000000,0.283067392265,16.218566894531,0.200000000000,
0.000000000000,0.283067392265,16.218566894531,0.200000000000,
0.000000000000,0.283259139863,16.229553222656,0.200000000000,
0.000000000000,0.283450887461,16.240539550781,0.200000000000,
0.000000000000,0.283738508859,16.257019042969,0.200000000000,
0.000000000000,0.283930256458,16.268005371094,0.200000000000,
0.000000000000,0.284122004056,16.278991699219,0.200000000000,
0.000000000000,0.284122004056,16.278991699219,0.200000000000,
0.000000000000,0.284313751655,16.289978027344,0.200000000000,
0.000000000000,0.284505499253,16.300964355469,0.200000000000,
0.000000000000,0.284697246852,16.311950683594,0.200000000000,
0.000000000000,0.284841057551,16.320190429688,0.200000000000,
0.000000000000,0.285032805149,16.331176757813,0.200000000000,
0.000000000000,0.285032805149,16.331176757813,0.200000000000,
0.000000000000,0.285224552747,16.342163085938,0.200000000000,
0.000000000000,0.285416300346,16.353149414063,0.200000000000,
0.000000000000,0.285655984844,16.366882324219,0.200000000000,
0.000000000000,0.285799795543,16.375122070313,0.200000000000,
0.000000000000,0.285991543141,16.386108398438,0.200000000000,
0.000000000000,0.285991543141,16.386108398438,0.200000000000,
0.000000000000,0.286183290740,16.397094726563,0.200000000000,
0.000000000000,0.286470912138,16.413574218750,0.200000000000,
0.000000000000,0.286662659736,16.424560546875,0.200000000000,
0.000000000000,0.286854407335,16.435546875000,0.200000000000,
0.000000000000,0.286998218033,16.443786621094,0.200000000000,
0.000000000000,0.286998218033,16.443786621094,0.200000000000,
0.000000000000,0.287189965632,16.454772949219,0.200000000000,
0.000000000000,0.287381713230,16.465759277344,0.200000000000,
0.000000000000,0.287573460829,16.476745605469,0.200000000000,
0.000000000000,0.287765208427,16.487731933594,0.200000000000,
0.000000000000,0.287956956026,16.498718261719,0.200000000000,
0.000000000000,0.287956956026,16.498718261719,0.200000000000,
0.000000000000,0.288196640524,16.512451171875,0.200000000000,
0.000000000000,0.288436325022,16.526184082031,0.200000000000,
0.000000000000,0.288580135721,16.534423828125,0.200000000000,
0.000000000000,0.288771883319,16.545410156250,0.200000000000,
0.000000000000,0.288963630918,16.556396484375,0.200000000000,
0.000000000000,0.288963630918,16.556396484375,0.200000000000,
0.000000000000,0.289251252316,16.572875976563,0.200000000000,
0.000000000000,0.289442999914,16.583862304688,0.200000000000,
0.000000000000,0.289586810613,16.592102050781,0.200000000000,
0.000000000000,0.289778558212,16.603088378906,0.200000000000,
0.000000000000,0.289970305810,16.614074707031,0.200000000000,
0.000000000000,0.289970305810,16.614074707031,0.200000000000,
0.000000000000,0.290257927208,16.630554199219,0.200000000000,
0.000000000000,0.290449674806,16.641540527344,0.200000000000,
0.000000000000,0.290593485505,16.649780273438,0.200000000000,
0.000000000000,0.290785233104,16.660766601563,0.200000000000,
0.000000000000,0.290976980702,16.671752929688,0.200000000000,
0.000000000000,0.290976980702,16.671752929688,0.200000000000,
0.000000000000,0.291168728301,16.682739257813,0.200000000000,
0.000000000000,0.291456349698,16.699218750000,0.200000000000,
0.000000000000,0.291696034196,16.712951660156,0.200000000000,
0.000000000000,0.291887781795,16.723937988281,0.200000000000,
0.000000000000,0.292079529393,16.734924316406,0.200000000000,
0.000000000000,0.292079529393,16.734924316406,0.200000000000,
0.000000000000,0.292223340092,16.743164062500,0.200000000000,
0.000000000000,0.292415087691,16.754150390625,0.200000000000,
0.000000000000,0.292702709088,16.770629882813,0.200000000000,
0.000000000000,0.292846519787,16.778869628906,0.200000000000,
0.000000000000,0.293038267386,16.789855957031,0.200000000000,
0.000000000000,0.293038267386,16.789855957031,0.200000000000,
0.000000000000,0.293230014984,16.800842285156,0.200000000000,
0.000000000000,0.293517636382,16.817321777344,0.200000000000,
0.000000000000,0.293661447081,16.825561523438,0.200000000000,
0.000000000000,0.293853194679,16.836547851563,0.200000000000,
0.000000000000,0.294140816077,16.853027343750,0.200000000000,
0.000000000000,0.294140816077,16.853027343750,0.200000000000,
0.000000000000,0.294332563676,16.864013671875,0.200000000000,
0.000000000000,0.294476374374,16.872253417969,0.200000000000,
0.000000000000,0.294668121973,16.883239746094,0.200000000000,
0.000000000000,0.294955743371,16.899719238281,0.200000000000,
0.000000000000,0.295147490969,16.910705566406,0.200000000000,
0.000000000000,0.295147490969,16.910705566406,0.200000000000,
0.000000000000,0.295339238568,16.921691894531,0.200000000000,
0.000000000000,0.295483049266,16.929931640625,0.200000000000,
0.000000000000,0.295770670664,16.946411132813,0.200000000000,
0.000000000000,0.295962418263,16.957397460938,0.200000000000,
0.000000000000,0.296106228962,16.965637207031,0.200000000000,
0.000000000000,0.296106228962,16.965637207031,0.200000000000,
0.000000000000,0.296297976560,16.976623535156,0.200000000000,
0.000000000000,0.296585597958,16.993103027344,0.200000000000,
0.000000000000,0.296777345556,17.004089355469,0.200000000000,
0.000000000000,0.296969093155,17.015075683594,0.200000000000,
0.000000000000,0.297112903854,17.023315429688,0.200000000000,
0.000000000000,0.297112903854,17.023315429688,0.200000000000,
0.000000000000,0.297304651452,17.034301757813,0.200000000000,
0.000000000000,0.297496399051,17.045288085938,0.200000000000,
0.000000000000,0.297784020448,17.061767578125,0.200000000000,
0.000000000000,0.297927831147,17.070007324219,0.200000000000,
0.000000000000,0.298119578746,17.080993652344,0.200000000000,
0.000000000000,0.298119578746,17.080993652344,0.200000000000,
0.000000000000,0.298311326344,17.091979980469,0.200000000000,
0.000000000000,0.298551010842,17.105712890625,0.200000000000,
0.000000000000,0.298742758441,17.116699218750,0.200000000000,
0.000000000000,0.298982442939,17.130432128906,0.200000000000,
0.000000000000,0.299126253638,17.138671875000,0.200000000000,
0.000000000000,0.299126253638,17.138671875000,0.200000000000,
0.000000000000,0.299413875035,17.155151367188,0.200000000000,
0.000000000000,0.299605622634,17.166137695313,0.200000000000,
0.000000000000,0.299749433333,17.174377441406,0.200000000000,
0.000000000000,0.299941180931,17.185363769531,0.200000000000,
0.000000000000,0.300132928530,17.196350097656,0.200000000000,
0.000000000000,0.300132928530,17.196350097656,0.200000000000,
0.000000000000,0.300420549927,17.212829589844,0.200000000000,
0.000000000000,0.300516423727,17.218322753906,0.200000000000,
0.000000000000,0.300708171325,17.229309082031,0.200000000000,
0.000000000000,0.300995792723,17.245788574219,0.200000000000,
0.000000000000,0.301187540321,17.256774902344,0.200000000000,
0.000000000000,0.301187540321,17.256774902344,0.200000000000,
0.000000000000,0.301331351020,17.265014648438,0.200000000000,
0.000000000000,0.301523098619,17.276000976563,0.200000000000,
0.000000000000,0.301714846217,17.286987304688,0.200000000000,
0.000000000000,0.301906593816,17.297973632813,0.200000000000,
0.000000000000,0.302194215213,17.314453125000,0.200000000000,
0.000000000000,0.302194215213,17.314453125000,0.200000000000,
0.000000000000,0.302290089013,17.319946289063,0.200000000000,
0.000000000000,0.302577710410,17.336425781250,0.200000000000,
0.000000000000,0.302769458009,17.347412109375,0.200000000000,
0.000000000000,0.302961205607,17.358398437500,0.200000000000,
0.000000000000,0.303152953206,17.369384765625,0.200000000000,
0.000000000000,0.303152953206,17.369384765625,0.200000000000,
0.000000000000,0.303248827005,17.374877929688,0.200000000000,
0.000000000000,0.303536448403,17.391357421875,0.200000000000,
0.000000000000,0.303728196001,17.402343750000,0.200000000000,
0.000000000000,0.303919943600,17.413330078125,0.200000000000,
0.000000000000,0.304111691198,17.424316406250,0.200000000000,
0.000000000000,0.304111691198,17.424316406250,0.200000000000,
0.000000000000,0.304207564998,17.429809570313,0.200000000000,
0.000000000000,0.304495186395,17.446289062500,0.200000000000,
0.000000000000,0.304686933994,17.457275390625,0.200000000000,
0.000000000000,0.304878681592,17.468261718750,0.200000000000,
0.000000000000,0.305022492291,17.476501464844,0.200000000000,
0.000000000000,0.305022492291,17.476501464844,0.200000000000,
0.000000000000,0.305214239890,17.487487792969,0.200000000000,
0.000000000000,0.305405987488,17.498474121094,0.200000000000,
0.000000000000,0.305693608886,17.514953613281,0.200000000000,
0.000000000000,0.305885356484,17.525939941406,0.200000000000,
0.000000000000,0.306077104083,17.536926269531,0.200000000000,
0.000000000000,0.306077104083,17.536926269531,0.200000000000,
0.000000000000,0.306220914782,17.545166015625,0.200000000000,
0.000000000000,0.306412662380,17.556152343750,0.200000000000,
0.000000000000,0.306604409979,17.567138671875,0.200000000000,
0.000000000000,0.306796157577,17.578125000000,0.200000000000,
0.000000000000,0.306987905176,17.589111328125,0.200000000000,
0.000000000000,0.306987905176,17.589111328125,0.200000000000,
0.000000000000,0.307179652774,17.600097656250,0.200000000000,
0.000000000000,0.307371400373,17.611083984375,0.200000000000,
0.000000000000,0.307659021770,17.627563476563,0.200000000000,
0.000000000000,0.307850769369,17.638549804688,0.200000000000,
0.000000000000,0.307994580068,17.646789550781,0.200000000000,
0.000000000000,0.307994580068,17.646789550781,0.200000000000,
0.000000000000,0.308186327666,17.657775878906,0.200000000000,
0.000000000000,0.308378075265,17.668762207031,0.200000000000,
0.000000000000,0.308569822863,17.679748535156,0.200000000000,
0.000000000000,0.308761570462,17.690734863281,0.200000000000,
0.000000000000,0.308953318060,17.701721191406,0.200000000000,
0.000000000000,0.308953318060,17.701721191406,0.200000000000,
0.000000000000,0.309145065659,17.712707519531,0.200000000000,
0.000000000000,0.309432687056,17.729187011719,0.200000000000,
0.000000000000,0.309624434655,17.740173339844,0.200000000000,
0.000000000000,0.309816182253,17.751159667969,0.200000000000,
0.000000000000,0.309959992952,17.759399414063,0.200000000000,
0.000000000000,0.309959992952,17.759399414063,0.200000000000,
0.000000000000,0.310199677450,17.773132324219,0.200000000000,
0.000000000000,0.310391425049,17.784118652344,0.200000000000,
0.000000000000,0.310583172647,17.795104980469,0.200000000000,
0.000000000000,0.310726983346,17.803344726563,0.200000000000,
0.000000000000,0.310918730945,17.814331054688,0.200000000000,
0.000000000000,0.310918730945,17.814331054688,0.200000000000,
0.000000000000,0.311206352342,17.830810546875,0.200000000000,
0.000000000000,0.311302226142,17.836303710938,0.200000000000,
0.000000000000,0.311493973740,17.847290039063,0.200000000000,
0.000000000000,0.311781595138,17.863769531250,0.200000000000,
0.000000000000,0.311925405837,17.872009277344,0.200000000000,
0.000000000000,0.311925405837,17.872009277344,0.200000000000,
0.000000000000,0.312117153435,17.882995605469,0.200000000000,
0.000000000000,0.312308901034,17.893981933594,0.200000000000,
0.000000000000,0.312596522431,17.910461425781,0.200000000000,
0.000000000000,0.312788270030,17.921447753906,0.200000000000,
0.000000000000,0.312932080729,17.929687500000,0.200000000000,
0.000000000000,0.312932080729,17.929687500000,0.200000000000,
0.000000000000,0.313123828327,17.940673828125,0.200000000000,
0.000000000000,0.313315575926,17.951660156250,0.200000000000,
0.000000000000,0.313603197323,17.968139648438,0.200000000000,
0.000000000000,0.313747008022,17.976379394531,0.200000000000,
0.000000000000,0.313938755621,17.987365722656,0.200000000000,
0.000000000000,0.313938755621,17.987365722656,0.200000000000,
0.000000000000,0.314130503219,17.998352050781,0.200000000000,
0.000000000000,0.314322250818,18.009338378906,0.200000000000,
0.000000000000,0.314609872215,18.025817871094,0.200000000000,
0.000000000000,0.314753682914,18.034057617188,0.200000000000,
0.000000000000,0.314945430513,18.045043945313,0.200000000000,
0.000000000000,0.314945430513,18.045043945313,0.200000000000,
0.000000000000,0.315233051910,18.061523437500,0.200000000000,
0.000000000000,0.315424799509,18.072509765625,0.200000000000,
0.000000000000,0.315568610208,18.080749511719,0.200000000000,
0.000000000000,0.315856231606,18.097229003906,0.200000000000,
0.000000000000,0.316047979204,18.108215332031,0.200000000000,
0.000000000000,0.316047979204,18.108215332031,0.200000000000,
0.000000000000,0.316191789903,18.116455078125,0.200000000000,
0.000000000000,0.316383537501,18.127441406250,0.200000000000,
0.000000000000,0.316575285100,18.138427734375,0.200000000000,
0.000000000000,0.316814969598,18.152160644531,0.200000000000,
0.000000000000,0.317054654096,18.165893554688,0.200000000000,
0.000000000000,0.317054654096,18.165893554688,0.200000000000,
0.000000000000,0.317294338594,18.179626464844,0.200000000000,
0.000000000000,0.317438149293,18.187866210938,0.200000000000,
0.000000000000,0.317725770691,18.204345703125,0.200000000000,
0.000000000000,0.317917518289,18.215332031250,0.200000000000,
0.000000000000,0.318061328988,18.223571777344,0.200000000000,
0.000000000000,0.318061328988,18.223571777344,0.200000000000,
0.000000000000,0.318253076587,18.234558105469,0.200000000000,
0.000000000000,0.318444824185,18.245544433594,0.200000000000,
0.000000000000,0.318732445583,18.262023925781,0.200000000000,
0.000000000000,0.318876256282,18.270263671875,0.200000000000,
0.000000000000,0.319068003880,18.281250000000,0.200000000000,
0.000000000000,0.319068003880,18.281250000000,0.200000000000,
0.000000000000,0.319307688378,18.294982910156,0.200000000000,
0.000000000000,0.319499435977,18.305969238281,0.200000000000,
0.000000000000,0.319691183575,18.316955566406,0.200000000000,
0.000000000000,0.319978804973,18.333435058594,0.200000000000,
0.000000000000,0.320170552572,18.344421386719,0.200000000000,
0.000000000000,0.320170552572,18.344421386719,0.200000000000,
0.000000000000,0.320314363270,18.352661132813,0.200000000000,
0.000000000000,0.320601984668,18.369140625000,0.200000000000,
0.000000000000,0.320793732267,18.380126953125,0.200000000000,
0.000000000000,0.320937542965,18.388366699219,0.200000000000,
0.000000000000,0.321225164363,18.404846191406,0.200000000000,
0.000000000000,0.321225164363,18.404846191406,0.200000000000,
0.000000000000,0.321368975062,18.413085937500,0.200000000000,
0.000000000000,0.321656596460,18.429565429688,0.200000000000,
0.000000000000,0.321848344058,18.440551757813,0.200000000000,
0.000000000000,0.321992154757,18.448791503906,0.200000000000,
0.000000000000,0.322279776155,18.465270996094,0.200000000000,
0.000000000000,0.322279776155,18.465270996094,0.200000000000,
0.000000000000,0.322471523753,18.476257324219,0.200000000000,
0.000000000000,0.322663271352,18.487243652344,0.200000000000,
0.000000000000,0.322807082051,18.495483398438,0.200000000000,
0.000000000000,0.322998829649,18.506469726563,0.200000000000,
0.000000000000,0.323286451047,18.522949218750,0.200000000000,
0.000000000000,0.323286451047,18.522949218750,0.200000000000,
0.000000000000,0.323430261746,18.531188964844,0.200000000000,
0.000000000000,0.323622009344,18.542175292969,0.200000000000,
0.000000000000,0.323909630742,18.558654785156,0.200000000000,
0.000000000000,0.324053441441,18.566894531250,0.200000000000,
0.000000000000,0.324341062839,18.583374023438,0.200000000000,
0.000000000000,0.324341062839,18.583374023438,0.200000000000,
0.000000000000,0.324532810437,18.594360351563,0.200000000000,
0.000000000000,0.324724558036,18.605346679688,0.200000000000,
0.000000000000,0.324868368734,18.613586425781,0.200000000000,
0.000000000000,0.325060116333,18.624572753906,0.200000000000,
0.000000000000,0.325347737731,18.641052246094,0.200000000000,
0.000000000000,0.325347737731,18.641052246094,0.200000000000,
0.000000000000,0.325539485329,18.652038574219,0.200000000000,
0.000000000000,0.325731232928,18.663024902344,0.200000000000,
0.000000000000,0.325875043626,18.671264648438,0.200000000000,
0.000000000000,0.326066791225,18.682250976563,0.200000000000,
0.000000000000,0.326258538823,18.693237304688,0.200000000000,
0.000000000000,0.326258538823,18.693237304688,0.200000000000,
0.000000000000,0.326546160221,18.709716796875,0.200000000000,
0.000000000000,0.326689970920,18.717956542969,0.200000000000,
0.000000000000,0.326881718519,18.728942871094,0.200000000000,
0.000000000000,0.327073466117,18.739929199219,0.200000000000,
0.000000000000,0.327265213715,18.750915527344,0.200000000000,
0.000000000000,0.327265213715,18.750915527344,0.200000000000,
0.000000000000,0.327552835113,18.767395019531,0.200000000000,
0.000000000000,0.327744582712,18.778381347656,0.200000000000,
0.000000000000,0.327936330310,18.789367675781,0.200000000000,
0.000000000000,0.328128077909,18.800354003906,0.200000000000,
0.000000000000,0.328271888608,18.808593750000,0.200000000000,
0.000000000000,0.328271888608,18.808593750000,0.200000000000,
0.000000000000,0.328463636206,18.819580078125,0.200000000000,
0.000000000000,0.328655383804,18.830566406250,0.200000000000,
0.000000000000,0.328847131403,18.841552734375,0.200000000000,
0.000000000000,0.329134752801,18.858032226563,0.200000000000,
0.000000000000,0.329230626600,18.863525390625,0.200000000000,
0.000000000000,0.329230626600,18.863525390625,0.200000000000,
0.000000000000,0.329518247998,18.880004882813,0.200000000000,
0.000000000000,0.329709995596,18.890991210938,0.200000000000,
0.000000000000,0.329901743195,18.901977539063,0.200000000000,
0.000000000000,0.330093490793,18.912963867188,0.200000000000,
0.000000000000,0.330285238392,18.923950195313,0.200000000000,
0.000000000000,0.330285238392,18.923950195313,0.200000000000,
0.000000000000,0.330476985990,18.934936523438,0.200000000000,
0.000000000000,0.330668733589,18.945922851563,0.200000000000,
0.000000000000,0.330812544287,18.954162597656,0.200000000000,
0.000000000000,0.331004291886,18.965148925781,0.200000000000,
0.000000000000,0.331196039484,18.976135253906,0.200000000000,
0.000000000000,0.331196039484,18.976135253906,0.200000000000,
0.000000000000,0.331387787083,18.987121582031,0.200000000000,
0.000000000000,0.331675408481,19.003601074219,0.200000000000,
0.000000000000,0.331771282280,19.009094238281,0.200000000000,
0.000000000000,0.332058903678,19.025573730469,0.200000000000,
0.000000000000,0.332250651276,19.036560058594,0.200000000000,
0.000000000000,0.332250651276,19.036560058594,0.200000000000,
0.000000000000,0.332394461975,19.044799804688,0.200000000000,
0.000000000000,0.332586209573,19.055786132813,0.200000000000,
0.000000000000,0.332777957172,19.066772460938,0.200000000000,
0.000000000000,0.332969704770,19.077758789063,0.200000000000,
0.000000000000,0.333161452369,19.088745117188,0.200000000000,
0.000000000000,0.333161452369,19.088745117188,0.200000000000,
0.000000000000,0.333449073767,19.105224609375,0.200000000000,
0.000000000000,0.333544947566,19.110717773438,0.200000000000,
0.000000000000,0.333832568964,19.127197265625,0.200000000000,
0.000000000000,0.334024316562,19.138183593750,0.200000000000,
0.000000000000,0.334120190361,19.143676757813,0.200000000000,
0.000000000000,0.334120190361,19.143676757813,0.200000000000,
0.000000000000,0.334407811759,19.160156250000,0.200000000000,
0.000000000000,0.334551622458,19.168395996094,0.200000000000,
0.000000000000,0.334791306956,19.182128906250,0.200000000000,
0.000000000000,0.334935117655,19.190368652344,0.200000000000,
0.000000000000,0.335174802153,19.204101562500,0.200000000000,
0.000000000000,0.335174802153,19.204101562500,0.200000000000,
0.000000000000,0.335366549751,19.215087890625,0.200000000000,
0.000000000000,0.335558297350,19.226074218750,0.200000000000,
0.000000000000,0.335750044948,19.237060546875,0.200000000000,
0.000000000000,0.335941792547,19.248046875000,0.200000000000,
0.000000000000,0.336133540145,19.259033203125,0.200000000000,
0.000000000000,0.336133540145,19.259033203125,0.200000000000,
0.000000000000,0.336277350844,19.267272949219,0.200000000000,
0.000000000000,0.336469098443,19.278259277344,0.200000000000,
0.000000000000,0.336660846041,19.289245605469,0.200000000000,
0.000000000000,0.336852593640,19.300231933594,0.200000000000,
0.000000000000,0.337044341238,19.311218261719,0.200000000000,
0.000000000000,0.337044341238,19.311218261719,0.200000000000,
0.000000000000,0.337236088837,19.322204589844,0.200000000000,
0.000000000000,0.337523710234,19.338684082031,0.200000000000,
0.000000000000,0.337715457833,19.349670410156,0.200000000000,
0.000000000000,0.337907205431,19.360656738281,0.200000000000,
0.000000000000,0.338003079231,19.366149902344,0.200000000000,
0.000000000000,0.338003079231,19.366149902344,0.200000000000,
0.000000000000,0.338194826829,19.377136230469,0.200000000000,
0.000000000000,0.338482448227,19.393615722656,0.200000000000,
0.000000000000,0.338626258926,19.401855468750,0.200000000000,
0.000000000000,0.338865943424,19.415588378906,0.200000000000,
0.000000000000,0.339057691022,19.426574707031,0.200000000000,
0.000000000000,0.339057691022,19.426574707031,0.200000000000,
0.000000000000,0.339249438621,19.437561035156,0.200000000000,
0.000000000000,0.339393249320,19.445800781250,0.200000000000,
0.000000000000,0.339584996918,19.456787109375,0.200000000000,
0.000000000000,0.339776744517,19.467773437500,0.200000000000,
0.000000000000,0.340064365914,19.484252929688,0.200000000000,
0.000000000000,0.340064365914,19.484252929688,0.200000000000,
0.000000000000,0.340256113513,19.495239257813,0.200000000000,
0.000000000000,0.340447861111,19.506225585938,0.200000000000,
0.000000000000,0.340591671810,19.514465332031,0.200000000000,
0.000000000000,0.340783419409,19.525451660156,0.200000000000,
0.000000000000,0.340975167007,19.536437988281,0.200000000000,
0.000000000000,0.340975167007,19.536437988281,0.200000000000,
0.000000000000,0.341166914606,19.547424316406,0.200000000000,
0.000000000000,0.341454536003,19.563903808594,0.200000000000,
0.000000000000,0.341598346702,19.572143554688,0.200000000000,
0.000000000000,0.341790094301,19.583129882813,0.200000000000,
0.000000000000,0.341981841899,19.594116210938,0.200000000000,
0.000000000000,0.341981841899,19.594116210938,0.200000000000,
0.000000000000,0.342269463297,19.610595703125,0.200000000000,
0.000000000000,0.342365337096,19.616088867188,0.200000000000,
0.000000000000,0.342652958494,19.632568359375,0.200000000000,
0.000000000000,0.342844706092,19.643554687500,0.200000000000,
0.000000000000,0.342988516791,19.651794433594,0.200000000000,
0.000000000000,0.342988516791,19.651794433594,0.200000000000,
0.000000000000,0.343180264390,19.662780761719,0.200000000000,
0.000000000000,0.343372011988,19.673767089844,0.200000000000,
0.000000000000,0.343563759587,19.684753417969,0.200000000000,
0.000000000000,0.343851380984,19.701232910156,0.200000000000,
0.000000000000,0.343995191683,19.709472656250,0.200000000000,
0.000000000000,0.343995191683,19.709472656250,0.200000000000,
0.000000000000,0.344186939282,19.720458984375,0.200000000000,
0.000000000000,0.344474560680,19.736938476563,0.200000000000,
0.000000000000,0.344666308278,19.747924804688,0.200000000000,
0.000000000000,0.344762182077,19.753417968750,0.200000000000,
0.000000000000,0.345001866575,19.767150878906,0.200000000000,
0.000000000000,0.345001866575,19.767150878906,0.200000000000,
0.000000000000,0.345289487973,19.783630371094,0.200000000000,
0.000000000000,0.345481235572,19.794616699219,0.200000000000,
0.000000000000,0.345672983170,19.805603027344,0.200000000000,
0.000000000000,0.345864730769,19.816589355469,0.200000000000,
0.000000000000,0.346008541467,19.824829101563,0.200000000000,
0.000000000000,0.346008541467,19.824829101563,0.200000000000,
0.000000000000,0.346200289066,19.835815429688,0.200000000000,
0.000000000000,0.346392036664,19.846801757813,0.200000000000,
0.000000000000,0.346679658062,19.863281250000,0.200000000000,
0.000000000000,0.346823468761,19.871520996094,0.200000000000,
0.000000000000,0.347015216360,19.882507324219,0.200000000000,
0.000000000000,0.347015216360,19.882507324219,0.200000000000,
0.000000000000,0.347206963958,19.893493652344,0.200000000000,
0.000000000000,0.347398711556,19.904479980469,0.200000000000,
0.000000000000,0.347638396055,19.918212890625,0.200000000000,
0.000000000000,0.347830143653,19.929199218750,0.200000000000,
0.000000000000,0.348021891252,19.940185546875,0.200000000000,
0.000000000000,0.348021891252,19.940185546875,0.200000000000,
0.000000000000,0.348309512649,19.956665039063,0.200000000000,
0.000000000000,0.348501260248,19.967651367188,0.200000000000,
0.000000000000,0.348645070947,19.975891113281,0.200000000000,
0.000000000000,0.348836818545,19.986877441406,0.200000000000,
0.000000000000,0.349028566144,19.997863769531,0.200000000000,
0.000000000000,0.349028566144,19.997863769531,0.200000000000,
0.000000000000,0.349316187541,20.014343261719,0.200000000000,
0.000000000000,0.349459998240,20.022583007813,0.200000000000,
0.000000000000,0.349651745839,20.033569335938,0.200000000000,
0.000000000000,0.349843493437,20.044555664063,0.200000000000,
0.000000000000,0.350035241036,20.055541992188,0.200000000000,
0.000000000000,0.350035241036,20.055541992188,0.200000000000,
0.000000000000,0.350226988634,20.066528320313,0.200000000000,
0.000000000000,0.350514610032,20.083007812500,0.200000000000,
0.000000000000,0.350658420731,20.091247558594,0.200000000000,
0.000000000000,0.350850168329,20.102233886719,0.200000000000,
0.000000000000,0.351137789727,20.118713378906,0.200000000000,
0.000000000000,0.351137789727,20.118713378906,0.200000000000,
0.000000000000,0.351329537325,20.129699707031,0.200000000000,
0.000000000000,0.351473348024,20.137939453125,0.200000000000,
0.000000000000,0.351665095623,20.148925781250,0.200000000000,
0.000000000000,0.351856843221,20.159912109375,0.200000000000,
0.000000000000,0.352144464619,20.176391601563,0.200000000000,
0.000000000000,0.352144464619,20.176391601563,0.200000000000,
0.000000000000,0.352336212217,20.187377929688,0.200000000000,
0.000000000000,0.352527959816,20.198364257813,0.200000000000,
0.000000000000,0.352671770515,20.206604003906,0.200000000000,
0.000000000000,0.352863518113,20.217590332031,0.200000000000,
0.000000000000,0.353055265712,20.228576660156,0.200000000000,
0.000000000000,0.353055265712,20.228576660156,0.200000000000,
0.000000000000,0.353247013310,20.239562988281,0.200000000000,
0.000000000000,0.353534634708,20.256042480469,0.200000000000,
0.000000000000,0.353726382307,20.267028808594,0.200000000000,
0.000000000000,0.353918129905,20.278015136719,0.200000000000,
0.000000000000,0.354109877503,20.289001464844,0.200000000000,
0.000000000000,0.354109877503,20.289001464844,0.200000000000,
0.000000000000,0.354301625102,20.299987792969,0.200000000000,
0.000000000000,0.354445435801,20.308227539063,0.200000000000,
0.000000000000,0.354685120299,20.321960449219,0.200000000000,
0.000000000000,0.354876867897,20.332946777344,0.200000000000,
0.000000000000,0.355020678596,20.341186523438,0.200000000000,
0.000000000000,0.355020678596,20.341186523438,0.200000000000,
0.000000000000,0.355212426195,20.352172851563,0.200000000000,
0.000000000000,0.355404173793,20.363159179688,0.200000000000,
0.000000000000,0.355595921392,20.374145507813,0.200000000000,
0.000000000000,0.355787668990,20.385131835938,0.200000000000,
0.000000000000,0.355979416589,20.396118164063,0.200000000000,
0.000000000000,0.355979416589,20.396118164063,0.200000000000,
0.000000000000,0.356171164187,20.407104492188,0.200000000000,
0.000000000000,0.356362911786,20.418090820313,0.200000000000,
0.000000000000,0.356602596284,20.431823730469,0.200000000000,
0.000000000000,0.356746406983,20.440063476563,0.200000000000,
0.000000000000,0.356938154581,20.451049804688,0.200000000000,
0.000000000000,0.356938154581,20.451049804688,0.200000000000,
0.000000000000,0.357129902180,20.462036132813,0.200000000000,
0.000000000000,0.357417523577,20.478515625000,0.200000000000,
0.000000000000,0.357609271176,20.489501953125,0.200000000000,
0.000000000000,0.357801018774,20.500488281250,0.200000000000,
0.000000000000,0.357944829473,20.508728027344,0.200000000000,
0.000000000000,0.357944829473,20.508728027344,0.200000000000,
0.000000000000,0.358136577072,20.519714355469,0.200000000000,
0.000000000000,0.358328324670,20.530700683594,0.200000000000,
0.000000000000,0.358520072269,20.541687011719,0.200000000000,
0.000000000000,0.358807693666,20.558166503906,0.200000000000,
0.000000000000,0.358903567466,20.563659667969,0.200000000000,
0.000000000000,0.358903567466,20.563659667969,0.200000000000,
0.000000000000,0.359191188863,20.580139160156,0.200000000000,
0.000000000000,0.359382936462,20.591125488281,0.200000000000,
0.000000000000,0.359574684060,20.602111816406,0.200000000000,
0.000000000000,0.359718494759,20.610351562500,0.200000000000,
0.000000000000,0.359958179257,20.624084472656,0.200000000000,
0.000000000000,0.359958179257,20.624084472656,0.200000000000,
0.000000000000,0.360101989956,20.632324218750,0.200000000000,
0.000000000000,0.360341674454,20.646057128906,0.200000000000,
0.000000000000,0.360533422053,20.657043457031,0.200000000000,
0.000000000000,0.360677232752,20.665283203125,0.200000000000,
0.000000000000,0.360868980350,20.676269531250,0.200000000000,
0.000000000000,0.360868980350,20.676269531250,0.200000000000,
0.000000000000,0.361060727949,20.687255859375,0.200000000000,
0.000000000000,0.361252475547,20.698242187500,0.200000000000,
0.000000000000,0.361444223146,20.709228515625,0.200000000000,
0.000000000000,0.361635970744,20.720214843750,0.200000000000,
0.000000000000,0.361827718343,20.731201171875,0.200000000000,
0.000000000000,0.361827718343,20.731201171875,0.200000000000,
0.000000000000,0.362019465941,20.742187500000,0.200000000000,
0.000000000000,0.362211213539,20.753173828125,0.200000000000,
0.000000000000,0.362498834937,20.769653320313,0.200000000000,
0.000000000000,0.362690582536,20.780639648438,0.200000000000,
0.000000000000,0.362882330134,20.791625976563,0.200000000000,
0.000000000000,0.362882330134,20.791625976563,0.200000000000,
0.000000000000,0.363074077733,20.802612304688,0.200000000000,
0.000000000000,0.363265825331,20.813598632813,0.200000000000,
0.000000000000,0.363409636030,20.821838378906,0.200000000000,
0.000000000000,0.363649320528,20.835571289063,0.200000000000,
0.000000000000,0.363793131227,20.843811035156,0.200000000000,
0.000000000000,0.363793131227,20.843811035156,0.200000000000,
0.000000000000,0.363984878825,20.854797363281,0.200000000000,
0.000000000000,0.364176626424,20.865783691406,0.200000000000,
0.000000000000,0.364464247822,20.882263183594,0.200000000000,
0.000000000000,0.364655995420,20.893249511719,0.200000000000,
0.000000000000,0.364847743019,20.904235839844,0.200000000000,
0.000000000000,0.364847743019,20.904235839844,0.200000000000,
0.000000000000,0.364991553718,20.912475585938,0.200000000000,
0.000000000000,0.365183301316,20.923461914063,0.200000000000,
0.000000000000,0.365470922714,20.939941406250,0.200000000000,
0.000000000000,0.365662670312,20.950927734375,0.200000000000,
0.000000000000,0.365854417911,20.961914062500,0.200000000000,
0.000000000000,0.365854417911,20.961914062500,0.200000000000,
0.000000000000,0.366046165509,20.972900390625,0.200000000000,
0.000000000000,0.366189976208,20.981140136719,0.200000000000,
0.000000000000,0.366381723807,20.992126464844,0.200000000000,
0.000000000000,0.366669345204,21.008605957031,0.200000000000,
0.000000000000,0.366765219004,21.014099121094,0.200000000000,
0.000000000000,0.366765219004,21.014099121094,0.200000000000,
0.000000000000,0.366956966602,21.025085449219,0.200000000000,
0.000000000000,0.367196651100,21.038818359375,0.200000000000,
0.000000000000,0.367388398699,21.049804687500,0.200000000000,
0.000000000000,0.367676020096,21.066284179688,0.200000000000,
0.000000000000,0.367867767695,21.077270507813,0.200000000000,
0.000000000000,0.367867767695,21.077270507813,0.200000000000,
0.000000000000,0.368059515293,21.088256835938,0.200000000000,
0.000000000000,0.368203325992,21.096496582031,0.200000000000,
0.000000000000,0.368395073591,21.107482910156,0.200000000000,
0.000000000000,0.368682694988,21.123962402344,0.200000000000,
0.000000000000,0.368874442587,21.134948730469,0.200000000000,
0.000000000000,0.368874442587,21.134948730469,0.200000000000,
0.000000000000,0.369018253286,21.143188476563,0.200000000000,
0.000000000000,0.369210000884,21.154174804688,0.200000000000,
0.000000000000,0.369497622282,21.170654296875,0.200000000000,
0.000000000000,0.369641432981,21.178894042969,0.200000000000,
0.000000000000,0.369833180579,21.189880371094,0.200000000000,
0.000000000000,0.369833180579,21.189880371094,0.200000000000,
0.000000000000,0.370120801977,21.206359863281,0.200000000000,
0.000000000000,0.370312549576,21.217346191406,0.200000000000,
0.000000000000,0.370456360274,21.225585937500,0.200000000000,
0.000000000000,0.370743981672,21.242065429688,0.200000000000,
0.000000000000,0.370887792371,21.250305175781,0.200000000000,
0.000000000000,0.370887792371,21.250305175781,0.200000000000,
0.000000000000,0.371079539969,21.261291503906,0.200000000000,
0.000000000000,0.371367161367,21.277770996094,0.200000000000,
0.000000000000,0.371558908966,21.288757324219,0.200000000000,
0.000000000000,0.371702719665,21.296997070313,0.200000000000,
0.000000000000,0.371894467263,21.307983398438,0.200000000000,
0.000000000000,0.371894467263,21.307983398438,0.200000000000,
0.000000000000,0.372182088661,21.324462890625,0.200000000000,
0.000000000000,0.372325899360,21.332702636719,0.200000000000,
0.000000000000,0.372517646958,21.343688964844,0.200000000000,
0.000000000000,0.372805268356,21.360168457031,0.200000000000,
0.000000000000,0.372949079055,21.368408203125,0.200000000000,
0.000000000000,0.372949079055,21.368408203125,0.200000000000,
0.000000000000,0.373140826653,21.379394531250,0.200000000000,
0.000000000000,0.373332574252,21.390380859375,0.200000000000,
0.000000000000,0.373620195649,21.406860351563,0.200000000000,
0.000000000000,0.373764006348,21.415100097656,0.200000000000,
0.000000000000,0.373955753947,21.426086425781,0.200000000000,
0.000000000000,0.373955753947,21.426086425781,0.200000000000,
0.000000000000,0.374195438445,21.439819335938,0.200000000000,
0.000000000000,0.374435122943,21.453552246094,0.200000000000,
0.000000000000,0.374578933642,21.461791992188,0.200000000000,
0.000000000000,0.374866555040,21.478271484375,0.200000000000,
0.000000000000,0.375058302638,21.489257812500,0.200000000000,
0.000000000000,0.375058302638,21.489257812500,0.200000000000,
0.000000000000,0.375250050237,21.500244140625,0.200000000000,
0.000000000000,0.375393860935,21.508483886719,0.200000000000,
0.000000000000,0.375585608534,21.519470214844,0.200000000000,
0.000000000000,0.375873229932,21.535949707031,0.200000000000,
0.000000000000,0.376017040630,21.544189453125,0.200000000000,
0.000000000000,0.376017040630,21.544189453125,0.200000000000,
0.000000000000,0.376208788229,21.555175781250,0.200000000000,
0.000000000000,0.376400535827,21.566162109375,0.200000000000,
0.000000000000,0.376688157225,21.582641601563,0.200000000000,
0.000000000000,0.376879904824,21.593627929688,0.200000000000,
0.000000000000,0.377023715523,21.601867675781,0.200000000000,
0.000000000000,0.377023715523,21.601867675781,0.200000000000,
0.000000000000,0.377311336920,21.618347167969,0.200000000000,
0.000000000000,0.377407210719,21.623840332031,0.200000000000,
0.000000000000,0.377694832117,21.640319824219,0.200000000000,
0.000000000000,0.377838642816,21.648559570313,0.200000000000,
0.000000000000,0.378030390415,21.659545898438,0.200000000000,
0.000000000000,0.378030390415,21.659545898438,0.200000000000,
0.000000000000,0.378222138013,21.670532226563,0.200000000000,
0.000000000000,0.378509759411,21.687011718750,0.200000000000,
0.000000000000,0.378653570110,21.695251464844,0.200000000000,
0.000000000000,0.378845317708,21.706237792969,0.200000000000,
0.000000000000,0.379037065307,21.717224121094,0.200000000000,
0.000000000000,0.379037065307,21.717224121094,0.200000000000,
0.000000000000,0.379228812905,21.728210449219,0.200000000000,
0.000000000000,0.379516434303,21.744689941406,0.200000000000,
0.000000000000,0.379708181901,21.755676269531,0.200000000000,
0.000000000000,0.379851992600,21.763916015625,0.200000000000,
0.000000000000,0.380091677098,21.777648925781,0.200000000000,
0.000000000000,0.380091677098,21.777648925781,0.200000000000,
0.000000000000,0.380283424697,21.788635253906,0.200000000000,
0.000000000000,0.380475172295,21.799621582031,0.200000000000,
0.000000000000,0.380618982994,21.807861328125,0.200000000000,
0.000000000000,0.380810730593,21.818847656250,0.200000000000,
0.000000000000,0.381002478191,21.829833984375,0.200000000000,
0.000000000000,0.381002478191,21.829833984375,0.200000000000,
0.000000000000,0.381194225790,21.840820312500,0.200000000000,
0.000000000000,0.381385973388,21.851806640625,0.200000000000,
0.000000000000,0.381577720987,21.862792968750,0.200000000000,
0.000000000000,0.381865342384,21.879272460938,0.200000000000,
0.000000000000,0.381961216184,21.884765625000,0.200000000000,
0.000000000000,0.381961216184,21.884765625000,0.200000000000,
0.000000000000,0.382152963782,21.895751953125,0.200000000000,
0.000000000000,0.382344711380,21.906738281250,0.200000000000,
0.000000000000,0.382632332778,21.923217773438,0.200000000000,
0.000000000000,0.382728206577,21.928710937500,0.200000000000,
0.000000000000,0.382967891076,21.942443847656,0.200000000000,
0.000000000000,0.382967891076,21.942443847656,0.200000000000,
0.000000000000,0.383207575574,21.956176757813,0.200000000000,
0.000000000000,0.383351386273,21.964416503906,0.200000000000,
0.000000000000,0.383543133871,21.975402832031,0.200000000000,
0.000000000000,0.383734881470,21.986389160156,0.200000000000,
0.000000000000,0.384022502867,22.002868652344,0.200000000000,
0.000000000000,0.384022502867,22.002868652344,0.200000000000,
0.000000000000,0.384214250466,22.013854980469,0.200000000000,
0.000000000000,0.384405998064,22.024841308594,0.200000000000,
0.000000000000,0.384549808763,22.033081054688,0.200000000000,
0.000000000000,0.384789493261,22.046813964844,0.200000000000,
0.000000000000,0.384933303960,22.055053710938,0.200000000000,
0.000000000000,0.384933303960,22.055053710938,0.200000000000,
0.000000000000,0.385125051559,22.066040039063,0.200000000000,
0.000000000000,0.385316799157,22.077026367188,0.200000000000,
0.000000000000,0.385604420555,22.093505859375,0.200000000000,
0.000000000000,0.385796168153,22.104492187500,0.200000000000,
0.000000000000,0.385987915752,22.115478515625,0.200000000000,
0.000000000000,0.385987915752,22.115478515625,0.200000000000,
0.000000000000,0.386179663350,22.126464843750,0.200000000000,
0.000000000000,0.386323474049,22.134704589844,0.200000000000,
0.000000000000,0.386563158547,22.148437500000,0.200000000000,
0.000000000000,0.386706969246,22.156677246094,0.200000000000,
0.000000000000,0.386946653744,22.170410156250,0.200000000000,
0.000000000000,0.386946653744,22.170410156250,0.200000000000,
0.000000000000,0.387138401343,22.181396484375,0.200000000000,
0.000000000000,0.387330148941,22.192382812500,0.200000000000,
0.000000000000,0.387521896540,22.203369140625,0.200000000000,
0.000000000000,0.387665707238,22.211608886719,0.200000000000,
0.000000000000,0.387905391737,22.225341796875,0.200000000000,
0.000000000000,0.387905391737,22.225341796875,0.200000000000,
0.000000000000,0.388097139335,22.236328125000,0.200000000000,
0.000000000000,0.388288886934,22.247314453125,0.200000000000,
0.000000000000,0.388432697632,22.255554199219,0.200000000000,
0.000000000000,0.388624445231,22.266540527344,0.200000000000,
0.000000000000,0.388816192829,22.277526855469,0.200000000000,
0.000000000000,0.388816192829,22.277526855469,0.200000000000,
0.000000000000,0.389007940428,22.288513183594,0.200000000000,
0.000000000000,0.389199688026,22.299499511719,0.200000000000,
0.000000000000,0.389391435625,22.310485839844,0.200000000000,
0.000000000000,0.389583183223,22.321472167969,0.200000000000,
0.000000000000,0.389870804621,22.337951660156,0.200000000000,
0.000000000000,0.389870804621,22.337951660156,0.200000000000,
0.000000000000,0.390062552220,22.348937988281,0.200000000000,
0.000000000000,0.390254299818,22.359924316406,0.200000000000,
0.000000000000,0.390446047417,22.370910644531,0.200000000000,
0.000000000000,0.390589858115,22.379150390625,0.200000000000,
0.000000000000,0.390781605714,22.390136718750,0.200000000000,
0.000000000000,0.390781605714,22.390136718750,0.200000000000,
0.000000000000,0.391021290212,22.403869628906,0.200000000000,
0.000000000000,0.391165100911,22.412109375000,0.200000000000,
0.000000000000,0.391404785409,22.425842285156,0.200000000000,
0.000000000000,0.391548596108,22.434082031250,0.200000000000,
0.000000000000,0.391740343706,22.445068359375,0.200000000000,
0.000000000000,0.391740343706,22.445068359375,0.200000000000,
0.000000000000,0.391932091305,22.456054687500,0.200000000000,
0.000000000000,0.392123838903,22.467041015625,0.200000000000,
0.000000000000,0.392315586502,22.478027343750,0.200000000000,
0.000000000000,0.392603207899,22.494506835938,0.200000000000,
0.000000000000,0.392794955498,22.505493164063,0.200000000000,
0.000000000000,0.392794955498,22.505493164063,0.200000000000,
0.000000000000,0.392986703096,22.516479492188,0.200000000000,
0.000000000000,0.393130513795,22.524719238281,0.200000000000,
0.000000000000,0.393322261394,22.535705566406,0.200000000000,
0.000000000000,0.393514008992,22.546691894531,0.200000000000,
0.000000000000,0.393705756591,22.557678222656,0.200000000000,
0.000000000000,0.393705756591,22.557678222656,0.200000000000,
0.000000000000,0.393993377989,22.574157714844,0.200000000000,
0.000000000000,0.394137188687,22.582397460938,0.200000000000,
0.000000000000,0.394328936286,22.593383789063,0.200000000000,
0.000000000000,0.394520683884,22.604370117188,0.200000000000,
0.000000000000,0.394712431483,22.615356445313,0.200000000000,
0.000000000000,0.394712431483,22.615356445313,0.200000000000,
0.000000000000,0.394904179081,22.626342773438,0.200000000000,
0.000000000000,0.395191800479,22.642822265625,0.200000000000,
0.000000000000,0.395383548078,22.653808593750,0.200000000000,
0.000000000000,0.395575295676,22.664794921875,0.200000000000,
0.000000000000,0.395767043274,22.675781250000,0.200000000000,
0.000000000000,0.395767043274,22.675781250000,0.200000000000,
0.000000000000,0.395910853973,22.684020996094,0.200000000000,
0.000000000000,0.396102601572,22.695007324219,0.200000000000,
0.000000000000,0.396294349170,22.705993652344,0.200000000000,
0.000000000000,0.396534033668,22.719726562500,0.200000000000,
0.000000000000,0.396773718167,22.733459472656,0.200000000000,
0.000000000000,0.396773718167,22.733459472656,0.200000000000,
0.000000000000,0.396917528865,22.741699218750,0.200000000000,
0.000000000000,0.397205150263,22.758178710938,0.200000000000,
0.000000000000,0.397301024062,22.763671875000,0.200000000000,
0.000000000000,0.397588645460,22.780151367188,0.200000000000,
0.000000000000,0.397732456159,22.788391113281,0.200000000000,
0.000000000000,0.397732456159,22.788391113281,0.200000000000,
0.000000000000,0.397924203757,22.799377441406,0.200000000000,
0.000000000000,0.398115951356,22.810363769531,0.200000000000,
0.000000000000,0.398403572754,22.826843261719,0.200000000000,
0.000000000000,0.398595320352,22.837829589844,0.200000000000,
0.000000000000,0.398739131051,22.846069335938,0.200000000000,
0.000000000000,0.398739131051,22.846069335938,0.200000000000,
0.000000000000,0.398930878650,22.857055664063,0.200000000000,
0.000000000000,0.399218500047,22.873535156250,0.200000000000,
0.000000000000,0.399410247646,22.884521484375,0.200000000000,
0.000000000000,0.399554058345,22.892761230469,0.200000000000,
0.000000000000,0.399745805943,22.903747558594,0.200000000000,
0.000000000000,0.399745805943,22.903747558594,0.200000000000,
0.000000000000,0.399937553542,22.914733886719,0.200000000000,
0.000000000000,0.400225174939,22.931213378906,0.200000000000,
0.000000000000,0.400416922538,22.942199707031,0.200000000000,
0.000000000000,0.400608670136,22.953186035156,0.200000000000,
0.000000000000,0.400752480835,22.961425781250,0.200000000000,
0.000000000000,0.400752480835,22.961425781250,0.200000000000,
0.000000000000,0.400992165333,22.975158691406,0.200000000000,
0.000000000000,0.401231849831,22.988891601563,0.200000000000,
0.000000000000,0.401423597430,22.999877929688,0.200000000000,
0.000000000000,0.401567408129,23.008117675781,0.200000000000,
0.000000000000,0.401807092627,23.021850585938,0.200000000000,
0.000000000000,0.401807092627,23.021850585938,0.200000000000,
0.000000000000,0.401950903326,23.030090332031,0.200000000000,
0.000000000000,0.402238524723,23.046569824219,0.200000000000,
0.000000000000,0.402430272322,23.057556152344,0.200000000000,
0.000000000000,0.402622019920,23.068542480469,0.200000000000,
0.000000000000,0.402765830619,23.076782226563,0.200000000000,
0.000000000000,0.402765830619,23.076782226563,0.200000000000,
0.000000000000,0.402957578218,23.087768554688,0.200000000000,
0.000000000000,0.403245199615,23.104248046875,0.200000000000,
0.000000000000,0.403436947214,23.115234375000,0.200000000000,
0.000000000000,0.403628694812,23.126220703125,0.200000000000,
0.000000000000,0.403772505511,23.134460449219,0.200000000000,
0.000000000000,0.403772505511,23.134460449219,0.200000000000,
0.000000000000,0.403964253110,23.145446777344,0.200000000000,
0.000000000000,0.404156000708,23.156433105469,0.200000000000,
0.000000000000,0.404443622106,23.172912597656,0.200000000000,
0.000000000000,0.404635369704,23.183898925781,0.200000000000,
0.000000000000,0.404779180403,23.192138671875,0.200000000000,
0.000000000000,0.404779180403,23.192138671875,0.200000000000,
0.000000000000,0.404970928002,23.203125000000,0.200000000000,
0.000000000000,0.405162675600,23.214111328125,0.200000000000,
0.000000000000,0.405354423199,23.225097656250,0.200000000000,
0.000000000000,0.405546170797,23.236083984375,0.200000000000,
0.000000000000,0.405833792195,23.252563476563,0.200000000000,
0.000000000000,0.405833792195,23.252563476563,0.200000000000,
0.000000000000,0.405929665994,23.258056640625,0.200000000000,
0.000000000000,0.406217287392,23.274536132813,0.200000000000,
0.000000000000,0.406409034990,23.285522460938,0.200000000000,
0.000000000000,0.406600782589,23.296508789063,0.200000000000,
0.000000000000,0.406792530187,23.307495117188,0.200000000000,
0.000000000000,0.406792530187,23.307495117188,0.200000000000,
0.000000000000,0.406984277786,23.318481445313,0.200000000000,
0.000000000000,0.407128088485,23.326721191406,0.200000000000,
0.000000000000,0.407367772983,23.340454101563,0.200000000000,
0.000000000000,0.407511583682,23.348693847656,0.200000000000,
0.000000000000,0.407703331280,23.359680175781,0.200000000000,
0.000000000000,0.407703331280,23.359680175781,0.200000000000,
0.000000000000,0.407943015778,23.373413085938,0.200000000000,
0.000000000000,0.408086826477,23.381652832031,0.200000000000,
0.000000000000,0.408278574076,23.392639160156,0.200000000000,
0.000000000000,0.408470321674,23.403625488281,0.200000000000,
0.000000000000,0.408757943072,23.420104980469,0.200000000000,
0.000000000000,0.408757943072,23.420104980469,0.200000000000,
0.000000000000,0.408853816871,23.425598144531,0.200000000000,
0.000000000000,0.409045564470,23.436584472656,0.200000000000,
0.000000000000,0.409333185867,23.453063964844,0.200000000000,
0.000000000000,0.409524933466,23.464050292969,0.200000000000,
0.000000000000,0.409716681064,23.475036621094,0.200000000000,
0.000000000000,0.409716681064,23.475036621094,0.200000000000,
0.000000000000,0.409860491763,23.483276367188,0.200000000000,
0.000000000000,0.410052239362,23.494262695313,0.200000000000,
0.000000000000,0.410243986960,23.505249023438,0.200000000000,
0.000000000000,0.410435734559,23.516235351563,0.200000000000,
0.000000000000,0.410675419057,23.529968261719,0.200000000000,
0.000000000000,0.410675419057,23.529968261719,0.200000000000,
0.000000000000,0.410915103555,23.543701171875,0.200000000000,
0.000000000000,0.411106851153,23.554687500000,0.200000000000,
0.000000000000,0.411250661852,23.562927246094,0.200000000000,
0.000000000000,0.411442409451,23.573913574219,0.200000000000,
0.000000000000,0.411730030848,23.590393066406,0.200000000000,
0.000000000000,0.411730030848,23.590393066406,0.200000000000,
0.000000000000,0.411921778447,23.601379394531,0.200000000000,
0.000000000000,0.412113526045,23.612365722656,0.200000000000,
0.000000000000,0.412353210544,23.626098632813,0.200000000000,
0.000000000000,0.412449084343,23.631591796875,0.200000000000,
0.000000000000,0.412736705740,23.648071289063,0.200000000000,
0.000000000000,0.412736705740,23.648071289063,0.200000000000,
0.000000000000,0.412832579540,23.653564453125,0.200000000000,
0.000000000000,0.413120200937,23.670043945313,0.200000000000,
0.000000000000,0.413311948536,23.681030273438,0.200000000000,
0.000000000000,0.413407822335,23.686523437500,0.200000000000,
0.000000000000,0.413551633034,23.694763183594,0.200000000000,
0.000000000000,0.413551633034,23.694763183594,0.200000000000,
0.000000000000,0.413839254432,23.711242675781,0.200000000000,
0.000000000000,0.414031002030,23.722229003906,0.200000000000,
0.000000000000,0.414222749629,23.733215332031,0.200000000000,
0.000000000000,0.414414497227,23.744201660156,0.200000000000,
0.000000000000,0.414702118625,23.760681152344,0.200000000000,
0.000000000000,0.414702118625,23.760681152344,0.200000000000,
0.000000000000,0.414845929324,23.768920898438,0.200000000000,
0.000000000000,0.415037676922,23.779907226563,0.200000000000,
0.000000000000,0.415229424521,23.790893554688,0.200000000000,
0.000000000000,0.415421172119,23.801879882813,0.200000000000,
0.000000000000,0.415612919718,23.812866210938,0.200000000000,
0.000000000000,0.415612919718,23.812866210938,0.200000000000,
0.000000000000,0.415900541115,23.829345703125,0.200000000000,
0.000000000000,0.416092288714,23.840332031250,0.200000000000,
0.000000000000,0.416236099413,23.848571777344,0.200000000000,
0.000000000000,0.416427847011,23.859558105469,0.200000000000,
0.000000000000,0.416619594610,23.870544433594,0.200000000000,
0.000000000000,0.416619594610,23.870544433594,0.200000000000,
0.000000000000,0.416907216008,23.887023925781,0.200000000000,
0.000000000000,0.417098963606,23.898010253906,0.200000000000,
0.000000000000,0.417290711205,23.908996582031,0.200000000000,
0.000000000000,0.417482458803,23.919982910156,0.200000000000,
0.000000000000,0.417626269502,23.928222656250,0.200000000000,
0.000000000000,0.417626269502,23.928222656250,0.200000000000,
0.000000000000,0.417913890900,23.944702148438,0.200000000000,
0.000000000000,0.418009764699,23.950195312500,0.200000000000,
0.000000000000,0.418297386097,23.966674804688,0.200000000000,
0.000000000000,0.418441196795,23.974914550781,0.200000000000,
0.000000000000,0.418632944394,23.985900878906,0.200000000000,
0.000000000000,0.418632944394,23.985900878906,0.200000000000,
0.000000000000,0.418920565792,24.002380371094,0.200000000000,
0.000000000000,0.419064376491,24.010620117188,0.200000000000,
0.000000000000,0.419256124089,24.021606445313,0.200000000000,
0.000000000000,0.419543745487,24.038085937500,0.200000000000,
0.000000000000,0.419735493085,24.049072265625,0.200000000000,
0.000000000000,0.419735493085,24.049072265625,0.200000000000,
0.000000000000,0.419879303784,24.057312011719,0.200000000000,
0.000000000000,0.420071051383,24.068298339844,0.200000000000,
0.000000000000,0.420358672780,24.084777832031,0.200000000000,
0.000000000000,0.420550420379,24.095764160156,0.200000000000,
0.000000000000,0.420694231078,24.104003906250,0.200000000000,
0.000000000000,0.420694231078,24.104003906250,0.200000000000,
0.000000000000,0.420885978676,24.114990234375,0.200000000000,
0.000000000000,0.421173600074,24.131469726563,0.200000000000,
0.000000000000,0.421365347672,24.142456054688,0.200000000000,
0.000000000000,0.421509158371,24.150695800781,0.200000000000,
0.000000000000,0.421700905970,24.161682128906,0.200000000000,
0.000000000000,0.421700905970,24.161682128906,0.200000000000,
0.000000000000,0.421940590468,24.175415039063,0.200000000000,
0.000000000000,0.422132338066,24.186401367188,0.200000000000,
0.000000000000,0.422419959464,24.202880859375,0.200000000000,
0.000000000000,0.422611707062,24.213867187500,0.200000000000,
0.000000000000,0.422755517761,24.222106933594,0.200000000000,
0.000000000000,0.422755517761,24.222106933594,0.200000000000,
0.000000000000,0.423043139159,24.238586425781,0.200000000000,
0.000000000000,0.423234886758,24.249572753906,0.200000000000,
0.000000000000,0.423378697456,24.257812500000,0.200000000000,
0.000000000000,0.423666318854,24.274291992188,0.200000000000,
0.000000000000,0.423810129553,24.282531738281,0.200000000000,
0.000000000000,0.423810129553,24.282531738281,0.200000000000,
0.000000000000,0.424001877152,24.293518066406,0.200000000000,
0.000000000000,0.424289498549,24.309997558594,0.200000000000,
0.000000000000,0.424481246148,24.320983886719,0.200000000000,
0.000000000000,0.424625056847,24.329223632813,0.200000000000,
0.000000000000,0.424912678244,24.345703125000,0.200000000000,
0.000000000000,0.424912678244,24.345703125000,0.200000000000,
0.000000000000,0.425056488943,24.353942871094,0.200000000000,
0.000000000000,0.425248236542,24.364929199219,0.200000000000,
0.000000000000,0.425535857939,24.381408691406,0.200000000000,
0.000000000000,0.425679668638,24.389648437500,0.200000000000,
0.000000000000,0.425871416237,24.400634765625,0.200000000000,
0.000000000000,0.425871416237,24.400634765625,0.200000000000,
0.000000000000,0.426159037634,24.417114257813,0.200000000000,
0.000000000000,0.426350785233,24.428100585938,0.200000000000,
0.000000000000,0.426494595932,24.436340332031,0.200000000000,
0.000000000000,0.426782217330,24.452819824219,0.200000000000,
0.000000000000,0.426926028028,24.461059570313,0.200000000000,
0.000000000000,0.426926028028,24.461059570313,0.200000000000,
0.000000000000,0.427117775627,24.472045898438,0.200000000000,
0.000000000000,0.427405397025,24.488525390625,0.200000000000,
0.000000000000,0.427549207724,24.496765136719,0.200000000000,
0.000000000000,0.427836829121,24.513244628906,0.200000000000,
0.000000000000,0.427932702920,24.518737792969,0.200000000000,
0.000000000000,0.427932702920,24.518737792969,0.200000000000,
0.000000000000,0.428220324318,24.535217285156,0.200000000000,
0.000000000000,0.428364135017,24.543457031250,0.200000000000,
0.000000000000,0.428555882616,24.554443359375,0.200000000000,
0.000000000000,0.428795567114,24.568176269531,0.200000000000,
0.000000000000,0.428987314712,24.579162597656,0.200000000000,
0.000000000000,0.428987314712,24.579162597656,0.200000000000,
0.000000000000,0.429179062311,24.590148925781,0.200000000000,
0.000000000000,0.429466683708,24.606628417969,0.200000000000,
0.000000000000,0.429658431307,24.617614746094,0.200000000000,
0.000000000000,0.429802242006,24.625854492188,0.200000000000,
0.000000000000,0.429993989604,24.636840820313,0.200000000000,
0.000000000000,0.429993989604,24.636840820313,0.200000000000,
0.000000000000,0.430185737203,24.647827148438,0.200000000000,
0.000000000000,0.430425421701,24.661560058594,0.200000000000,
0.000000000000,0.430617169299,24.672546386719,0.200000000000,
0.000000000000,0.430904790697,24.689025878906,0.200000000000,
0.000000000000,0.431096538295,24.700012207031,0.200000000000,
0.000000000000,0.431096538295,24.700012207031,0.200000000000,
0.000000000000,0.431288285894,24.710998535156,0.200000000000,
0.000000000000,0.431432096593,24.719238281250,0.200000000000,
0.000000000000,0.431623844191,24.730224609375,0.200000000000,
0.000000000000,0.431815591790,24.741210937500,0.200000000000,
0.000000000000,0.432007339388,24.752197265625,0.200000000000,
0.000000000000,0.432007339388,24.752197265625,0.200000000000,
0.000000000000,0.432199086987,24.763183593750,0.200000000000,
0.000000000000,0.432438771485,24.776916503906,0.200000000000,
0.000000000000,0.432678455983,24.790649414063,0.200000000000,
0.000000000000,0.432822266682,24.798889160156,0.200000000000,
0.000000000000,0.433014014280,24.809875488281,0.200000000000,
0.000000000000,0.433014014280,24.809875488281,0.200000000000,
0.000000000000,0.433205761879,24.820861816406,0.200000000000,
0.000000000000,0.433397509477,24.831848144531,0.200000000000,
0.000000000000,0.433589257076,24.842834472656,0.200000000000,
0.000000000000,0.433876878474,24.859313964844,0.200000000000,
0.000000000000,0.434068626072,24.870300292969,0.200000000000,
0.000000000000,0.434068626072,24.870300292969,0.200000000000,
0.000000000000,0.434260373671,24.881286621094,0.200000000000,
0.000000000000,0.434452121269,24.892272949219,0.200000000000,
0.000000000000,0.434643868867,24.903259277344,0.200000000000,
0.000000000000,0.434835616466,24.914245605469,0.200000000000,
0.000000000000,0.434979427165,24.922485351563,0.200000000000,
0.000000000000,0.434979427165,24.922485351563,0.200000000000,
0.000000000000,0.435171174763,24.933471679688,0.200000000000,
0.000000000000,0.435362922362,24.944458007813,0.200000000000,
0.000000000000,0.435554669960,24.955444335938,0.200000000000,
0.000000000000,0.435794354458,24.969177246094,0.200000000000,
0.000000000000,0.435986102057,24.980163574219,0.200000000000,
0.000000000000,0.435986102057,24.980163574219,0.200000000000,
0.000000000000,0.436177849655,24.991149902344,0.200000000000,
0.000000000000,0.436465471053,25.007629394531,0.200000000000,
0.000000000000,0.436657218652,25.018615722656,0.200000000000,
0.000000000000,0.436801029350,25.026855468750,0.200000000000,
0.000000000000,0.436992776949,25.037841796875,0.200000000000,
0.000000000000,0.436992776949,25.037841796875,0.200000000000,
0.000000000000,0.437280398347,25.054321289063,0.200000000000,
0.000000000000,0.437376272146,25.059814453125,0.200000000000,
0.000000000000,0.437568019744,25.070800781250,0.200000000000,
0.000000000000,0.437855641142,25.087280273438,0.200000000000,
0.000000000000,0.437999451841,25.095520019531,0.200000000000,
0.000000000000,0.437999451841,25.095520019531,0.200000000000,
0.000000000000,0.438191199439,25.106506347656,0.200000000000,
0.000000000000,0.438382947038,25.117492675781,0.200000000000,
0.000000000000,0.438670568436,25.133972167969,0.200000000000,
0.000000000000,0.438814379135,25.142211914063,0.200000000000,
0.000000000000,0.439054063633,25.155944824219,0.200000000000,
0.000000000000,0.439054063633,25.155944824219,0.200000000000,
0.000000000000,0.439245811231,25.166931152344,0.200000000000,
0.000000000000,0.439437558830,25.177917480469,0.200000000000,
0.000000000000,0.439629306428,25.188903808594,0.200000000000,
0.000000000000,0.439773117127,25.197143554688,0.200000000000,
0.000000000000,0.439964864725,25.208129882813,0.200000000000,
0.000000000000,0.439964864725,25.208129882813,0.200000000000,
0.000000000000,0.440252486123,25.224609375000,0.200000000000,
0.000000000000,0.440444233722,25.235595703125,0.200000000000,
0.000000000000,0.440635981320,25.246582031250,0.200000000000,
0.000000000000,0.440827728919,25.257568359375,0.200000000000,
0.000000000000,0.441019476517,25.268554687500,0.200000000000,
0.000000000000,0.441019476517,25.268554687500,0.200000000000,
0.000000000000,0.441163287216,25.276794433594,0.200000000000,
0.000000000000,0.441355034814,25.287780761719,0.200000000000,
0.000000000000,0.441546782413,25.298767089844,0.200000000000,
0.000000000000,0.441738530011,25.309753417969,0.200000000000,
0.000000000000,0.442026151409,25.326232910156,0.200000000000,
0.000000000000,0.442026151409,25.326232910156,0.200000000000,
0.000000000000,0.442217899008,25.337219238281,0.200000000000,
0.000000000000,0.442361709707,25.345458984375,0.200000000000,
0.000000000000,0.442553457305,25.356445312500,0.200000000000,
0.000000000000,0.442745204903,25.367431640625,0.200000000000,
0.000000000000,0.443032826301,25.383911132813,0.200000000000,
0.000000000000,0.443032826301,25.383911132813,0.200000000000,
0.000000000000,0.443128700100,25.389404296875,0.200000000000,
0.000000000000,0.443416321498,25.405883789063,0.200000000000,
0.000000000000,0.443608069097,25.416870117188,0.200000000000,
0.000000000000,0.443751879796,25.425109863281,0.200000000000,
0.000000000000,0.443943627394,25.436096191406,0.200000000000,
0.000000000000,0.443943627394,25.436096191406,0.200000000000,
0.000000000000,0.444183311892,25.449829101563,0.200000000000,
0.000000000000,0.444422996390,25.463562011719,0.200000000000,
0.000000000000,0.444614743989,25.474548339844,0.200000000000,
0.000000000000,0.444758554688,25.482788085938,0.200000000000,
0.000000000000,0.444950302286,25.493774414063,0.200000000000,
0.000000000000,0.444950302286,25.493774414063,0.200000000000,
0.000000000000,0.445237923684,25.510253906250,0.200000000000,
0.000000000000,0.445333797483,25.515747070313,0.200000000000,
0.000000000000,0.445621418881,25.532226562500,0.200000000000,
0.000000000000,0.445813166479,25.543212890625,0.200000000000,
0.000000000000,0.445956977178,25.551452636719,0.200000000000,
0.000000000000,0.445956977178,25.551452636719,0.200000000000,
0.000000000000,0.446148724777,25.562438964844,0.200000000000,
0.000000000000,0.446340472375,25.573425292969,0.200000000000,
0.000000000000,0.446628093773,25.589904785156,0.200000000000,
0.000000000000,0.446819841371,25.600891113281,0.200000000000,
0.000000000000,0.447107462769,25.617370605469,0.200000000000,
0.000000000000,0.447107462769,25.617370605469,0.200000000000,
0.000000000000,0.447155399669,25.620117187500,0.200000000000,
0.000000000000,0.447347147267,25.631103515625,0.200000000000,
0.000000000000,0.447634768665,25.647583007813,0.200000000000,
0.000000000000,0.447826516263,25.658569335938,0.200000000000,
0.000000000000,0.447970326962,25.666809082031,0.200000000000,
0.000000000000,0.447970326962,25.666809082031,0.200000000000,
0.000000000000,0.448257948360,25.683288574219,0.200000000000,
0.000000000000,0.448353822159,25.688781738281,0.200000000000,
0.000000000000,0.448593506657,25.702514648438,0.200000000000,
0.000000000000,0.448785254256,25.713500976563,0.200000000000,
0.000000000000,0.448977001854,25.724487304688,0.200000000000,
0.000000000000,0.448977001854,25.724487304688,0.200000000000,
0.000000000000,0.449264623252,25.740966796875,0.200000000000,
0.000000000000,0.449456370850,25.751953125000,0.200000000000,
0.000000000000,0.449600181549,25.760192871094,0.200000000000,
0.000000000000,0.449791929148,25.771179199219,0.200000000000,
0.000000000000,0.450079550546,25.787658691406,0.200000000000,
0.000000000000,0.450079550546,25.787658691406,0.200000000000,
0.000000000000,0.450223361244,25.795898437500,0.200000000000,
0.000000000000,0.450463045743,25.809631347656,0.200000000000,
0.000000000000,0.450606856441,25.817871093750,0.200000000000,
0.000000000000,0.450798604040,25.828857421875,0.200000000000,
0.000000000000,0.451086225438,25.845336914063,0.200000000000,
0.000000000000,0.451086225438,25.845336914063,0.200000000000,
0.000000000000,0.451230036136,25.853576660156,0.200000000000,
0.000000000000,0.451517657534,25.870056152344,0.200000000000,
0.000000000000,0.451709405133,25.881042480469,0.200000000000,
0.000000000000,0.451853215832,25.889282226563,0.200000000000,
0.000000000000,0.452140837229,25.905761718750,0.200000000000,
0.000000000000,0.452140837229,25.905761718750,0.200000000000,
0.000000000000,0.452332584828,25.916748046875,0.200000000000,
0.000000000000,0.452524332426,25.927734375000,0.200000000000,
0.000000000000,0.452716080025,25.938720703125,0.200000000000,
0.000000000000,0.452859890724,25.946960449219,0.200000000000,
0.000000000000,0.453147512121,25.963439941406,0.200000000000,
0.000000000000,0.453147512121,25.963439941406,0.200000000000,
0.000000000000,0.453291322820,25.971679687500,0.200000000000,
0.000000000000,0.453483070419,25.982666015625,0.200000000000,
0.000000000000,0.453674818017,25.993652343750,0.200000000000,
0.000000000000,0.453962439415,26.010131835938,0.200000000000,
0.000000000000,0.454154187013,26.021118164063,0.200000000000,
0.000000000000,0.454154187013,26.021118164063,0.200000000000,
0.000000000000,0.454297997712,26.029357910156,0.200000000000,
0.000000000000,0.454585619110,26.045837402344,0.200000000000,
0.000000000000,0.454777366708,26.056823730469,0.200000000000,
0.000000000000,0.454969114307,26.067810058594,0.200000000000,
0.000000000000,0.455112925006,26.076049804688,0.200000000000,
0.000000000000,0.455112925006,26.076049804688,0.200000000000,
0.000000000000,0.455304672604,26.087036132813,0.200000000000,
0.000000000000,0.455496420203,26.098022460938,0.200000000000,
0.000000000000,0.455688167801,26.109008789063,0.200000000000,
0.000000000000,0.455927852299,26.122741699219,0.200000000000,
0.000000000000,0.456119599898,26.133728027344,0.200000000000,
0.000000000000,0.456119599898,26.133728027344,0.200000000000,
0.000000000000,0.456311347496,26.144714355469,0.200000000000,
0.000000000000,0.456503095095,26.155700683594,0.200000000000,
0.000000000000,0.456790716493,26.172180175781,0.200000000000,
0.000000000000,0.456886590292,26.177673339844,0.200000000000,
0.000000000000,0.457126274790,26.191406250000,0.200000000000,
0.000000000000,0.457126274790,26.191406250000,0.200000000000,
0.000000000000,0.457318022388,26.202392578125,0.200000000000,
0.000000000000,0.457509769987,26.213378906250,0.200000000000,
0.000000000000,0.457701517585,26.224365234375,0.200000000000,
0.000000000000,0.457893265184,26.235351562500,0.200000000000,
0.000000000000,0.458180886582,26.251831054688,0.200000000000,
0.000000000000,0.458180886582,26.251831054688,0.200000000000,
0.000000000000,0.458372634180,26.262817382813,0.200000000000,
0.000000000000,0.458564381779,26.273803710938,0.200000000000,
0.000000000000,0.458756129377,26.284790039063,0.200000000000,
0.000000000000,0.458899940076,26.293029785156,0.200000000000,
0.000000000000,0.459091687674,26.304016113281,0.200000000000,
0.000000000000,0.459091687674,26.304016113281,0.200000000000,
0.000000000000,0.459283435273,26.315002441406,0.200000000000,
0.000000000000,0.459475182871,26.325988769531,0.200000000000,
0.000000000000,0.459762804269,26.342468261719,0.200000000000,
0.000000000000,0.459954551868,26.353454589844,0.200000000000,
0.000000000000,0.460050425667,26.358947753906,0.200000000000,
0.000000000000,0.460050425667,26.358947753906,0.200000000000,
0.000000000000,0.460242173265,26.369934082031,0.200000000000,
0.000000000000,0.460481857763,26.383666992188,0.200000000000,
0.000000000000,0.460721542262,26.397399902344,0.200000000000,
0.000000000000,0.460769479161,26.400146484375,0.200000000000,
0.000000000000,0.461105037459,26.419372558594,0.200000000000,
0.000000000000,0.461105037459,26.419372558594,0.200000000000,
0.000000000000,0.461248848157,26.427612304688,0.200000000000,
0.000000000000,0.461440595756,26.438598632813,0.200000000000,
0.000000000000,0.461632343354,26.449584960938,0.200000000000,
0.000000000000,0.461824090953,26.460571289063,0.200000000000,
0.000000000000,0.462111712351,26.477050781250,0.200000000000,
0.000000000000,0.462111712351,26.477050781250,0.200000000000,
0.000000000000,0.462303459949,26.488037109375,0.200000000000,
0.000000000000,0.462495207548,26.499023437500,0.200000000000,
0.000000000000,0.462639018246,26.507263183594,0.200000000000,
0.000000000000,0.462926639644,26.523742675781,0.200000000000,
0.000000000000,0.463118387243,26.534729003906,0.200000000000,
0.000000000000,0.463118387243,26.534729003906,0.200000000000,
0.000000000000,0.463310134841,26.545715332031,0.200000000000,
0.000000000000,0.463453945540,26.553955078125,0.200000000000,
0.000000000000,0.463693630038,26.567687988281,0.200000000000,
0.000000000000,0.463837440737,26.575927734375,0.200000000000,
0.000000000000,0.464029188335,26.586914062500,0.200000000000,
0.000000000000,0.464029188335,26.586914062500,0.200000000000,
0.000000000000,0.464220935934,26.597900390625,0.200000000000,
0.000000000000,0.464508557332,26.614379882813,0.200000000000,
0.000000000000,0.464700304930,26.625366210938,0.200000000000,
0.000000000000,0.464844115629,26.633605957031,0.200000000000,
0.000000000000,0.465035863227,26.644592285156,0.200000000000,
0.000000000000,0.465035863227,26.644592285156,0.200000000000,
0.000000000000,0.465323484625,26.661071777344,0.200000000000,
0.000000000000,0.465419358424,26.666564941406,0.200000000000,
0.000000000000,0.465611106023,26.677551269531,0.200000000000,
0.000000000000,0.465898727421,26.694030761719,0.200000000000,
0.000000000000,0.466090475019,26.705017089844,0.200000000000,
0.000000000000,0.466090475019,26.705017089844,0.200000000000,
0.000000000000,0.466282222618,26.716003417969,0.200000000000,
0.000000000000,0.466426033316,26.724243164063,0.200000000000,
0.000000000000,0.466665717815,26.737976074219,0.200000000000,
0.000000000000,0.466809528513,26.746215820313,0.200000000000,
0.000000000000,0.467001276112,26.757202148438,0.200000000000,
0.000000000000,0.467001276112,26.757202148438,0.200000000000,
0.000000000000,0.467193023710,26.768188476563,0.200000000000,
0.000000000000,0.467384771309,26.779174804688,0.200000000000,
0.000000000000,0.467672392707,26.795654296875,0.200000000000,
0.000000000000,0.467864140305,26.806640625000,0.200000000000,
0.000000000000,0.468007951004,26.814880371094,0.200000000000,
0.000000000000,0.468007951004,26.814880371094,0.200000000000,
0.000000000000,0.468199698602,26.825866699219,0.200000000000,
0.000000000000,0.468391446201,26.836853027344,0.200000000000,
0.000000000000,0.468583193799,26.847839355469,0.200000000000,
0.000000000000,0.468870815197,26.864318847656,0.200000000000,
0.000000000000,0.469014625896,26.872558593750,0.200000000000,
0.000000000000,0.469014625896,26.872558593750,0.200000000000,
0.000000000000,0.469206373495,26.883544921875,0.200000000000,
0.000000000000,0.469398121093,26.894531250000,0.200000000000,
0.000000000000,0.469589868691,26.905517578125,0.200000000000,
0.000000000000,0.469877490089,26.921997070313,0.200000000000,
0.000000000000,0.470069237688,26.932983398438,0.200000000000,
0.000000000000,0.470069237688,26.932983398438,0.200000000000,
0.000000000000,0.470213048387,26.941223144531,0.200000000000,
0.000000000000,0.470404795985,26.952209472656,0.200000000000,
0.000000000000,0.470692417383,26.968688964844,0.200000000000,
0.000000000000,0.470884164981,26.979675292969,0.200000000000,
0.000000000000,0.471075912580,26.990661621094,0.200000000000,
0.000000000000,0.471075912580,26.990661621094,0.200000000000,
0.000000000000,0.471219723279,26.998901367188,0.200000000000,
0.000000000000,0.471411470877,27.009887695313,0.200000000000,
0.000000000000,0.471699092275,27.026367187500,0.200000000000,
0.000000000000,0.471842902974,27.034606933594,0.200000000000,
0.000000000000,0.472034650572,27.045593261719,0.200000000000,
0.000000000000,0.472034650572,27.045593261719,0.200000000000,
0.000000000000,0.472226398171,27.056579589844,0.200000000000,
0.000000000000,0.472466082669,27.070312500000,0.200000000000,
0.000000000000,0.472657830267,27.081298828125,0.200000000000,
0.000000000000,0.472849577866,27.092285156250,0.200000000000,
0.000000000000,0.473137199263,27.108764648438,0.200000000000,
0.000000000000,0.473137199263,27.108764648438,0.200000000000,
0.000000000000,0.473281009962,27.117004394531,0.200000000000,
0.000000000000,0.473472757561,27.127990722656,0.200000000000,
0.000000000000,0.473664505159,27.138977050781,0.200000000000,
0.000000000000,0.473952126557,27.155456542969,0.200000000000,
0.000000000000,0.474095937256,27.163696289063,0.200000000000,
0.000000000000,0.474095937256,27.163696289063,0.200000000000,
0.000000000000,0.474287684854,27.174682617188,0.200000000000,
0.000000000000,0.474575306252,27.191162109375,0.200000000000,
0.000000000000,0.474719116951,27.199401855469,0.200000000000,
0.000000000000,0.474910864549,27.210388183594,0.200000000000,
0.000000000000,0.475198485947,27.226867675781,0.200000000000,
0.000000000000,0.475198485947,27.226867675781,0.200000000000,
0.000000000000,0.475342296646,27.235107421875,0.200000000000,
0.000000000000,0.475534044245,27.246093750000,0.200000000000,
0.000000000000,0.475821665642,27.262573242188,0.200000000000,
0.000000000000,0.475965476341,27.270812988281,0.200000000000,
0.000000000000,0.476253097739,27.287292480469,0.200000000000,
0.000000000000,0.476253097739,27.287292480469,0.200000000000,
0.000000000000,0.476444845337,27.298278808594,0.200000000000,
0.000000000000,0.476588656036,27.306518554688,0.200000000000,
0.000000000000,0.476780403635,27.317504882813,0.200000000000,
0.000000000000,0.477020088133,27.331237792969,0.200000000000,
0.000000000000,0.477211835731,27.342224121094,0.200000000000,
0.000000000000,0.477211835731,27.342224121094,0.200000000000,
0.000000000000,0.477499457129,27.358703613281,0.200000000000,
0.000000000000,0.477691204728,27.369689941406,0.200000000000,
0.000000000000,0.477835015426,27.377929687500,0.200000000000,
0.000000000000,0.478026763025,27.388916015625,0.200000000000,
0.000000000000,0.478314384423,27.405395507813,0.200000000000,
0.000000000000,0.478314384423,27.405395507813,0.200000000000,
0.000000000000,0.478506132021,27.416381835938,0.200000000000,
0.000000000000,0.478745816519,27.430114746094,0.200000000000,
0.000000000000,0.478937564118,27.441101074219,0.200000000000,
0.000000000000,0.479081374817,27.449340820313,0.200000000000,
0.000000000000,0.479368996214,27.465820312500,0.200000000000,
0.000000000000,0.479368996214,27.465820312500,0.200000000000,
0.000000000000,0.479560743813,27.476806640625,0.200000000000,
0.000000000000,0.479704554512,27.485046386719,0.200000000000,
0.000000000000,0.479896302110,27.496032714844,0.200000000000,
0.000000000000,0.480088049709,27.507019042969,0.200000000000,
0.000000000000,0.480375671106,27.523498535156,0.200000000000,
0.000000000000,0.480375671106,27.523498535156,0.200000000000,
0.000000000000,0.480519481805,27.531738281250,0.200000000000,
0.000000000000,0.480807103203,27.548217773438,0.200000000000,
0.000000000000,0.480902977002,27.553710937500,0.200000000000,
0.000000000000,0.481142661500,27.567443847656,0.200000000000,
0.000000000000,0.481334409099,27.578430175781,0.200000000000,
0.000000000000,0.481334409099,27.578430175781,0.200000000000,
0.000000000000,0.481526156697,27.589416503906,0.200000000000,
0.000000000000,0.481717904296,27.600402832031,0.200000000000,
0.000000000000,0.482005525693,27.616882324219,0.200000000000,
0.000000000000,0.482197273292,27.627868652344,0.200000000000,
0.000000000000,0.482341083991,27.636108398438,0.200000000000,
0.000000000000,0.482341083991,27.636108398438,0.200000000000,
0.000000000000,0.482532831589,27.647094726563,0.200000000000,
0.000000000000,0.482820452987,27.663574218750,0.200000000000,
0.000000000000,0.482964263686,27.671813964844,0.200000000000,
0.000000000000,0.483156011284,27.682800292969,0.200000000000,
0.000000000000,0.483443632682,27.699279785156,0.200000000000,
0.000000000000,0.483443632682,27.699279785156,0.200000000000,
0.000000000000,0.483635380281,27.710266113281,0.200000000000,
0.000000000000,0.483779190979,27.718505859375,0.200000000000,
0.000000000000,0.483970938578,27.729492187500,0.200000000000,
0.000000000000,0.484162686176,27.740478515625,0.200000000000,
0.000000000000,0.484354433775,27.751464843750,0.200000000000,
0.000000000000,0.484354433775,27.751464843750,0.200000000000,
0.000000000000,0.484546181373,27.762451171875,0.200000000000,
0.000000000000,0.484833802771,27.778930664063,0.200000000000,
0.000000000000,0.485025550370,27.789916992188,0.200000000000,
0.000000000000,0.485169361068,27.798156738281,0.200000000000,
0.000000000000,0.485361108667,27.809143066406,0.200000000000,
0.000000000000,0.485361108667,27.809143066406,0.200000000000,
0.000000000000,0.485552856265,27.820129394531,0.200000000000,
0.000000000000,0.485744603864,27.831115722656,0.200000000000,
0.000000000000,0.485936351462,27.842102050781,0.200000000000,
0.000000000000,0.486128099061,27.853088378906,0.200000000000,
0.000000000000,0.486319846659,27.864074707031,0.200000000000,
0.000000000000,0.486319846659,27.864074707031,0.200000000000,
0.000000000000,0.486511594258,27.875061035156,0.200000000000,
0.000000000000,0.486799215656,27.891540527344,0.200000000000,
0.000000000000,0.486895089455,27.897033691406,0.200000000000,
0.000000000000,0.487182710853,27.913513183594,0.200000000000,
0.000000000000,0.487374458451,27.924499511719,0.200000000000,
0.000000000000,0.487374458451,27.924499511719,0.200000000000,
0.000000000000,0.487518269150,27.932739257813,0.200000000000,
0.000000000000,0.487757953648,27.946472167969,0.200000000000,
0.000000000000,0.487949701246,27.957458496094,0.200000000000,
0.000000000000,0.488141448845,27.968444824219,0.200000000000,
0.000000000000,0.488285259544,27.976684570313,0.200000000000,
0.000000000000,0.488285259544,27.976684570313,0.200000000000,
0.000000000000,0.488572880942,27.993164062500,0.200000000000,
0.000000000000,0.488764628540,28.004150390625,0.200000000000,
0.000000000000,0.488908439239,28.012390136719,0.200000000000,
0.000000000000,0.489100186837,28.023376464844,0.200000000000,
0.000000000000,0.489387808235,28.039855957031,0.200000000000,
0.000000000000,0.489387808235,28.039855957031,0.200000000000,
0.000000000000,0.489483682034,28.045349121094,0.200000000000,
0.000000000000,0.489771303432,28.061828613281,0.200000000000,
0.000000000000,0.489963051031,28.072814941406,0.200000000000,
0.000000000000,0.490154798629,28.083801269531,0.200000000000,
0.000000000000,0.490298609328,28.092041015625,0.200000000000,
0.000000000000,0.490298609328,28.092041015625,0.200000000000,
0.000000000000,0.490490356926,28.103027343750,0.200000000000,
0.000000000000,0.490682104525,28.114013671875,0.200000000000,
0.000000000000,0.490873852123,28.125000000000,0.200000000000,
0.000000000000,0.491065599722,28.135986328125,0.200000000000,
0.000000000000,0.491353221120,28.152465820313,0.200000000000,
0.000000000000,0.491353221120,28.152465820313,0.200000000000,
0.000000000000,0.491544968718,28.163452148438,0.200000000000,
0.000000000000,0.491688779417,28.171691894531,0.200000000000,
0.000000000000,0.491928463915,28.185424804688,0.200000000000,
0.000000000000,0.492120211514,28.196411132813,0.200000000000,
0.000000000000,0.492311959112,28.207397460938,0.200000000000,
0.000000000000,0.492311959112,28.207397460938,0.200000000000,
0.000000000000,0.492455769811,28.215637207031,0.200000000000,
0.000000000000,0.492647517409,28.226623535156,0.200000000000,
0.000000000000,0.492839265008,28.237609863281,0.200000000000,
0.000000000000,0.493031012606,28.248596191406,0.200000000000,
0.000000000000,0.493318634004,28.265075683594,0.200000000000,
0.000000000000,0.493318634004,28.265075683594,0.200000000000,
0.000000000000,0.493414507803,28.270568847656,0.200000000000,
0.000000000000,0.493654192301,28.284301757813,0.200000000000,
0.000000000000,0.493845939900,28.295288085938,0.200000000000,
0.000000000000,0.494037687498,28.306274414063,0.200000000000,
0.000000000000,0.494229435097,28.317260742188,0.200000000000,
0.000000000000,0.494229435097,28.317260742188,0.200000000000,
0.000000000000,0.494469119595,28.330993652344,0.200000000000,
0.000000000000,0.494612930294,28.339233398438,0.200000000000,
0.000000000000,0.494900551692,28.355712890625,0.200000000000,
0.000000000000,0.494996425491,28.361206054688,0.200000000000,
0.000000000000,0.495188173089,28.372192382813,0.200000000000,
0.000000000000,0.495188173089,28.372192382813,0.200000000000,
0.000000000000,0.495379920688,28.383178710938,0.200000000000,
0.000000000000,0.495667542086,28.399658203125,0.200000000000,
0.000000000000,0.495859289684,28.410644531250,0.200000000000,
0.000000000000,0.496003100383,28.418884277344,0.200000000000,
0.000000000000,0.496194847981,28.429870605469,0.200000000000,
0.000000000000,0.496194847981,28.429870605469,0.200000000000,
0.000000000000,0.496386595580,28.440856933594,0.200000000000,
0.000000000000,0.496674216978,28.457336425781,0.200000000000,
0.000000000000,0.496770090777,28.462829589844,0.200000000000,
0.000000000000,0.497057712175,28.479309082031,0.200000000000,
0.000000000000,0.497249459773,28.490295410156,0.200000000000,
0.000000000000,0.497249459773,28.490295410156,0.200000000000,
0.000000000000,0.497393270472,28.498535156250,0.200000000000,
0.000000000000,0.497585018070,28.509521484375,0.200000000000,
0.000000000000,0.497776765669,28.520507812500,0.200000000000,
0.000000000000,0.498064387067,28.536987304688,0.200000000000,
0.000000000000,0.498256134665,28.547973632813,0.200000000000,
0.000000000000,0.498256134665,28.547973632813,0.200000000000,
0.000000000000,0.498447882264,28.558959960938,0.200000000000,
0.000000000000,0.498639629862,28.569946289063,0.200000000000,
0.000000000000,0.498783440561,28.578186035156,0.200000000000,
0.000000000000,0.498975188159,28.589172363281,0.200000000000,
0.000000000000,0.499166935758,28.600158691406,0.200000000000,
0.000000000000,0.499166935758,28.600158691406,0.200000000000,
0.000000000000,0.499454557156,28.616638183594,0.200000000000,
0.000000000000,0.499646304754,28.627624511719,0.200000000000,
0.000000000000,0.499790115453,28.635864257813,0.200000000000,
0.000000000000,0.499981863051,28.646850585938,0.200000000000,
0.000000000000,0.500173610650,28.657836914063,0.200000000000,
0.000000000000,0.500173610650,28.657836914063,0.200000000000,
0.000000000000,0.500461232048,28.674316406250,0.200000000000,
0.000000000000,0.500652979646,28.685302734375,0.200000000000,
0.000000000000,0.500796790345,28.693542480469,0.200000000000,
0.000000000000,0.500988537944,28.704528808594,0.200000000000,
0.000000000000,0.501180285542,28.715515136719,0.200000000000,
0.000000000000,0.501180285542,28.715515136719,0.200000000000,
0.000000000000,0.501467906940,28.731994628906,0.200000000000,
0.000000000000,0.501659654538,28.742980957031,0.200000000000,
0.000000000000,0.501851402137,28.753967285156,0.200000000000,
0.000000000000,0.501995212836,28.762207031250,0.200000000000,
0.000000000000,0.502282834233,28.778686523438,0.200000000000,
0.000000000000,0.502282834233,28.778686523438,0.200000000000,
0.000000000000,0.502426644932,28.786926269531,0.200000000000,
0.000000000000,0.502618392531,28.797912597656,0.200000000000,
0.000000000000,0.502810140129,28.808898925781,0.200000000000,
0.000000000000,0.503001887728,28.819885253906,0.200000000000,
0.000000000000,0.503289509125,28.836364746094,0.200000000000,
0.000000000000,0.503289509125,28.836364746094,0.200000000000,
0.000000000000,0.503433319824,28.844604492188,0.200000000000,
0.000000000000,0.503625067423,28.855590820313,0.200000000000,
0.000000000000,0.503912688820,28.872070312500,0.200000000000,
0.000000000000,0.504104436419,28.883056640625,0.200000000000,
0.000000000000,0.504296184017,28.894042968750,0.200000000000,
0.000000000000,0.504296184017,28.894042968750,0.200000000000,
0.000000000000,0.504439994716,28.902282714844,0.200000000000,
0.000000000000,0.504631742315,28.913269042969,0.200000000000,
0.000000000000,0.504919363712,28.929748535156,0.200000000000,
0.000000000000,0.505111111311,28.940734863281,0.200000000000,
0.000000000000,0.505302858909,28.951721191406,0.200000000000,
0.000000000000,0.505302858909,28.951721191406,0.200000000000,
0.000000000000,0.505446669608,28.959960937500,0.200000000000,
0.000000000000,0.505638417207,28.970947265625,0.200000000000,
0.000000000000,0.505926038605,28.987426757813,0.200000000000,
0.000000000000,0.506117786203,28.998413085938,0.200000000000,
0.000000000000,0.506261596902,29.006652832031,0.200000000000,
0.000000000000,0.506261596902,29.006652832031,0.200000000000,
0.000000000000,0.506453344500,29.017639160156,0.200000000000,
0.000000000000,0.506645092099,29.028625488281,0.200000000000,
0.000000000000,0.506932713497,29.045104980469,0.200000000000,
0.000000000000,0.507124461095,29.056091308594,0.200000000000,
0.000000000000,0.507268271794,29.064331054688,0.200000000000,
0.000000000000,0.507268271794,29.064331054688,0.200000000000,
0.000000000000,0.507460019392,29.075317382813,0.200000000000,
0.000000000000,0.507651766991,29.086303710938,0.200000000000,
0.000000000000,0.507843514589,29.097290039063,0.200000000000,
0.000000000000,0.508035262188,29.108276367188,0.200000000000,
0.000000000000,0.508322883586,29.124755859375,0.200000000000,
0.000000000000,0.508322883586,29.124755859375,0.200000000000,
0.000000000000,0.508514631184,29.135742187500,0.200000000000,
0.000000000000,0.508658441883,29.143981933594,0.200000000000,
0.000000000000,0.508850189481,29.154968261719,0.200000000000,
0.000000000000,0.509041937080,29.165954589844,0.200000000000,
0.000000000000,0.509329558478,29.182434082031,0.200000000000,
0.000000000000,0.509329558478,29.182434082031,0.200000000000,
0.000000000000,0.509473369177,29.190673828125,0.200000000000,
0.000000000000,0.509713053675,29.204406738281,0.200000000000,
0.000000000000,0.509856864373,29.212646484375,0.200000000000,
0.000000000000,0.510096548872,29.226379394531,0.200000000000,
0.000000000000,0.510288296470,29.237365722656,0.200000000000,
0.000000000000,0.510288296470,29.237365722656,0.200000000000,
0.000000000000,0.510432107169,29.245605468750,0.200000000000,
0.000000000000,0.510623854767,29.256591796875,0.200000000000,
0.000000000000,0.510815602366,29.267578125000,0.200000000000,
0.000000000000,0.511007349964,29.278564453125,0.200000000000,
0.000000000000,0.511199097563,29.289550781250,0.200000000000,
0.000000000000,0.511199097563,29.289550781250,0.200000000000,
0.000000000000,0.511390845161,29.300537109375,0.200000000000,
0.000000000000,0.511582592760,29.311523437500,0.200000000000,
0.000000000000,0.511870214158,29.328002929688,0.200000000000,
0.000000000000,0.512061961756,29.338989257813,0.200000000000,
0.000000000000,0.512205772455,29.347229003906,0.200000000000,
0.000000000000,0.512205772455,29.347229003906,0.200000000000,
0.000000000000,0.512445456953,29.360961914063,0.200000000000,
0.000000000000,0.512589267652,29.369201660156,0.200000000000,
0.000000000000,0.512828952150,29.382934570313,0.200000000000,
0.000000000000,0.513020699749,29.393920898438,0.200000000000,
0.000000000000,0.513212447347,29.404907226563,0.200000000000,
0.000000000000,0.513212447347,29.404907226563,0.200000000000,
0.000000000000,0.513308321146,29.410400390625,0.200000000000,
0.000000000000,0.513595942544,29.426879882813,0.200000000000,
0.000000000000,0.513787690142,29.437866210938,0.200000000000,
0.000000000000,0.513979437741,29.448852539063,0.200000000000,
0.000000000000,0.514171185339,29.459838867188,0.200000000000,
0.000000000000,0.514171185339,29.459838867188,0.200000000000,
0.000000000000,0.514362932938,29.470825195313,0.200000000000,
0.000000000000,0.514506743637,29.479064941406,0.200000000000,
0.000000000000,0.514698491235,29.490051269531,0.200000000000,
0.000000000000,0.514890238834,29.501037597656,0.200000000000,
0.000000000000,0.515081986432,29.512023925781,0.200000000000,
0.000000000000,0.515081986432,29.512023925781,0.200000000000,
0.000000000000,0.515369607830,29.528503417969,0.200000000000,
0.000000000000,0.515561355428,29.539489746094,0.200000000000,
0.000000000000,0.515753103027,29.550476074219,0.200000000000,
0.000000000000,0.515944850625,29.561462402344,0.200000000000,
0.000000000000,0.516136598224,29.572448730469,0.200000000000,
0.000000000000,0.516136598224,29.572448730469,0.200000000000,
0.000000000000,0.516328345822,29.583435058594,0.200000000000,
0.000000000000,0.516472156521,29.591674804688,0.200000000000,
0.000000000000,0.516759777919,29.608154296875,0.200000000000,
0.000000000000,0.516855651718,29.613647460938,0.200000000000,
0.000000000000,0.517047399317,29.624633789063,0.200000000000,
0.000000000000,0.517047399317,29.624633789063,0.200000000000,
0.000000000000,0.517239146915,29.635620117188,0.200000000000,
0.000000000000,0.517526768313,29.652099609375,0.200000000000,
0.000000000000,0.517718515911,29.663085937500,0.200000000000,
0.000000000000,0.517910263510,29.674072265625,0.200000000000,
0.000000000000,0.518054074209,29.682312011719,0.200000000000,
0.000000000000,0.518054074209,29.682312011719,0.200000000000,
0.000000000000,0.518245821807,29.693298339844,0.200000000000,
0.000000000000,0.518485506305,29.707031250000,0.200000000000,
0.000000000000,0.518629317004,29.715270996094,0.200000000000,
0.000000000000,0.518821064603,29.726257324219,0.200000000000,
0.000000000000,0.519012812201,29.737243652344,0.200000000000,
0.000000000000,0.519012812201,29.737243652344,0.200000000000,
0.000000000000,0.519204559800,29.748229980469,0.200000000000,
0.000000000000,0.519396307398,29.759216308594,0.200000000000,
0.000000000000,0.519588054997,29.770202636719,0.200000000000,
0.000000000000,0.519779802595,29.781188964844,0.200000000000,
0.000000000000,0.520067423993,29.797668457031,0.200000000000,
0.000000000000,0.520067423993,29.797668457031,0.200000000000,
0.000000000000,0.520259171591,29.808654785156,0.200000000000,
0.000000000000,0.520402982290,29.816894531250,0.200000000000,
0.000000000000,0.520594729889,29.827880859375,0.200000000000,
0.000000000000,0.520786477487,29.838867187500,0.200000000000,
0.000000000000,0.520978225086,29.849853515625,0.200000000000,
0.000000000000,0.520978225086,29.849853515625,0.200000000000,
0.000000000000,0.521169972684,29.860839843750,0.200000000000,
0.000000000000,0.521409657182,29.874572753906,0.200000000000,
0.000000000000,0.521601404781,29.885559082031,0.200000000000,
0.000000000000,0.521793152379,29.896545410156,0.200000000000,
0.000000000000,0.522032836877,29.910278320313,0.200000000000,
0.000000000000,0.522032836877,29.910278320313,0.200000000000,
0.000000000000,0.522176647576,29.918518066406,0.200000000000,
0.000000000000,0.522368395175,29.929504394531,0.200000000000,
0.000000000000,0.522560142773,29.940490722656,0.200000000000,
0.000000000000,0.522847764171,29.956970214844,0.200000000000,
0.000000000000,0.522991574870,29.965209960938,0.200000000000,
0.000000000000,0.522991574870,29.965209960938,0.200000000000,
0.000000000000,0.523231259368,29.978942871094,0.200000000000,
0.000000000000,0.523375070067,29.987182617188,0.200000000000,
0.000000000000,0.523662691464,30.003662109375,0.200000000000,
0.000000000000,0.523854439063,30.014648437500,0.200000000000,
0.000000000000,0.523998249762,30.022888183594,0.200000000000,
0.000000000000,0.523998249762,30.022888183594,0.200000000000,
0.000000000000,0.524237934260,30.036621093750,0.200000000000,
0.000000000000,0.524381744959,30.044860839844,0.200000000000,
0.000000000000,0.524669366357,30.061340332031,0.200000000000,
0.000000000000,0.524861113955,30.072326660156,0.200000000000,
0.000000000000,0.525004924654,30.080566406250,0.200000000000,
0.000000000000,0.525004924654,30.080566406250,0.200000000000,
0.000000000000,0.525196672252,30.091552734375,0.200000000000,
0.000000000000,0.525484293650,30.108032226563,0.200000000000,
0.000000000000,0.525628104349,30.116271972656,0.200000000000,
0.000000000000,0.525819851947,30.127258300781,0.200000000000,
0.000000000000,0.526011599546,30.138244628906,0.200000000000,
0.000000000000,0.526011599546,30.138244628906,0.200000000000,
0.000000000000,0.526299220944,30.154724121094,0.200000000000,
0.000000000000,0.526443031643,30.162963867188,0.200000000000,
0.000000000000,0.526682716141,30.176696777344,0.200000000000,
0.000000000000,0.526826526839,30.184936523438,0.200000000000,
0.000000000000,0.527114148237,30.201416015625,0.200000000000,
0.000000000000,0.527114148237,30.201416015625,0.200000000000,
0.000000000000,0.527257958936,30.209655761719,0.200000000000,
0.000000000000,0.527449706535,30.220642089844,0.200000000000,
0.000000000000,0.527737327932,30.237121582031,0.200000000000,
0.000000000000,0.527929075531,30.248107910156,0.200000000000,
0.000000000000,0.528072886230,30.256347656250,0.200000000000,
0.000000000000,0.528072886230,30.256347656250,0.200000000000,
0.000000000000,0.528360507627,30.272827148438,0.200000000000,
0.000000000000,0.528552255226,30.283813476563,0.200000000000,
0.000000000000,0.528696065925,30.292053222656,0.200000000000,
0.000000000000,0.528983687322,30.308532714844,0.200000000000,
0.000000000000,0.529175434921,30.319519042969,0.200000000000,
0.000000000000,0.529175434921,30.319519042969,0.200000000000,
0.000000000000,0.529367182519,30.330505371094,0.200000000000,
0.000000000000,0.529510993218,30.338745117188,0.200000000000,
0.000000000000,0.529798614616,30.355224609375,0.200000000000,
0.000000000000,0.529990362214,30.366210937500,0.200000000000,
0.000000000000,0.530134172913,30.374450683594,0.200000000000,
0.000000000000,0.530134172913,30.374450683594,0.200000000000,
0.000000000000,0.530325920512,30.385437011719,0.200000000000,
0.000000000000,0.530613541910,30.401916503906,0.200000000000,
0.000000000000,0.530805289508,30.412902832031,0.200000000000,
0.000000000000,0.531044974006,30.426635742188,0.200000000000,
0.000000000000,0.531236721605,30.437622070313,0.200000000000,
0.000000000000,0.531236721605,30.437622070313,0.200000000000,
0.000000000000,0.531380532304,30.445861816406,0.200000000000,
0.000000000000,0.531572279902,30.456848144531,0.200000000000,
0.000000000000,0.531764027500,30.467834472656,0.200000000000,
0.000000000000,0.532051648898,30.484313964844,0.200000000000,
0.000000000000,0.532243396497,30.495300292969,0.200000000000,
0.000000000000,0.532243396497,30.495300292969,0.200000000000,
0.000000000000,0.532387207196,30.503540039063,0.200000000000,
0.000000000000,0.532578954794,30.514526367188,0.200000000000,
0.000000000000,0.532770702393,30.525512695313,0.200000000000,
0.000000000000,0.533058323790,30.541992187500,0.200000000000,
0.000000000000,0.533298008288,30.555725097656,0.200000000000,
0.000000000000,0.533298008288,30.555725097656,0.200000000000,
0.000000000000,0.533489755887,30.566711425781,0.200000000000,
0.000000000000,0.533633566586,30.574951171875,0.200000000000,
0.000000000000,0.533825314184,30.585937500000,0.200000000000,
0.000000000000,0.534017061783,30.596923828125,0.200000000000,
0.000000000000,0.534304683180,30.613403320313,0.200000000000,
0.000000000000,0.534304683180,30.613403320313,0.200000000000,
0.000000000000,0.534496430779,30.624389648438,0.200000000000,
0.000000000000,0.534640241478,30.632629394531,0.200000000000,
0.000000000000,0.534831989076,30.643615722656,0.200000000000,
0.000000000000,0.535023736675,30.654602050781,0.200000000000,
0.000000000000,0.535311358072,30.671081542969,0.200000000000,
0.000000000000,0.535311358072,30.671081542969,0.200000000000,
0.000000000000,0.535503105671,30.682067871094,0.200000000000,
0.000000000000,0.535646916370,30.690307617188,0.200000000000,
0.000000000000,0.535838663968,30.701293945313,0.200000000000,
0.000000000000,0.536030411567,30.712280273438,0.200000000000,
0.000000000000,0.536318032965,30.728759765625,0.200000000000,
0.000000000000,0.536318032965,30.728759765625,0.200000000000,
0.000000000000,0.536413906764,30.734252929688,0.200000000000,
0.000000000000,0.536701528161,30.750732421875,0.200000000000,
0.000000000000,0.536893275760,30.761718750000,0.200000000000,
0.000000000000,0.537085023358,30.772705078125,0.200000000000,
0.000000000000,0.537228834057,30.780944824219,0.200000000000,
0.000000000000,0.537228834057,30.780944824219,0.200000000000,
0.000000000000,0.537420581656,30.791931152344,0.200000000000,
0.000000000000,0.537612329254,30.802917480469,0.200000000000,
0.000000000000,0.537804076853,30.813903808594,0.200000000000,
0.000000000000,0.538091698251,30.830383300781,0.200000000000,
0.000000000000,0.538187572050,30.835876464844,0.200000000000,
0.000000000000,0.538187572050,30.835876464844,0.200000000000,
0.000000000000,0.538475193447,30.852355957031,0.200000000000,
0.000000000000,0.538666941046,30.863342285156,0.200000000000,
0.000000000000,0.538762814845,30.868835449219,0.200000000000,
0.000000000000,0.539050436243,30.885314941406,0.200000000000,
0.000000000000,0.539242183841,30.896301269531,0.200000000000,
0.000000000000,0.539242183841,30.896301269531,0.200000000000,
0.000000000000,0.539338057641,30.901794433594,0.200000000000,
0.000000000000,0.539625679038,30.918273925781,0.200000000000,
0.000000000000,0.539721552838,30.923767089844,0.200000000000,
0.000000000000,0.540009174235,30.940246582031,0.200000000000,
0.000000000000,0.540200921834,30.951232910156,0.200000000000,
0.000000000000,0.540200921834,30.951232910156,0.200000000000,
0.000000000000,0.540392669432,30.962219238281,0.200000000000,
0.000000000000,0.540536480131,30.970458984375,0.200000000000,
0.000000000000,0.540728227730,30.981445312500,0.200000000000,
0.000000000000,0.540919975328,30.992431640625,0.200000000000,
0.000000000000,0.541111722927,31.003417968750,0.200000000000,
0.000000000000,0.541111722927,31.003417968750,0.200000000000,
0.000000000000,0.541303470525,31.014404296875,0.200000000000,
0.000000000000,0.541591091923,31.030883789063,0.200000000000,
0.000000000000,0.541734902622,31.039123535156,0.200000000000,
0.000000000000,0.541926650220,31.050109863281,0.200000000000,
0.000000000000,0.542118397819,31.061096191406,0.200000000000,
0.000000000000,0.542118397819,31.061096191406,0.200000000000,
0.000000000000,0.542310145417,31.072082519531,0.200000000000,
0.000000000000,0.542501893016,31.083068847656,0.200000000000,
0.000000000000,0.542789514413,31.099548339844,0.200000000000,
0.000000000000,0.542981262012,31.110534667969,0.200000000000,
0.000000000000,0.543173009610,31.121520996094,0.200000000000,
0.000000000000,0.543173009610,31.121520996094,0.200000000000,
0.000000000000,0.543364757209,31.132507324219,0.200000000000,
0.000000000000,0.543556504807,31.143493652344,0.200000000000,
0.000000000000,0.543700315506,31.151733398438,0.200000000000,
0.000000000000,0.543940000004,31.165466308594,0.200000000000,
0.000000000000,0.544083810703,31.173706054688,0.200000000000,
0.000000000000,0.544083810703,31.173706054688,0.200000000000,
0.000000000000,0.544275558302,31.184692382813,0.200000000000,
0.000000000000,0.544467305900,31.195678710938,0.200000000000,
0.000000000000,0.544754927298,31.212158203125,0.200000000000,
0.000000000000,0.544850801097,31.217651367188,0.200000000000,
0.000000000000,0.545042548696,31.228637695313,0.200000000000,
0.000000000000,0.545042548696,31.228637695313,0.200000000000,
0.000000000000,0.545330170093,31.245117187500,0.200000000000,
0.000000000000,0.545426043893,31.250610351563,0.200000000000,
0.000000000000,0.545713665290,31.267089843750,0.200000000000,
0.000000000000,0.545905412889,31.278076171875,0.200000000000,
0.000000000000,0.546097160487,31.289062500000,0.200000000000,
0.000000000000,0.546097160487,31.289062500000,0.200000000000,
0.000000000000,0.546240971186,31.297302246094,0.200000000000,
0.000000000000,0.546432718785,31.308288574219,0.200000000000,
0.000000000000,0.546624466383,31.319274902344,0.200000000000,
0.000000000000,0.546816213982,31.330261230469,0.200000000000,
0.000000000000,0.547007961580,31.341247558594,0.200000000000,
0.000000000000,0.547007961580,31.341247558594,0.200000000000,
0.000000000000,0.547295582978,31.357727050781,0.200000000000,
0.000000000000,0.547391456777,31.363220214844,0.200000000000,
0.000000000000,0.547679078175,31.379699707031,0.200000000000,
0.000000000000,0.547870825773,31.390686035156,0.200000000000,
0.000000000000,0.548062573372,31.401672363281,0.200000000000,
0.000000000000,0.548062573372,31.401672363281,0.200000000000,
0.000000000000,0.548206384071,31.409912109375,0.200000000000,
0.000000000000,0.548398131669,31.420898437500,0.200000000000,
0.000000000000,0.548589879268,31.431884765625,0.200000000000,
0.000000000000,0.548781626866,31.442871093750,0.200000000000,
0.000000000000,0.549069248264,31.459350585938,0.200000000000,
0.000000000000,0.549069248264,31.459350585938,0.200000000000,
0.000000000000,0.549260995862,31.470336914063,0.200000000000,
0.000000000000,0.549404806561,31.478576660156,0.200000000000,
0.000000000000,0.549596554160,31.489562988281,0.200000000000,
0.000000000000,0.549788301758,31.500549316406,0.200000000000,
0.000000000000,0.549980049357,31.511535644531,0.200000000000,
0.000000000000,0.549980049357,31.511535644531,0.200000000000,
0.000000000000,0.550171796955,31.522521972656,0.200000000000,
0.000000000000,0.550459418353,31.539001464844,0.200000000000,
0.000000000000,0.550651165951,31.549987792969,0.200000000000,
0.000000000000,0.550794976650,31.558227539063,0.200000000000,
0.000000000000,0.550986724249,31.569213867188,0.200000000000,
0.000000000000,0.550986724249,31.569213867188,0.200000000000,
0.000000000000,0.551178471847,31.580200195313,0.200000000000,
0.000000000000,0.551466093245,31.596679687500,0.200000000000,
0.000000000000,0.551657840843,31.607666015625,0.200000000000,
0.000000000000,0.551801651542,31.615905761719,0.200000000000,
0.000000000000,0.551993399141,31.626892089844,0.200000000000,
0.000000000000,0.551993399141,31.626892089844,0.200000000000,
0.000000000000,0.552185146739,31.637878417969,0.200000000000,
0.000000000000,0.552376894338,31.648864746094,0.200000000000,
0.000000000000,0.552664515735,31.665344238281,0.200000000000,
0.000000000000,0.552712452635,31.668090820313,0.200000000000,
0.000000000000,0.553000074033,31.684570312500,0.200000000000,
0.000000000000,0.553000074033,31.684570312500,0.200000000000,
0.000000000000,0.553287695431,31.701049804688,0.200000000000,
0.000000000000,0.553431506129,31.709289550781,0.200000000000,
0.000000000000,0.553623253728,31.720275878906,0.200000000000,
0.000000000000,0.553815001326,31.731262207031,0.200000000000,
0.000000000000,0.554102622724,31.747741699219,0.200000000000,
0.000000000000,0.554102622724,31.747741699219,0.200000000000,
0.000000000000,0.554294370323,31.758728027344,0.200000000000,
0.000000000000,0.554486117921,31.769714355469,0.200000000000,
0.000000000000,0.554629928620,31.777954101563,0.200000000000,
0.000000000000,0.554821676218,31.788940429688,0.200000000000,
0.000000000000,0.555109297616,31.805419921875,0.200000000000,
0.000000000000,0.555109297616,31.805419921875,0.200000000000,
0.000000000000,0.555253108315,31.813659667969,0.200000000000,
0.000000000000,0.555444855913,31.824645996094,0.200000000000,
0.000000000000,0.555636603512,31.835632324219,0.200000000000,
0.000000000000,0.555924224910,31.852111816406,0.200000000000,
0.000000000000,0.556115972508,31.863098144531,0.200000000000,
0.000000000000,0.556115972508,31.863098144531,0.200000000000,
0.000000000000,0.556259783207,31.871337890625,0.200000000000,
0.000000000000,0.556451530806,31.882324218750,0.200000000000,
0.000000000000,0.556739152203,31.898803710938,0.200000000000,
0.000000000000,0.556930899802,31.909790039063,0.200000000000,
0.000000000000,0.557122647400,31.920776367188,0.200000000000,
0.000000000000,0.557122647400,31.920776367188,0.200000000000,
0.000000000000,0.557266458099,31.929016113281,0.200000000000,
0.000000000000,0.557458205698,31.940002441406,0.200000000000,
0.000000000000,0.557745827095,31.956481933594,0.200000000000,
0.000000000000,0.557937574694,31.967468261719,0.200000000000,
0.000000000000,0.558081385393,31.975708007813,0.200000000000,
0.000000000000,0.558081385393,31.975708007813,0.200000000000,
0.000000000000,0.558273132991,31.986694335938,0.200000000000,
0.000000000000,0.558464880590,31.997680664063,0.200000000000,
0.000000000000,0.558752501987,32.014160156250,0.200000000000,
0.000000000000,0.558896312686,32.022399902344,0.200000000000,
0.000000000000,0.559088060285,32.033386230469,0.200000000000,
0.000000000000,0.559088060285,32.033386230469,0.200000000000,
0.000000000000,0.559279807883,32.044372558594,0.200000000000,
0.000000000000,0.559567429281,32.060852050781,0.200000000000,
0.000000000000,0.559711239980,32.069091796875,0.200000000000,
0.000000000000,0.559902987578,32.080078125000,0.200000000000,
0.000000000000,0.560094735177,32.091064453125,0.200000000000,
0.000000000000,0.560094735177,32.091064453125,0.200000000000,
0.000000000000,0.560286482775,32.102050781250,0.200000000000,
0.000000000000,0.560478230374,32.113037109375,0.200000000000,
0.000000000000,0.560765851771,32.129516601563,0.200000000000,
0.000000000000,0.560957599370,32.140502929688,0.200000000000,
0.000000000000,0.561101410069,32.148742675781,0.200000000000,
0.000000000000,0.561101410069,32.148742675781,0.200000000000,
0.000000000000,0.561293157667,32.159729003906,0.200000000000,
0.000000000000,0.561580779065,32.176208496094,0.200000000000,
0.000000000000,0.561676652864,32.181701660156,0.200000000000,
0.000000000000,0.561964274262,32.198181152344,0.200000000000,
0.000000000000,0.562060148061,32.203674316406,0.200000000000,
0.000000000000,0.562060148061,32.203674316406,0.200000000000,
0.000000000000,0.562251895660,32.214660644531,0.200000000000,
0.000000000000,0.562539517057,32.231140136719,0.200000000000,
0.000000000000,0.562731264656,32.242126464844,0.200000000000,
0.000000000000,0.562923012254,32.253112792969,0.200000000000,
0.000000000000,0.563114759853,32.264099121094,0.200000000000,
0.000000000000,0.563114759853,32.264099121094,0.200000000000,
0.000000000000,0.563306507451,32.275085449219,0.200000000000,
0.000000000000,0.563498255050,32.286071777344,0.200000000000,
0.000000000000,0.563690002648,32.297058105469,0.200000000000,
0.000000000000,0.563833813347,32.305297851563,0.200000000000,
0.000000000000,0.564073497845,32.319030761719,0.200000000000,
0.000000000000,0.564073497845,32.319030761719,0.200000000000,
0.000000000000,0.564217308544,32.327270507813,0.200000000000,
0.000000000000,0.564409056143,32.338256835938,0.200000000000,
0.000000000000,0.564600803741,32.349243164063,0.200000000000,
0.000000000000,0.564792551340,32.360229492188,0.200000000000,
0.000000000000,0.564984298938,32.371215820313,0.200000000000,
0.000000000000,0.564984298938,32.371215820313,0.200000000000,
0.000000000000,0.565176046537,32.382202148438,0.200000000000,
0.000000000000,0.565367794135,32.393188476563,0.200000000000,
0.000000000000,0.565559541734,32.404174804688,0.200000000000,
0.000000000000,0.565751289332,32.415161132813,0.200000000000,
0.000000000000,0.565943036931,32.426147460938,0.200000000000,
0.000000000000,0.565943036931,32.426147460938,0.200000000000,
0.000000000000,0.566134784529,32.437133789063,0.200000000000,
0.000000000000,0.566326532128,32.448120117188,0.200000000000,
0.000000000000,0.566518279726,32.459106445313,0.200000000000,
0.000000000000,0.566710027325,32.470092773438,0.200000000000,
0.000000000000,0.566997648722,32.486572265625,0.200000000000,
0.000000000000,0.566997648722,32.486572265625,0.200000000000,
0.000000000000,0.567141459421,32.494812011719,0.200000000000,
0.000000000000,0.567333207020,32.505798339844,0.200000000000,
0.000000000000,0.567524954618,32.516784667969,0.200000000000,
0.000000000000,0.567716702217,32.527770996094,0.200000000000,
0.000000000000,0.567908449815,32.538757324219,0.200000000000,
0.000000000000,0.567908449815,32.538757324219,0.200000000000,
0.000000000000,0.568196071213,32.555236816406,0.200000000000,
0.000000000000,0.568387818811,32.566223144531,0.200000000000,
0.000000000000,0.568579566410,32.577209472656,0.200000000000,
0.000000000000,0.568771314008,32.588195800781,0.200000000000,
0.000000000000,0.568915124707,32.596435546875,0.200000000000,
0.000000000000,0.568915124707,32.596435546875,0.200000000000,
0.000000000000,0.569106872306,32.607421875000,0.200000000000,
0.000000000000,0.569298619904,32.618408203125,0.200000000000,
0.000000000000,0.569490367503,32.629394531250,0.200000000000,
0.000000000000,0.569682115101,32.640380859375,0.200000000000,
0.000000000000,0.569921799599,32.654113769531,0.200000000000,
0.000000000000,0.569921799599,32.654113769531,0.200000000000,
0.000000000000,0.570161484097,32.667846679688,0.200000000000,
0.000000000000,0.570353231696,32.678833007813,0.200000000000,
0.000000000000,0.570544979294,32.689819335938,0.200000000000,
0.000000000000,0.570688789993,32.698059082031,0.200000000000,
0.000000000000,0.570928474491,32.711791992188,0.200000000000,
0.000000000000,0.570928474491,32.711791992188,0.200000000000,
0.000000000000,0.571072285190,32.720031738281,0.200000000000,
0.000000000000,0.571264032789,32.731018066406,0.200000000000,
0.000000000000,0.571455780387,32.742004394531,0.200000000000,
0.000000000000,0.571647527986,32.752990722656,0.200000000000,
0.000000000000,0.571839275584,32.763977050781,0.200000000000,
0.000000000000,0.571839275584,32.763977050781,0.200000000000,
0.000000000000,0.572126896982,32.780456542969,0.200000000000,
0.000000000000,0.572174833881,32.783203125000,0.200000000000,
0.000000000000,0.572510392179,32.802429199219,0.200000000000,
0.000000000000,0.572702139777,32.813415527344,0.200000000000,
0.000000000000,0.572845950476,32.821655273438,0.200000000000,
0.000000000000,0.572845950476,32.821655273438,0.200000000000,
0.000000000000,0.573085634974,32.835388183594,0.200000000000,
0.000000000000,0.573325319472,32.849121093750,0.200000000000,
0.000000000000,0.573421193272,32.854614257813,0.200000000000,
0.000000000000,0.573612940870,32.865600585938,0.200000000000,
0.000000000000,0.573900562268,32.882080078125,0.200000000000,
0.000000000000,0.573900562268,32.882080078125,0.200000000000,
0.000000000000,0.574044372967,32.890319824219,0.200000000000,
0.000000000000,0.574236120565,32.901306152344,0.200000000000,
0.000000000000,0.574427868164,32.912292480469,0.200000000000,
0.000000000000,0.574619615762,32.923278808594,0.200000000000,
0.000000000000,0.574907237160,32.939758300781,0.200000000000,
0.000000000000,0.574907237160,32.939758300781,0.200000000000,
0.000000000000,0.575051047859,32.947998046875,0.200000000000,
0.000000000000,0.575242795457,32.958984375000,0.200000000000,
0.000000000000,0.575530416855,32.975463867188,0.200000000000,
0.000000000000,0.575722164453,32.986450195313,0.200000000000,
0.000000000000,0.575913912052,32.997436523438,0.200000000000,
0.000000000000,0.575913912052,32.997436523438,0.200000000000,
0.000000000000,0.576057722751,33.005676269531,0.200000000000,
0.000000000000,0.576345344148,33.022155761719,0.200000000000,
0.000000000000,0.576441217948,33.027648925781,0.200000000000,
0.000000000000,0.576680902446,33.041381835938,0.200000000000,
0.000000000000,0.576872650044,33.052368164063,0.200000000000,
0.000000000000,0.576872650044,33.052368164063,0.200000000000,
0.000000000000,0.577064397643,33.063354492188,0.200000000000,
0.000000000000,0.577352019040,33.079833984375,0.200000000000,
0.000000000000,0.577495829739,33.088073730469,0.200000000000,
0.000000000000,0.577687577338,33.099060058594,0.200000000000,
0.000000000000,0.577879324936,33.110046386719,0.200000000000,
0.000000000000,0.577879324936,33.110046386719,0.200000000000,
0.000000000000,0.578166946334,33.126525878906,0.200000000000,
0.000000000000,0.578358693933,33.137512207031,0.200000000000,
0.000000000000,0.578502504631,33.145751953125,0.200000000000,
0.000000000000,0.578694252230,33.156738281250,0.200000000000,
0.000000000000,0.578981873628,33.173217773438,0.200000000000,
0.000000000000,0.578981873628,33.173217773438,0.200000000000,
0.000000000000,0.579125684326,33.181457519531,0.200000000000,
0.000000000000,0.579317431925,33.192443847656,0.200000000000,
0.000000000000,0.579605053323,33.208923339844,0.200000000000,
0.000000000000,0.579748864022,33.217163085938,0.200000000000,
0.000000000000,0.579940611620,33.228149414063,0.200000000000,
0.000000000000,0.579940611620,33.228149414063,0.200000000000,
0.000000000000,0.580132359219,33.239135742188,0.200000000000,
0.000000000000,0.580419980616,33.255615234375,0.200000000000,
0.000000000000,0.580563791315,33.263854980469,0.200000000000,
0.000000000000,0.580755538914,33.274841308594,0.200000000000,
0.000000000000,0.581043160311,33.291320800781,0.200000000000,
0.000000000000,0.581043160311,33.291320800781,0.200000000000,
0.000000000000,0.581186971010,33.299560546875,0.200000000000,
0.000000000000,0.581378718609,33.310546875000,0.200000000000,
0.000000000000,0.581666340006,33.327026367188,0.200000000000,
0.000000000000,0.581858087605,33.338012695313,0.200000000000,
0.000000000000,0.582001898304,33.346252441406,0.200000000000,
0.000000000000,0.582001898304,33.346252441406,0.200000000000,
0.000000000000,0.582241582802,33.359985351563,0.200000000000,
0.000000000000,0.582481267300,33.373718261719,0.200000000000,
0.000000000000,0.582625077999,33.381958007813,0.200000000000,
0.000000000000,0.582912699397,33.398437500000,0.200000000000,
0.000000000000,0.583104446995,33.409423828125,0.200000000000,
0.000000000000,0.583104446995,33.409423828125,0.200000000000,
0.000000000000,0.583248257694,33.417663574219,0.200000000000,
0.000000000000,0.583535879092,33.434143066406,0.200000000000,
0.000000000000,0.583727626690,33.445129394531,0.200000000000,
0.000000000000,0.583919374289,33.456115722656,0.200000000000,
0.000000000000,0.584063184987,33.464355468750,0.200000000000,
0.000000000000,0.584063184987,33.464355468750,0.200000000000,
0.000000000000,0.584254932586,33.475341796875,0.200000000000,
0.000000000000,0.584542553984,33.491821289063,0.200000000000,
0.000000000000,0.584686364683,33.500061035156,0.200000000000,
0.000000000000,0.584878112281,33.511047363281,0.200000000000,
0.000000000000,0.585069859880,33.522033691406,0.200000000000,
0.000000000000,0.585069859880,33.522033691406,0.200000000000,
0.000000000000,0.585357481277,33.538513183594,0.200000000000,
0.000000000000,0.585549228876,33.549499511719,0.200000000000,
0.000000000000,0.585693039575,33.557739257813,0.200000000000,
0.000000000000,0.585884787173,33.568725585938,0.200000000000,
0.000000000000,0.586076534772,33.579711914063,0.200000000000,
0.000000000000,0.586076534772,33.579711914063,0.200000000000,
0.000000000000,0.586364156169,33.596191406250,0.200000000000,
0.000000000000,0.586555903768,33.607177734375,0.200000000000,
0.000000000000,0.586699714467,33.615417480469,0.200000000000,
0.000000000000,0.586891462065,33.626403808594,0.200000000000,
0.000000000000,0.587179083463,33.642883300781,0.200000000000,
0.000000000000,0.587179083463,33.642883300781,0.200000000000,
0.000000000000,0.587370831061,33.653869628906,0.200000000000,
0.000000000000,0.587562578660,33.664855957031,0.200000000000,
0.000000000000,0.587754326258,33.675842285156,0.200000000000,
0.000000000000,0.587946073857,33.686828613281,0.200000000000,
0.000000000000,0.588137821455,33.697814941406,0.200000000000,
0.000000000000,0.588137821455,33.697814941406,0.200000000000,
0.000000000000,0.588281632154,33.706054687500,0.200000000000,
0.000000000000,0.588473379753,33.717041015625,0.200000000000,
0.000000000000,0.588665127351,33.728027343750,0.200000000000,
0.000000000000,0.588952748749,33.744506835938,0.200000000000,
0.000000000000,0.589096559448,33.752746582031,0.200000000000,
0.000000000000,0.589096559448,33.752746582031,0.200000000000,
0.000000000000,0.589288307046,33.763732910156,0.200000000000,
0.000000000000,0.589480054645,33.774719238281,0.200000000000,
0.000000000000,0.589719739143,33.788452148438,0.200000000000,
0.000000000000,0.589911486741,33.799438476563,0.200000000000,
0.000000000000,0.590055297440,33.807678222656,0.200000000000,
0.000000000000,0.590055297440,33.807678222656,0.200000000000,
0.000000000000,0.590247045039,33.818664550781,0.200000000000,
0.000000000000,0.590438792637,33.829650878906,0.200000000000,
0.000000000000,0.590630540236,33.840637207031,0.200000000000,
0.000000000000,0.590822287834,33.851623535156,0.200000000000,
0.000000000000,0.591014035433,33.862609863281,0.200000000000,
0.000000000000,0.591014035433,33.862609863281,0.200000000000,
0.000000000000,0.591205783031,33.873596191406,0.200000000000,
0.000000000000,0.591397530630,33.884582519531,0.200000000000,
0.000000000000,0.591589278228,33.895568847656,0.200000000000,
0.000000000000,0.591781025827,33.906555175781,0.200000000000,
0.000000000000,0.591972773425,33.917541503906,0.200000000000,
0.000000000000,0.591972773425,33.917541503906,0.200000000000,
0.000000000000,0.592164521023,33.928527832031,0.200000000000,
0.000000000000,0.592356268622,33.939514160156,0.200000000000,
0.000000000000,0.592643890020,33.955993652344,0.200000000000,
0.000000000000,0.592835637618,33.966979980469,0.200000000000,
0.000000000000,0.593027385217,33.977966308594,0.200000000000,
0.000000000000,0.593027385217,33.977966308594,0.200000000000,
0.000000000000,0.593171195916,33.986206054688,0.200000000000,
0.000000000000,0.593410880414,33.999938964844,0.200000000000,
0.000000000000,0.593554691113,34.008178710938,0.200000000000,
0.000000000000,0.593842312510,34.024658203125,0.200000000000,
0.000000000000,0.594034060109,34.035644531250,0.200000000000,
0.000000000000,0.594034060109,34.035644531250,0.200000000000,
0.000000000000,0.594225807707,34.046630859375,0.200000000000,
0.000000000000,0.594417555306,34.057617187500,0.200000000000,
0.000000000000,0.594609302904,34.068603515625,0.200000000000,
0.000000000000,0.594753113603,34.076843261719,0.200000000000,
0.000000000000,0.594944861202,34.087829589844,0.200000000000,
0.000000000000,0.594944861202,34.087829589844,0.200000000000,
0.000000000000,0.595136608800,34.098815917969,0.200000000000,
0.000000000000,0.595328356398,34.109802246094,0.200000000000,
0.000000000000,0.595520103997,34.120788574219,0.200000000000,
0.000000000000,0.595807725395,34.137268066406,0.200000000000,
0.000000000000,0.595903599194,34.142761230469,0.200000000000,
0.000000000000,0.595903599194,34.142761230469,0.200000000000,
0.000000000000,0.596191220592,34.159240722656,0.200000000000,
0.000000000000,0.596287094391,34.164733886719,0.200000000000,
0.000000000000,0.596574715789,34.181213378906,0.200000000000,
0.000000000000,0.596766463387,34.192199707031,0.200000000000,
0.000000000000,0.596862337186,34.197692871094,0.200000000000,
0.000000000000,0.596862337186,34.197692871094,0.200000000000,
0.000000000000,0.597054084785,34.208679199219,0.200000000000,
0.000000000000,0.597341706183,34.225158691406,0.200000000000,
0.000000000000,0.597533453781,34.236145019531,0.200000000000,
0.000000000000,0.597725201380,34.247131347656,0.200000000000,
0.000000000000,0.597869012078,34.255371093750,0.200000000000,
0.000000000000,0.597869012078,34.255371093750,0.200000000000,
0.000000000000,0.598060759677,34.266357421875,0.200000000000,
0.000000000000,0.598252507275,34.277343750000,0.200000000000,
0.000000000000,0.598444254874,34.288330078125,0.200000000000,
0.000000000000,0.598636002472,34.299316406250,0.200000000000,
0.000000000000,0.598923623870,34.315795898438,0.200000000000,
0.000000000000,0.598923623870,34.315795898438,0.200000000000,
0.000000000000,0.599019497669,34.321289062500,0.200000000000,
0.000000000000,0.599211245268,34.332275390625,0.200000000000,
0.000000000000,0.599498866666,34.348754882813,0.200000000000,
0.000000000000,0.599690614264,34.359741210938,0.200000000000,
0.000000000000,0.599834424963,34.367980957031,0.200000000000,
0.000000000000,0.599834424963,34.367980957031,0.200000000000,
0.000000000000,0.600074109461,34.381713867188,0.200000000000,
0.000000000000,0.600217920160,34.389953613281,0.200000000000,
0.000000000000,0.600409667758,34.400939941406,0.200000000000,
0.000000000000,0.600601415357,34.411926269531,0.200000000000,
0.000000000000,0.600793162955,34.422912597656,0.200000000000,
0.000000000000,0.600793162955,34.422912597656,0.200000000000,
0.000000000000,0.601080784353,34.439392089844,0.200000000000,
0.000000000000,0.601272531952,34.450378417969,0.200000000000,
0.000000000000,0.601464279550,34.461364746094,0.200000000000,
0.000000000000,0.601656027149,34.472351074219,0.200000000000,
0.000000000000,0.601799837847,34.480590820313,0.200000000000,
0.000000000000,0.601799837847,34.480590820313,0.200000000000,
0.000000000000,0.602087459245,34.497070312500,0.200000000000,
0.000000000000,0.602183333044,34.502563476563,0.200000000000,
0.000000000000,0.602375080643,34.513549804688,0.200000000000,
0.000000000000,0.602662702041,34.530029296875,0.200000000000,
0.000000000000,0.602806512739,34.538269042969,0.200000000000,
0.000000000000,0.602806512739,34.538269042969,0.200000000000,
0.000000000000,0.602998260338,34.549255371094,0.200000000000,
0.000000000000,0.603190007936,34.560241699219,0.200000000000,
0.000000000000,0.603381755535,34.571228027344,0.200000000000,
0.000000000000,0.603573503133,34.582214355469,0.200000000000,
0.000000000000,0.603861124531,34.598693847656,0.200000000000,
0.000000000000,0.603861124531,34.598693847656,0.200000000000,
0.000000000000,0.604052872130,34.609680175781,0.200000000000,
0.000000000000,0.604196682828,34.617919921875,0.200000000000,
0.000000000000,0.604388430427,34.628906250000,0.200000000000,
0.000000000000,0.604580178025,34.639892578125,0.200000000000,
0.000000000000,0.604867799423,34.656372070313,0.200000000000,
0.000000000000,0.604867799423,34.656372070313,0.200000000000,
0.000000000000,0.605011610122,34.664611816406,0.200000000000,
0.000000000000,0.605203357721,34.675598144531,0.200000000000,
0.000000000000,0.605395105319,34.686584472656,0.200000000000,
0.000000000000,0.605682726717,34.703063964844,0.200000000000,
0.000000000000,0.605874474315,34.714050292969,0.200000000000,
0.000000000000,0.605874474315,34.714050292969,0.200000000000,
0.000000000000,0.606018285014,34.722290039063,0.200000000000,
0.000000000000,0.606210032613,34.733276367188,0.200000000000,
0.000000000000,0.606497654010,34.749755859375,0.200000000000,
0.000000000000,0.606641464709,34.757995605469,0.200000000000,
0.000000000000,0.606833212308,34.768981933594,0.200000000000,
0.000000000000,0.606833212308,34.768981933594,0.200000000000,
0.000000000000,0.607024959906,34.779968261719,0.200000000000,
0.000000000000,0.607312581304,34.796447753906,0.200000000000,
0.000000000000,0.607504328902,34.807434082031,0.200000000000,
0.000000000000,0.607696076501,34.818420410156,0.200000000000,
0.000000000000,0.607887824099,34.829406738281,0.200000000000,
0.000000000000,0.607887824099,34.829406738281,0.200000000000,
0.000000000000,0.608031634798,34.837646484375,0.200000000000,
0.000000000000,0.608223382397,34.848632812500,0.200000000000,
0.000000000000,0.608511003794,34.865112304688,0.200000000000,
0.000000000000,0.608654814493,34.873352050781,0.200000000000,
0.000000000000,0.608846562092,34.884338378906,0.200000000000,
0.000000000000,0.608846562092,34.884338378906,0.200000000000,
0.000000000000,0.609038309690,34.895324707031,0.200000000000,
0.000000000000,0.609230057289,34.906311035156,0.200000000000,
0.000000000000,0.609517678686,34.922790527344,0.200000000000,
0.000000000000,0.609661489385,34.931030273438,0.200000000000,
0.000000000000,0.609853236984,34.942016601563,0.200000000000,
0.000000000000,0.609853236984,34.942016601563,0.200000000000,
0.000000000000,0.610044984582,34.953002929688,0.200000000000,
0.000000000000,0.610284669080,34.966735839844,0.200000000000,
0.000000000000,0.610476416679,34.977722167969,0.200000000000,
0.000000000000,0.610668164277,34.988708496094,0.200000000000,
0.000000000000,0.610859911876,34.999694824219,0.200000000000,
0.000000000000,0.610859911876,34.999694824219,0.200000000000,
0.000000000000,0.611051659474,35.010681152344,0.200000000000,
0.000000000000,0.611339280872,35.027160644531,0.200000000000,
0.000000000000,0.611531028471,35.038146972656,0.200000000000,
0.000000000000,0.611674839169,35.046386718750,0.200000000000,
0.000000000000,0.611866586768,35.057373046875,0.200000000000,
0.000000000000,0.611866586768,35.057373046875,0.200000000000,
0.000000000000,0.612058334366,35.068359375000,0.200000000000,
0.000000000000,0.612345955764,35.084838867188,0.200000000000,
0.000000000000,0.612537703363,35.095825195313,0.200000000000,
0.000000000000,0.612729450961,35.106811523438,0.200000000000,
0.000000000000,0.612873261660,35.115051269531,0.200000000000,
0.000000000000,0.612873261660,35.115051269531,0.200000000000,
0.000000000000,0.613065009258,35.126037597656,0.200000000000,
0.000000000000,0.613256756857,35.137023925781,0.200000000000,
0.000000000000,0.613448504455,35.148010253906,0.200000000000,
0.000000000000,0.613640252054,35.158996582031,0.200000000000,
0.000000000000,0.613927873452,35.175476074219,0.200000000000,
0.000000000000,0.613927873452,35.175476074219,0.200000000000,
0.000000000000,0.614119621050,35.186462402344,0.200000000000,
0.000000000000,0.614263431749,35.194702148438,0.200000000000,
0.000000000000,0.614455179347,35.205688476563,0.200000000000,
0.000000000000,0.614646926946,35.216674804688,0.200000000000,
0.000000000000,0.614838674544,35.227661132813,0.200000000000,
0.000000000000,0.614838674544,35.227661132813,0.200000000000,
0.000000000000,0.615030422143,35.238647460938,0.200000000000,
0.000000000000,0.615222169741,35.249633789063,0.200000000000,
0.000000000000,0.615413917340,35.260620117188,0.200000000000,
0.000000000000,0.615605664938,35.271606445313,0.200000000000,
0.000000000000,0.615797412537,35.282592773438,0.200000000000,
0.000000000000,0.615797412537,35.282592773438,0.200000000000,
0.000000000000,0.615989160135,35.293579101563,0.200000000000,
0.000000000000,0.616180907734,35.304565429688,0.200000000000,
0.000000000000,0.616468529132,35.321044921875,0.200000000000,
0.000000000000,0.616564402931,35.326538085938,0.200000000000,
0.000000000000,0.616852024329,35.343017578125,0.200000000000,
0.000000000000,0.616852024329,35.343017578125,0.200000000000,
0.000000000000,0.616947898128,35.348510742188,0.200000000000,
0.000000000000,0.617235519525,35.364990234375,0.200000000000,
0.000000000000,0.617331393325,35.370483398438,0.200000000000,
0.000000000000,0.617619014722,35.386962890625,0.200000000000,
0.000000000000,0.617714888522,35.392456054688,0.200000000000,
0.000000000000,0.617714888522,35.392456054688,0.200000000000,
0.000000000000,0.617906636120,35.403442382813,0.200000000000,
0.000000000000,0.618098383719,35.414428710938,0.200000000000,
0.000000000000,0.618386005116,35.430908203125,0.200000000000,
0.000000000000,0.618481878916,35.436401367188,0.200000000000,
0.000000000000,0.618769500313,35.452880859375,0.200000000000,
0.000000000000,0.618769500313,35.452880859375,0.200000000000,
0.000000000000,0.618961247912,35.463867187500,0.200000000000,
0.000000000000,0.619105058611,35.472106933594,0.200000000000,
0.000000000000,0.619296806209,35.483093261719,0.200000000000,
0.000000000000,-5.663648816472,-324.503173828126,0.200000000000,
0.000000000000,-5.663505005773,-324.494934082032,0.200000000000,
0.000000000000,-5.663505005773,-324.494934082032,0.200000000000,
0.000000000000,-5.663313258175,-324.483947753907,0.200000000000,
0.000000000000,-5.663025636777,-324.467468261719,0.200000000000,
0.000000000000,-5.662833889179,-324.456481933594,0.200000000000,
0.000000000000,-5.662642141580,-324.445495605469,0.200000000000,
0.000000000000,-5.662450393982,-324.434509277344,0.200000000000,
0.000000000000,-5.662450393982,-324.434509277344,0.200000000000,
0.000000000000,-5.662306583283,-324.426269531251,0.200000000000,
0.000000000000,-5.662114835684,-324.415283203126,0.200000000000,
0.000000000000,-5.661923088086,-324.404296875001,0.200000000000,
0.000000000000,-5.661731340487,-324.393310546876,0.200000000000,
0.000000000000,-5.661443719090,-324.376831054688,0.200000000000,
0.000000000000,-5.661443719090,-324.376831054688,0.200000000000,
0.000000000000,-5.661251971491,-324.365844726563,0.200000000000,
0.000000000000,-5.661060223893,-324.354858398438,0.200000000000,
0.000000000000,-5.660868476294,-324.343872070313,0.200000000000,
0.000000000000,-5.660676728696,-324.332885742188,0.200000000000,
0.000000000000,-5.660484981097,-324.321899414063,0.200000000000,
0.000000000000,-5.660484981097,-324.321899414063,0.200000000000,
0.000000000000,-5.660341170398,-324.313659667969,0.200000000000,
0.000000000000,-5.660149422800,-324.302673339844,0.200000000000,
0.000000000000,-5.659957675201,-324.291687011719,0.200000000000,
0.000000000000,-5.659765927603,-324.280700683594,0.200000000000,
0.000000000000,-5.659574180004,-324.269714355469,0.200000000000,
0.000000000000,-5.659574180004,-324.269714355469,0.200000000000,
0.000000000000,-5.659286558607,-324.253234863282,0.200000000000,
0.000000000000,-5.659094811008,-324.242248535157,0.200000000000,
0.000000000000,-5.658903063410,-324.231262207032,0.200000000000,
0.000000000000,-5.658711315811,-324.220275878907,0.200000000000,
0.000000000000,-5.658567505112,-324.212036132813,0.200000000000,
0.000000000000,-5.658567505112,-324.212036132813,0.200000000000,
0.000000000000,-5.658375757514,-324.201049804688,0.200000000000,
0.000000000000,-5.658184009915,-324.190063476563,0.200000000000,
0.000000000000,-5.657992262317,-324.179077148438,0.200000000000,
0.000000000000,-5.657704640919,-324.162597656251,0.200000000000,
0.000000000000,-5.657560830220,-324.154357910157,0.200000000000,
0.000000000000,-5.657560830220,-324.154357910157,0.200000000000,
0.000000000000,-5.657321145722,-324.140625000001,0.200000000000,
0.000000000000,-5.657177335023,-324.132385253907,0.200000000000,
0.000000000000,-5.656985587425,-324.121398925782,0.200000000000,
0.000000000000,-5.656793839826,-324.110412597657,0.200000000000,
0.000000000000,-5.656506218429,-324.093933105469,0.200000000000,
0.000000000000,-5.656506218429,-324.093933105469,0.200000000000,
0.000000000000,-5.656314470830,-324.082946777344,0.200000000000,
0.000000000000,-5.656122723232,-324.071960449219,0.200000000000,
0.000000000000,-5.655883038734,-324.058227539063,0.200000000000,
0.000000000000,-5.655691291135,-324.047241210938,0.200000000000,
0.000000000000,-5.655499543537,-324.036254882813,0.200000000000,
0.000000000000,-5.655499543537,-324.036254882813,0.200000000000,
0.000000000000,-5.655355732838,-324.028015136719,0.200000000000,
0.000000000000,-5.655163985239,-324.017028808594,0.200000000000,
0.000000000000,-5.654972237641,-324.006042480469,0.200000000000,
0.000000000000,-5.654780490042,-323.995056152344,0.200000000000,
0.000000000000,-5.654492868645,-323.978576660157,0.200000000000,
0.000000000000,-5.654492868645,-323.978576660157,0.200000000000,
0.000000000000,-5.654301121046,-323.967590332032,0.200000000000,
0.000000000000,-5.654157310347,-323.959350585938,0.200000000000,
0.000000000000,-5.653869688950,-323.942871093751,0.200000000000,
0.000000000000,-5.653725878251,-323.934631347657,0.200000000000,
0.000000000000,-5.653534130652,-323.923645019532,0.200000000000,
0.000000000000,-5.653534130652,-323.923645019532,0.200000000000,
0.000000000000,-5.653342383054,-323.912658691407,0.200000000000,
0.000000000000,-5.653054761656,-323.896179199219,0.200000000000,
0.000000000000,-5.652863014057,-323.885192871094,0.200000000000,
0.000000000000,-5.652719203359,-323.876953125001,0.200000000000,
0.000000000000,-5.652431581961,-323.860473632813,0.200000000000,
0.000000000000,-5.652431581961,-323.860473632813,0.200000000000,
0.000000000000,-5.652239834362,-323.849487304688,0.200000000000,
0.000000000000,-5.652048086764,-323.838500976563,0.200000000000,
0.000000000000,-5.651904276065,-323.830261230469,0.200000000000,
0.000000000000,-5.651616654667,-323.813781738282,0.200000000000,
0.000000000000,-5.651424907069,-323.802795410157,0.200000000000,
0.000000000000,-5.651424907069,-323.802795410157,0.200000000000,
0.000000000000,-5.651281096370,-323.794555664063,0.200000000000,
0.000000000000,-5.650993474972,-323.778076171876,0.200000000000,
0.000000000000,-5.650801727374,-323.767089843751,0.200000000000,
0.000000000000,-5.650657916675,-323.758850097657,0.200000000000,
0.000000000000,-5.650370295277,-323.742370605469,0.200000000000,
0.000000000000,-5.650370295277,-323.742370605469,0.200000000000,
0.000000000000,-5.650226484578,-323.734130859376,0.200000000000,
0.000000000000,-5.650034736980,-323.723144531251,0.200000000000,
0.000000000000,-5.649842989381,-323.712158203126,0.200000000000,
0.000000000000,-5.649555367984,-323.695678710938,0.200000000000,
0.000000000000,-5.649411557285,-323.687438964844,0.200000000000,
0.000000000000,-5.649411557285,-323.687438964844,0.200000000000,
0.000000000000,-5.649219809686,-323.676452636719,0.200000000000,
0.000000000000,-5.649028062088,-323.665466308595,0.200000000000,
0.000000000000,-5.648740440690,-323.648986816407,0.200000000000,
0.000000000000,-5.648500756192,-323.635253906251,0.200000000000,
0.000000000000,-5.648309008593,-323.624267578126,0.200000000000,
0.000000000000,-5.648309008593,-323.624267578126,0.200000000000,
0.000000000000,-5.648117260995,-323.613281250001,0.200000000000,
0.000000000000,-5.647973450296,-323.605041503907,0.200000000000,
0.000000000000,-5.647781702698,-323.594055175782,0.200000000000,
0.000000000000,-5.647494081300,-323.577575683594,0.200000000000,
0.000000000000,-5.647302333701,-323.566589355469,0.200000000000,
0.000000000000,-5.647302333701,-323.566589355469,0.200000000000,
0.000000000000,-5.647158523003,-323.558349609376,0.200000000000,
0.000000000000,-5.646870901605,-323.541870117188,0.200000000000,
0.000000000000,-5.646679154006,-323.530883789063,0.200000000000,
0.000000000000,-5.646487406408,-323.519897460938,0.200000000000,
0.000000000000,-5.646343595709,-323.511657714844,0.200000000000,
0.000000000000,-5.646343595709,-323.511657714844,0.200000000000,
0.000000000000,-5.646055974311,-323.495178222657,0.200000000000,
0.000000000000,-5.645864226713,-323.484191894532,0.200000000000,
0.000000000000,-5.645720416014,-323.475952148438,0.200000000000,
0.000000000000,-5.645528668415,-323.464965820313,0.200000000000,
0.000000000000,-5.645241047018,-323.448486328126,0.200000000000,
0.000000000000,-5.645241047018,-323.448486328126,0.200000000000,
0.000000000000,-5.645145173218,-323.442993164063,0.200000000000,
0.000000000000,-5.644857551821,-323.426513671876,0.200000000000,
0.000000000000,-5.644713741122,-323.418273925782,0.200000000000,
0.000000000000,-5.644521993523,-323.407287597657,0.200000000000,
0.000000000000,-5.644234372126,-323.390808105469,0.200000000000,
0.000000000000,-5.644234372126,-323.390808105469,0.200000000000,
0.000000000000,-5.644138498326,-323.385314941407,0.200000000000,
0.000000000000,-5.643898813828,-323.371582031251,0.200000000000,
0.000000000000,-5.643707066230,-323.360595703126,0.200000000000,
0.000000000000,-5.643515318631,-323.349609375001,0.200000000000,
0.000000000000,-5.643323571033,-323.338623046876,0.200000000000,
0.000000000000,-5.643323571033,-323.338623046876,0.200000000000,
0.000000000000,-5.643035949635,-323.322143554688,0.200000000000,
0.000000000000,-5.642844202037,-323.311157226563,0.200000000000,
0.000000000000,-5.642652454438,-323.300170898438,0.200000000000,
0.000000000000,-5.642460706840,-323.289184570313,0.200000000000,
0.000000000000,-5.642316896141,-323.280944824219,0.200000000000,
0.000000000000,-5.642316896141,-323.280944824219,0.200000000000,
0.000000000000,-5.642125148542,-323.269958496094,0.200000000000,
0.000000000000,-5.641933400944,-323.258972167969,0.200000000000,
0.000000000000,-5.641741653345,-323.247985839844,0.200000000000,
0.000000000000,-5.641549905747,-323.236999511720,0.200000000000,
0.000000000000,-5.641262284349,-323.220520019532,0.200000000000,
0.000000000000,-5.641262284349,-323.220520019532,0.200000000000,
0.000000000000,-5.641166410550,-323.215026855469,0.200000000000,
0.000000000000,-5.640878789152,-323.198547363282,0.200000000000,
0.000000000000,-5.640687041554,-323.187561035157,0.200000000000,
0.000000000000,-5.640495293955,-323.176574707032,0.200000000000,
0.000000000000,-5.640399420156,-323.171081542969,0.200000000000,
0.000000000000,-5.640399420156,-323.171081542969,0.200000000000,
0.000000000000,-5.640207672557,-323.160095214844,0.200000000000,
0.000000000000,-5.639920051160,-323.143615722657,0.200000000000,
0.000000000000,-5.639824177360,-323.138122558594,0.200000000000,
0.000000000000,-5.639536555963,-323.121643066407,0.200000000000,
0.000000000000,-5.639344808364,-323.110656738282,0.200000000000,
0.000000000000,-5.639344808364,-323.110656738282,0.200000000000,
0.000000000000,-5.639153060766,-323.099670410157,0.200000000000,
0.000000000000,-5.638961313167,-323.088684082032,0.200000000000,
0.000000000000,-5.638817502468,-323.080444335938,0.200000000000,
0.000000000000,-5.638577817970,-323.066711425782,0.200000000000,
0.000000000000,-5.638434007271,-323.058471679688,0.200000000000,
0.000000000000,-5.638434007271,-323.058471679688,0.200000000000,
0.000000000000,-5.638242259673,-323.047485351563,0.200000000000,
0.000000000000,-5.637954638275,-323.031005859376,0.200000000000,
0.000000000000,-5.637858764476,-323.025512695313,0.200000000000,
0.000000000000,-5.637571143078,-323.009033203126,0.200000000000,
0.000000000000,-5.637427332379,-323.000793457032,0.200000000000,
0.000000000000,-5.637427332379,-323.000793457032,0.200000000000,
0.000000000000,-5.637187647881,-322.987060546876,0.200000000000,
0.000000000000,-5.637043837182,-322.978820800782,0.200000000000,
0.000000000000,-5.636852089584,-322.967834472657,0.200000000000,
0.000000000000,-5.636660341985,-322.956848144532,0.200000000000,
0.000000000000,-5.636468594387,-322.945861816407,0.200000000000,
0.000000000000,-5.636468594387,-322.945861816407,0.200000000000,
0.000000000000,-5.636180972989,-322.929382324220,0.200000000000,
0.000000000000,-5.635989225391,-322.918395996094,0.200000000000,
0.000000000000,-5.635845414692,-322.910156250001,0.200000000000,
0.000000000000,-5.635653667093,-322.899169921876,0.200000000000,
0.000000000000,-5.635461919495,-322.888183593751,0.200000000000,
0.000000000000,-5.635461919495,-322.888183593751,0.200000000000,
0.000000000000,-5.635270171896,-322.877197265626,0.200000000000,
0.000000000000,-5.635078424298,-322.866210937501,0.200000000000,
0.000000000000,-5.634886676699,-322.855224609376,0.200000000000,
0.000000000000,-5.634694929101,-322.844238281251,0.200000000000,
0.000000000000,-5.634407307703,-322.827758789063,0.200000000000,
0.000000000000,-5.634407307703,-322.827758789063,0.200000000000,
0.000000000000,-5.634215560105,-322.816772460938,0.200000000000,
0.000000000000,-5.634023812506,-322.805786132813,0.200000000000,
0.000000000000,-5.633832064908,-322.794799804688,0.200000000000,
0.000000000000,-5.633736191109,-322.789306640626,0.200000000000,
0.000000000000,-5.633496506610,-322.775573730469,0.200000000000,
0.000000000000,-5.633496506610,-322.775573730469,0.200000000000,
0.000000000000,-5.633256822112,-322.761840820313,0.200000000000,
0.000000000000,-5.633065074514,-322.750854492188,0.200000000000,
0.000000000000,-5.632921263815,-322.742614746094,0.200000000000,
0.000000000000,-5.632729516216,-322.731628417970,0.200000000000,
0.000000000000,-5.632537768618,-322.720642089844,0.200000000000,
0.000000000000,-5.632537768618,-322.720642089844,0.200000000000,
0.000000000000,-5.632250147220,-322.704162597657,0.200000000000,
0.000000000000,-5.632154273421,-322.698669433594,0.200000000000,
0.000000000000,-5.631962525823,-322.687683105469,0.200000000000,
0.000000000000,-5.631674904425,-322.671203613282,0.200000000000,
0.000000000000,-5.631531093726,-322.662963867188,0.200000000000,
0.000000000000,-5.631531093726,-322.662963867188,0.200000000000,
0.000000000000,-5.631291409228,-322.649230957032,0.200000000000,
0.000000000000,-5.631147598529,-322.640991210938,0.200000000000,
0.000000000000,-5.630955850930,-322.630004882813,0.200000000000,
0.000000000000,-5.630764103332,-322.619018554688,0.200000000000,
0.000000000000,-5.630572355734,-322.608032226563,0.200000000000,
0.000000000000,-5.630572355734,-322.608032226563,0.200000000000,
0.000000000000,-5.630380608135,-322.597045898438,0.200000000000,
0.000000000000,-5.630092986737,-322.580566406251,0.200000000000,
0.000000000000,-5.629949176038,-322.572326660157,0.200000000000,
0.000000000000,-5.629757428440,-322.561340332032,0.200000000000,
0.000000000000,-5.629565680841,-322.550354003907,0.200000000000,
0.000000000000,-5.629565680841,-322.550354003907,0.200000000000,
0.000000000000,-5.629278059444,-322.533874511719,0.200000000000,
0.000000000000,-5.629134248745,-322.525634765626,0.200000000000,
0.000000000000,-5.628942501146,-322.514648437501,0.200000000000,
0.000000000000,-5.628654879749,-322.498168945313,0.200000000000,
0.000000000000,-5.628463132150,-322.487182617188,0.200000000000,
0.000000000000,-5.628463132150,-322.487182617188,0.200000000000,
0.000000000000,-5.628319321451,-322.478942871094,0.200000000000,
0.000000000000,-5.628127573853,-322.467956542969,0.200000000000,
0.000000000000,-5.627935826254,-322.456970214844,0.200000000000,
0.000000000000,-5.627648204857,-322.440490722657,0.200000000000,
0.000000000000,-5.627456457258,-322.429504394532,0.200000000000,
0.000000000000,-5.627456457258,-322.429504394532,0.200000000000,
0.000000000000,-5.627312646559,-322.421264648438,0.200000000000,
0.000000000000,-5.627120898961,-322.410278320313,0.200000000000,
0.000000000000,-5.626833277563,-322.393798828126,0.200000000000,
0.000000000000,-5.626641529965,-322.382812500001,0.200000000000,
0.000000000000,-5.626497719266,-322.374572753907,0.200000000000,
0.000000000000,-5.626497719266,-322.374572753907,0.200000000000,
0.000000000000,-5.626305971667,-322.363586425782,0.200000000000,
0.000000000000,-5.626018350269,-322.347106933594,0.200000000000,
0.000000000000,-5.625826602671,-322.336120605469,0.200000000000,
0.000000000000,-5.625682791972,-322.327880859376,0.200000000000,
0.000000000000,-5.625491044374,-322.316894531251,0.200000000000,
0.000000000000,-5.625491044374,-322.316894531251,0.200000000000,
0.000000000000,-5.625203422976,-322.300415039063,0.200000000000,
0.000000000000,-5.625059612277,-322.292175292969,0.200000000000,
0.000000000000,-5.624867864679,-322.281188964844,0.200000000000,
0.000000000000,-5.624580243281,-322.264709472657,0.200000000000,
0.000000000000,-5.624388495682,-322.253723144532,0.200000000000,
0.000000000000,-5.624388495682,-322.253723144532,0.200000000000,
0.000000000000,-5.624244684983,-322.245483398438,0.200000000000,
0.000000000000,-5.624052937385,-322.234497070313,0.200000000000,
0.000000000000,-5.623765315987,-322.218017578126,0.200000000000,
0.000000000000,-5.623621505288,-322.209777832032,0.200000000000,
0.000000000000,-5.623429757690,-322.198791503907,0.200000000000,
0.000000000000,-5.623429757690,-322.198791503907,0.200000000000,
0.000000000000,-5.623142136292,-322.182312011719,0.200000000000,
0.000000000000,-5.622950388694,-322.171325683595,0.200000000000,
0.000000000000,-5.622758641095,-322.160339355469,0.200000000000,
0.000000000000,-5.622614830396,-322.152099609376,0.200000000000,
0.000000000000,-5.622327208999,-322.135620117188,0.200000000000,
0.000000000000,-5.622327208999,-322.135620117188,0.200000000000,
0.000000000000,-5.622135461400,-322.124633789063,0.200000000000,
0.000000000000,-5.621991650701,-322.116394042969,0.200000000000,
0.000000000000,-5.621704029304,-322.099914550782,0.200000000000,
0.000000000000,-5.621512281705,-322.088928222657,0.200000000000,
0.000000000000,-5.621368471006,-322.080688476563,0.200000000000,
0.000000000000,-5.621368471006,-322.080688476563,0.200000000000,
0.000000000000,-5.621176723408,-322.069702148438,0.200000000000,
0.000000000000,-5.620984975809,-322.058715820313,0.200000000000,
0.000000000000,-5.620697354411,-322.042236328126,0.200000000000,
0.000000000000,-5.620553543713,-322.033996582032,0.200000000000,
0.000000000000,-5.620361796114,-322.023010253907,0.200000000000,
0.000000000000,-5.620361796114,-322.023010253907,0.200000000000,
0.000000000000,-5.620074174716,-322.006530761719,0.200000000000,
0.000000000000,-5.619930364018,-321.998291015626,0.200000000000,
0.000000000000,-5.619738616419,-321.987304687501,0.200000000000,
0.000000000000,-5.619450995021,-321.970825195313,0.200000000000,
0.000000000000,-5.619403058122,-321.968078613282,0.200000000000,
0.000000000000,-5.619403058122,-321.968078613282,0.200000000000,
0.000000000000,-5.619067499824,-321.948852539063,0.200000000000,
0.000000000000,-5.618923689125,-321.940612792969,0.200000000000,
0.000000000000,-5.618636067728,-321.924133300782,0.200000000000,
0.000000000000,-5.618540193929,-321.918640136719,0.200000000000,
0.000000000000,-5.618252572531,-321.902160644532,0.200000000000,
0.000000000000,-5.618252572531,-321.902160644532,0.200000000000,
0.000000000000,-5.618060824932,-321.891174316407,0.200000000000,
0.000000000000,-5.617869077334,-321.880187988282,0.200000000000,
0.000000000000,-5.617725266635,-321.871948242188,0.200000000000,
0.000000000000,-5.617437645237,-321.855468750001,0.200000000000,
0.000000000000,-5.617245897639,-321.844482421876,0.200000000000,
0.000000000000,-5.617245897639,-321.844482421876,0.200000000000,
0.000000000000,-5.617102086940,-321.836242675782,0.200000000000,
0.000000000000,-5.616910339341,-321.825256347657,0.200000000000,
0.000000000000,-5.616622717944,-321.808776855469,0.200000000000,
0.000000000000,-5.616526844144,-321.803283691407,0.200000000000,
0.000000000000,-5.616239222747,-321.786804199219,0.200000000000,
0.000000000000,-5.616239222747,-321.786804199219,0.200000000000,
0.000000000000,-5.616047475148,-321.775817871094,0.200000000000,
0.000000000000,-5.615903664449,-321.767578125001,0.200000000000,
0.000000000000,-5.615663979951,-321.753845214844,0.200000000000,
0.000000000000,-5.615520169252,-321.745605468751,0.200000000000,
0.000000000000,-5.615328421654,-321.734619140626,0.200000000000,
0.000000000000,-5.615328421654,-321.734619140626,0.200000000000,
0.000000000000,-5.615136674055,-321.723632812501,0.200000000000,
0.000000000000,-5.614944926457,-321.712646484376,0.200000000000,
0.000000000000,-5.614753178858,-321.701660156251,0.200000000000,
0.000000000000,-5.614561431260,-321.690673828126,0.200000000000,
0.000000000000,-5.614273809862,-321.674194335938,0.200000000000,
0.000000000000,-5.614273809862,-321.674194335938,0.200000000000,
0.000000000000,-5.614082062264,-321.663208007813,0.200000000000,
0.000000000000,-5.613890314665,-321.652221679688,0.200000000000,
0.000000000000,-5.613746503966,-321.643981933594,0.200000000000,
0.000000000000,-5.613506819468,-321.630249023438,0.200000000000,
0.000000000000,-5.613315071870,-321.619262695313,0.200000000000,
0.000000000000,-5.613315071870,-321.619262695313,0.200000000000,
0.000000000000,-5.613123324271,-321.608276367188,0.200000000000,
0.000000000000,-5.612979513572,-321.600036621094,0.200000000000,
0.000000000000,-5.612739829074,-321.586303710938,0.200000000000,
0.000000000000,-5.612596018375,-321.578063964844,0.200000000000,
0.000000000000,-5.612404270777,-321.567077636719,0.200000000000,
0.000000000000,-5.612404270777,-321.567077636719,0.200000000000,
0.000000000000,-5.612212523178,-321.556091308594,0.200000000000,
0.000000000000,-5.611924901781,-321.539611816407,0.200000000000,
0.000000000000,-5.611781091082,-321.531372070313,0.200000000000,
0.000000000000,-5.611541406584,-321.517639160157,0.200000000000,
0.000000000000,-5.611397595885,-321.509399414063,0.200000000000,
0.000000000000,-5.611397595885,-321.509399414063,0.200000000000,
0.000000000000,-5.611205848286,-321.498413085938,0.200000000000,
0.000000000000,-5.610918226889,-321.481933593751,0.200000000000,
0.000000000000,-5.610726479290,-321.470947265626,0.200000000000,
0.000000000000,-5.610582668591,-321.462707519532,0.200000000000,
0.000000000000,-5.610390920993,-321.451721191407,0.200000000000,
0.000000000000,-5.610390920993,-321.451721191407,0.200000000000,
0.000000000000,-5.610199173394,-321.440734863282,0.200000000000,
0.000000000000,-5.610007425796,-321.429748535157,0.200000000000,
0.000000000000,-5.609815678197,-321.418762207032,0.200000000000,
0.000000000000,-5.609623930599,-321.407775878907,0.200000000000,
0.000000000000,-5.609336309201,-321.391296386719,0.200000000000,
0.000000000000,-5.609336309201,-321.391296386719,0.200000000000,
0.000000000000,-5.609144561603,-321.380310058594,0.200000000000,
0.000000000000,-5.609000750904,-321.372070312501,0.200000000000,
0.000000000000,-5.608809003305,-321.361083984376,0.200000000000,
0.000000000000,-5.608617255707,-321.350097656251,0.200000000000,
0.000000000000,-5.608425508108,-321.339111328126,0.200000000000,
0.000000000000,-5.608425508108,-321.339111328126,0.200000000000,
0.000000000000,-5.608137886711,-321.322631835938,0.200000000000,
0.000000000000,-5.607946139112,-321.311645507813,0.200000000000,
0.000000000000,-5.607754391514,-321.300659179688,0.200000000000,
0.000000000000,-5.607562643915,-321.289672851563,0.200000000000,
0.000000000000,-5.607418833216,-321.281433105469,0.200000000000,
0.000000000000,-5.607418833216,-321.281433105469,0.200000000000,
0.000000000000,-5.607227085618,-321.270446777344,0.200000000000,
0.000000000000,-5.607035338019,-321.259460449219,0.200000000000,
0.000000000000,-5.606843590421,-321.248474121094,0.200000000000,
0.000000000000,-5.606651842822,-321.237487792969,0.200000000000,
0.000000000000,-5.606364221425,-321.221008300782,0.200000000000,
0.000000000000,-5.606364221425,-321.221008300782,0.200000000000,
0.000000000000,-5.606220410726,-321.212768554688,0.200000000000,
0.000000000000,-5.606028663127,-321.201782226563,0.200000000000,
0.000000000000,-5.605788978629,-321.188049316407,0.200000000000,
0.000000000000,-5.605645167930,-321.179809570313,0.200000000000,
0.000000000000,-5.605357546533,-321.163330078126,0.200000000000,
0.000000000000,-5.605357546533,-321.163330078126,0.200000000000,
0.000000000000,-5.605213735834,-321.155090332032,0.200000000000,
0.000000000000,-5.605021988235,-321.144104003907,0.200000000000,
0.000000000000,-5.604830240637,-321.133117675782,0.200000000000,
0.000000000000,-5.604542619239,-321.116638183595,0.200000000000,
0.000000000000,-5.604350871641,-321.105651855469,0.200000000000,
0.000000000000,-5.604350871641,-321.105651855469,0.200000000000,
0.000000000000,-5.604159124042,-321.094665527344,0.200000000000,
0.000000000000,-5.604015313343,-321.086425781251,0.200000000000,
0.000000000000,-5.603823565745,-321.075439453126,0.200000000000,
0.000000000000,-5.603535944347,-321.058959960938,0.200000000000,
0.000000000000,-5.603392133648,-321.050720214844,0.200000000000,
0.000000000000,-5.603392133648,-321.050720214844,0.200000000000,
0.000000000000,-5.603104512250,-321.034240722657,0.200000000000,
0.000000000000,-5.602912764652,-321.023254394532,0.200000000000,
0.000000000000,-5.602768953953,-321.015014648438,0.200000000000,
0.000000000000,-5.602577206355,-321.004028320313,0.200000000000,
0.000000000000,-5.602289584957,-320.987548828126,0.200000000000,
0.000000000000,-5.602289584957,-320.987548828126,0.200000000000,
0.000000000000,-5.602145774258,-320.979309082032,0.200000000000,
0.000000000000,-5.601954026660,-320.968322753907,0.200000000000,
0.000000000000,-5.601666405262,-320.951843261719,0.200000000000,
0.000000000000,-5.601474657663,-320.940856933594,0.200000000000,
0.000000000000,-5.601234973165,-320.927124023438,0.200000000000,
0.000000000000,-5.601234973165,-320.927124023438,0.200000000000,
0.000000000000,-5.601139099366,-320.921630859376,0.200000000000,
0.000000000000,-5.600851477968,-320.905151367188,0.200000000000,
0.000000000000,-5.600707667269,-320.896911621094,0.200000000000,
0.000000000000,-5.600515919671,-320.885925292969,0.200000000000,
0.000000000000,-5.600228298273,-320.869445800782,0.200000000000,
0.000000000000,-5.600228298273,-320.869445800782,0.200000000000,
0.000000000000,-5.600084487574,-320.861206054688,0.200000000000,
0.000000000000,-5.599892739976,-320.850219726563,0.200000000000,
0.000000000000,-5.599605118578,-320.833740234376,0.200000000000,
0.000000000000,-5.599461307879,-320.825500488282,0.200000000000,
0.000000000000,-5.599269560281,-320.814514160157,0.200000000000,
0.000000000000,-5.599269560281,-320.814514160157,0.200000000000,
0.000000000000,-5.599029875783,-320.800781250001,0.200000000000,
0.000000000000,-5.598838128184,-320.789794921876,0.200000000000,
0.000000000000,-5.598550506786,-320.773315429688,0.200000000000,
0.000000000000,-5.598406696088,-320.765075683594,0.200000000000,
0.000000000000,-5.598214948489,-320.754089355469,0.200000000000,
0.000000000000,-5.598214948489,-320.754089355469,0.200000000000,
0.000000000000,-5.597927327091,-320.737609863282,0.200000000000,
0.000000000000,-5.597783516392,-320.729370117188,0.200000000000,
0.000000000000,-5.597591768794,-320.718383789063,0.200000000000,
0.000000000000,-5.597304147396,-320.701904296876,0.200000000000,
0.000000000000,-5.597160336697,-320.693664550782,0.200000000000,
0.000000000000,-5.597160336697,-320.693664550782,0.200000000000,
0.000000000000,-5.596968589099,-320.682678222657,0.200000000000,
0.000000000000,-5.596680967701,-320.666198730469,0.200000000000,
0.000000000000,-5.596537157002,-320.657958984376,0.200000000000,
0.000000000000,-5.596249535605,-320.641479492188,0.200000000000,
0.000000000000,-5.596009851106,-320.627746582032,0.200000000000,
0.000000000000,-5.596009851106,-320.627746582032,0.200000000000,
0.000000000000,-5.595818103508,-320.616760253907,0.200000000000,
0.000000000000,-5.595674292809,-320.608520507813,0.200000000000,
0.000000000000,-5.595482545211,-320.597534179688,0.200000000000,
0.000000000000,-5.595194923813,-320.581054687501,0.200000000000,
0.000000000000,-5.595051113114,-320.572814941407,0.200000000000,
0.000000000000,-5.595051113114,-320.572814941407,0.200000000000,
0.000000000000,-5.594859365516,-320.561828613282,0.200000000000,
0.000000000000,-5.594571744118,-320.545349121094,0.200000000000,
0.000000000000,-5.594379996519,-320.534362792969,0.200000000000,
0.000000000000,-5.594236185820,-320.526123046876,0.200000000000,
0.000000000000,-5.593948564423,-320.509643554688,0.200000000000,
0.000000000000,-5.593948564423,-320.509643554688,0.200000000000,
0.000000000000,-5.593756816824,-320.498657226563,0.200000000000,
0.000000000000,-5.593613006125,-320.490417480469,0.200000000000,
0.000000000000,-5.593421258527,-320.479431152344,0.200000000000,
0.000000000000,-5.593181574029,-320.465698242188,0.200000000000,
0.000000000000,-5.592989826430,-320.454711914063,0.200000000000,
0.000000000000,-5.592989826430,-320.454711914063,0.200000000000,
0.000000000000,-5.592702205033,-320.438232421876,0.200000000000,
0.000000000000,-5.592558394334,-320.429992675782,0.200000000000,
0.000000000000,-5.592366646735,-320.419006347657,0.200000000000,
0.000000000000,-5.592174899137,-320.408020019532,0.200000000000,
0.000000000000,-5.591887277739,-320.391540527344,0.200000000000,
0.000000000000,-5.591887277739,-320.391540527344,0.200000000000,
0.000000000000,-5.591743467040,-320.383300781251,0.200000000000,
0.000000000000,-5.591455845642,-320.366821289063,0.200000000000,
0.000000000000,-5.591264098044,-320.355834960938,0.200000000000,
0.000000000000,-5.591024413546,-320.342102050782,0.200000000000,
0.000000000000,-5.590928539747,-320.336608886719,0.200000000000,
0.000000000000,-5.590928539747,-320.336608886719,0.200000000000,
0.000000000000,-5.590688855248,-320.322875976563,0.200000000000,
0.000000000000,-5.590497107650,-320.311889648438,0.200000000000,
0.000000000000,-5.590257423152,-320.298156738282,0.200000000000,
0.000000000000,-5.590017738654,-320.284423828126,0.200000000000,
0.000000000000,-5.589825991055,-320.273437500001,0.200000000000,
0.000000000000,-5.589825991055,-320.273437500001,0.200000000000,
0.000000000000,-5.589634243457,-320.262451171876,0.200000000000,
0.000000000000,-5.589490432758,-320.254211425782,0.200000000000,
0.000000000000,-5.589298685159,-320.243225097657,0.200000000000,
0.000000000000,-5.589106937561,-320.232238769532,0.200000000000,
0.000000000000,-5.588915189962,-320.221252441407,0.200000000000,
0.000000000000,-5.588915189962,-320.221252441407,0.200000000000,
0.000000000000,-5.588723442364,-320.210266113282,0.200000000000,
0.000000000000,-5.588531694766,-320.199279785157,0.200000000000,
0.000000000000,-5.588292010267,-320.185546875001,0.200000000000,
0.000000000000,-5.588052325769,-320.171813964844,0.200000000000,
0.000000000000,-5.587860578171,-320.160827636719,0.200000000000,
0.000000000000,-5.587860578171,-320.160827636719,0.200000000000,
0.000000000000,-5.587716767472,-320.152587890626,0.200000000000,
0.000000000000,-5.587477082974,-320.138854980469,0.200000000000,
0.000000000000,-5.587333272275,-320.130615234376,0.200000000000,
0.000000000000,-5.587093587777,-320.116882324219,0.200000000000,
0.000000000000,-5.586949777078,-320.108642578126,0.200000000000,
0.000000000000,-5.586949777078,-320.108642578126,0.200000000000,
0.000000000000,-5.586758029480,-320.097656250001,0.200000000000,
0.000000000000,-5.586566281881,-320.086669921876,0.200000000000,
0.000000000000,-5.586374534283,-320.075683593751,0.200000000000,
0.000000000000,-5.586182786684,-320.064697265626,0.200000000000,
0.000000000000,-5.585895165286,-320.048217773438,0.200000000000,
0.000000000000,-5.585895165286,-320.048217773438,0.200000000000,
0.000000000000,-5.585703417688,-320.037231445313,0.200000000000,
0.000000000000,-5.585511670089,-320.026245117188,0.200000000000,
0.000000000000,-5.585319922491,-320.015258789063,0.200000000000,
0.000000000000,-5.585176111792,-320.007019042969,0.200000000000,
0.000000000000,-5.584984364194,-319.996032714845,0.200000000000,
0.000000000000,-5.584984364194,-319.996032714845,0.200000000000,
0.000000000000,-5.584792616595,-319.985046386719,0.200000000000,
0.000000000000,-5.584504995197,-319.968566894532,0.200000000000,
0.000000000000,-5.584313247599,-319.957580566407,0.200000000000,
0.000000000000,-5.584169436900,-319.949340820313,0.200000000000,
0.000000000000,-5.583977689301,-319.938354492188,0.200000000000,
0.000000000000,-5.583977689301,-319.938354492188,0.200000000000,
0.000000000000,-5.583785941703,-319.927368164063,0.200000000000,
0.000000000000,-5.583594194105,-319.916381835938,0.200000000000,
0.000000000000,-5.583402446506,-319.905395507813,0.200000000000,
0.000000000000,-5.583210698908,-319.894409179688,0.200000000000,
0.000000000000,-5.583018951309,-319.883422851563,0.200000000000,
0.000000000000,-5.583018951309,-319.883422851563,0.200000000000,
0.000000000000,-5.582731329911,-319.866943359376,0.200000000000,
0.000000000000,-5.582587519212,-319.858703613282,0.200000000000,
0.000000000000,-5.582395771614,-319.847717285157,0.200000000000,
0.000000000000,-5.582204024015,-319.836730957032,0.200000000000,
0.000000000000,-5.582012276417,-319.825744628907,0.200000000000,
0.000000000000,-5.582012276417,-319.825744628907,0.200000000000,
0.000000000000,-5.581820528819,-319.814758300782,0.200000000000,
0.000000000000,-5.581628781220,-319.803771972657,0.200000000000,
0.000000000000,-5.581437033622,-319.792785644532,0.200000000000,
0.000000000000,-5.581149412224,-319.776306152344,0.200000000000,
0.000000000000,-5.580957664625,-319.765319824219,0.200000000000,
0.000000000000,-5.580957664625,-319.765319824219,0.200000000000,
0.000000000000,-5.580765917027,-319.754333496094,0.200000000000,
0.000000000000,-5.580574169428,-319.743347167970,0.200000000000,
0.000000000000,-5.580382421830,-319.732360839844,0.200000000000,
0.000000000000,-5.580238611131,-319.724121093751,0.200000000000,
0.000000000000,-5.580046863533,-319.713134765626,0.200000000000,
0.000000000000,-5.580046863533,-319.713134765626,0.200000000000,
0.000000000000,-5.579855115934,-319.702148437501,0.200000000000,
0.000000000000,-5.579567494536,-319.685668945313,0.200000000000,
0.000000000000,-5.579375746938,-319.674682617188,0.200000000000,
0.000000000000,-5.579183999339,-319.663696289063,0.200000000000,
0.000000000000,-5.579040188640,-319.655456542969,0.200000000000,
0.000000000000,-5.579040188640,-319.655456542969,0.200000000000,
0.000000000000,-5.578800504142,-319.641723632813,0.200000000000,
0.000000000000,-5.578656693443,-319.633483886719,0.200000000000,
0.000000000000,-5.578464945845,-319.622497558594,0.200000000000,
0.000000000000,-5.578273198247,-319.611511230469,0.200000000000,
0.000000000000,-5.578081450648,-319.600524902344,0.200000000000,
0.000000000000,-5.578081450648,-319.600524902344,0.200000000000,
0.000000000000,-5.577889703050,-319.589538574219,0.200000000000,
0.000000000000,-5.577650018551,-319.575805664063,0.200000000000,
0.000000000000,-5.577458270953,-319.564819335938,0.200000000000,
0.000000000000,-5.577266523354,-319.553833007813,0.200000000000,
0.000000000000,-5.577074775756,-319.542846679688,0.200000000000,
0.000000000000,-5.577074775756,-319.542846679688,0.200000000000,
0.000000000000,-5.576787154358,-319.526367187501,0.200000000000,
0.000000000000,-5.576595406760,-319.515380859376,0.200000000000,
0.000000000000,-5.576403659161,-319.504394531251,0.200000000000,
0.000000000000,-5.576259848462,-319.496154785157,0.200000000000,
0.000000000000,-5.576068100864,-319.485168457032,0.200000000000,
0.000000000000,-5.576068100864,-319.485168457032,0.200000000000,
0.000000000000,-5.575876353265,-319.474182128907,0.200000000000,
0.000000000000,-5.575588731868,-319.457702636719,0.200000000000,
0.000000000000,-5.575396984269,-319.446716308594,0.200000000000,
0.000000000000,-5.575205236671,-319.435729980469,0.200000000000,
0.000000000000,-5.575061425972,-319.427490234376,0.200000000000,
0.000000000000,-5.575061425972,-319.427490234376,0.200000000000,
0.000000000000,-5.574869678373,-319.416503906251,0.200000000000,
0.000000000000,-5.574582056976,-319.400024414063,0.200000000000,
0.000000000000,-5.574486183176,-319.394531250001,0.200000000000,
0.000000000000,-5.574246498678,-319.380798339844,0.200000000000,
0.000000000000,-5.574054751080,-319.369812011719,0.200000000000,
0.000000000000,-5.574054751080,-319.369812011719,0.200000000000,
0.000000000000,-5.573767129682,-319.353332519532,0.200000000000,
0.000000000000,-5.573671255883,-319.347839355469,0.200000000000,
0.000000000000,-5.573383634485,-319.331359863282,0.200000000000,
0.000000000000,-5.573191886887,-319.320373535157,0.200000000000,
0.000000000000,-5.573000139288,-319.309387207032,0.200000000000,
0.000000000000,-5.573000139288,-319.309387207032,0.200000000000,
0.000000000000,-5.572856328589,-319.301147460938,0.200000000000,
0.000000000000,-5.572568707192,-319.284667968751,0.200000000000,
0.000000000000,-5.572424896493,-319.276428222657,0.200000000000,
0.000000000000,-5.572233148894,-319.265441894532,0.200000000000,
0.000000000000,-5.572041401296,-319.254455566407,0.200000000000,
0.000000000000,-5.572041401296,-319.254455566407,0.200000000000,
0.000000000000,-5.571753779898,-319.237976074219,0.200000000000,
0.000000000000,-5.571609969199,-319.229736328126,0.200000000000,
0.000000000000,-5.571370284701,-319.216003417969,0.200000000000,
0.000000000000,-5.571226474002,-319.207763671876,0.200000000000,
0.000000000000,-5.570938852604,-319.191284179688,0.200000000000,
0.000000000000,-5.570938852604,-319.191284179688,0.200000000000,
0.000000000000,-5.570795041906,-319.183044433594,0.200000000000,
0.000000000000,-5.570555357407,-319.169311523438,0.200000000000,
0.000000000000,-5.570411546709,-319.161071777344,0.200000000000,
0.000000000000,-5.570123925311,-319.144592285157,0.200000000000,
0.000000000000,-5.569932177712,-319.133605957032,0.200000000000,
0.000000000000,-5.569932177712,-319.133605957032,0.200000000000,
0.000000000000,-5.569692493214,-319.119873046876,0.200000000000,
0.000000000000,-5.569500745616,-319.108886718751,0.200000000000,
0.000000000000,-5.569356934917,-319.100646972657,0.200000000000,
0.000000000000,-5.569165187318,-319.089660644532,0.200000000000,
0.000000000000,-5.568973439720,-319.078674316407,0.200000000000,
0.000000000000,-5.568973439720,-319.078674316407,0.200000000000,
0.000000000000,-5.568685818322,-319.062194824219,0.200000000000,
0.000000000000,-5.568494070724,-319.051208496094,0.200000000000,
0.000000000000,-5.568350260025,-319.042968750001,0.200000000000,
0.000000000000,-5.568158512426,-319.031982421876,0.200000000000,
0.000000000000,-5.567966764828,-319.020996093751,0.200000000000,
0.000000000000,-5.567966764828,-319.020996093751,0.200000000000,
0.000000000000,-5.567679143430,-319.004516601563,0.200000000000,
0.000000000000,-5.567535332731,-318.996276855469,0.200000000000,
0.000000000000,-5.567343585133,-318.985290527344,0.200000000000,
0.000000000000,-5.567151837534,-318.974304199219,0.200000000000,
0.000000000000,-5.566864216137,-318.957824707032,0.200000000000,
0.000000000000,-5.566864216137,-318.957824707032,0.200000000000,
0.000000000000,-5.566720405438,-318.949584960938,0.200000000000,
0.000000000000,-5.566528657839,-318.938598632813,0.200000000000,
0.000000000000,-5.566336910241,-318.927612304688,0.200000000000,
0.000000000000,-5.566049288843,-318.911132812501,0.200000000000,
0.000000000000,-5.565857541245,-318.900146484376,0.200000000000,
0.000000000000,-5.565857541245,-318.900146484376,0.200000000000,
0.000000000000,-5.565665793646,-318.889160156251,0.200000000000,
0.000000000000,-5.565474046048,-318.878173828126,0.200000000000,
0.000000000000,-5.565330235349,-318.869934082032,0.200000000000,
0.000000000000,-5.565138487750,-318.858947753907,0.200000000000,
0.000000000000,-5.564850866353,-318.842468261719,0.200000000000,
0.000000000000,-5.564850866353,-318.842468261719,0.200000000000,
0.000000000000,-5.564659118754,-318.831481933594,0.200000000000,
0.000000000000,-5.564515308055,-318.823242187501,0.200000000000,
0.000000000000,-5.564275623557,-318.809509277344,0.200000000000,
0.000000000000,-5.564083875959,-318.798522949219,0.200000000000,
0.000000000000,-5.563940065260,-318.790283203126,0.200000000000,
0.000000000000,-5.563940065260,-318.790283203126,0.200000000000,
0.000000000000,-5.563748317661,-318.779296875001,0.200000000000,
0.000000000000,-5.563556570063,-318.768310546876,0.200000000000,
0.000000000000,-5.563268948665,-318.751831054688,0.200000000000,
0.000000000000,-5.563173074866,-318.746337890626,0.200000000000,
0.000000000000,-5.562885453468,-318.729858398438,0.200000000000,
0.000000000000,-5.562885453468,-318.729858398438,0.200000000000,
0.000000000000,-5.562789579669,-318.724365234376,0.200000000000,
0.000000000000,-5.562501958271,-318.707885742188,0.200000000000,
0.000000000000,-5.562310210673,-318.696899414063,0.200000000000,
0.000000000000,-5.562166399974,-318.688659667969,0.200000000000,
0.000000000000,-5.561926715476,-318.674926757813,0.200000000000,
0.000000000000,-5.561926715476,-318.674926757813,0.200000000000,
0.000000000000,-5.561734967877,-318.663940429688,0.200000000000,
0.000000000000,-5.561591157178,-318.655700683594,0.200000000000,
0.000000000000,-5.561399409580,-318.644714355469,0.200000000000,
0.000000000000,-5.561207661981,-318.633728027344,0.200000000000,
0.000000000000,-5.560967977483,-318.619995117188,0.200000000000,
0.000000000000,-5.560967977483,-318.619995117188,0.200000000000,
0.000000000000,-5.560824166784,-318.611755371094,0.200000000000,
0.000000000000,-5.560632419186,-318.600769042969,0.200000000000,
0.000000000000,-5.560392734688,-318.587036132813,0.200000000000,
0.000000000000,-5.560248923989,-318.578796386719,0.200000000000,
0.000000000000,-5.560057176390,-318.567810058594,0.200000000000,
0.000000000000,-5.560057176390,-318.567810058594,0.200000000000,
0.000000000000,-5.559865428792,-318.556823730469,0.200000000000,
0.000000000000,-5.559673681193,-318.545837402344,0.200000000000,
0.000000000000,-5.559481933595,-318.534851074219,0.200000000000,
0.000000000000,-5.559290185996,-318.523864746094,0.200000000000,
0.000000000000,-5.559098438398,-318.512878417969,0.200000000000,
0.000000000000,-5.559098438398,-318.512878417969,0.200000000000,
0.000000000000,-5.558858753900,-318.499145507813,0.200000000000,
0.000000000000,-5.558667006301,-318.488159179688,0.200000000000,
0.000000000000,-5.558475258703,-318.477172851563,0.200000000000,
0.000000000000,-5.558187637305,-318.460693359376,0.200000000000,
0.000000000000,-5.557995889707,-318.449707031251,0.200000000000,
0.000000000000,-5.557995889707,-318.449707031251,0.200000000000,
0.000000000000,-5.557804142108,-318.438720703126,0.200000000000,
0.000000000000,-5.557612394510,-318.427734375001,0.200000000000,
0.000000000000,-5.557420646911,-318.416748046876,0.200000000000,
0.000000000000,-5.557276836212,-318.408508300782,0.200000000000,
0.000000000000,-5.557085088614,-318.397521972657,0.200000000000,
0.000000000000,-5.557085088614,-318.397521972657,0.200000000000,
0.000000000000,-5.556893341015,-318.386535644532,0.200000000000,
0.000000000000,-5.556701593417,-318.375549316407,0.200000000000,
0.000000000000,-5.556509845818,-318.364562988282,0.200000000000,
0.000000000000,-5.556222224421,-318.348083496094,0.200000000000,
0.000000000000,-5.556030476822,-318.337097167969,0.200000000000,
0.000000000000,-5.556030476822,-318.337097167969,0.200000000000,
0.000000000000,-5.555838729224,-318.326110839844,0.200000000000,
0.000000000000,-5.555646981625,-318.315124511719,0.200000000000,
0.000000000000,-5.555455234027,-318.304138183594,0.200000000000,
0.000000000000,-5.555311423328,-318.295898437501,0.200000000000,
0.000000000000,-5.555119675729,-318.284912109376,0.200000000000,
0.000000000000,-5.555119675729,-318.284912109376,0.200000000000,
0.000000000000,-5.554927928131,-318.273925781251,0.200000000000,
0.000000000000,-5.554736180532,-318.262939453126,0.200000000000,
0.000000000000,-5.554544432934,-318.251953125001,0.200000000000,
0.000000000000,-5.554256811536,-318.235473632813,0.200000000000,
0.000000000000,-5.554065063938,-318.224487304688,0.200000000000,
0.000000000000,-5.554065063938,-318.224487304688,0.200000000000,
0.000000000000,-5.553873316339,-318.213500976563,0.200000000000,
0.000000000000,-5.553681568741,-318.202514648438,0.200000000000,
0.000000000000,-5.553489821142,-318.191528320313,0.200000000000,
0.000000000000,-5.553346010443,-318.183288574219,0.200000000000,
0.000000000000,-5.553058389046,-318.166809082032,0.200000000000,
0.000000000000,-5.553058389046,-318.166809082032,0.200000000000,
0.000000000000,-5.552962515246,-318.161315917969,0.200000000000,
0.000000000000,-5.552674893849,-318.144836425782,0.200000000000,
0.000000000000,-5.552483146250,-318.133850097657,0.200000000000,
0.000000000000,-5.552291398652,-318.122863769532,0.200000000000,
0.000000000000,-5.552147587953,-318.114624023438,0.200000000000,
0.000000000000,-5.552147587953,-318.114624023438,0.200000000000,
0.000000000000,-5.551955840354,-318.103637695313,0.200000000000,
0.000000000000,-5.551764092756,-318.092651367188,0.200000000000,
0.000000000000,-5.551476471358,-318.076171875001,0.200000000000,
0.000000000000,-5.551284723760,-318.065185546876,0.200000000000,
0.000000000000,-5.551092976161,-318.054199218751,0.200000000000,
0.000000000000,-5.551092976161,-318.054199218751,0.200000000000,
0.000000000000,-5.550949165462,-318.045959472657,0.200000000000,
0.000000000000,-5.550757417864,-318.034973144532,0.200000000000,
0.000000000000,-5.550565670265,-318.023986816407,0.200000000000,
0.000000000000,-5.550325985767,-318.010253906251,0.200000000000,
0.000000000000,-5.550134238169,-317.999267578126,0.200000000000,
0.000000000000,-5.550134238169,-317.999267578126,0.200000000000,
0.000000000000,-5.549846616771,-317.982788085938,0.200000000000,
0.000000000000,-5.549750742972,-317.977294921876,0.200000000000,
0.000000000000,-5.549463121574,-317.960815429688,0.200000000000,
0.000000000000,-5.549319310875,-317.952575683594,0.200000000000,
0.000000000000,-5.549127563277,-317.941589355469,0.200000000000,
0.000000000000,-5.549127563277,-317.941589355469,0.200000000000,
0.000000000000,-5.548839941879,-317.925109863282,0.200000000000,
0.000000000000,-5.548648194280,-317.914123535157,0.200000000000,
0.000000000000,-5.548456446682,-317.903137207032,0.200000000000,
0.000000000000,-5.548312635983,-317.894897460938,0.200000000000,
0.000000000000,-5.548120888385,-317.883911132813,0.200000000000,
0.000000000000,-5.548120888385,-317.883911132813,0.200000000000,
0.000000000000,-5.547881203887,-317.870178222657,0.200000000000,
0.000000000000,-5.547689456288,-317.859191894532,0.200000000000,
0.000000000000,-5.547497708690,-317.848205566407,0.200000000000,
0.000000000000,-5.547305961091,-317.837219238282,0.200000000000,
0.000000000000,-5.547018339693,-317.820739746094,0.200000000000,
0.000000000000,-5.547018339693,-317.820739746094,0.200000000000,
0.000000000000,-5.546874528994,-317.812500000001,0.200000000000,
0.000000000000,-5.546682781396,-317.801513671876,0.200000000000,
0.000000000000,-5.546491033798,-317.790527343751,0.200000000000,
0.000000000000,-5.546251349299,-317.776794433594,0.200000000000,
0.000000000000,-5.546059601701,-317.765808105469,0.200000000000,
0.000000000000,-5.546059601701,-317.765808105469,0.200000000000,
0.000000000000,-5.545771980303,-317.749328613282,0.200000000000,
0.000000000000,-5.545580232705,-317.738342285157,0.200000000000,
0.000000000000,-5.545436422006,-317.730102539063,0.200000000000,
0.000000000000,-5.545244674407,-317.719116210938,0.200000000000,
0.000000000000,-5.545004989909,-317.705383300782,0.200000000000,
0.000000000000,-5.545004989909,-317.705383300782,0.200000000000,
0.000000000000,-5.544765305411,-317.691650390626,0.200000000000,
0.000000000000,-5.544621494712,-317.683410644532,0.200000000000,
0.000000000000,-5.544429747114,-317.672424316407,0.200000000000,
0.000000000000,-5.544190062616,-317.658691406251,0.200000000000,
0.000000000000,-5.543998315017,-317.647705078126,0.200000000000,
0.000000000000,-5.543998315017,-317.647705078126,0.200000000000,
0.000000000000,-5.543710693619,-317.631225585938,0.200000000000,
0.000000000000,-5.543518946021,-317.620239257813,0.200000000000,
0.000000000000,-5.543375135322,-317.611999511719,0.200000000000,
0.000000000000,-5.543087513924,-317.595520019532,0.200000000000,
0.000000000000,-5.542943703226,-317.587280273438,0.200000000000,
0.000000000000,-5.542943703226,-317.587280273438,0.200000000000,
0.000000000000,-5.542751955627,-317.576293945313,0.200000000000,
0.000000000000,-5.542464334229,-317.559814453126,0.200000000000,
0.000000000000,-5.542272586631,-317.548828125001,0.200000000000,
0.000000000000,-5.542080839032,-317.537841796876,0.200000000000,
0.000000000000,-5.541841154534,-317.524108886719,0.200000000000,
0.000000000000,-5.541841154534,-317.524108886719,0.200000000000,
0.000000000000,-5.541745280735,-317.518615722657,0.200000000000,
0.000000000000,-5.541457659337,-317.502136230469,0.200000000000,
0.000000000000,-5.541265911739,-317.491149902344,0.200000000000,
0.000000000000,-5.541122101040,-317.482910156251,0.200000000000,
0.000000000000,-5.540930353441,-317.471923828126,0.200000000000,
0.000000000000,-5.540930353441,-317.471923828126,0.200000000000,
0.000000000000,-5.540738605843,-317.460937500001,0.200000000000,
0.000000000000,-5.540498921345,-317.447204589844,0.200000000000,
0.000000000000,-5.540307173746,-317.436218261719,0.200000000000,
0.000000000000,-5.540115426148,-317.425231933594,0.200000000000,
0.000000000000,-5.539923678549,-317.414245605469,0.200000000000,
0.000000000000,-5.539923678549,-317.414245605469,0.200000000000,
0.000000000000,-5.539636057152,-317.397766113282,0.200000000000,
0.000000000000,-5.539444309553,-317.386779785157,0.200000000000,
0.000000000000,-5.539300498854,-317.378540039063,0.200000000000,
0.000000000000,-5.539108751256,-317.367553710938,0.200000000000,
0.000000000000,-5.538917003657,-317.356567382813,0.200000000000,
0.000000000000,-5.538917003657,-317.356567382813,0.200000000000,
0.000000000000,-5.538629382260,-317.340087890626,0.200000000000,
0.000000000000,-5.538437634661,-317.329101562501,0.200000000000,
0.000000000000,-5.538293823962,-317.320861816407,0.200000000000,
0.000000000000,-5.538102076364,-317.309875488282,0.200000000000,
0.000000000000,-5.537910328765,-317.298889160157,0.200000000000,
0.000000000000,-5.537910328765,-317.298889160157,0.200000000000,
0.000000000000,-5.537718581167,-317.287902832032,0.200000000000,
0.000000000000,-5.537430959769,-317.271423339844,0.200000000000,
0.000000000000,-5.537239212171,-317.260437011719,0.200000000000,
0.000000000000,-5.537047464572,-317.249450683594,0.200000000000,
0.000000000000,-5.536855716974,-317.238464355469,0.200000000000,
0.000000000000,-5.536855716974,-317.238464355469,0.200000000000,
0.000000000000,-5.536711906275,-317.230224609376,0.200000000000,
0.000000000000,-5.536520158676,-317.219238281251,0.200000000000,
0.000000000000,-5.536280474178,-317.205505371094,0.200000000000,
0.000000000000,-5.536088726580,-317.194519042969,0.200000000000,
0.000000000000,-5.535944915881,-317.186279296876,0.200000000000,
0.000000000000,-5.535944915881,-317.186279296876,0.200000000000,
0.000000000000,-5.535753168282,-317.175292968751,0.200000000000,
0.000000000000,-5.535561420684,-317.164306640626,0.200000000000,
0.000000000000,-5.535369673085,-317.153320312501,0.200000000000,
0.000000000000,-5.535177925487,-317.142333984376,0.200000000000,
0.000000000000,-5.534890304089,-317.125854492188,0.200000000000,
0.000000000000,-5.534890304089,-317.125854492188,0.200000000000,
0.000000000000,-5.534794430290,-317.120361328126,0.200000000000,
0.000000000000,-5.534554745792,-317.106628417969,0.200000000000,
0.000000000000,-5.534362998193,-317.095642089844,0.200000000000,
0.000000000000,-5.534315061294,-317.092895507813,0.200000000000,
0.000000000000,-5.534075376796,-317.079162597657,0.200000000000,
0.000000000000,-5.534075376796,-317.079162597657,0.200000000000,
0.000000000000,-5.533835692297,-317.065429687501,0.200000000000,
0.000000000000,-5.533643944699,-317.054443359376,0.200000000000,
0.000000000000,-5.533452197100,-317.043457031251,0.200000000000,
0.000000000000,-5.533260449502,-317.032470703126,0.200000000000,
0.000000000000,-5.533116638803,-317.024230957032,0.200000000000,
0.000000000000,-5.533116638803,-317.024230957032,0.200000000000,
0.000000000000,-5.532924891205,-317.013244628907,0.200000000000,
0.000000000000,-5.532733143606,-317.002258300782,0.200000000000,
0.000000000000,-5.532445522208,-316.985778808594,0.200000000000,
0.000000000000,-5.532349648409,-316.980285644532,0.200000000000,
0.000000000000,-5.532062027011,-316.963806152344,0.200000000000,
0.000000000000,-5.532062027011,-316.963806152344,0.200000000000,
0.000000000000,-5.531870279413,-316.952819824219,0.200000000000,
0.000000000000,-5.531726468714,-316.944580078126,0.200000000000,
0.000000000000,-5.531534721116,-316.933593750001,0.200000000000,
0.000000000000,-5.531342973517,-316.922607421876,0.200000000000,
0.000000000000,-5.531151225919,-316.911621093751,0.200000000000,
0.000000000000,-5.531151225919,-316.911621093751,0.200000000000,
0.000000000000,-5.530959478320,-316.900634765626,0.200000000000,
0.000000000000,-5.530671856922,-316.884155273438,0.200000000000,
0.000000000000,-5.530480109324,-316.873168945313,0.200000000000,
0.000000000000,-5.530384235525,-316.867675781251,0.200000000000,
0.000000000000,-5.530096614127,-316.851196289063,0.200000000000,
0.000000000000,-5.530096614127,-316.851196289063,0.200000000000,
0.000000000000,-5.529904866529,-316.840209960938,0.200000000000,
0.000000000000,-5.529761055830,-316.831970214844,0.200000000000,
0.000000000000,-5.529521371332,-316.818237304688,0.200000000000,
0.000000000000,-5.529329623733,-316.807250976563,0.200000000000,
0.000000000000,-5.529137876135,-316.796264648438,0.200000000000,
0.000000000000,-5.529137876135,-316.796264648438,0.200000000000,
0.000000000000,-5.528946128536,-316.785278320313,0.200000000000,
0.000000000000,-5.528802317837,-316.777038574219,0.200000000000,
0.000000000000,-5.528610570239,-316.766052246094,0.200000000000,
0.000000000000,-5.528370885741,-316.752319335938,0.200000000000,
0.000000000000,-5.528179138142,-316.741333007813,0.200000000000,
0.000000000000,-5.528179138142,-316.741333007813,0.200000000000,
0.000000000000,-5.528035327443,-316.733093261719,0.200000000000,
0.000000000000,-5.527795642945,-316.719360351563,0.200000000000,
0.000000000000,-5.527603895347,-316.708374023438,0.200000000000,
0.000000000000,-5.527412147748,-316.697387695313,0.200000000000,
0.000000000000,-5.527220400150,-316.686401367188,0.200000000000,
0.000000000000,-5.527220400150,-316.686401367188,0.200000000000,
0.000000000000,-5.527076589451,-316.678161621094,0.200000000000,
0.000000000000,-5.526884841852,-316.667175292969,0.200000000000,
0.000000000000,-5.526693094254,-316.656188964844,0.200000000000,
0.000000000000,-5.526501346655,-316.645202636719,0.200000000000,
0.000000000000,-5.526309599057,-316.634216308594,0.200000000000,
0.000000000000,-5.526309599057,-316.634216308594,0.200000000000,
0.000000000000,-5.526117851458,-316.623229980469,0.200000000000,
0.000000000000,-5.525926103860,-316.612243652344,0.200000000000,
0.000000000000,-5.525638482462,-316.595764160157,0.200000000000,
0.000000000000,-5.525446734864,-316.584777832032,0.200000000000,
0.000000000000,-5.525254987265,-316.573791503907,0.200000000000,
0.000000000000,-5.525254987265,-316.573791503907,0.200000000000,
0.000000000000,-5.525111176566,-316.565551757813,0.200000000000,
0.000000000000,-5.524919428968,-316.554565429688,0.200000000000,
0.000000000000,-5.524727681369,-316.543579101563,0.200000000000,
0.000000000000,-5.524535933771,-316.532592773438,0.200000000000,
0.000000000000,-5.524344186172,-316.521606445313,0.200000000000,
0.000000000000,-5.524344186172,-316.521606445313,0.200000000000,
0.000000000000,-5.524152438574,-316.510620117188,0.200000000000,
0.000000000000,-5.523864817176,-316.494140625001,0.200000000000,
0.000000000000,-5.523673069578,-316.483154296876,0.200000000000,
0.000000000000,-5.523529258879,-316.474914550782,0.200000000000,
0.000000000000,-5.523289574381,-316.461181640626,0.200000000000,
0.000000000000,-5.523289574381,-316.461181640626,0.200000000000,
0.000000000000,-5.523097826782,-316.450195312501,0.200000000000,
0.000000000000,-5.522954016083,-316.441955566407,0.200000000000,
0.000000000000,-5.522762268485,-316.430969238282,0.200000000000,
0.000000000000,-5.522570520886,-316.419982910157,0.200000000000,
0.000000000000,-5.522282899489,-316.403503417969,0.200000000000,
0.000000000000,-5.522282899489,-316.403503417969,0.200000000000,
0.000000000000,-5.522091151890,-316.392517089844,0.200000000000,
0.000000000000,-5.521947341191,-316.384277343751,0.200000000000,
0.000000000000,-5.521755593593,-316.373291015626,0.200000000000,
0.000000000000,-5.521563845994,-316.362304687501,0.200000000000,
0.000000000000,-5.521372098396,-316.351318359376,0.200000000000,
0.000000000000,-5.521372098396,-316.351318359376,0.200000000000,
0.000000000000,-5.521084476998,-316.334838867188,0.200000000000,
0.000000000000,-5.520892729400,-316.323852539063,0.200000000000,
0.000000000000,-5.520748918701,-316.315612792969,0.200000000000,
0.000000000000,-5.520557171102,-316.304626464844,0.200000000000,
0.000000000000,-5.520365423504,-316.293640136719,0.200000000000,
0.000000000000,-5.520365423504,-316.293640136719,0.200000000000,
0.000000000000,-5.520077802106,-316.277160644532,0.200000000000,
0.000000000000,-5.519886054508,-316.266174316407,0.200000000000,
0.000000000000,-5.519742243809,-316.257934570313,0.200000000000,
0.000000000000,-5.519550496210,-316.246948242188,0.200000000000,
0.000000000000,-5.519358748612,-316.235961914063,0.200000000000,
0.000000000000,-5.519358748612,-316.235961914063,0.200000000000,
0.000000000000,-5.519071127214,-316.219482421876,0.200000000000,
0.000000000000,-5.518879379616,-316.208496093751,0.200000000000,
0.000000000000,-5.518735568917,-316.200256347657,0.200000000000,
0.000000000000,-5.518543821318,-316.189270019532,0.200000000000,
0.000000000000,-5.518256199920,-316.172790527344,0.200000000000,
0.000000000000,-5.518256199920,-316.172790527344,0.200000000000,
0.000000000000,-5.518064452322,-316.161804199219,0.200000000000,
0.000000000000,-5.517920641623,-316.153564453126,0.200000000000,
0.000000000000,-5.517728894025,-316.142578125001,0.200000000000,
0.000000000000,-5.517441272627,-316.126098632813,0.200000000000,
0.000000000000,-5.517249525028,-316.115112304688,0.200000000000,
0.000000000000,-5.517249525028,-316.115112304688,0.200000000000,
0.000000000000,-5.517105714330,-316.106872558594,0.200000000000,
0.000000000000,-5.516913966731,-316.095886230469,0.200000000000,
0.000000000000,-5.516722219133,-316.084899902344,0.200000000000,
0.000000000000,-5.516434597735,-316.068420410157,0.200000000000,
0.000000000000,-5.516338723936,-316.062927246094,0.200000000000,
0.000000000000,-5.516338723936,-316.062927246094,0.200000000000,
0.000000000000,-5.516099039438,-316.049194335938,0.200000000000,
0.000000000000,-5.515859354939,-316.035461425782,0.200000000000,
0.000000000000,-5.515715544241,-316.027221679688,0.200000000000,
0.000000000000,-5.515523796642,-316.016235351563,0.200000000000,
0.000000000000,-5.515236175244,-315.999755859376,0.200000000000,
0.000000000000,-5.515236175244,-315.999755859376,0.200000000000,
0.000000000000,-5.515092364545,-315.991516113282,0.200000000000,
0.000000000000,-5.514900616947,-315.980529785157,0.200000000000,
0.000000000000,-5.514708869349,-315.969543457032,0.200000000000,
0.000000000000,-5.514517121750,-315.958557128907,0.200000000000,
0.000000000000,-5.514325374152,-315.947570800782,0.200000000000,
0.000000000000,-5.514325374152,-315.947570800782,0.200000000000,
0.000000000000,-5.514133626553,-315.936584472657,0.200000000000,
0.000000000000,-5.513941878955,-315.925598144532,0.200000000000,
0.000000000000,-5.513702194456,-315.911865234376,0.200000000000,
0.000000000000,-5.513462509958,-315.898132324219,0.200000000000,
0.000000000000,-5.513318699259,-315.889892578126,0.200000000000,
0.000000000000,-5.513318699259,-315.889892578126,0.200000000000,
0.000000000000,-5.513126951661,-315.878906250001,0.200000000000,
0.000000000000,-5.512935204063,-315.867919921876,0.200000000000,
0.000000000000,-5.512743456464,-315.856933593751,0.200000000000,
0.000000000000,-5.512455835066,-315.840454101563,0.200000000000,
0.000000000000,-5.512264087468,-315.829467773438,0.200000000000,
0.000000000000,-5.512264087468,-315.829467773438,0.200000000000,
0.000000000000,-5.512072339869,-315.818481445313,0.200000000000,
0.000000000000,-5.511880592271,-315.807495117188,0.200000000000,
0.000000000000,-5.511688844672,-315.796508789063,0.200000000000,
0.000000000000,-5.511545033973,-315.788269042969,0.200000000000,
0.000000000000,-5.511353286375,-315.777282714844,0.200000000000,
0.000000000000,-5.511353286375,-315.777282714844,0.200000000000,
0.000000000000,-5.511161538777,-315.766296386719,0.200000000000,
0.000000000000,-5.510969791178,-315.755310058594,0.200000000000,
0.000000000000,-5.510778043580,-315.744323730469,0.200000000000,
0.000000000000,-5.510586295981,-315.733337402344,0.200000000000,
0.000000000000,-5.510394548383,-315.722351074219,0.200000000000,
0.000000000000,-5.510394548383,-315.722351074219,0.200000000000,
0.000000000000,-5.510202800784,-315.711364746094,0.200000000000,
0.000000000000,-5.509915179386,-315.694885253907,0.200000000000,
0.000000000000,-5.509723431788,-315.683898925782,0.200000000000,
0.000000000000,-5.509531684189,-315.672912597657,0.200000000000,
0.000000000000,-5.509339936591,-315.661926269532,0.200000000000,
0.000000000000,-5.509339936591,-315.661926269532,0.200000000000,
0.000000000000,-5.509148188992,-315.650939941407,0.200000000000,
0.000000000000,-5.508956441394,-315.639953613282,0.200000000000,
0.000000000000,-5.508764693795,-315.628967285157,0.200000000000,
0.000000000000,-5.508572946197,-315.617980957032,0.200000000000,
0.000000000000,-5.508429135498,-315.609741210938,0.200000000000,
0.000000000000,-5.508429135498,-315.609741210938,0.200000000000,
0.000000000000,-5.508189451000,-315.596008300782,0.200000000000,
0.000000000000,-5.508045640301,-315.587768554688,0.200000000000,
0.000000000000,-5.507853892703,-315.576782226563,0.200000000000,
0.000000000000,-5.507662145104,-315.565795898438,0.200000000000,
0.000000000000,-5.507470397506,-315.554809570313,0.200000000000,
0.000000000000,-5.507470397506,-315.554809570313,0.200000000000,
0.000000000000,-5.507182776108,-315.538330078126,0.200000000000,
0.000000000000,-5.506991028509,-315.527343750001,0.200000000000,
0.000000000000,-5.506847217811,-315.519104003907,0.200000000000,
0.000000000000,-5.506655470212,-315.508117675782,0.200000000000,
0.000000000000,-5.506463722614,-315.497131347657,0.200000000000,
0.000000000000,-5.506463722614,-315.497131347657,0.200000000000,
0.000000000000,-5.506176101216,-315.480651855469,0.200000000000,
0.000000000000,-5.505984353617,-315.469665527344,0.200000000000,
0.000000000000,-5.505792606019,-315.458679199219,0.200000000000,
0.000000000000,-5.505600858420,-315.447692871094,0.200000000000,
0.000000000000,-5.505409110822,-315.436706542969,0.200000000000,
0.000000000000,-5.505409110822,-315.436706542969,0.200000000000,
0.000000000000,-5.505265300123,-315.428466796876,0.200000000000,
0.000000000000,-5.505073552525,-315.417480468751,0.200000000000,
0.000000000000,-5.504881804926,-315.406494140626,0.200000000000,
0.000000000000,-5.504594183528,-315.390014648438,0.200000000000,
0.000000000000,-5.504402435930,-315.379028320313,0.200000000000,
0.000000000000,-5.504402435930,-315.379028320313,0.200000000000,
0.000000000000,-5.504210688331,-315.368041992188,0.200000000000,
0.000000000000,-5.504018940733,-315.357055664063,0.200000000000,
0.000000000000,-5.503827193134,-315.346069335938,0.200000000000,
0.000000000000,-5.503635445536,-315.335083007813,0.200000000000,
0.000000000000,-5.503491634837,-315.326843261719,0.200000000000,
0.000000000000,-5.503491634837,-315.326843261719,0.200000000000,
0.000000000000,-5.503299887239,-315.315856933594,0.200000000000,
0.000000000000,-5.503108139640,-315.304870605469,0.200000000000,
0.000000000000,-5.502916392042,-315.293884277344,0.200000000000,
0.000000000000,-5.502724644443,-315.282897949219,0.200000000000,
0.000000000000,-5.502532896845,-315.271911621094,0.200000000000,
0.000000000000,-5.502532896845,-315.271911621094,0.200000000000,
0.000000000000,-5.502341149246,-315.260925292969,0.200000000000,
0.000000000000,-5.502053527848,-315.244445800782,0.200000000000,
0.000000000000,-5.501861780250,-315.233459472657,0.200000000000,
0.000000000000,-5.501717969551,-315.225219726563,0.200000000000,
0.000000000000,-5.501526221953,-315.214233398438,0.200000000000,
0.000000000000,-5.501526221953,-315.214233398438,0.200000000000,
0.000000000000,-5.501334474354,-315.203247070313,0.200000000000,
0.000000000000,-5.501142726756,-315.192260742188,0.200000000000,
0.000000000000,-5.500950979157,-315.181274414063,0.200000000000,
0.000000000000,-5.500759231559,-315.170288085938,0.200000000000,
0.000000000000,-5.500471610161,-315.153808593751,0.200000000000,
0.000000000000,-5.500471610161,-315.153808593751,0.200000000000,
0.000000000000,-5.500327799462,-315.145568847657,0.200000000000,
0.000000000000,-5.500136051864,-315.134582519532,0.200000000000,
0.000000000000,-5.499944304265,-315.123596191407,0.200000000000,
0.000000000000,-5.499752556667,-315.112609863282,0.200000000000,
0.000000000000,-5.499560809068,-315.101623535157,0.200000000000,
0.000000000000,-5.499560809068,-315.101623535157,0.200000000000,
0.000000000000,-5.499273187670,-315.085144042969,0.200000000000,
0.000000000000,-5.499129376972,-315.076904296876,0.200000000000,
0.000000000000,-5.498937629373,-315.065917968751,0.200000000000,
0.000000000000,-5.498745881775,-315.054931640626,0.200000000000,
0.000000000000,-5.498458260377,-315.038452148438,0.200000000000,
0.000000000000,-5.498458260377,-315.038452148438,0.200000000000,
0.000000000000,-5.498266512778,-315.027465820313,0.200000000000,
0.000000000000,-5.498122702080,-315.019226074219,0.200000000000,
0.000000000000,-5.497930954481,-315.008239746094,0.200000000000,
0.000000000000,-5.497643333083,-314.991760253907,0.200000000000,
0.000000000000,-5.497451585485,-314.980773925782,0.200000000000,
0.000000000000,-5.497451585485,-314.980773925782,0.200000000000,
0.000000000000,-5.497307774786,-314.972534179688,0.200000000000,
0.000000000000,-5.497116027187,-314.961547851563,0.200000000000,
0.000000000000,-5.496828405790,-314.945068359376,0.200000000000,
0.000000000000,-5.496636658191,-314.934082031251,0.200000000000,
0.000000000000,-5.496492847492,-314.925842285157,0.200000000000,
0.000000000000,-5.496492847492,-314.925842285157,0.200000000000,
0.000000000000,-5.496301099894,-314.914855957032,0.200000000000,
0.000000000000,-5.496013478496,-314.898376464844,0.200000000000,
0.000000000000,-5.495821730898,-314.887390136719,0.200000000000,
0.000000000000,-5.495677920199,-314.879150390626,0.200000000000,
0.000000000000,-5.495486172600,-314.868164062501,0.200000000000,
0.000000000000,-5.495486172600,-314.868164062501,0.200000000000,
0.000000000000,-5.495198551203,-314.851684570313,0.200000000000,
0.000000000000,-5.495054740504,-314.843444824219,0.200000000000,
0.000000000000,-5.494767119106,-314.826965332032,0.200000000000,
0.000000000000,-5.494575371508,-314.815979003907,0.200000000000,
0.000000000000,-5.494383623909,-314.804992675782,0.200000000000,
0.000000000000,-5.494383623909,-314.804992675782,0.200000000000,
0.000000000000,-5.494143939411,-314.791259765626,0.200000000000,
0.000000000000,-5.494000128712,-314.783020019532,0.200000000000,
0.000000000000,-5.493808381114,-314.772033691407,0.200000000000,
0.000000000000,-5.493616633515,-314.761047363282,0.200000000000,
0.000000000000,-5.493329012117,-314.744567871094,0.200000000000,
0.000000000000,-5.493329012117,-314.744567871094,0.200000000000,
0.000000000000,-5.493185201418,-314.736328125001,0.200000000000,
0.000000000000,-5.492993453820,-314.725341796876,0.200000000000,
0.000000000000,-5.492705832422,-314.708862304688,0.200000000000,
0.000000000000,-5.492562021723,-314.700622558594,0.200000000000,
0.000000000000,-5.492370274125,-314.689636230469,0.200000000000,
0.000000000000,-5.492370274125,-314.689636230469,0.200000000000,
0.000000000000,-5.492082652727,-314.673156738282,0.200000000000,
0.000000000000,-5.491890905129,-314.662170410157,0.200000000000,
0.000000000000,-5.491747094430,-314.653930664063,0.200000000000,
0.000000000000,-5.491459473032,-314.637451171876,0.200000000000,
0.000000000000,-5.491315662333,-314.629211425782,0.200000000000,
0.000000000000,-5.491315662333,-314.629211425782,0.200000000000,
0.000000000000,-5.491028040936,-314.612731933594,0.200000000000,
0.000000000000,-5.490932167136,-314.607238769532,0.200000000000,
0.000000000000,-5.490692482638,-314.593505859376,0.200000000000,
0.000000000000,-5.490500735040,-314.582519531251,0.200000000000,
0.000000000000,-5.490213113642,-314.566040039063,0.200000000000,
0.000000000000,-5.490213113642,-314.566040039063,0.200000000000,
0.000000000000,-5.490021366043,-314.555053710938,0.200000000000,
0.000000000000,-5.489877555345,-314.546813964844,0.200000000000,
0.000000000000,-5.489685807746,-314.535827636719,0.200000000000,
0.000000000000,-5.489446123248,-314.522094726563,0.200000000000,
0.000000000000,-5.489206438750,-314.508361816407,0.200000000000,
0.000000000000,-5.489206438750,-314.508361816407,0.200000000000,
0.000000000000,-5.489062628051,-314.500122070313,0.200000000000,
0.000000000000,-5.488870880453,-314.489135742188,0.200000000000,
0.000000000000,-5.488631195954,-314.475402832032,0.200000000000,
0.000000000000,-5.488439448356,-314.464416503907,0.200000000000,
0.000000000000,-5.488247700757,-314.453430175782,0.200000000000,
0.000000000000,-5.488247700757,-314.453430175782,0.200000000000,
0.000000000000,-5.487960079360,-314.436950683594,0.200000000000,
0.000000000000,-5.487768331761,-314.425964355469,0.200000000000,
0.000000000000,-5.487624521062,-314.417724609376,0.200000000000,
0.000000000000,-5.487432773464,-314.406738281251,0.200000000000,
0.000000000000,-5.487241025865,-314.395751953126,0.200000000000,
0.000000000000,-5.487241025865,-314.395751953126,0.200000000000,
0.000000000000,-5.487049278267,-314.384765625001,0.200000000000,
0.000000000000,-5.486857530668,-314.373779296876,0.200000000000,
0.000000000000,-5.486617846170,-314.360046386719,0.200000000000,
0.000000000000,-5.486426098572,-314.349060058594,0.200000000000,
0.000000000000,-5.486138477174,-314.332580566407,0.200000000000,
0.000000000000,-5.486138477174,-314.332580566407,0.200000000000,
0.000000000000,-5.485946729576,-314.321594238282,0.200000000000,
0.000000000000,-5.485754981977,-314.310607910157,0.200000000000,
0.000000000000,-5.485611171278,-314.302368164063,0.200000000000,
0.000000000000,-5.485419423680,-314.291381835938,0.200000000000,
0.000000000000,-5.485227676081,-314.280395507813,0.200000000000,
0.000000000000,-5.485227676081,-314.280395507813,0.200000000000,
0.000000000000,-5.485035928483,-314.269409179688,0.200000000000,
0.000000000000,-5.484844180884,-314.258422851563,0.200000000000,
0.000000000000,-5.484652433286,-314.247436523438,0.200000000000,
0.000000000000,-5.484460685687,-314.236450195313,0.200000000000,
0.000000000000,-5.484221001189,-314.222717285157,0.200000000000,
0.000000000000,-5.484221001189,-314.222717285157,0.200000000000,
0.000000000000,-5.484029253591,-314.211730957032,0.200000000000,
0.000000000000,-5.483837505992,-314.200744628907,0.200000000000,
0.000000000000,-5.483645758394,-314.189758300782,0.200000000000,
0.000000000000,-5.483454010795,-314.178771972657,0.200000000000,
0.000000000000,-5.483262263197,-314.167785644532,0.200000000000,
0.000000000000,-5.483262263197,-314.167785644532,0.200000000000,
0.000000000000,-5.483070515598,-314.156799316407,0.200000000000,
0.000000000000,-5.482878768000,-314.145812988282,0.200000000000,
0.000000000000,-5.482687020401,-314.134826660157,0.200000000000,
0.000000000000,-5.482399399004,-314.118347167969,0.200000000000,
0.000000000000,-5.482207651405,-314.107360839844,0.200000000000,
0.000000000000,-5.482207651405,-314.107360839844,0.200000000000,
0.000000000000,-5.482111777606,-314.101867675782,0.200000000000,
0.000000000000,-5.481920030007,-314.090881347657,0.200000000000,
0.000000000000,-5.481632408610,-314.074401855469,0.200000000000,
0.000000000000,-5.481440661011,-314.063415527344,0.200000000000,
0.000000000000,-5.481296850312,-314.055175781251,0.200000000000,
0.000000000000,-5.481296850312,-314.055175781251,0.200000000000,
0.000000000000,-5.481105102714,-314.044189453126,0.200000000000,
0.000000000000,-5.480913355115,-314.033203125001,0.200000000000,
0.000000000000,-5.480721607517,-314.022216796876,0.200000000000,
0.000000000000,-5.480433986119,-314.005737304688,0.200000000000,
0.000000000000,-5.480242238521,-313.994750976563,0.200000000000,
0.000000000000,-5.480242238521,-313.994750976563,0.200000000000,
0.000000000000,-5.480050490922,-313.983764648438,0.200000000000,
0.000000000000,-5.479906680223,-313.975524902344,0.200000000000,
0.000000000000,-5.479714932625,-313.964538574219,0.200000000000,
0.000000000000,-5.479427311227,-313.948059082032,0.200000000000,
0.000000000000,-5.479331437428,-313.942565917969,0.200000000000,
0.000000000000,-5.479331437428,-313.942565917969,0.200000000000,
0.000000000000,-5.479043816030,-313.926086425782,0.200000000000,
0.000000000000,-5.478852068432,-313.915100097657,0.200000000000,
0.000000000000,-5.478660320833,-313.904113769532,0.200000000000,
0.000000000000,-5.478516510134,-313.895874023438,0.200000000000,
0.000000000000,-5.478324762536,-313.884887695313,0.200000000000,
0.000000000000,-5.478324762536,-313.884887695313,0.200000000000,
0.000000000000,-5.478133014937,-313.873901367188,0.200000000000,
0.000000000000,-5.477845393540,-313.857421875001,0.200000000000,
0.000000000000,-5.477653645941,-313.846435546876,0.200000000000,
0.000000000000,-5.477461898343,-313.835449218751,0.200000000000,
0.000000000000,-5.477318087644,-313.827209472657,0.200000000000,
0.000000000000,-5.477318087644,-313.827209472657,0.200000000000,
0.000000000000,-5.477126340045,-313.816223144532,0.200000000000,
0.000000000000,-5.476934592447,-313.805236816407,0.200000000000,
0.000000000000,-5.476694907949,-313.791503906251,0.200000000000,
0.000000000000,-5.476551097250,-313.783264160157,0.200000000000,
0.000000000000,-5.476359349651,-313.772277832032,0.200000000000,
0.000000000000,-5.476359349651,-313.772277832032,0.200000000000,
0.000000000000,-5.476167602053,-313.761291503907,0.200000000000,
0.000000000000,-5.475975854454,-313.750305175782,0.200000000000,
0.000000000000,-5.475784106856,-313.739318847657,0.200000000000,
0.000000000000,-5.475592359257,-313.728332519532,0.200000000000,
0.000000000000,-5.475304737860,-313.711853027344,0.200000000000,
0.000000000000,-5.475304737860,-313.711853027344,0.200000000000,
0.000000000000,-5.475112990261,-313.700866699219,0.200000000000,
0.000000000000,-5.474969179562,-313.692626953126,0.200000000000,
0.000000000000,-5.474729495064,-313.678894042969,0.200000000000,
0.000000000000,-5.474537747466,-313.667907714844,0.200000000000,
0.000000000000,-5.474393936767,-313.659667968751,0.200000000000,
0.000000000000,-5.474393936767,-313.659667968751,0.200000000000,
0.000000000000,-5.474202189168,-313.648681640626,0.200000000000,
0.000000000000,-5.474010441570,-313.637695312501,0.200000000000,
0.000000000000,-5.473818693971,-313.626708984376,0.200000000000,
0.000000000000,-5.473579009473,-313.612976074219,0.200000000000,
0.000000000000,-5.473339324975,-313.599243164063,0.200000000000,
0.000000000000,-5.473339324975,-313.599243164063,0.200000000000,
0.000000000000,-5.473147577377,-313.588256835938,0.200000000000,
0.000000000000,-5.473003766678,-313.580017089844,0.200000000000,
0.000000000000,-5.472812019079,-313.569030761719,0.200000000000,
0.000000000000,-5.472620271481,-313.558044433594,0.200000000000,
0.000000000000,-5.472332650083,-313.541564941407,0.200000000000,
0.000000000000,-5.472332650083,-313.541564941407,0.200000000000,
0.000000000000,-5.472188839384,-313.533325195313,0.200000000000,
0.000000000000,-5.471997091786,-313.522338867188,0.200000000000,
0.000000000000,-5.471805344187,-313.511352539063,0.200000000000,
0.000000000000,-5.471613596589,-313.500366210938,0.200000000000,
0.000000000000,-5.471325975191,-313.483886718751,0.200000000000,
0.000000000000,-5.471325975191,-313.483886718751,0.200000000000,
0.000000000000,-5.471230101392,-313.478393554688,0.200000000000,
0.000000000000,-5.470942479994,-313.461914062501,0.200000000000,
0.000000000000,-5.470798669295,-313.453674316407,0.200000000000,
0.000000000000,-5.470606921697,-313.442687988282,0.200000000000,
0.000000000000,-5.470319300299,-313.426208496094,0.200000000000,
0.000000000000,-5.470319300299,-313.426208496094,0.200000000000,
0.000000000000,-5.470127552701,-313.415222167969,0.200000000000,
0.000000000000,-5.469983742002,-313.406982421876,0.200000000000,
0.000000000000,-5.469791994403,-313.395996093751,0.200000000000,
0.000000000000,-5.469600246805,-313.385009765626,0.200000000000,
0.000000000000,-5.469312625407,-313.368530273438,0.200000000000,
0.000000000000,-5.469312625407,-313.368530273438,0.200000000000,
0.000000000000,-5.469120877809,-313.357543945313,0.200000000000,
0.000000000000,-5.468977067110,-313.349304199219,0.200000000000,
0.000000000000,-5.468689445712,-313.332824707032,0.200000000000,
0.000000000000,-5.468497698113,-313.321838378907,0.200000000000,
0.000000000000,-5.468353887415,-313.313598632813,0.200000000000,
0.000000000000,-5.468353887415,-313.313598632813,0.200000000000,
0.000000000000,-5.468162139816,-313.302612304688,0.200000000000,
0.000000000000,-5.467970392218,-313.291625976563,0.200000000000,
0.000000000000,-5.467682770820,-313.275146484376,0.200000000000,
0.000000000000,-5.467491023221,-313.264160156251,0.200000000000,
0.000000000000,-5.467347212523,-313.255920410157,0.200000000000,
0.000000000000,-5.467347212523,-313.255920410157,0.200000000000,
0.000000000000,-5.467155464924,-313.244934082032,0.200000000000,
0.000000000000,-5.466963717326,-313.233947753907,0.200000000000,
0.000000000000,-5.466676095928,-313.217468261719,0.200000000000,
0.000000000000,-5.466484348329,-313.206481933594,0.200000000000,
0.000000000000,-5.466340537630,-313.198242187501,0.200000000000,
0.000000000000,-5.466340537630,-313.198242187501,0.200000000000,
0.000000000000,-5.466052916233,-313.181762695313,0.200000000000,
0.000000000000,-5.465909105534,-313.173522949219,0.200000000000,
0.000000000000,-5.465669421036,-313.159790039063,0.200000000000,
0.000000000000,-5.465429736538,-313.146057128907,0.200000000000,
0.000000000000,-5.465237988939,-313.135070800782,0.200000000000,
0.000000000000,-5.465237988939,-313.135070800782,0.200000000000,
0.000000000000,-5.465046241341,-313.124084472657,0.200000000000,
0.000000000000,-5.464902430642,-313.115844726563,0.200000000000,
0.000000000000,-5.464614809244,-313.099365234376,0.200000000000,
0.000000000000,-5.464423061646,-313.088378906251,0.200000000000,
0.000000000000,-5.464279250947,-313.080139160157,0.200000000000,
0.000000000000,-5.464279250947,-313.080139160157,0.200000000000,
0.000000000000,-5.464039566449,-313.066406250001,0.200000000000,
0.000000000000,-5.463799881951,-313.052673339844,0.200000000000,
0.000000000000,-5.463608134352,-313.041687011719,0.200000000000,
0.000000000000,-5.463416386754,-313.030700683594,0.200000000000,
0.000000000000,-5.463272576055,-313.022460937501,0.200000000000,
0.000000000000,-5.463272576055,-313.022460937501,0.200000000000,
0.000000000000,-5.463080828456,-313.011474609376,0.200000000000,
0.000000000000,-5.462889080858,-313.000488281251,0.200000000000,
0.000000000000,-5.462601459460,-312.984008789063,0.200000000000,
0.000000000000,-5.462409711862,-312.973022460938,0.200000000000,
0.000000000000,-5.462217964263,-312.962036132813,0.200000000000,
0.000000000000,-5.462217964263,-312.962036132813,0.200000000000,
0.000000000000,-5.462074153564,-312.953796386719,0.200000000000,
0.000000000000,-5.461882405966,-312.942810058594,0.200000000000,
0.000000000000,-5.461690658367,-312.931823730469,0.200000000000,
0.000000000000,-5.461403036969,-312.915344238282,0.200000000000,
0.000000000000,-5.461211289371,-312.904357910157,0.200000000000,
0.000000000000,-5.461211289371,-312.904357910157,0.200000000000,
0.000000000000,-5.461067478672,-312.896118164063,0.200000000000,
0.000000000000,-5.460827794174,-312.882385253907,0.200000000000,
0.000000000000,-5.460588109676,-312.868652343751,0.200000000000,
0.000000000000,-5.460396362077,-312.857666015626,0.200000000000,
0.000000000000,-5.460204614479,-312.846679687501,0.200000000000,
0.000000000000,-5.460204614479,-312.846679687501,0.200000000000,
0.000000000000,-5.460012866880,-312.835693359376,0.200000000000,
0.000000000000,-5.459821119282,-312.824707031251,0.200000000000,
0.000000000000,-5.459677308583,-312.816467285157,0.200000000000,
0.000000000000,-5.459485560985,-312.805480957032,0.200000000000,
0.000000000000,-5.459293813386,-312.794494628907,0.200000000000,
0.000000000000,-5.459293813386,-312.794494628907,0.200000000000,
0.000000000000,-5.459102065788,-312.783508300782,0.200000000000,
0.000000000000,-5.458910318189,-312.772521972657,0.200000000000,
0.000000000000,-5.458718570591,-312.761535644532,0.200000000000,
0.000000000000,-5.458430949193,-312.745056152344,0.200000000000,
0.000000000000,-5.458239201594,-312.734069824219,0.200000000000,
0.000000000000,-5.458239201594,-312.734069824219,0.200000000000,
0.000000000000,-5.458047453996,-312.723083496094,0.200000000000,
0.000000000000,-5.457855706398,-312.712097167969,0.200000000000,
0.000000000000,-5.457663958799,-312.701110839844,0.200000000000,
0.000000000000,-5.457472211201,-312.690124511719,0.200000000000,
0.000000000000,-5.457232526702,-312.676391601563,0.200000000000,
0.000000000000,-5.457232526702,-312.676391601563,0.200000000000,
0.000000000000,-5.457136652903,-312.670898437501,0.200000000000,
0.000000000000,-5.456944905305,-312.659912109376,0.200000000000,
0.000000000000,-5.456753157706,-312.648925781251,0.200000000000,
0.000000000000,-5.456465536308,-312.632446289063,0.200000000000,
0.000000000000,-5.456369662509,-312.626953125001,0.200000000000,
0.000000000000,-5.456369662509,-312.626953125001,0.200000000000,
0.000000000000,-5.456177914911,-312.615966796876,0.200000000000,
0.000000000000,-5.455986167312,-312.604980468751,0.200000000000,
0.000000000000,-5.455794419714,-312.593994140626,0.200000000000,
0.000000000000,-5.455602672115,-312.583007812501,0.200000000000,
0.000000000000,-5.455410924517,-312.572021484376,0.200000000000,
0.000000000000,-5.455410924517,-312.572021484376,0.200000000000,
0.000000000000,-5.455219176918,-312.561035156251,0.200000000000,
0.000000000000,-5.455027429320,-312.550048828126,0.200000000000,
0.000000000000,-5.454787744822,-312.536315917969,0.200000000000,
0.000000000000,-5.454595997223,-312.525329589844,0.200000000000,
0.000000000000,-5.454404249625,-312.514343261719,0.200000000000,
0.000000000000,-5.454404249625,-312.514343261719,0.200000000000,
0.000000000000,-5.454212502026,-312.503356933594,0.200000000000,
0.000000000000,-5.454020754428,-312.492370605469,0.200000000000,
0.000000000000,-5.453829006829,-312.481384277344,0.200000000000,
0.000000000000,-5.453541385432,-312.464904785157,0.200000000000,
0.000000000000,-5.453397574733,-312.456665039063,0.200000000000,
0.000000000000,-5.453397574733,-312.456665039063,0.200000000000,
0.000000000000,-5.453205827134,-312.445678710938,0.200000000000,
0.000000000000,-5.453014079536,-312.434692382813,0.200000000000,
0.000000000000,-5.452822331937,-312.423706054688,0.200000000000,
0.000000000000,-5.452534710540,-312.407226562501,0.200000000000,
0.000000000000,-5.452342962941,-312.396240234376,0.200000000000,
0.000000000000,-5.452342962941,-312.396240234376,0.200000000000,
0.000000000000,-5.452199152242,-312.388000488282,0.200000000000,
0.000000000000,-5.452007404644,-312.377014160157,0.200000000000,
0.000000000000,-5.451815657045,-312.366027832032,0.200000000000,
0.000000000000,-5.451623909447,-312.355041503907,0.200000000000,
0.000000000000,-5.451432161848,-312.344055175782,0.200000000000,
0.000000000000,-5.451432161848,-312.344055175782,0.200000000000,
0.000000000000,-5.451240414250,-312.333068847657,0.200000000000,
0.000000000000,-5.450952792852,-312.316589355469,0.200000000000,
0.000000000000,-5.450761045254,-312.305603027344,0.200000000000,
0.000000000000,-5.450569297655,-312.294616699219,0.200000000000,
0.000000000000,-5.450425486956,-312.286376953126,0.200000000000,
0.000000000000,-5.450425486956,-312.286376953126,0.200000000000,
0.000000000000,-5.450185802458,-312.272644042969,0.200000000000,
0.000000000000,-5.450041991759,-312.264404296876,0.200000000000,
0.000000000000,-5.449850244161,-312.253417968751,0.200000000000,
0.000000000000,-5.449658496562,-312.242431640626,0.200000000000,
0.000000000000,-5.449370875165,-312.225952148438,0.200000000000,
0.000000000000,-5.449370875165,-312.225952148438,0.200000000000,
0.000000000000,-5.449179127566,-312.214965820313,0.200000000000,
0.000000000000,-5.449035316867,-312.206726074219,0.200000000000,
0.000000000000,-5.448843569269,-312.195739746094,0.200000000000,
0.000000000000,-5.448651821670,-312.184753417969,0.200000000000,
0.000000000000,-5.448460074072,-312.173767089844,0.200000000000,
0.000000000000,-5.448460074072,-312.173767089844,0.200000000000,
0.000000000000,-5.448268326473,-312.162780761719,0.200000000000,
0.000000000000,-5.447980705075,-312.146301269532,0.200000000000,
0.000000000000,-5.447836894377,-312.138061523438,0.200000000000,
0.000000000000,-5.447645146778,-312.127075195313,0.200000000000,
0.000000000000,-5.447453399180,-312.116088867188,0.200000000000,
0.000000000000,-5.447453399180,-312.116088867188,0.200000000000,
0.000000000000,-5.447165777782,-312.099609375001,0.200000000000,
0.000000000000,-5.447021967083,-312.091369628907,0.200000000000,
0.000000000000,-5.446830219485,-312.080383300782,0.200000000000,
0.000000000000,-5.446638471886,-312.069396972657,0.200000000000,
0.000000000000,-5.446350850488,-312.052917480469,0.200000000000,
0.000000000000,-5.446350850488,-312.052917480469,0.200000000000,
0.000000000000,-5.446159102890,-312.041931152344,0.200000000000,
0.000000000000,-5.445967355291,-312.030944824219,0.200000000000,
0.000000000000,-5.445823544593,-312.022705078126,0.200000000000,
0.000000000000,-5.445631796994,-312.011718750001,0.200000000000,
0.000000000000,-5.445344175596,-311.995239257813,0.200000000000,
0.000000000000,-5.445344175596,-311.995239257813,0.200000000000,
0.000000000000,-5.445152427998,-311.984252929688,0.200000000000,
0.000000000000,-5.444960680399,-311.973266601563,0.200000000000,
0.000000000000,-5.444720995901,-311.959533691407,0.200000000000,
0.000000000000,-5.444577185202,-311.951293945313,0.200000000000,
0.000000000000,-5.444385437604,-311.940307617188,0.200000000000,
0.000000000000,-5.444385437604,-311.940307617188,0.200000000000,
0.000000000000,-5.444097816206,-311.923828125001,0.200000000000,
0.000000000000,-5.443906068608,-311.912841796876,0.200000000000,
0.000000000000,-5.443762257909,-311.904602050782,0.200000000000,
0.000000000000,-5.443570510310,-311.893615722657,0.200000000000,
0.000000000000,-5.443282888913,-311.877136230469,0.200000000000,
0.000000000000,-5.443282888913,-311.877136230469,0.200000000000,
0.000000000000,-5.443139078214,-311.868896484376,0.200000000000,
0.000000000000,-5.442947330615,-311.857910156251,0.200000000000,
0.000000000000,-5.442755583017,-311.846923828126,0.200000000000,
0.000000000000,-5.442467961619,-311.830444335938,0.200000000000,
0.000000000000,-5.442324150920,-311.822204589844,0.200000000000,
0.000000000000,-5.442324150920,-311.822204589844,0.200000000000,
0.000000000000,-5.442132403322,-311.811218261719,0.200000000000,
0.000000000000,-5.441844781924,-311.794738769532,0.200000000000,
0.000000000000,-5.441700971225,-311.786499023438,0.200000000000,
0.000000000000,-5.441413349827,-311.770019531251,0.200000000000,
0.000000000000,-5.441221602229,-311.759033203126,0.200000000000,
0.000000000000,-5.441221602229,-311.759033203126,0.200000000000,
0.000000000000,-5.441029854630,-311.748046875001,0.200000000000,
0.000000000000,-5.440790170132,-311.734313964844,0.200000000000,
0.000000000000,-5.440598422534,-311.723327636719,0.200000000000,
0.000000000000,-5.440454611835,-311.715087890626,0.200000000000,
0.000000000000,-5.440262864236,-311.704101562501,0.200000000000,
0.000000000000,-5.440262864236,-311.704101562501,0.200000000000,
0.000000000000,-5.440023179738,-311.690368652344,0.200000000000,
0.000000000000,-5.439831432140,-311.679382324219,0.200000000000,
0.000000000000,-5.439639684541,-311.668395996094,0.200000000000,
0.000000000000,-5.439352063144,-311.651916503907,0.200000000000,
0.000000000000,-5.439208252445,-311.643676757813,0.200000000000,
0.000000000000,-5.439208252445,-311.643676757813,0.200000000000,
0.000000000000,-5.439016504846,-311.632690429688,0.200000000000,
0.000000000000,-5.438728883449,-311.616210937501,0.200000000000,
0.000000000000,-5.438537135850,-311.605224609376,0.200000000000,
0.000000000000,-5.438393325151,-311.596984863282,0.200000000000,
0.000000000000,-5.438105703753,-311.580505371094,0.200000000000,
0.000000000000,-5.438105703753,-311.580505371094,0.200000000000,
0.000000000000,-5.437913956155,-311.569519042969,0.200000000000,
0.000000000000,-5.437770145456,-311.561279296876,0.200000000000,
0.000000000000,-5.437482524058,-311.544799804688,0.200000000000,
0.000000000000,-5.437338713360,-311.536560058594,0.200000000000,
0.000000000000,-5.437146965761,-311.525573730469,0.200000000000,
0.000000000000,-5.437146965761,-311.525573730469,0.200000000000,
0.000000000000,-5.436955218163,-311.514587402344,0.200000000000,
0.000000000000,-5.436667596765,-311.498107910157,0.200000000000,
0.000000000000,-5.436523786066,-311.489868164063,0.200000000000,
0.000000000000,-5.436332038467,-311.478881835938,0.200000000000,
0.000000000000,-5.436140290869,-311.467895507813,0.200000000000,
0.000000000000,-5.436140290869,-311.467895507813,0.200000000000,
0.000000000000,-5.435852669471,-311.451416015626,0.200000000000,
0.000000000000,-5.435708858772,-311.443176269532,0.200000000000,
0.000000000000,-5.435517111174,-311.432189941407,0.200000000000,
0.000000000000,-5.435325363575,-311.421203613282,0.200000000000,
0.000000000000,-5.435037742178,-311.404724121094,0.200000000000,
0.000000000000,-5.435037742178,-311.404724121094,0.200000000000,
0.000000000000,-5.434845994579,-311.393737792969,0.200000000000,
0.000000000000,-5.434702183880,-311.385498046876,0.200000000000,
0.000000000000,-5.434462499382,-311.371765136719,0.200000000000,
0.000000000000,-5.434318688683,-311.363525390626,0.200000000000,
0.000000000000,-5.434126941085,-311.352539062501,0.200000000000,
0.000000000000,-5.434126941085,-311.352539062501,0.200000000000,
0.000000000000,-5.433935193486,-311.341552734376,0.200000000000,
0.000000000000,-5.433647572089,-311.325073242188,0.200000000000,
0.000000000000,-5.433455824490,-311.314086914063,0.200000000000,
0.000000000000,-5.433312013791,-311.305847167969,0.200000000000,
0.000000000000,-5.433120266193,-311.294860839844,0.200000000000,
0.000000000000,-5.433120266193,-311.294860839844,0.200000000000,
0.000000000000,-5.432928518594,-311.283874511719,0.200000000000,
0.000000000000,-5.432640897197,-311.267395019532,0.200000000000,
0.000000000000,-5.432449149598,-311.256408691407,0.200000000000,
0.000000000000,-5.432257402000,-311.245422363282,0.200000000000,
0.000000000000,-5.432113591301,-311.237182617188,0.200000000000,
0.000000000000,-5.432113591301,-311.237182617188,0.200000000000,
0.000000000000,-5.431921843702,-311.226196289063,0.200000000000,
0.000000000000,-5.431682159204,-311.212463378907,0.200000000000,
0.000000000000,-5.431538348505,-311.204223632813,0.200000000000,
0.000000000000,-5.431346600907,-311.193237304688,0.200000000000,
0.000000000000,-5.431154853308,-311.182250976563,0.200000000000,
0.000000000000,-5.431154853308,-311.182250976563,0.200000000000,
0.000000000000,-5.430963105710,-311.171264648438,0.200000000000,
0.000000000000,-5.430675484312,-311.154785156251,0.200000000000,
0.000000000000,-5.430483736714,-311.143798828126,0.200000000000,
0.000000000000,-5.430387862914,-311.138305664063,0.200000000000,
0.000000000000,-5.430196115316,-311.127319335938,0.200000000000,
0.000000000000,-5.430196115316,-311.127319335938,0.200000000000,
0.000000000000,-5.429908493918,-311.110839843751,0.200000000000,
0.000000000000,-5.429716746320,-311.099853515626,0.200000000000,
0.000000000000,-5.429572935621,-311.091613769532,0.200000000000,
0.000000000000,-5.429381188022,-311.080627441407,0.200000000000,
0.000000000000,-5.429141503524,-311.066894531251,0.200000000000,
0.000000000000,-5.429141503524,-311.066894531251,0.200000000000,
0.000000000000,-5.428949755926,-311.055908203126,0.200000000000,
0.000000000000,-5.428805945227,-311.047668457032,0.200000000000,
0.000000000000,-5.428614197628,-311.036682128907,0.200000000000,
0.000000000000,-5.428326576231,-311.020202636719,0.200000000000,
0.000000000000,-5.428134828632,-311.009216308594,0.200000000000,
0.000000000000,-5.428134828632,-311.009216308594,0.200000000000,
0.000000000000,-5.427991017933,-311.000976562501,0.200000000000,
0.000000000000,-5.427799270335,-310.989990234376,0.200000000000,
0.000000000000,-5.427607522736,-310.979003906251,0.200000000000,
0.000000000000,-5.427415775138,-310.968017578126,0.200000000000,
0.000000000000,-5.427128153740,-310.951538085938,0.200000000000,
0.000000000000,-5.427128153740,-310.951538085938,0.200000000000,
0.000000000000,-5.426936406142,-310.940551757813,0.200000000000,
0.000000000000,-5.426792595443,-310.932312011719,0.200000000000,
0.000000000000,-5.426600847844,-310.921325683594,0.200000000000,
0.000000000000,-5.426409100246,-310.910339355469,0.200000000000,
0.000000000000,-5.426217352647,-310.899353027344,0.200000000000,
0.000000000000,-5.426217352647,-310.899353027344,0.200000000000,
0.000000000000,-5.426025605049,-310.888366699219,0.200000000000,
0.000000000000,-5.425737983651,-310.871887207032,0.200000000000,
0.000000000000,-5.425546236053,-310.860900878907,0.200000000000,
0.000000000000,-5.425402425354,-310.852661132813,0.200000000000,
0.000000000000,-5.425210677755,-310.841674804688,0.200000000000,
0.000000000000,-5.425210677755,-310.841674804688,0.200000000000,
0.000000000000,-5.424970993257,-310.827941894532,0.200000000000,
0.000000000000,-5.424779245659,-310.816955566407,0.200000000000,
0.000000000000,-5.424635434960,-310.808715820313,0.200000000000,
0.000000000000,-5.424443687361,-310.797729492188,0.200000000000,
0.000000000000,-5.424204002863,-310.783996582032,0.200000000000,
0.000000000000,-5.424204002863,-310.783996582032,0.200000000000,
0.000000000000,-5.424060192164,-310.775756835938,0.200000000000,
0.000000000000,-5.423772570767,-310.759277343751,0.200000000000,
0.000000000000,-5.423580823168,-310.748291015626,0.200000000000,
0.000000000000,-5.423389075570,-310.737304687501,0.200000000000,
0.000000000000,-5.423197327971,-310.726318359376,0.200000000000,
0.000000000000,-5.423197327971,-310.726318359376,0.200000000000,
0.000000000000,-5.423053517272,-310.718078613282,0.200000000000,
0.000000000000,-5.422861769674,-310.707092285157,0.200000000000,
0.000000000000,-5.422670022075,-310.696105957032,0.200000000000,
0.000000000000,-5.422478274477,-310.685119628907,0.200000000000,
0.000000000000,-5.422286526878,-310.674133300782,0.200000000000,
0.000000000000,-5.422286526878,-310.674133300782,0.200000000000,
0.000000000000,-5.422094779280,-310.663146972657,0.200000000000,
0.000000000000,-5.421903031681,-310.652160644532,0.200000000000,
0.000000000000,-5.421711284083,-310.641174316407,0.200000000000,
0.000000000000,-5.421423662685,-310.624694824219,0.200000000000,
0.000000000000,-5.421231915087,-310.613708496094,0.200000000000,
0.000000000000,-5.421231915087,-310.613708496094,0.200000000000,
0.000000000000,-5.421088104388,-310.605468750001,0.200000000000,
0.000000000000,-5.420896356789,-310.594482421876,0.200000000000,
0.000000000000,-5.420704609191,-310.583496093751,0.200000000000,
0.000000000000,-5.420416987793,-310.567016601563,0.200000000000,
0.000000000000,-5.420225240195,-310.556030273438,0.200000000000,
0.000000000000,-5.420225240195,-310.556030273438,0.200000000000,
0.000000000000,-5.420081429496,-310.547790527344,0.200000000000,
0.000000000000,-5.419841744998,-310.534057617188,0.200000000000,
0.000000000000,-5.419697934299,-310.525817871094,0.200000000000,
0.000000000000,-5.419410312901,-310.509338378907,0.200000000000,
0.000000000000,-5.419314439102,-310.503845214844,0.200000000000,
0.000000000000,-5.419314439102,-310.503845214844,0.200000000000,
0.000000000000,-5.419026817704,-310.487365722657,0.200000000000,
0.000000000000,-5.418835070106,-310.476379394532,0.200000000000,
0.000000000000,-5.418643322507,-310.465393066407,0.200000000000,
0.000000000000,-5.418499511808,-310.457153320313,0.200000000000,
0.000000000000,-5.418211890411,-310.440673828126,0.200000000000,
0.000000000000,-5.418211890411,-310.440673828126,0.200000000000,
0.000000000000,-5.418020142812,-310.429687500001,0.200000000000,
0.000000000000,-5.417876332113,-310.421447753907,0.200000000000,
0.000000000000,-5.417684584515,-310.410461425782,0.200000000000,
0.000000000000,-5.417492836916,-310.399475097657,0.200000000000,
0.000000000000,-5.417205215519,-310.382995605469,0.200000000000,
0.000000000000,-5.417205215519,-310.382995605469,0.200000000000,
0.000000000000,-5.417013467920,-310.372009277344,0.200000000000,
0.000000000000,-5.416869657221,-310.363769531251,0.200000000000,
0.000000000000,-5.416582035823,-310.347290039063,0.200000000000,
0.000000000000,-5.416390288225,-310.336303710938,0.200000000000,
0.000000000000,-5.416246477526,-310.328063964844,0.200000000000,
0.000000000000,-5.416246477526,-310.328063964844,0.200000000000,
0.000000000000,-5.416006793028,-310.314331054688,0.200000000000,
0.000000000000,-5.415862982329,-310.306091308594,0.200000000000,
0.000000000000,-5.415575360931,-310.289611816407,0.200000000000,
0.000000000000,-5.415383613333,-310.278625488282,0.200000000000,
0.000000000000,-5.415239802634,-310.270385742188,0.200000000000,
0.000000000000,-5.415239802634,-310.270385742188,0.200000000000,
0.000000000000,-5.415048055036,-310.259399414063,0.200000000000,
0.000000000000,-5.414760433638,-310.242919921876,0.200000000000,
0.000000000000,-5.414616622939,-310.234680175782,0.200000000000,
0.000000000000,-5.414376938441,-310.220947265626,0.200000000000,
0.000000000000,-5.414233127742,-310.212707519532,0.200000000000,
0.000000000000,-5.414233127742,-310.212707519532,0.200000000000,
0.000000000000,-5.413945506344,-310.196228027344,0.200000000000,
0.000000000000,-5.413753758746,-310.185241699219,0.200000000000,
0.000000000000,-5.413609948047,-310.177001953126,0.200000000000,
0.000000000000,-5.413418200448,-310.166015625001,0.200000000000,
0.000000000000,-5.413130579051,-310.149536132813,0.200000000000,
0.000000000000,-5.413130579051,-310.149536132813,0.200000000000,
0.000000000000,-5.412986768352,-310.141296386719,0.200000000000,
0.000000000000,-5.412795020753,-310.130310058594,0.200000000000,
0.000000000000,-5.412603273155,-310.119323730469,0.200000000000,
0.000000000000,-5.412315651757,-310.102844238282,0.200000000000,
0.000000000000,-5.412171841058,-310.094604492188,0.200000000000,
0.000000000000,-5.412171841058,-310.094604492188,0.200000000000,
0.000000000000,-5.411980093460,-310.083618164063,0.200000000000,
0.000000000000,-5.411692472062,-310.067138671876,0.200000000000,
0.000000000000,-5.411500724464,-310.056152343751,0.200000000000,
0.000000000000,-5.411308976865,-310.045166015626,0.200000000000,
0.000000000000,-5.411165166166,-310.036926269532,0.200000000000,
0.000000000000,-5.411165166166,-310.036926269532,0.200000000000,
0.000000000000,-5.410877544769,-310.020446777344,0.200000000000,
0.000000000000,-5.410781670969,-310.014953613282,0.200000000000,
0.000000000000,-5.410494049572,-309.998474121094,0.200000000000,
0.000000000000,-5.410302301973,-309.987487792969,0.200000000000,
0.000000000000,-5.410158491274,-309.979248046876,0.200000000000,
0.000000000000,-5.410158491274,-309.979248046876,0.200000000000,
0.000000000000,-5.409918806776,-309.965515136719,0.200000000000,
0.000000000000,-5.409774996077,-309.957275390626,0.200000000000,
0.000000000000,-5.409583248479,-309.946289062501,0.200000000000,
0.000000000000,-5.409295627081,-309.929809570313,0.200000000000,
0.000000000000,-5.409199753282,-309.924316406251,0.200000000000,
0.000000000000,-5.409199753282,-309.924316406251,0.200000000000,
0.000000000000,-5.408912131884,-309.907836914063,0.200000000000,
0.000000000000,-5.408768321185,-309.899597167969,0.200000000000,
0.000000000000,-5.408576573587,-309.888610839844,0.200000000000,
0.000000000000,-5.408384825988,-309.877624511719,0.200000000000,
0.000000000000,-5.408097204590,-309.861145019532,0.200000000000,
0.000000000000,-5.408097204590,-309.861145019532,0.200000000000,
0.000000000000,-5.407905456992,-309.850158691407,0.200000000000,
0.000000000000,-5.407713709393,-309.839172363282,0.200000000000,
0.000000000000,-5.407521961795,-309.828186035157,0.200000000000,
0.000000000000,-5.407378151096,-309.819946289063,0.200000000000,
0.000000000000,-5.407186403498,-309.808959960938,0.200000000000,
0.000000000000,-5.407186403498,-309.808959960938,0.200000000000,
0.000000000000,-5.406994655899,-309.797973632813,0.200000000000,
0.000000000000,-5.406802908301,-309.786987304688,0.200000000000,
0.000000000000,-5.406611160702,-309.776000976563,0.200000000000,
0.000000000000,-5.406419413104,-309.765014648438,0.200000000000,
0.000000000000,-5.406227665505,-309.754028320313,0.200000000000,
0.000000000000,-5.406227665505,-309.754028320313,0.200000000000,
0.000000000000,-5.406035917907,-309.743041992188,0.200000000000,
0.000000000000,-5.405748296509,-309.726562500001,0.200000000000,
0.000000000000,-5.405556548911,-309.715576171876,0.200000000000,
0.000000000000,-5.405364801312,-309.704589843751,0.200000000000,
0.000000000000,-5.405173053714,-309.693603515626,0.200000000000,
0.000000000000,-5.405173053714,-309.693603515626,0.200000000000,
0.000000000000,-5.404981306115,-309.682617187501,0.200000000000,
0.000000000000,-5.404789558517,-309.671630859376,0.200000000000,
0.000000000000,-5.404597810918,-309.660644531251,0.200000000000,
0.000000000000,-5.404406063320,-309.649658203126,0.200000000000,
0.000000000000,-5.404214315721,-309.638671875001,0.200000000000,
0.000000000000,-5.404214315721,-309.638671875001,0.200000000000,
0.000000000000,-5.404022568123,-309.627685546876,0.200000000000,
0.000000000000,-5.403830820524,-309.616699218751,0.200000000000,
0.000000000000,-5.403639072926,-309.605712890626,0.200000000000,
0.000000000000,-5.403447325327,-309.594726562501,0.200000000000,
0.000000000000,-5.403303514628,-309.586486816407,0.200000000000,
0.000000000000,-5.403303514628,-309.586486816407,0.200000000000,
0.000000000000,-5.403111767030,-309.575500488282,0.200000000000,
0.000000000000,-5.402920019431,-309.564514160157,0.200000000000,
0.000000000000,-5.402728271833,-309.553527832032,0.200000000000,
0.000000000000,-5.402536524234,-309.542541503907,0.200000000000,
0.000000000000,-5.402344776636,-309.531555175782,0.200000000000,
0.000000000000,-5.402344776636,-309.531555175782,0.200000000000,
0.000000000000,-5.402057155238,-309.515075683594,0.200000000000,
0.000000000000,-5.401865407640,-309.504089355469,0.200000000000,
0.000000000000,-5.401673660041,-309.493103027344,0.200000000000,
0.000000000000,-5.401529849342,-309.484863281251,0.200000000000,
0.000000000000,-5.401338101744,-309.473876953126,0.200000000000,
0.000000000000,-5.401338101744,-309.473876953126,0.200000000000,
0.000000000000,-5.401146354145,-309.462890625001,0.200000000000,
0.000000000000,-5.400858732748,-309.446411132813,0.200000000000,
0.000000000000,-5.400666985149,-309.435424804688,0.200000000000,
0.000000000000,-5.400475237551,-309.424438476563,0.200000000000,
0.000000000000,-5.400283489952,-309.413452148438,0.200000000000,
0.000000000000,-5.400283489952,-309.413452148438,0.200000000000,
0.000000000000,-5.400091742354,-309.402465820313,0.200000000000,
0.000000000000,-5.399947931655,-309.394226074219,0.200000000000,
0.000000000000,-5.399756184056,-309.383239746094,0.200000000000,
0.000000000000,-5.399468562659,-309.366760253907,0.200000000000,
0.000000000000,-5.399276815060,-309.355773925782,0.200000000000,
0.000000000000,-5.399276815060,-309.355773925782,0.200000000000,
0.000000000000,-5.399085067462,-309.344787597657,0.200000000000,
0.000000000000,-5.398893319863,-309.333801269532,0.200000000000,
0.000000000000,-5.398701572265,-309.322814941407,0.200000000000,
0.000000000000,-5.398509824666,-309.311828613282,0.200000000000,
0.000000000000,-5.398318077068,-309.300842285157,0.200000000000,
0.000000000000,-5.398318077068,-309.300842285157,0.200000000000,
0.000000000000,-5.398126329469,-309.289855957032,0.200000000000,
0.000000000000,-5.397934581871,-309.278869628907,0.200000000000,
0.000000000000,-5.397790771172,-309.270629882813,0.200000000000,
0.000000000000,-5.397599023573,-309.259643554688,0.200000000000,
0.000000000000,-5.397407275975,-309.248657226563,0.200000000000,
0.000000000000,-5.397407275975,-309.248657226563,0.200000000000,
0.000000000000,-5.397119654577,-309.232177734376,0.200000000000,
0.000000000000,-5.396927906979,-309.221191406251,0.200000000000,
0.000000000000,-5.396784096280,-309.212951660157,0.200000000000,
0.000000000000,-5.396592348681,-309.201965332032,0.200000000000,
0.000000000000,-5.396400601083,-309.190979003907,0.200000000000,
0.000000000000,-5.396400601083,-309.190979003907,0.200000000000,
0.000000000000,-5.396208853484,-309.179992675782,0.200000000000,
0.000000000000,-5.396017105886,-309.169006347657,0.200000000000,
0.000000000000,-5.395729484488,-309.152526855469,0.200000000000,
0.000000000000,-5.395537736890,-309.141540527344,0.200000000000,
0.000000000000,-5.395393926191,-309.133300781251,0.200000000000,
0.000000000000,-5.395393926191,-309.133300781251,0.200000000000,
0.000000000000,-5.395202178592,-309.122314453126,0.200000000000,
0.000000000000,-5.395010430994,-309.111328125001,0.200000000000,
0.000000000000,-5.394722809596,-309.094848632813,0.200000000000,
0.000000000000,-5.394531061998,-309.083862304688,0.200000000000,
0.000000000000,-5.394339314399,-309.072875976563,0.200000000000,
0.000000000000,-5.394339314399,-309.072875976563,0.200000000000,
0.000000000000,-5.394195503700,-309.064636230469,0.200000000000,
0.000000000000,-5.393907882303,-309.048156738282,0.200000000000,
0.000000000000,-5.393716134704,-309.037170410157,0.200000000000,
0.000000000000,-5.393572324005,-309.028930664063,0.200000000000,
0.000000000000,-5.393380576407,-309.017944335938,0.200000000000,
0.000000000000,-5.393380576407,-309.017944335938,0.200000000000,
0.000000000000,-5.393188828808,-309.006958007813,0.200000000000,
0.000000000000,-5.392901207410,-308.990478515626,0.200000000000,
0.000000000000,-5.392709459812,-308.979492187501,0.200000000000,
0.000000000000,-5.392565649113,-308.971252441407,0.200000000000,
0.000000000000,-5.392373901515,-308.960266113282,0.200000000000,
0.000000000000,-5.392373901515,-308.960266113282,0.200000000000,
0.000000000000,-5.392134217017,-308.946533203126,0.200000000000,
0.000000000000,-5.391942469418,-308.935546875001,0.200000000000,
0.000000000000,-5.391750721820,-308.924560546876,0.200000000000,
0.000000000000,-5.391511037321,-308.910827636719,0.200000000000,
0.000000000000,-5.391271352823,-308.897094726563,0.200000000000,
0.000000000000,-5.391271352823,-308.897094726563,0.200000000000,
0.000000000000,-5.391127542124,-308.888854980469,0.200000000000,
0.000000000000,-5.390839920727,-308.872375488282,0.200000000000,
0.000000000000,-5.390696110028,-308.864135742188,0.200000000000,
0.000000000000,-5.390504362429,-308.853149414063,0.200000000000,
0.000000000000,-5.390312614831,-308.842163085938,0.200000000000,
0.000000000000,-5.390312614831,-308.842163085938,0.200000000000,
0.000000000000,-5.390024993433,-308.825683593751,0.200000000000,
0.000000000000,-5.389881182734,-308.817443847657,0.200000000000,
0.000000000000,-5.389689435136,-308.806457519532,0.200000000000,
0.000000000000,-5.389401813738,-308.789978027344,0.200000000000,
0.000000000000,-5.389258003039,-308.781738281251,0.200000000000,
0.000000000000,-5.389258003039,-308.781738281251,0.200000000000,
0.000000000000,-5.389066255441,-308.770751953126,0.200000000000,
0.000000000000,-5.388778634043,-308.754272460938,0.200000000000,
0.000000000000,-5.388634823344,-308.746032714844,0.200000000000,
0.000000000000,-5.388443075746,-308.735046386719,0.200000000000,
0.000000000000,-5.388203391248,-308.721313476563,0.200000000000,
0.000000000000,-5.388203391248,-308.721313476563,0.200000000000,
0.000000000000,-5.388011643649,-308.710327148438,0.200000000000,
0.000000000000,-5.387819896051,-308.699340820313,0.200000000000,
0.000000000000,-5.387532274653,-308.682861328126,0.200000000000,
0.000000000000,-5.387388463954,-308.674621582032,0.200000000000,
0.000000000000,-5.387100842556,-308.658142089844,0.200000000000,
0.000000000000,-5.387100842556,-308.658142089844,0.200000000000,
0.000000000000,-5.386957031857,-308.649902343751,0.200000000000,
0.000000000000,-5.386669410460,-308.633422851563,0.200000000000,
0.000000000000,-5.386525599761,-308.625183105469,0.200000000000,
0.000000000000,-5.386333852162,-308.614196777344,0.200000000000,
0.000000000000,-5.386046230765,-308.597717285157,0.200000000000,
0.000000000000,-5.386046230765,-308.597717285157,0.200000000000,
0.000000000000,-5.385854483166,-308.586730957032,0.200000000000,
0.000000000000,-5.385710672467,-308.578491210938,0.200000000000,
0.000000000000,-5.385423051070,-308.562011718751,0.200000000000,
0.000000000000,-5.385231303471,-308.551025390626,0.200000000000,
0.000000000000,-5.385087492772,-308.542785644532,0.200000000000,
0.000000000000,-5.385087492772,-308.542785644532,0.200000000000,
0.000000000000,-5.384799871374,-308.526306152344,0.200000000000,
0.000000000000,-5.384608123776,-308.515319824219,0.200000000000,
0.000000000000,-5.384464313077,-308.507080078126,0.200000000000,
0.000000000000,-5.384272565479,-308.496093750001,0.200000000000,
0.000000000000,-5.384080817880,-308.485107421876,0.200000000000,
0.000000000000,-5.384080817880,-308.485107421876,0.200000000000,
0.000000000000,-5.383793196482,-308.468627929688,0.200000000000,
0.000000000000,-5.383649385784,-308.460388183594,0.200000000000,
0.000000000000,-5.383457638185,-308.449401855469,0.200000000000,
0.000000000000,-5.383265890587,-308.438415527344,0.200000000000,
0.000000000000,-5.382978269189,-308.421936035157,0.200000000000,
0.000000000000,-5.382978269189,-308.421936035157,0.200000000000,
0.000000000000,-5.382834458490,-308.413696289063,0.200000000000,
0.000000000000,-5.382594773992,-308.399963378907,0.200000000000,
0.000000000000,-5.382450963293,-308.391723632813,0.200000000000,
0.000000000000,-5.382163341895,-308.375244140626,0.200000000000,
0.000000000000,-5.381971594297,-308.364257812501,0.200000000000,
0.000000000000,-5.381971594297,-308.364257812501,0.200000000000,
0.000000000000,-5.381779846698,-308.353271484376,0.200000000000,
0.000000000000,-5.381636035999,-308.345031738282,0.200000000000,
0.000000000000,-5.381444288401,-308.334045410157,0.200000000000,
0.000000000000,-5.381252540802,-308.323059082032,0.200000000000,
0.000000000000,-5.381060793204,-308.312072753907,0.200000000000,
0.000000000000,-5.381060793204,-308.312072753907,0.200000000000,
0.000000000000,-5.380773171806,-308.295593261719,0.200000000000,
0.000000000000,-5.380581424208,-308.284606933594,0.200000000000,
0.000000000000,-5.380437613509,-308.276367187501,0.200000000000,
0.000000000000,-5.380245865910,-308.265380859376,0.200000000000,
0.000000000000,-5.380054118312,-308.254394531251,0.200000000000,
0.000000000000,-5.380054118312,-308.254394531251,0.200000000000,
0.000000000000,-5.379766496914,-308.237915039063,0.200000000000,
0.000000000000,-5.379670623115,-308.232421875001,0.200000000000,
0.000000000000,-5.379383001717,-308.215942382813,0.200000000000,
0.000000000000,-5.379191254119,-308.204956054688,0.200000000000,
0.000000000000,-5.378999506520,-308.193969726563,0.200000000000,
0.000000000000,-5.378999506520,-308.193969726563,0.200000000000,
0.000000000000,-5.378855695821,-308.185729980469,0.200000000000,
0.000000000000,-5.378663948223,-308.174743652344,0.200000000000,
0.000000000000,-5.378472200624,-308.163757324219,0.200000000000,
0.000000000000,-5.378280453026,-308.152770996094,0.200000000000,
0.000000000000,-5.377992831628,-308.136291503907,0.200000000000,
0.000000000000,-5.377992831628,-308.136291503907,0.200000000000,
0.000000000000,-5.377801084030,-308.125305175782,0.200000000000,
0.000000000000,-5.377705210230,-308.119812011719,0.200000000000,
0.000000000000,-5.377513462632,-308.108825683594,0.200000000000,
0.000000000000,-5.377225841234,-308.092346191407,0.200000000000,
0.000000000000,-5.377129967435,-308.086853027344,0.200000000000,
0.000000000000,-5.377129967435,-308.086853027344,0.200000000000,
0.000000000000,-5.376938219837,-308.075866699219,0.200000000000,
0.000000000000,-5.376650598439,-308.059387207032,0.200000000000,
0.000000000000,-5.376458850840,-308.048400878907,0.200000000000,
0.000000000000,-5.376315040141,-308.040161132813,0.200000000000,
0.000000000000,-5.376123292543,-308.029174804688,0.200000000000,
0.000000000000,-5.376123292543,-308.029174804688,0.200000000000,
0.000000000000,-5.375931544944,-308.018188476563,0.200000000000,
0.000000000000,-5.375643923547,-308.001708984376,0.200000000000,
0.000000000000,-5.375452175948,-307.990722656251,0.200000000000,
0.000000000000,-5.375308365249,-307.982482910157,0.200000000000,
0.000000000000,-5.375116617651,-307.971496582032,0.200000000000,
0.000000000000,-5.375116617651,-307.971496582032,0.200000000000,
0.000000000000,-5.374924870052,-307.960510253907,0.200000000000,
0.000000000000,-5.374685185554,-307.946777343751,0.200000000000,
0.000000000000,-5.374493437956,-307.935791015626,0.200000000000,
0.000000000000,-5.374301690357,-307.924804687501,0.200000000000,
0.000000000000,-5.374109942759,-307.913818359376,0.200000000000,
0.000000000000,-5.374109942759,-307.913818359376,0.200000000000,
0.000000000000,-5.373918195160,-307.902832031251,0.200000000000,
0.000000000000,-5.373630573763,-307.886352539063,0.200000000000,
0.000000000000,-5.373438826164,-307.875366210938,0.200000000000,
0.000000000000,-5.373247078566,-307.864379882813,0.200000000000,
0.000000000000,-5.373103267867,-307.856140136719,0.200000000000,
0.000000000000,-5.373103267867,-307.856140136719,0.200000000000,
0.000000000000,-5.372911520268,-307.845153808594,0.200000000000,
0.000000000000,-5.372671835770,-307.831420898438,0.200000000000,
0.000000000000,-5.372528025071,-307.823181152344,0.200000000000,
0.000000000000,-5.372336277473,-307.812194824219,0.200000000000,
0.000000000000,-5.372144529874,-307.801208496094,0.200000000000,
0.000000000000,-5.372144529874,-307.801208496094,0.200000000000,
0.000000000000,-5.371952782276,-307.790222167969,0.200000000000,
0.000000000000,-5.371761034677,-307.779235839844,0.200000000000,
0.000000000000,-5.371473413280,-307.762756347657,0.200000000000,
0.000000000000,-5.371329602581,-307.754516601563,0.200000000000,
0.000000000000,-5.371137854982,-307.743530273438,0.200000000000,
0.000000000000,-5.371137854982,-307.743530273438,0.200000000000,
0.000000000000,-5.370946107384,-307.732543945313,0.200000000000,
0.000000000000,-5.370754359785,-307.721557617188,0.200000000000,
0.000000000000,-5.370562612187,-307.710571289063,0.200000000000,
0.000000000000,-5.370370864588,-307.699584960938,0.200000000000,
0.000000000000,-5.370179116990,-307.688598632813,0.200000000000,
0.000000000000,-5.370179116990,-307.688598632813,0.200000000000,
0.000000000000,-5.369891495592,-307.672119140626,0.200000000000,
0.000000000000,-5.369699747994,-307.661132812501,0.200000000000,
0.000000000000,-5.369508000395,-307.650146484376,0.200000000000,
0.000000000000,-5.369316252797,-307.639160156251,0.200000000000,
0.000000000000,-5.369172442098,-307.630920410157,0.200000000000,
0.000000000000,-5.369172442098,-307.630920410157,0.200000000000,
0.000000000000,-5.368980694499,-307.619934082032,0.200000000000,
0.000000000000,-5.368693073102,-307.603454589844,0.200000000000,
0.000000000000,-5.368501325503,-307.592468261719,0.200000000000,
0.000000000000,-5.368309577905,-307.581481933594,0.200000000000,
0.000000000000,-5.368165767206,-307.573242187501,0.200000000000,
0.000000000000,-5.368165767206,-307.573242187501,0.200000000000,
0.000000000000,-5.367974019607,-307.562255859376,0.200000000000,
0.000000000000,-5.367782272009,-307.551269531251,0.200000000000,
0.000000000000,-5.367494650611,-307.534790039063,0.200000000000,
0.000000000000,-5.367302903013,-307.523803710938,0.200000000000,
0.000000000000,-5.367111155414,-307.512817382813,0.200000000000,
0.000000000000,-5.367111155414,-307.512817382813,0.200000000000,
0.000000000000,-5.366967344715,-307.504577636719,0.200000000000,
0.000000000000,-5.366775597117,-307.493591308594,0.200000000000,
0.000000000000,-5.366583849518,-307.482604980469,0.200000000000,
0.000000000000,-5.366392101920,-307.471618652344,0.200000000000,
0.000000000000,-5.366152417422,-307.457885742188,0.200000000000,
0.000000000000,-5.366152417422,-307.457885742188,0.200000000000,
0.000000000000,-5.365960669823,-307.446899414063,0.200000000000,
0.000000000000,-5.365768922225,-307.435913085938,0.200000000000,
0.000000000000,-5.365481300827,-307.419433593751,0.200000000000,
0.000000000000,-5.365289553229,-307.408447265626,0.200000000000,
0.000000000000,-5.365097805630,-307.397460937501,0.200000000000,
0.000000000000,-5.365097805630,-307.397460937501,0.200000000000,
0.000000000000,-5.364953994931,-307.389221191407,0.200000000000,
0.000000000000,-5.364762247333,-307.378234863282,0.200000000000,
0.000000000000,-5.364474625935,-307.361755371094,0.200000000000,
0.000000000000,-5.364330815236,-307.353515625001,0.200000000000,
0.000000000000,-5.364139067638,-307.342529296876,0.200000000000,
0.000000000000,-5.364139067638,-307.342529296876,0.200000000000,
0.000000000000,-5.363947320039,-307.331542968751,0.200000000000,
0.000000000000,-5.363659698641,-307.315063476563,0.200000000000,
0.000000000000,-5.363515887943,-307.306823730469,0.200000000000,
0.000000000000,-5.363324140344,-307.295837402344,0.200000000000,
0.000000000000,-5.363132392746,-307.284851074219,0.200000000000,
0.000000000000,-5.363132392746,-307.284851074219,0.200000000000,
0.000000000000,-5.362892708247,-307.271118164063,0.200000000000,
0.000000000000,-5.362700960649,-307.260131835938,0.200000000000,
0.000000000000,-5.362509213050,-307.249145507813,0.200000000000,
0.000000000000,-5.362269528552,-307.235412597657,0.200000000000,
0.000000000000,-5.362029844054,-307.221679687501,0.200000000000,
0.000000000000,-5.362029844054,-307.221679687501,0.200000000000,
0.000000000000,-5.361886033355,-307.213439941407,0.200000000000,
0.000000000000,-5.361694285757,-307.202453613282,0.200000000000,
0.000000000000,-5.361454601259,-307.188720703126,0.200000000000,
0.000000000000,-5.361262853660,-307.177734375001,0.200000000000,
0.000000000000,-5.360975232263,-307.161254882813,0.200000000000,
0.000000000000,-5.360975232263,-307.161254882813,0.200000000000,
0.000000000000,-5.360783484664,-307.150268554688,0.200000000000,
0.000000000000,-5.360591737066,-307.139282226563,0.200000000000,
0.000000000000,-5.360447926367,-307.131042480469,0.200000000000,
0.000000000000,-5.360160304969,-307.114562988282,0.200000000000,
0.000000000000,-5.359968557371,-307.103576660157,0.200000000000,
0.000000000000,-5.359968557371,-307.103576660157,0.200000000000,
0.000000000000,-5.359824746672,-307.095336914063,0.200000000000,
0.000000000000,-5.359537125274,-307.078857421876,0.200000000000,
0.000000000000,-5.359441251475,-307.073364257813,0.200000000000,
0.000000000000,-5.359201566977,-307.059631347657,0.200000000000,
0.000000000000,-5.359009819378,-307.048645019532,0.200000000000,
0.000000000000,-5.359009819378,-307.048645019532,0.200000000000,
0.000000000000,-5.358722197980,-307.032165527344,0.200000000000,
0.000000000000,-5.358530450382,-307.021179199219,0.200000000000,
0.000000000000,-5.358338702783,-307.010192871094,0.200000000000,
0.000000000000,-5.358146955185,-306.999206542969,0.200000000000,
0.000000000000,-5.358003144486,-306.990966796876,0.200000000000,
0.000000000000,-5.358003144486,-306.990966796876,0.200000000000,
0.000000000000,-5.357811396888,-306.979980468751,0.200000000000,
0.000000000000,-5.357523775490,-306.963500976563,0.200000000000,
0.000000000000,-5.357332027891,-306.952514648438,0.200000000000,
0.000000000000,-5.357140280293,-306.941528320313,0.200000000000,
0.000000000000,-5.356948532694,-306.930541992188,0.200000000000,
0.000000000000,-5.356948532694,-306.930541992188,0.200000000000,
0.000000000000,-5.356804721996,-306.922302246094,0.200000000000,
0.000000000000,-5.356612974397,-306.911315917969,0.200000000000,
0.000000000000,-5.356421226799,-306.900329589844,0.200000000000,
0.000000000000,-5.356133605401,-306.883850097657,0.200000000000,
0.000000000000,-5.355941857802,-306.872863769532,0.200000000000,
0.000000000000,-5.355941857802,-306.872863769532,0.200000000000,
0.000000000000,-5.355798047103,-306.864624023438,0.200000000000,
0.000000000000,-5.355606299505,-306.853637695313,0.200000000000,
0.000000000000,-5.355318678107,-306.837158203126,0.200000000000,
0.000000000000,-5.355126930509,-306.826171875001,0.200000000000,
0.000000000000,-5.355031056710,-306.820678710938,0.200000000000,
0.000000000000,-5.355031056710,-306.820678710938,0.200000000000,
0.000000000000,-5.354743435312,-306.804199218751,0.200000000000,
0.000000000000,-5.354599624613,-306.795959472657,0.200000000000,
0.000000000000,-5.354407877014,-306.784973144532,0.200000000000,
0.000000000000,-5.354216129416,-306.773986816407,0.200000000000,
0.000000000000,-5.354024381817,-306.763000488282,0.200000000000,
0.000000000000,-5.354024381817,-306.763000488282,0.200000000000,
0.000000000000,-5.353832634219,-306.752014160157,0.200000000000,
0.000000000000,-5.353545012821,-306.735534667969,0.200000000000,
0.000000000000,-5.353449139022,-306.730041503907,0.200000000000,
0.000000000000,-5.353257391424,-306.719055175782,0.200000000000,
0.000000000000,-5.353065643825,-306.708068847657,0.200000000000,
0.000000000000,-5.353065643825,-306.708068847657,0.200000000000,
0.000000000000,-5.352873896227,-306.697082519532,0.200000000000,
0.000000000000,-5.352586274829,-306.680603027344,0.200000000000,
0.000000000000,-5.352394527230,-306.669616699219,0.200000000000,
0.000000000000,-5.352298653431,-306.664123535157,0.200000000000,
0.000000000000,-5.352058968933,-306.650390625001,0.200000000000,
0.000000000000,-5.352058968933,-306.650390625001,0.200000000000,
0.000000000000,-5.351819284435,-306.636657714844,0.200000000000,
0.000000000000,-5.351627536836,-306.625671386719,0.200000000000,
0.000000000000,-5.351483726138,-306.617431640626,0.200000000000,
0.000000000000,-5.351244041639,-306.603698730469,0.200000000000,
0.000000000000,-5.351100230941,-306.595458984376,0.200000000000,
0.000000000000,-5.351100230941,-306.595458984376,0.200000000000,
0.000000000000,-5.350908483342,-306.584472656251,0.200000000000,
0.000000000000,-5.350716735744,-306.573486328126,0.200000000000,
0.000000000000,-5.350524988145,-306.562500000001,0.200000000000,
0.000000000000,-5.350333240547,-306.551513671876,0.200000000000,
0.000000000000,-5.350093556049,-306.537780761719,0.200000000000,
0.000000000000,-5.350093556049,-306.537780761719,0.200000000000,
0.000000000000,-5.349853871550,-306.524047851563,0.200000000000,
0.000000000000,-5.349662123952,-306.513061523438,0.200000000000,
0.000000000000,-5.349470376353,-306.502075195313,0.200000000000,
0.000000000000,-5.349278628755,-306.491088867188,0.200000000000,
0.000000000000,-5.349086881156,-306.480102539063,0.200000000000,
0.000000000000,-5.349086881156,-306.480102539063,0.200000000000,
0.000000000000,-5.348943070458,-306.471862792969,0.200000000000,
0.000000000000,-5.348751322859,-306.460876464844,0.200000000000,
0.000000000000,-5.348559575261,-306.449890136719,0.200000000000,
0.000000000000,-5.348271953863,-306.433410644532,0.200000000000,
0.000000000000,-5.348176080064,-306.427917480469,0.200000000000,
0.000000000000,-5.348176080064,-306.427917480469,0.200000000000,
0.000000000000,-5.347984332465,-306.416931152344,0.200000000000,
0.000000000000,-5.347744647967,-306.403198242188,0.200000000000,
0.000000000000,-5.347552900369,-306.392211914063,0.200000000000,
0.000000000000,-5.347361152770,-306.381225585938,0.200000000000,
0.000000000000,-5.347169405172,-306.370239257813,0.200000000000,
0.000000000000,-5.347169405172,-306.370239257813,0.200000000000,
0.000000000000,-5.346977657573,-306.359252929688,0.200000000000,
0.000000000000,-5.346690036175,-306.342773437501,0.200000000000,
0.000000000000,-5.346594162376,-306.337280273438,0.200000000000,
0.000000000000,-5.346306540978,-306.320800781251,0.200000000000,
0.000000000000,-5.346114793380,-306.309814453126,0.200000000000,
0.000000000000,-5.346114793380,-306.309814453126,0.200000000000,
0.000000000000,-5.345923045781,-306.298828125001,0.200000000000,
0.000000000000,-5.345731298183,-306.287841796876,0.200000000000,
0.000000000000,-5.345587487484,-306.279602050782,0.200000000000,
0.000000000000,-5.345395739886,-306.268615722657,0.200000000000,
0.000000000000,-5.345203992287,-306.257629394532,0.200000000000,
0.000000000000,-5.345203992287,-306.257629394532,0.200000000000,
0.000000000000,-5.344916370889,-306.241149902344,0.200000000000,
0.000000000000,-5.344820497090,-306.235656738282,0.200000000000,
0.000000000000,-5.344532875692,-306.219177246094,0.200000000000,
0.000000000000,-5.344341128094,-306.208190917969,0.200000000000,
0.000000000000,-5.344149380495,-306.197204589844,0.200000000000,
0.000000000000,-5.344149380495,-306.197204589844,0.200000000000,
0.000000000000,-5.344005569797,-306.188964843751,0.200000000000,
0.000000000000,-5.343813822198,-306.177978515626,0.200000000000,
0.000000000000,-5.343622074600,-306.166992187501,0.200000000000,
0.000000000000,-5.343430327001,-306.156005859376,0.200000000000,
0.000000000000,-5.343142705603,-306.139526367188,0.200000000000,
0.000000000000,-5.343142705603,-306.139526367188,0.200000000000,
0.000000000000,-5.342950958005,-306.128540039063,0.200000000000,
0.000000000000,-5.342759210406,-306.117553710938,0.200000000000,
0.000000000000,-5.342615399708,-306.109313964844,0.200000000000,
0.000000000000,-5.342423652109,-306.098327636719,0.200000000000,
0.000000000000,-5.342231904511,-306.087341308594,0.200000000000,
0.000000000000,-5.342231904511,-306.087341308594,0.200000000000,
0.000000000000,-5.341944283113,-306.070861816407,0.200000000000,
0.000000000000,-5.341752535514,-306.059875488282,0.200000000000,
0.000000000000,-5.341608724816,-306.051635742188,0.200000000000,
0.000000000000,-5.341416977217,-306.040649414063,0.200000000000,
0.000000000000,-5.341225229619,-306.029663085938,0.200000000000,
0.000000000000,-5.341225229619,-306.029663085938,0.200000000000,
0.000000000000,-5.341081418920,-306.021423339844,0.200000000000,
0.000000000000,-5.340793797522,-306.004943847657,0.200000000000,
0.000000000000,-5.340602049923,-305.993957519532,0.200000000000,
0.000000000000,-5.340314428526,-305.977478027344,0.200000000000,
0.000000000000,-5.340122680927,-305.966491699219,0.200000000000,
0.000000000000,-5.340122680927,-305.966491699219,0.200000000000,
0.000000000000,-5.339930933329,-305.955505371094,0.200000000000,
0.000000000000,-5.339787122630,-305.947265625001,0.200000000000,
0.000000000000,-5.339499501232,-305.930786132813,0.200000000000,
0.000000000000,-5.339355690533,-305.922546386719,0.200000000000,
0.000000000000,-5.339163942935,-305.911560058594,0.200000000000,
0.000000000000,-5.339163942935,-305.911560058594,0.200000000000,
0.000000000000,-5.338876321537,-305.895080566407,0.200000000000,
0.000000000000,-5.338684573939,-305.884094238282,0.200000000000,
0.000000000000,-5.338540763240,-305.875854492188,0.200000000000,
0.000000000000,-5.338349015641,-305.864868164063,0.200000000000,
0.000000000000,-5.338061394244,-305.848388671876,0.200000000000,
0.000000000000,-5.338061394244,-305.848388671876,0.200000000000,
0.000000000000,-5.337917583545,-305.840148925782,0.200000000000,
0.000000000000,-5.337629962147,-305.823669433594,0.200000000000,
0.000000000000,-5.337438214548,-305.812683105469,0.200000000000,
0.000000000000,-5.337294403850,-305.804443359376,0.200000000000,
0.000000000000,-5.337102656251,-305.793457031251,0.200000000000,
0.000000000000,-5.337102656251,-305.793457031251,0.200000000000,
0.000000000000,-5.336910908653,-305.782470703126,0.200000000000,
0.000000000000,-5.336623287255,-305.765991210938,0.200000000000,
0.000000000000,-5.336479476556,-305.757751464844,0.200000000000,
0.000000000000,-5.336191855158,-305.741271972657,0.200000000000,
0.000000000000,-5.336048044459,-305.733032226563,0.200000000000,
0.000000000000,-5.336048044459,-305.733032226563,0.200000000000,
0.000000000000,-5.335760423062,-305.716552734376,0.200000000000,
0.000000000000,-5.335568675463,-305.705566406251,0.200000000000,
0.000000000000,-5.335424864764,-305.697326660157,0.200000000000,
0.000000000000,-5.335233117166,-305.686340332032,0.200000000000,
0.000000000000,-5.334945495768,-305.669860839844,0.200000000000,
0.000000000000,-5.334945495768,-305.669860839844,0.200000000000,
0.000000000000,-5.334753748170,-305.658874511719,0.200000000000,
0.000000000000,-5.334609937471,-305.650634765626,0.200000000000,
0.000000000000,-5.334322316073,-305.634155273438,0.200000000000,
0.000000000000,-5.334178505374,-305.625915527344,0.200000000000,
0.000000000000,-5.333986757776,-305.614929199219,0.200000000000,
0.000000000000,-5.333986757776,-305.614929199219,0.200000000000,
0.000000000000,-5.333699136378,-305.598449707032,0.200000000000,
0.000000000000,-5.333555325679,-305.590209960938,0.200000000000,
0.000000000000,-5.333363578081,-305.579223632813,0.200000000000,
0.000000000000,-5.333075956683,-305.562744140626,0.200000000000,
0.000000000000,-5.332932145984,-305.554504394532,0.200000000000,
0.000000000000,-5.332932145984,-305.554504394532,0.200000000000,
0.000000000000,-5.332692461486,-305.540771484376,0.200000000000,
0.000000000000,-5.332548650787,-305.532531738282,0.200000000000,
0.000000000000,-5.332261029389,-305.516052246094,0.200000000000,
0.000000000000,-5.332069281791,-305.505065917969,0.200000000000,
0.000000000000,-5.331877534192,-305.494079589844,0.200000000000,
0.000000000000,-5.331877534192,-305.494079589844,0.200000000000,
0.000000000000,-5.331733723494,-305.485839843751,0.200000000000,
0.000000000000,-5.331541975895,-305.474853515626,0.200000000000,
0.000000000000,-5.331350228297,-305.463867187501,0.200000000000,
0.000000000000,-5.331062606899,-305.447387695313,0.200000000000,
0.000000000000,-5.330870859300,-305.436401367188,0.200000000000,
0.000000000000,-5.330870859300,-305.436401367188,0.200000000000,
0.000000000000,-5.330727048601,-305.428161621094,0.200000000000,
0.000000000000,-5.330535301003,-305.417175292969,0.200000000000,
0.000000000000,-5.330343553405,-305.406188964844,0.200000000000,
0.000000000000,-5.330151805806,-305.395202636719,0.200000000000,
0.000000000000,-5.329960058208,-305.384216308594,0.200000000000,
0.000000000000,-5.329960058208,-305.384216308594,0.200000000000,
0.000000000000,-5.329672436810,-305.367736816407,0.200000000000,
0.000000000000,-5.329480689211,-305.356750488282,0.200000000000,
0.000000000000,-5.329336878512,-305.348510742188,0.200000000000,
0.000000000000,-5.329145130914,-305.337524414063,0.200000000000,
0.000000000000,-5.328953383315,-305.326538085938,0.200000000000,
0.000000000000,-5.328953383315,-305.326538085938,0.200000000000,
0.000000000000,-5.328761635717,-305.315551757813,0.200000000000,
0.000000000000,-5.328474014319,-305.299072265626,0.200000000000,
0.000000000000,-5.328282266721,-305.288085937501,0.200000000000,
0.000000000000,-5.328090519122,-305.277099609376,0.200000000000,
0.000000000000,-5.327946708423,-305.268859863282,0.200000000000,
0.000000000000,-5.327946708423,-305.268859863282,0.200000000000,
0.000000000000,-5.327707023925,-305.255126953126,0.200000000000,
0.000000000000,-5.327563213226,-305.246887207032,0.200000000000,
0.000000000000,-5.327371465628,-305.235900878907,0.200000000000,
0.000000000000,-5.327179718029,-305.224914550782,0.200000000000,
0.000000000000,-5.326987970431,-305.213928222657,0.200000000000,
0.000000000000,-5.326987970431,-305.213928222657,0.200000000000,
0.000000000000,-5.326700349033,-305.197448730469,0.200000000000,
0.000000000000,-5.326508601435,-305.186462402344,0.200000000000,
0.000000000000,-5.326316853836,-305.175476074219,0.200000000000,
0.000000000000,-5.326125106238,-305.164489746094,0.200000000000,
0.000000000000,-5.325933358639,-305.153503417969,0.200000000000,
0.000000000000,-5.325933358639,-305.153503417969,0.200000000000,
0.000000000000,-5.325789547940,-305.145263671876,0.200000000000,
0.000000000000,-5.325597800342,-305.134277343751,0.200000000000,
0.000000000000,-5.325358115844,-305.120544433594,0.200000000000,
0.000000000000,-5.325214305145,-305.112304687501,0.200000000000,
0.000000000000,-5.324974620647,-305.098571777344,0.200000000000,
0.000000000000,-5.324974620647,-305.098571777344,0.200000000000,
0.000000000000,-5.324830809948,-305.090332031251,0.200000000000,
0.000000000000,-5.324639062350,-305.079345703126,0.200000000000,
0.000000000000,-5.324399377851,-305.065612792969,0.200000000000,
0.000000000000,-5.324255567153,-305.057373046876,0.200000000000,
0.000000000000,-5.324015882654,-305.043640136719,0.200000000000,
0.000000000000,-5.324015882654,-305.043640136719,0.200000000000,
0.000000000000,-5.323872071956,-305.035400390626,0.200000000000,
0.000000000000,-5.323680324357,-305.024414062501,0.200000000000,
0.000000000000,-5.323488576759,-305.013427734376,0.200000000000,
0.000000000000,-5.323200955361,-304.996948242188,0.200000000000,
0.000000000000,-5.323009207762,-304.985961914063,0.200000000000,
0.000000000000,-5.323009207762,-304.985961914063,0.200000000000,
0.000000000000,-5.322865397064,-304.977722167969,0.200000000000,
0.000000000000,-5.322673649465,-304.966735839844,0.200000000000,
0.000000000000,-5.322481901867,-304.955749511719,0.200000000000,
0.000000000000,-5.322290154268,-304.944763183594,0.200000000000,
0.000000000000,-5.322098406670,-304.933776855469,0.200000000000,
0.000000000000,-5.322098406670,-304.933776855469,0.200000000000,
0.000000000000,-5.321810785272,-304.917297363282,0.200000000000,
0.000000000000,-5.321619037673,-304.906311035157,0.200000000000,
0.000000000000,-5.321427290075,-304.895324707032,0.200000000000,
0.000000000000,-5.321283479376,-304.887084960938,0.200000000000,
0.000000000000,-5.321091731778,-304.876098632813,0.200000000000,
0.000000000000,-5.321091731778,-304.876098632813,0.200000000000,
0.000000000000,-5.320899984179,-304.865112304688,0.200000000000,
0.000000000000,-5.320708236581,-304.854125976563,0.200000000000,
0.000000000000,-5.320516488982,-304.843139648438,0.200000000000,
0.000000000000,-5.320324741384,-304.832153320313,0.200000000000,
0.000000000000,-5.320132993785,-304.821166992188,0.200000000000,
0.000000000000,-5.320132993785,-304.821166992188,0.200000000000,
0.000000000000,-5.319893309287,-304.807434082032,0.200000000000,
0.000000000000,-5.319749498588,-304.799194335938,0.200000000000,
0.000000000000,-5.319557750990,-304.788208007813,0.200000000000,
0.000000000000,-5.319270129592,-304.771728515626,0.200000000000,
0.000000000000,-5.319174255793,-304.766235351563,0.200000000000,
0.000000000000,-5.319174255793,-304.766235351563,0.200000000000,
0.000000000000,-5.318982508194,-304.755249023438,0.200000000000,
0.000000000000,-5.318694886797,-304.738769531251,0.200000000000,
0.000000000000,-5.318599012997,-304.733276367188,0.200000000000,
0.000000000000,-5.318407265399,-304.722290039063,0.200000000000,
0.000000000000,-5.318119644001,-304.705810546876,0.200000000000,
0.000000000000,-5.318119644001,-304.705810546876,0.200000000000,
0.000000000000,-5.317927896403,-304.694824218751,0.200000000000,
0.000000000000,-5.317736148804,-304.683837890626,0.200000000000,
0.000000000000,-5.317592338105,-304.675598144532,0.200000000000,
0.000000000000,-5.317400590507,-304.664611816407,0.200000000000,
0.000000000000,-5.317208842908,-304.653625488282,0.200000000000,
0.000000000000,-5.317208842908,-304.653625488282,0.200000000000,
0.000000000000,-5.317017095310,-304.642639160157,0.200000000000,
0.000000000000,-5.316825347711,-304.631652832032,0.200000000000,
0.000000000000,-5.316633600113,-304.620666503907,0.200000000000,
0.000000000000,-5.316441852514,-304.609680175782,0.200000000000,
0.000000000000,-5.316250104916,-304.598693847657,0.200000000000,
0.000000000000,-5.316250104916,-304.598693847657,0.200000000000,
0.000000000000,-5.315962483518,-304.582214355469,0.200000000000,
0.000000000000,-5.315818672819,-304.573974609376,0.200000000000,
0.000000000000,-5.315626925221,-304.562988281251,0.200000000000,
0.000000000000,-5.315435177622,-304.552001953126,0.200000000000,
0.000000000000,-5.315243430024,-304.541015625001,0.200000000000,
0.000000000000,-5.315243430024,-304.541015625001,0.200000000000,
0.000000000000,-5.315051682425,-304.530029296876,0.200000000000,
0.000000000000,-5.314764061028,-304.513549804688,0.200000000000,
0.000000000000,-5.314572313429,-304.502563476563,0.200000000000,
0.000000000000,-5.314380565831,-304.491577148438,0.200000000000,
0.000000000000,-5.314236755132,-304.483337402344,0.200000000000,
0.000000000000,-5.314236755132,-304.483337402344,0.200000000000,
0.000000000000,-5.314045007533,-304.472351074219,0.200000000000,
0.000000000000,-5.313853259935,-304.461364746094,0.200000000000,
0.000000000000,-5.313565638537,-304.444885253907,0.200000000000,
0.000000000000,-5.313421827838,-304.436645507813,0.200000000000,
0.000000000000,-5.313230080240,-304.425659179688,0.200000000000,
0.000000000000,-5.313230080240,-304.425659179688,0.200000000000,
0.000000000000,-5.313038332641,-304.414672851563,0.200000000000,
0.000000000000,-5.312750711243,-304.398193359376,0.200000000000,
0.000000000000,-5.312558963645,-304.387207031251,0.200000000000,
0.000000000000,-5.312415152946,-304.378967285157,0.200000000000,
0.000000000000,-5.312175468448,-304.365234375001,0.200000000000,
0.000000000000,-5.312175468448,-304.365234375001,0.200000000000,
0.000000000000,-5.312031657749,-304.356994628907,0.200000000000,
0.000000000000,-5.311839910151,-304.346008300782,0.200000000000,
0.000000000000,-5.311648162552,-304.335021972657,0.200000000000,
0.000000000000,-5.311360541154,-304.318542480469,0.200000000000,
0.000000000000,-5.311216730456,-304.310302734376,0.200000000000,
0.000000000000,-5.311216730456,-304.310302734376,0.200000000000,
0.000000000000,-5.311024982857,-304.299316406251,0.200000000000,
0.000000000000,-5.310737361459,-304.282836914063,0.200000000000,
0.000000000000,-5.310545613861,-304.271850585938,0.200000000000,
0.000000000000,-5.310401803162,-304.263610839844,0.200000000000,
0.000000000000,-5.310210055564,-304.252624511719,0.200000000000,
0.000000000000,-5.310210055564,-304.252624511719,0.200000000000,
0.000000000000,-5.309922434166,-304.236145019532,0.200000000000,
0.000000000000,-5.309778623467,-304.227905273438,0.200000000000,
0.000000000000,-5.309586875868,-304.216918945313,0.200000000000,
0.000000000000,-5.309395128270,-304.205932617188,0.200000000000,
0.000000000000,-5.309107506872,-304.189453125001,0.200000000000,
0.000000000000,-5.309107506872,-304.189453125001,0.200000000000,
0.000000000000,-5.308915759274,-304.178466796876,0.200000000000,
0.000000000000,-5.308771948575,-304.170227050782,0.200000000000,
0.000000000000,-5.308580200976,-304.159240722657,0.200000000000,
0.000000000000,-5.308292579579,-304.142761230469,0.200000000000,
0.000000000000,-5.308148768880,-304.134521484376,0.200000000000,
0.000000000000,-5.308148768880,-304.134521484376,0.200000000000,
0.000000000000,-5.307957021281,-304.123535156251,0.200000000000,
0.000000000000,-5.307765273683,-304.112548828126,0.200000000000,
0.000000000000,-5.307477652285,-304.096069335938,0.200000000000,
0.000000000000,-5.307285904687,-304.085083007813,0.200000000000,
0.000000000000,-5.307142093988,-304.076843261719,0.200000000000,
0.000000000000,-5.307142093988,-304.076843261719,0.200000000000,
0.000000000000,-5.306950346389,-304.065856933594,0.200000000000,
0.000000000000,-5.306758598791,-304.054870605469,0.200000000000,
0.000000000000,-5.306470977393,-304.038391113282,0.200000000000,
0.000000000000,-5.306327166694,-304.030151367188,0.200000000000,
0.000000000000,-5.306135419096,-304.019165039063,0.200000000000,
0.000000000000,-5.306135419096,-304.019165039063,0.200000000000,
0.000000000000,-5.305943671497,-304.008178710938,0.200000000000,
0.000000000000,-5.305751923899,-303.997192382813,0.200000000000,
0.000000000000,-5.305464302501,-303.980712890626,0.200000000000,
0.000000000000,-5.305272554903,-303.969726562501,0.200000000000,
0.000000000000,-5.305128744204,-303.961486816407,0.200000000000,
0.000000000000,-5.305128744204,-303.961486816407,0.200000000000,
0.000000000000,-5.304889059706,-303.947753906251,0.200000000000,
0.000000000000,-5.304745249007,-303.939514160157,0.200000000000,
0.000000000000,-5.304553501408,-303.928527832032,0.200000000000,
0.000000000000,-5.304361753810,-303.917541503907,0.200000000000,
0.000000000000,-5.304074132412,-303.901062011719,0.200000000000,
0.000000000000,-5.304074132412,-303.901062011719,0.200000000000,
0.000000000000,-5.303978258613,-303.895568847657,0.200000000000,
0.000000000000,-5.303690637215,-303.879089355469,0.200000000000,
0.000000000000,-5.303498889617,-303.868103027344,0.200000000000,
0.000000000000,-5.303307142018,-303.857116699219,0.200000000000,
0.000000000000,-5.303115394420,-303.846130371094,0.200000000000,
0.000000000000,-5.303115394420,-303.846130371094,0.200000000000,
0.000000000000,-5.302923646821,-303.835144042969,0.200000000000,
0.000000000000,-5.302779836122,-303.826904296876,0.200000000000,
0.000000000000,-5.302492214724,-303.810424804688,0.200000000000,
0.000000000000,-5.302396340925,-303.804931640626,0.200000000000,
0.000000000000,-5.302204593327,-303.793945312501,0.200000000000,
0.000000000000,-5.302204593327,-303.793945312501,0.200000000000,
0.000000000000,-5.301916971929,-303.777465820313,0.200000000000,
0.000000000000,-5.301821098130,-303.771972656251,0.200000000000,
0.000000000000,-5.301629350531,-303.760986328126,0.200000000000,
0.000000000000,-5.301341729134,-303.744506835938,0.200000000000,
0.000000000000,-5.301149981535,-303.733520507813,0.200000000000,
0.000000000000,-5.301149981535,-303.733520507813,0.200000000000,
0.000000000000,-5.300958233937,-303.722534179688,0.200000000000,
0.000000000000,-5.300766486338,-303.711547851563,0.200000000000,
0.000000000000,-5.300574738740,-303.700561523438,0.200000000000,
0.000000000000,-5.300382991141,-303.689575195313,0.200000000000,
0.000000000000,-5.300191243543,-303.678588867188,0.200000000000,
0.000000000000,-5.300191243543,-303.678588867188,0.200000000000,
0.000000000000,-5.300095369743,-303.673095703126,0.200000000000,
0.000000000000,-5.299807748346,-303.656616210938,0.200000000000,
0.000000000000,-5.299616000747,-303.645629882813,0.200000000000,
0.000000000000,-5.299520126948,-303.640136718751,0.200000000000,
0.000000000000,-5.299232505550,-303.623657226563,0.200000000000,
0.000000000000,-5.299232505550,-303.623657226563,0.200000000000,
0.000000000000,-5.299040757952,-303.612670898438,0.200000000000,
0.000000000000,-5.298944884152,-303.607177734376,0.200000000000,
0.000000000000,-5.298753136554,-303.596191406251,0.200000000000,
0.000000000000,-5.298561388956,-303.585205078126,0.200000000000,
0.000000000000,-5.298273767558,-303.568725585938,0.200000000000,
0.000000000000,-5.298273767558,-303.568725585938,0.200000000000,
0.000000000000,-5.298082019959,-303.557739257813,0.200000000000,
0.000000000000,-5.297938209260,-303.549499511719,0.200000000000,
0.000000000000,-5.297746461662,-303.538513183594,0.200000000000,
0.000000000000,-5.297506777164,-303.524780273438,0.200000000000,
0.000000000000,-5.297362966465,-303.516540527344,0.200000000000,
0.000000000000,-5.297362966465,-303.516540527344,0.200000000000,
0.000000000000,-5.297171218866,-303.505554199219,0.200000000000,
0.000000000000,-5.296979471268,-303.494567871094,0.200000000000,
0.000000000000,-5.296691849870,-303.478088378907,0.200000000000,
0.000000000000,-5.296500102272,-303.467102050782,0.200000000000,
0.000000000000,-5.296356291573,-303.458862304688,0.200000000000,
0.000000000000,-5.296356291573,-303.458862304688,0.200000000000,
0.000000000000,-5.296116607075,-303.445129394532,0.200000000000,
0.000000000000,-5.295972796376,-303.436889648438,0.200000000000,
0.000000000000,-5.295733111878,-303.423156738282,0.200000000000,
0.000000000000,-5.295589301179,-303.414916992188,0.200000000000,
0.000000000000,-5.295397553580,-303.403930664063,0.200000000000,
0.000000000000,-5.295397553580,-303.403930664063,0.200000000000,
0.000000000000,-5.295205805982,-303.392944335938,0.200000000000,
0.000000000000,-5.294918184584,-303.376464843751,0.200000000000,
0.000000000000,-5.294726436986,-303.365478515626,0.200000000000,
0.000000000000,-5.294534689387,-303.354492187501,0.200000000000,
0.000000000000,-5.294390878688,-303.346252441407,0.200000000000,
0.000000000000,-5.294390878688,-303.346252441407,0.200000000000,
0.000000000000,-5.294151194190,-303.332519531251,0.200000000000,
0.000000000000,-5.293959446592,-303.321533203126,0.200000000000,
0.000000000000,-5.293767698993,-303.310546875001,0.200000000000,
0.000000000000,-5.293623888294,-303.302307128907,0.200000000000,
0.000000000000,-5.293384203796,-303.288574218751,0.200000000000,
0.000000000000,-5.293384203796,-303.288574218751,0.200000000000,
0.000000000000,-5.293240393098,-303.280334472657,0.200000000000,
0.000000000000,-5.293048645499,-303.269348144532,0.200000000000,
0.000000000000,-5.292808961001,-303.255615234376,0.200000000000,
0.000000000000,-5.292665150302,-303.247375488282,0.200000000000,
0.000000000000,-5.292473402704,-303.236389160157,0.200000000000,
0.000000000000,-5.292473402704,-303.236389160157,0.200000000000,
0.000000000000,-5.292185781306,-303.219909667969,0.200000000000,
0.000000000000,-5.291994033707,-303.208923339844,0.200000000000,
0.000000000000,-5.291802286109,-303.197937011719,0.200000000000,
0.000000000000,-5.291610538510,-303.186950683594,0.200000000000,
0.000000000000,-5.291466727812,-303.178710937501,0.200000000000,
0.000000000000,-5.291466727812,-303.178710937501,0.200000000000,
0.000000000000,-5.291227043313,-303.164978027344,0.200000000000,
0.000000000000,-5.291083232615,-303.156738281251,0.200000000000,
0.000000000000,-5.290891485016,-303.145751953126,0.200000000000,
0.000000000000,-5.290699737418,-303.134765625001,0.200000000000,
0.000000000000,-5.290507989819,-303.123779296876,0.200000000000,
0.000000000000,-5.290507989819,-303.123779296876,0.200000000000,
0.000000000000,-5.290316242221,-303.112792968751,0.200000000000,
0.000000000000,-5.290028620823,-303.096313476563,0.200000000000,
0.000000000000,-5.289836873224,-303.085327148438,0.200000000000,
0.000000000000,-5.289645125626,-303.074340820313,0.200000000000,
0.000000000000,-5.289501314927,-303.066101074219,0.200000000000,
0.000000000000,-5.289501314927,-303.066101074219,0.200000000000,
0.000000000000,-5.289309567329,-303.055114746094,0.200000000000,
0.000000000000,-5.289117819730,-303.044128417969,0.200000000000,
0.000000000000,-5.288830198332,-303.027648925782,0.200000000000,
0.000000000000,-5.288686387633,-303.019409179688,0.200000000000,
0.000000000000,-5.288494640035,-303.008422851563,0.200000000000,
0.000000000000,-5.288494640035,-303.008422851563,0.200000000000,
0.000000000000,-5.288207018637,-302.991943359376,0.200000000000,
0.000000000000,-5.288015271039,-302.980957031251,0.200000000000,
0.000000000000,-5.287871460340,-302.972717285157,0.200000000000,
0.000000000000,-5.287583838942,-302.956237792969,0.200000000000,
0.000000000000,-5.287487965143,-302.950744628907,0.200000000000,
0.000000000000,-5.287487965143,-302.950744628907,0.200000000000,
0.000000000000,-5.287200343745,-302.934265136719,0.200000000000,
0.000000000000,-5.287056533046,-302.926025390626,0.200000000000,
0.000000000000,-5.286864785448,-302.915039062501,0.200000000000,
0.000000000000,-5.286673037849,-302.904052734376,0.200000000000,
0.000000000000,-5.286385416452,-302.887573242188,0.200000000000,
0.000000000000,-5.286385416452,-302.887573242188,0.200000000000,
0.000000000000,-5.286241605753,-302.879333496094,0.200000000000,
0.000000000000,-5.286049858154,-302.868347167969,0.200000000000,
0.000000000000,-5.285858110556,-302.857360839844,0.200000000000,
0.000000000000,-5.285570489158,-302.840881347657,0.200000000000,
0.000000000000,-5.285426678459,-302.832641601563,0.200000000000,
0.000000000000,-5.285426678459,-302.832641601563,0.200000000000,
0.000000000000,-5.285234930861,-302.821655273438,0.200000000000,
0.000000000000,-5.284947309463,-302.805175781251,0.200000000000,
0.000000000000,-5.284755561865,-302.794189453126,0.200000000000,
0.000000000000,-5.284563814266,-302.783203125001,0.200000000000,
0.000000000000,-5.284324129768,-302.769470214844,0.200000000000,
0.000000000000,-5.284324129768,-302.769470214844,0.200000000000,
0.000000000000,-5.284132382169,-302.758483886719,0.200000000000,
0.000000000000,-5.283988571471,-302.750244140626,0.200000000000,
0.000000000000,-5.283796823872,-302.739257812501,0.200000000000,
0.000000000000,-5.283605076274,-302.728271484376,0.200000000000,
0.000000000000,-5.283317454876,-302.711791992188,0.200000000000,
0.000000000000,-5.283317454876,-302.711791992188,0.200000000000,
0.000000000000,-5.283125707277,-302.700805664063,0.200000000000,
0.000000000000,-5.282981896579,-302.692565917969,0.200000000000,
0.000000000000,-5.282790148980,-302.681579589844,0.200000000000,
0.000000000000,-5.282550464482,-302.667846679688,0.200000000000,
0.000000000000,-5.282358716883,-302.656860351563,0.200000000000,
0.000000000000,-5.282358716883,-302.656860351563,0.200000000000,
0.000000000000,-5.282071095486,-302.640380859376,0.200000000000,
0.000000000000,-5.281927284787,-302.632141113282,0.200000000000,
0.000000000000,-5.281735537188,-302.621154785157,0.200000000000,
0.000000000000,-5.281447915791,-302.604675292969,0.200000000000,
0.000000000000,-5.281256168192,-302.593688964844,0.200000000000,
0.000000000000,-5.281256168192,-302.593688964844,0.200000000000,
0.000000000000,-5.281112357493,-302.585449218751,0.200000000000,
0.000000000000,-5.280920609895,-302.574462890626,0.200000000000,
0.000000000000,-5.280632988497,-302.557983398438,0.200000000000,
0.000000000000,-5.280441240899,-302.546997070313,0.200000000000,
0.000000000000,-5.280249493300,-302.536010742188,0.200000000000,
0.000000000000,-5.280249493300,-302.536010742188,0.200000000000,
0.000000000000,-5.280105682601,-302.527770996094,0.200000000000,
0.000000000000,-5.279818061204,-302.511291503907,0.200000000000,
0.000000000000,-5.279674250505,-302.503051757813,0.200000000000,
0.000000000000,-5.279434566007,-302.489318847657,0.200000000000,
0.000000000000,-5.279290755308,-302.481079101563,0.200000000000,
0.000000000000,-5.279290755308,-302.481079101563,0.200000000000,
0.000000000000,-5.279099007709,-302.470092773438,0.200000000000,
0.000000000000,-5.278811386311,-302.453613281251,0.200000000000,
0.000000000000,-5.278619638713,-302.442626953126,0.200000000000,
0.000000000000,-5.278427891115,-302.431640625001,0.200000000000,
0.000000000000,-5.278284080416,-302.423400878907,0.200000000000,
0.000000000000,-5.278284080416,-302.423400878907,0.200000000000,
0.000000000000,-5.278092332817,-302.412414550782,0.200000000000,
0.000000000000,-5.277900585219,-302.401428222657,0.200000000000,
0.000000000000,-5.277708837620,-302.390441894532,0.200000000000,
0.000000000000,-5.277517090022,-302.379455566407,0.200000000000,
0.000000000000,-5.277229468624,-302.362976074219,0.200000000000,
0.000000000000,-5.277229468624,-302.362976074219,0.200000000000,
0.000000000000,-5.277037721025,-302.351989746094,0.200000000000,
0.000000000000,-5.276893910327,-302.343750000001,0.200000000000,
0.000000000000,-5.276702162728,-302.332763671876,0.200000000000,
0.000000000000,-5.276510415130,-302.321777343751,0.200000000000,
0.000000000000,-5.276318667531,-302.310791015626,0.200000000000,
0.000000000000,-5.276318667531,-302.310791015626,0.200000000000,
0.000000000000,-5.276031046133,-302.294311523438,0.200000000000,
0.000000000000,-5.275935172334,-302.288818359376,0.200000000000,
0.000000000000,-5.275647550936,-302.272338867188,0.200000000000,
0.000000000000,-5.275455803338,-302.261352539063,0.200000000000,
0.000000000000,-5.275264055739,-302.250366210938,0.200000000000,
0.000000000000,-5.275264055739,-302.250366210938,0.200000000000,
0.000000000000,-5.275072308141,-302.239379882813,0.200000000000,
0.000000000000,-5.274880560543,-302.228393554688,0.200000000000,
0.000000000000,-5.274688812944,-302.217407226563,0.200000000000,
0.000000000000,-5.274545002245,-302.209167480469,0.200000000000,
0.000000000000,-5.274353254647,-302.198181152344,0.200000000000,
0.000000000000,-5.274353254647,-302.198181152344,0.200000000000,
0.000000000000,-5.274161507048,-302.187194824219,0.200000000000,
0.000000000000,-5.273969759450,-302.176208496094,0.200000000000,
0.000000000000,-5.273778011851,-302.165222167969,0.200000000000,
0.000000000000,-5.273586264253,-302.154235839844,0.200000000000,
0.000000000000,-5.273394516654,-302.143249511719,0.200000000000,
0.000000000000,-5.273394516654,-302.143249511719,0.200000000000,
0.000000000000,-5.273202769056,-302.132263183594,0.200000000000,
0.000000000000,-5.273011021457,-302.121276855469,0.200000000000,
0.000000000000,-5.272819273859,-302.110290527344,0.200000000000,
0.000000000000,-5.272531652461,-302.093811035157,0.200000000000,
0.000000000000,-5.272435778662,-302.088317871094,0.200000000000,
0.000000000000,-5.272435778662,-302.088317871094,0.200000000000,
0.000000000000,-5.272244031063,-302.077331542969,0.200000000000,
0.000000000000,-5.271956409666,-302.060852050782,0.200000000000,
0.000000000000,-5.271764662067,-302.049865722657,0.200000000000,
0.000000000000,-5.271572914469,-302.038879394532,0.200000000000,
0.000000000000,-5.271429103770,-302.030639648438,0.200000000000,
0.000000000000,-5.271429103770,-302.030639648438,0.200000000000,
0.000000000000,-5.271237356171,-302.019653320313,0.200000000000,
0.000000000000,-5.271045608573,-302.008666992188,0.200000000000,
0.000000000000,-5.270853860974,-301.997680664063,0.200000000000,
0.000000000000,-5.270662113376,-301.986694335938,0.200000000000,
0.000000000000,-5.270374491978,-301.970214843751,0.200000000000,
0.000000000000,-5.270374491978,-301.970214843751,0.200000000000,
0.000000000000,-5.270182744380,-301.959228515626,0.200000000000,
0.000000000000,-5.270038933681,-301.950988769532,0.200000000000,
0.000000000000,-5.269847186082,-301.940002441407,0.200000000000,
0.000000000000,-5.269655438484,-301.929016113282,0.200000000000,
0.000000000000,-5.269463690885,-301.918029785157,0.200000000000,
0.000000000000,-5.269463690885,-301.918029785157,0.200000000000,
0.000000000000,-5.269271943287,-301.907043457032,0.200000000000,
0.000000000000,-5.268984321889,-301.890563964844,0.200000000000,
0.000000000000,-5.268888448090,-301.885070800782,0.200000000000,
0.000000000000,-5.268600826692,-301.868591308594,0.200000000000,
0.000000000000,-5.268409079094,-301.857604980469,0.200000000000,
0.000000000000,-5.268409079094,-301.857604980469,0.200000000000,
0.000000000000,-5.268217331495,-301.846618652344,0.200000000000,
0.000000000000,-5.268025583897,-301.835632324219,0.200000000000,
0.000000000000,-5.267833836298,-301.824645996094,0.200000000000,
0.000000000000,-5.267642088700,-301.813659667969,0.200000000000,
0.000000000000,-5.267450341101,-301.802673339844,0.200000000000,
0.000000000000,-5.267450341101,-301.802673339844,0.200000000000,
0.000000000000,-5.267258593503,-301.791687011719,0.200000000000,
0.000000000000,-5.267066845904,-301.780700683594,0.200000000000,
0.000000000000,-5.266923035205,-301.772460937501,0.200000000000,
0.000000000000,-5.266731287607,-301.761474609376,0.200000000000,
0.000000000000,-5.266539540008,-301.750488281251,0.200000000000,
0.000000000000,-5.266539540008,-301.750488281251,0.200000000000,
0.000000000000,-5.266251918611,-301.734008789063,0.200000000000,
0.000000000000,-5.266060171012,-301.723022460938,0.200000000000,
0.000000000000,-5.265868423414,-301.712036132813,0.200000000000,
0.000000000000,-5.265724612715,-301.703796386719,0.200000000000,
0.000000000000,-5.265484928217,-301.690063476563,0.200000000000,
0.000000000000,-5.265484928217,-301.690063476563,0.200000000000,
0.000000000000,-5.265341117518,-301.681823730469,0.200000000000,
0.000000000000,-5.265149369919,-301.670837402344,0.200000000000,
0.000000000000,-5.264957622321,-301.659851074219,0.200000000000,
0.000000000000,-5.264765874722,-301.648864746094,0.200000000000,
0.000000000000,-5.264574127124,-301.637878417969,0.200000000000,
0.000000000000,-5.264574127124,-301.637878417969,0.200000000000,
0.000000000000,-5.264286505726,-301.621398925782,0.200000000000,
0.000000000000,-5.264190631927,-301.615905761719,0.200000000000,
0.000000000000,-5.263950947429,-301.602172851563,0.200000000000,
0.000000000000,-5.263759199830,-301.591186523438,0.200000000000,
0.000000000000,-5.263567452232,-301.580200195313,0.200000000000,
0.000000000000,-5.263567452232,-301.580200195313,0.200000000000,
0.000000000000,-5.263279830834,-301.563720703126,0.200000000000,
0.000000000000,-5.263183957035,-301.558227539063,0.200000000000,
0.000000000000,-5.262896335637,-301.541748046876,0.200000000000,
0.000000000000,-5.262704588039,-301.530761718751,0.200000000000,
0.000000000000,-5.262560777340,-301.522521972657,0.200000000000,
0.000000000000,-5.262560777340,-301.522521972657,0.200000000000,
0.000000000000,-5.262369029741,-301.511535644532,0.200000000000,
0.000000000000,-5.262177282143,-301.500549316407,0.200000000000,
0.000000000000,-5.261985534544,-301.489562988282,0.200000000000,
0.000000000000,-5.261745850046,-301.475830078126,0.200000000000,
0.000000000000,-5.261506165548,-301.462097167969,0.200000000000,
0.000000000000,-5.261506165548,-301.462097167969,0.200000000000,
0.000000000000,-5.261362354849,-301.453857421876,0.200000000000,
0.000000000000,-5.261170607251,-301.442871093751,0.200000000000,
0.000000000000,-5.260882985853,-301.426391601563,0.200000000000,
0.000000000000,-5.260691238255,-301.415405273438,0.200000000000,
0.000000000000,-5.260499490656,-301.404418945313,0.200000000000,
0.000000000000,-5.260499490656,-301.404418945313,0.200000000000,
0.000000000000,-5.260355679957,-301.396179199219,0.200000000000,
0.000000000000,-5.260068058559,-301.379699707032,0.200000000000,
0.000000000000,-5.259876310961,-301.368713378907,0.200000000000,
0.000000000000,-5.259684563363,-301.357727050782,0.200000000000,
0.000000000000,-5.259492815764,-301.346740722657,0.200000000000,
0.000000000000,-5.259492815764,-301.346740722657,0.200000000000,
0.000000000000,-5.259349005065,-301.338500976563,0.200000000000,
0.000000000000,-5.259061383667,-301.322021484376,0.200000000000,
0.000000000000,-5.258917572969,-301.313781738282,0.200000000000,
0.000000000000,-5.258725825370,-301.302795410157,0.200000000000,
0.000000000000,-5.258534077772,-301.291809082032,0.200000000000,
0.000000000000,-5.258534077772,-301.291809082032,0.200000000000,
0.000000000000,-5.258246456374,-301.275329589844,0.200000000000,
0.000000000000,-5.258102645675,-301.267089843751,0.200000000000,
0.000000000000,-5.257910898077,-301.256103515626,0.200000000000,
0.000000000000,-5.257719150478,-301.245117187501,0.200000000000,
0.000000000000,-5.257431529080,-301.228637695313,0.200000000000,
0.000000000000,-5.257431529080,-301.228637695313,0.200000000000,
0.000000000000,-5.257239781482,-301.217651367188,0.200000000000,
0.000000000000,-5.257095970783,-301.209411621094,0.200000000000,
0.000000000000,-5.256808349385,-301.192932128907,0.200000000000,
0.000000000000,-5.256616601787,-301.181945800782,0.200000000000,
0.000000000000,-5.256472791088,-301.173706054688,0.200000000000,
0.000000000000,-5.256472791088,-301.173706054688,0.200000000000,
0.000000000000,-5.256281043489,-301.162719726563,0.200000000000,
0.000000000000,-5.256041358991,-301.148986816407,0.200000000000,
0.000000000000,-5.255801674493,-301.135253906251,0.200000000000,
0.000000000000,-5.255657863794,-301.127014160157,0.200000000000,
0.000000000000,-5.255370242397,-301.110534667969,0.200000000000,
0.000000000000,-5.255370242397,-301.110534667969,0.200000000000,
0.000000000000,-5.255178494798,-301.099548339844,0.200000000000,
0.000000000000,-5.254986747200,-301.088562011719,0.200000000000,
0.000000000000,-5.254842936501,-301.080322265626,0.200000000000,
0.000000000000,-5.254651188902,-301.069335937501,0.200000000000,
0.000000000000,-5.254363567505,-301.052856445313,0.200000000000,
0.000000000000,-5.254363567505,-301.052856445313,0.200000000000,
0.000000000000,-5.254171819906,-301.041870117188,0.200000000000,
0.000000000000,-5.254028009207,-301.033630371094,0.200000000000,
0.000000000000,-5.253836261609,-301.022644042969,0.200000000000,
0.000000000000,-5.253548640211,-301.006164550782,0.200000000000,
0.000000000000,-5.253356892612,-300.995178222657,0.200000000000,
0.000000000000,-5.253356892612,-300.995178222657,0.200000000000,
0.000000000000,-5.253213081914,-300.986938476563,0.200000000000,
0.000000000000,-5.252925460516,-300.970458984376,0.200000000000,
0.000000000000,-5.252829586717,-300.964965820313,0.200000000000,
0.000000000000,-5.252589902219,-300.951232910157,0.200000000000,
0.000000000000,-5.252350217720,-300.937500000001,0.200000000000,
0.000000000000,-5.252350217720,-300.937500000001,0.200000000000,
0.000000000000,-5.252158470122,-300.926513671876,0.200000000000,
0.000000000000,-5.252014659423,-300.918273925782,0.200000000000,
0.000000000000,-5.251822911825,-300.907287597657,0.200000000000,
0.000000000000,-5.251631164226,-300.896301269532,0.200000000000,
0.000000000000,-5.251439416628,-300.885314941407,0.200000000000,
0.000000000000,-5.251439416628,-300.885314941407,0.200000000000,
0.000000000000,-5.251151795230,-300.868835449219,0.200000000000,
0.000000000000,-5.250960047631,-300.857849121094,0.200000000000,
0.000000000000,-5.250816236933,-300.849609375001,0.200000000000,
0.000000000000,-5.250624489334,-300.838623046876,0.200000000000,
0.000000000000,-5.250336867936,-300.822143554688,0.200000000000,
0.000000000000,-5.250336867936,-300.822143554688,0.200000000000,
0.000000000000,-5.250145120338,-300.811157226563,0.200000000000,
0.000000000000,-5.250001309639,-300.802917480469,0.200000000000,
0.000000000000,-5.249809562041,-300.791931152344,0.200000000000,
0.000000000000,-5.249617814442,-300.780944824219,0.200000000000,
0.000000000000,-5.249426066844,-300.769958496094,0.200000000000,
0.000000000000,-5.249426066844,-300.769958496094,0.200000000000,
0.000000000000,-5.249234319245,-300.758972167969,0.200000000000,
0.000000000000,-5.248946697847,-300.742492675782,0.200000000000,
0.000000000000,-5.248754950249,-300.731506347657,0.200000000000,
0.000000000000,-5.248659076450,-300.726013183594,0.200000000000,
0.000000000000,-5.248467328851,-300.715026855469,0.200000000000,
0.000000000000,-5.248467328851,-300.715026855469,0.200000000000,
0.000000000000,-5.248275581253,-300.704040527344,0.200000000000,
0.000000000000,-5.247987959855,-300.687561035157,0.200000000000,
0.000000000000,-5.247796212256,-300.676574707032,0.200000000000,
0.000000000000,-5.247652401558,-300.668334960938,0.200000000000,
0.000000000000,-5.247460653959,-300.657348632813,0.200000000000,
0.000000000000,-5.247460653959,-300.657348632813,0.200000000000,
0.000000000000,-5.247220969461,-300.643615722657,0.200000000000,
0.000000000000,-5.247029221862,-300.632629394532,0.200000000000,
0.000000000000,-5.246885411164,-300.624389648438,0.200000000000,
0.000000000000,-5.246645726665,-300.610656738282,0.200000000000,
0.000000000000,-5.246453979067,-300.599670410157,0.200000000000,
0.000000000000,-5.246453979067,-300.599670410157,0.200000000000,
0.000000000000,-5.246310168368,-300.591430664063,0.200000000000,
0.000000000000,-5.246070483870,-300.577697753907,0.200000000000,
0.000000000000,-5.245926673171,-300.569458007813,0.200000000000,
0.000000000000,-5.245734925573,-300.558471679688,0.200000000000,
0.000000000000,-5.245447304175,-300.541992187501,0.200000000000,
0.000000000000,-5.245447304175,-300.541992187501,0.200000000000,
0.000000000000,-5.245255556576,-300.531005859376,0.200000000000,
0.000000000000,-5.245111745878,-300.522766113282,0.200000000000,
0.000000000000,-5.244919998279,-300.511779785157,0.200000000000,
0.000000000000,-5.244728250681,-300.500793457032,0.200000000000,
0.000000000000,-5.244440629283,-300.484313964844,0.200000000000,
0.000000000000,-5.244440629283,-300.484313964844,0.200000000000,
0.000000000000,-5.244248881684,-300.473327636719,0.200000000000,
0.000000000000,-5.244057134086,-300.462341308594,0.200000000000,
0.000000000000,-5.243913323387,-300.454101562501,0.200000000000,
0.000000000000,-5.243721575789,-300.443115234376,0.200000000000,
0.000000000000,-5.243529828190,-300.432128906251,0.200000000000,
0.000000000000,-5.243529828190,-300.432128906251,0.200000000000,
0.000000000000,-5.243338080592,-300.421142578126,0.200000000000,
0.000000000000,-5.243146332993,-300.410156250001,0.200000000000,
0.000000000000,-5.242858711595,-300.393676757813,0.200000000000,
0.000000000000,-5.242714900897,-300.385437011719,0.200000000000,
0.000000000000,-5.242475216398,-300.371704101563,0.200000000000,
0.000000000000,-5.242475216398,-300.371704101563,0.200000000000,
0.000000000000,-5.242331405700,-300.363464355469,0.200000000000,
0.000000000000,-5.242139658101,-300.352478027344,0.200000000000,
0.000000000000,-5.241947910503,-300.341491699219,0.200000000000,
0.000000000000,-5.241756162904,-300.330505371094,0.200000000000,
0.000000000000,-5.241564415306,-300.319519042969,0.200000000000,
0.000000000000,-5.241564415306,-300.319519042969,0.200000000000,
0.000000000000,-5.241372667707,-300.308532714844,0.200000000000,
0.000000000000,-5.241085046309,-300.292053222657,0.200000000000,
0.000000000000,-5.240941235611,-300.283813476563,0.200000000000,
0.000000000000,-5.240749488012,-300.272827148438,0.200000000000,
0.000000000000,-5.240557740414,-300.261840820313,0.200000000000,
0.000000000000,-5.240557740414,-300.261840820313,0.200000000000,
0.000000000000,-5.240365992815,-300.250854492188,0.200000000000,
0.000000000000,-5.240174245217,-300.239868164063,0.200000000000,
0.000000000000,-5.239982497618,-300.228881835938,0.200000000000,
0.000000000000,-5.239790750020,-300.217895507813,0.200000000000,
0.000000000000,-5.239503128622,-300.201416015626,0.200000000000,
0.000000000000,-5.239503128622,-300.201416015626,0.200000000000,
0.000000000000,-5.239311381023,-300.190429687501,0.200000000000,
0.000000000000,-5.239167570325,-300.182189941407,0.200000000000,
0.000000000000,-5.238975822726,-300.171203613282,0.200000000000,
0.000000000000,-5.238784075128,-300.160217285157,0.200000000000,
0.000000000000,-5.238496453730,-300.143737792969,0.200000000000,
0.000000000000,-5.238496453730,-300.143737792969,0.200000000000,
0.000000000000,-5.238304706131,-300.132751464844,0.200000000000,
0.000000000000,-5.238112958533,-300.121765136719,0.200000000000,
0.000000000000,-5.237969147834,-300.113525390626,0.200000000000,
0.000000000000,-5.237777400236,-300.102539062501,0.200000000000,
0.000000000000,-5.237585652637,-300.091552734376,0.200000000000,
0.000000000000,-5.237585652637,-300.091552734376,0.200000000000,
0.000000000000,-5.237345968139,-300.077819824219,0.200000000000,
0.000000000000,-5.237154220540,-300.066833496094,0.200000000000,
0.000000000000,-5.236962472942,-300.055847167969,0.200000000000,
0.000000000000,-5.236674851544,-300.039367675782,0.200000000000,
0.000000000000,-5.236483103946,-300.028381347657,0.200000000000,
0.000000000000,-5.236483103946,-300.028381347657,0.200000000000,
0.000000000000,-5.236339293247,-300.020141601563,0.200000000000,
0.000000000000,-5.236051671849,-300.003662109376,0.200000000000,
0.000000000000,-5.235859924251,-299.992675781251,0.200000000000,
0.000000000000,-5.235716113552,-299.984436035157,0.200000000000,
0.000000000000,-5.235524365953,-299.973449707032,0.200000000000,
0.000000000000,-5.235524365953,-299.973449707032,0.200000000000,
0.000000000000,-5.235236744556,-299.956970214844,0.200000000000,
0.000000000000,-5.235044996957,-299.945983886719,0.200000000000,
0.000000000000,-5.234901186258,-299.937744140626,0.200000000000,
0.000000000000,-5.234613564861,-299.921264648438,0.200000000000,
0.000000000000,-5.234469754162,-299.913024902344,0.200000000000,
0.000000000000,-5.234469754162,-299.913024902344,0.200000000000,
0.000000000000,-5.234278006563,-299.902038574219,0.200000000000,
0.000000000000,-5.234086258965,-299.891052246094,0.200000000000,
0.000000000000,-5.233798637567,-299.874572753907,0.200000000000,
0.000000000000,-5.233654826868,-299.866333007813,0.200000000000,
0.000000000000,-5.233463079270,-299.855346679688,0.200000000000,
0.000000000000,-5.233463079270,-299.855346679688,0.200000000000,
0.000000000000,-5.233271331671,-299.844360351563,0.200000000000,
0.000000000000,-5.233031647173,-299.830627441407,0.200000000000,
0.000000000000,-5.232744025775,-299.814147949219,0.200000000000,
0.000000000000,-5.232600215076,-299.805908203126,0.200000000000,
0.000000000000,-5.232408467478,-299.794921875001,0.200000000000,
0.000000000000,-5.232408467478,-299.794921875001,0.200000000000,
0.000000000000,-5.232120846080,-299.778442382813,0.200000000000,
0.000000000000,-5.231929098482,-299.767456054688,0.200000000000,
0.000000000000,-5.231785287783,-299.759216308594,0.200000000000,
0.000000000000,-5.231497666385,-299.742736816407,0.200000000000,
0.000000000000,-5.231353855686,-299.734497070313,0.200000000000,
0.000000000000,-5.231353855686,-299.734497070313,0.200000000000,
0.000000000000,-5.231162108088,-299.723510742188,0.200000000000,
0.000000000000,-5.230874486690,-299.707031250001,0.200000000000,
0.000000000000,-5.230682739092,-299.696044921876,0.200000000000,
0.000000000000,-5.230538928393,-299.687805175782,0.200000000000,
0.000000000000,-5.230299243895,-299.674072265626,0.200000000000,
0.000000000000,-5.230299243895,-299.674072265626,0.200000000000,
0.000000000000,-5.230107496296,-299.663085937501,0.200000000000,
0.000000000000,-5.229819874898,-299.646606445313,0.200000000000,
0.000000000000,-5.229628127300,-299.635620117188,0.200000000000,
0.000000000000,-5.229484316601,-299.627380371094,0.200000000000,
0.000000000000,-5.229244632103,-299.613647460938,0.200000000000,
0.000000000000,-5.229244632103,-299.613647460938,0.200000000000,
0.000000000000,-5.229052884504,-299.602661132813,0.200000000000,
0.000000000000,-5.228765263107,-299.586181640626,0.200000000000,
0.000000000000,-5.228621452408,-299.577941894532,0.200000000000,
0.000000000000,-5.228429704809,-299.566955566407,0.200000000000,
0.000000000000,-5.228142083412,-299.550476074219,0.200000000000,
0.000000000000,-5.228142083412,-299.550476074219,0.200000000000,
0.000000000000,-5.227950335813,-299.539489746094,0.200000000000,
0.000000000000,-5.227806525114,-299.531250000001,0.200000000000,
0.000000000000,-5.227614777516,-299.520263671876,0.200000000000,
0.000000000000,-5.227423029917,-299.509277343751,0.200000000000,
0.000000000000,-5.227183345419,-299.495544433594,0.200000000000,
0.000000000000,-5.227183345419,-299.495544433594,0.200000000000,
0.000000000000,-5.226991597821,-299.484558105469,0.200000000000,
0.000000000000,-5.226799850222,-299.473571777344,0.200000000000,
0.000000000000,-5.226512228824,-299.457092285157,0.200000000000,
0.000000000000,-5.226416355025,-299.451599121094,0.200000000000,
0.000000000000,-5.226128733628,-299.435119628907,0.200000000000,
0.000000000000,-5.226128733628,-299.435119628907,0.200000000000,
0.000000000000,-5.225984922929,-299.426879882813,0.200000000000,
0.000000000000,-5.225793175330,-299.415893554688,0.200000000000,
0.000000000000,-5.225505553932,-299.399414062501,0.200000000000,
0.000000000000,-5.225361743234,-299.391174316407,0.200000000000,
0.000000000000,-5.225169995635,-299.380187988282,0.200000000000,
0.000000000000,-5.225169995635,-299.380187988282,0.200000000000,
0.000000000000,-5.224978248037,-299.369201660157,0.200000000000,
0.000000000000,-5.224690626639,-299.352722167969,0.200000000000,
0.000000000000,-5.224498879040,-299.341735839844,0.200000000000,
0.000000000000,-5.224355068342,-299.333496093751,0.200000000000,
0.000000000000,-5.224163320743,-299.322509765626,0.200000000000,
0.000000000000,-5.224163320743,-299.322509765626,0.200000000000,
0.000000000000,-5.223875699345,-299.306030273438,0.200000000000,
0.000000000000,-5.223779825546,-299.300537109376,0.200000000000,
0.000000000000,-5.223492204148,-299.284057617188,0.200000000000,
0.000000000000,-5.223348393449,-299.275817871094,0.200000000000,
0.000000000000,-5.223156645851,-299.264831542969,0.200000000000,
0.000000000000,-5.223156645851,-299.264831542969,0.200000000000,
0.000000000000,-5.222916961353,-299.251098632813,0.200000000000,
0.000000000000,-5.222773150654,-299.242858886719,0.200000000000,
0.000000000000,-5.222581403056,-299.231872558594,0.200000000000,
0.000000000000,-5.222389655457,-299.220886230469,0.200000000000,
0.000000000000,-5.222197907859,-299.209899902344,0.200000000000,
0.000000000000,-5.222197907859,-299.209899902344,0.200000000000,
0.000000000000,-5.221910286461,-299.193420410157,0.200000000000,
0.000000000000,-5.221718538862,-299.182434082032,0.200000000000,
0.000000000000,-5.221574728163,-299.174194335938,0.200000000000,
0.000000000000,-5.221335043665,-299.160461425782,0.200000000000,
0.000000000000,-5.221191232967,-299.152221679688,0.200000000000,
0.000000000000,-5.221191232967,-299.152221679688,0.200000000000,
0.000000000000,-5.220999485368,-299.141235351563,0.200000000000,
0.000000000000,-5.220807737770,-299.130249023438,0.200000000000,
0.000000000000,-5.220615990171,-299.119262695313,0.200000000000,
0.000000000000,-5.220424242573,-299.108276367188,0.200000000000,
0.000000000000,-5.220136621175,-299.091796875001,0.200000000000,
0.000000000000,-5.220136621175,-299.091796875001,0.200000000000,
0.000000000000,-5.220040747376,-299.086303710938,0.200000000000,
0.000000000000,-5.219753125978,-299.069824218751,0.200000000000,
0.000000000000,-5.219561378379,-299.058837890626,0.200000000000,
0.000000000000,-5.219369630781,-299.047851562501,0.200000000000,
0.000000000000,-5.219225820082,-299.039611816407,0.200000000000,
0.000000000000,-5.219225820082,-299.039611816407,0.200000000000,
0.000000000000,-5.219034072484,-299.028625488282,0.200000000000,
0.000000000000,-5.218842324885,-299.017639160157,0.200000000000,
0.000000000000,-5.218554703487,-299.001159667969,0.200000000000,
0.000000000000,-5.218362955889,-298.990173339844,0.200000000000,
0.000000000000,-5.218219145190,-298.981933593751,0.200000000000,
0.000000000000,-5.218219145190,-298.981933593751,0.200000000000,
0.000000000000,-5.218027397592,-298.970947265626,0.200000000000,
0.000000000000,-5.217835649993,-298.959960937501,0.200000000000,
0.000000000000,-5.217643902395,-298.948974609376,0.200000000000,
0.000000000000,-5.217356280997,-298.932495117188,0.200000000000,
0.000000000000,-5.217212470298,-298.924255371094,0.200000000000,
0.000000000000,-5.217212470298,-298.924255371094,0.200000000000,
0.000000000000,-5.217020722699,-298.913269042969,0.200000000000,
0.000000000000,-5.216828975101,-298.902282714844,0.200000000000,
0.000000000000,-5.216637227502,-298.891296386719,0.200000000000,
0.000000000000,-5.216349606105,-298.874816894532,0.200000000000,
0.000000000000,-5.216157858506,-298.863830566407,0.200000000000,
0.000000000000,-5.216157858506,-298.863830566407,0.200000000000,
0.000000000000,-5.215966110908,-298.852844238282,0.200000000000,
0.000000000000,-5.215822300209,-298.844604492188,0.200000000000,
0.000000000000,-5.215582615711,-298.830871582032,0.200000000000,
0.000000000000,-5.215438805012,-298.822631835938,0.200000000000,
0.000000000000,-5.215247057413,-298.811645507813,0.200000000000,
0.000000000000,-5.215247057413,-298.811645507813,0.200000000000,
0.000000000000,-5.215055309815,-298.800659179688,0.200000000000,
0.000000000000,-5.214815625317,-298.786926269532,0.200000000000,
0.000000000000,-5.214671814618,-298.778686523438,0.200000000000,
0.000000000000,-5.214480067020,-298.767700195313,0.200000000000,
0.000000000000,-5.214288319421,-298.756713867188,0.200000000000,
0.000000000000,-5.214288319421,-298.756713867188,0.200000000000,
0.000000000000,-5.214096571823,-298.745727539063,0.200000000000,
0.000000000000,-5.213904824224,-298.734741210938,0.200000000000,
0.000000000000,-5.213713076626,-298.723754882813,0.200000000000,
0.000000000000,-5.213425455228,-298.707275390626,0.200000000000,
0.000000000000,-5.213233707629,-298.696289062501,0.200000000000,
0.000000000000,-5.213233707629,-298.696289062501,0.200000000000,
0.000000000000,-5.213089896930,-298.688049316407,0.200000000000,
0.000000000000,-5.212898149332,-298.677062988282,0.200000000000,
0.000000000000,-5.212706401734,-298.666076660157,0.200000000000,
0.000000000000,-5.212466717235,-298.652343750001,0.200000000000,
0.000000000000,-5.212322906537,-298.644104003907,0.200000000000,
0.000000000000,-5.212322906537,-298.644104003907,0.200000000000,
0.000000000000,-5.212131158938,-298.633117675782,0.200000000000,
0.000000000000,-5.211939411340,-298.622131347657,0.200000000000,
0.000000000000,-5.211747663741,-298.611145019532,0.200000000000,
0.000000000000,-5.211460042343,-298.594665527344,0.200000000000,
0.000000000000,-5.211268294745,-298.583679199219,0.200000000000,
0.000000000000,-5.211268294745,-298.583679199219,0.200000000000,
0.000000000000,-5.211124484046,-298.575439453126,0.200000000000,
0.000000000000,-5.210932736448,-298.564453125001,0.200000000000,
0.000000000000,-5.210740988849,-298.553466796876,0.200000000000,
0.000000000000,-5.210453367451,-298.536987304688,0.200000000000,
0.000000000000,-5.210261619853,-298.526000976563,0.200000000000,
0.000000000000,-5.210261619853,-298.526000976563,0.200000000000,
0.000000000000,-5.210117809154,-298.517761230469,0.200000000000,
0.000000000000,-5.209878124656,-298.504028320313,0.200000000000,
0.000000000000,-5.209734313957,-298.495788574219,0.200000000000,
0.000000000000,-5.209542566359,-298.484802246094,0.200000000000,
0.000000000000,-5.209254944961,-298.468322753907,0.200000000000,
0.000000000000,-5.209254944961,-298.468322753907,0.200000000000,
0.000000000000,-5.209063197362,-298.457336425782,0.200000000000,
0.000000000000,-5.208919386663,-298.449096679688,0.200000000000,
0.000000000000,-5.208631765266,-298.432617187501,0.200000000000,
0.000000000000,-5.208535891466,-298.427124023438,0.200000000000,
0.000000000000,-5.208248270069,-298.410644531251,0.200000000000,
0.000000000000,-5.208248270069,-298.410644531251,0.200000000000,
0.000000000000,-5.208104459370,-298.402404785157,0.200000000000,
0.000000000000,-5.207912711771,-298.391418457032,0.200000000000,
0.000000000000,-5.207625090374,-298.374938964844,0.200000000000,
0.000000000000,-5.207433342775,-298.363952636719,0.200000000000,
0.000000000000,-5.207241595177,-298.352966308594,0.200000000000,
0.000000000000,-5.207241595177,-298.352966308594,0.200000000000,
0.000000000000,-5.207097784478,-298.344726562501,0.200000000000,
0.000000000000,-5.206906036879,-298.333740234376,0.200000000000,
0.000000000000,-5.206618415482,-298.317260742188,0.200000000000,
0.000000000000,-5.206426667883,-298.306274414063,0.200000000000,
0.000000000000,-5.206282857184,-298.298034667969,0.200000000000,
0.000000000000,-5.206282857184,-298.298034667969,0.200000000000,
0.000000000000,-5.205995235787,-298.281555175782,0.200000000000,
0.000000000000,-5.205851425088,-298.273315429688,0.200000000000,
0.000000000000,-5.205659677489,-298.262329101563,0.200000000000,
0.000000000000,-5.205372056091,-298.245849609376,0.200000000000,
0.000000000000,-5.205228245393,-298.237609863282,0.200000000000,
0.000000000000,-5.205228245393,-298.237609863282,0.200000000000,
0.000000000000,-5.205036497794,-298.226623535157,0.200000000000,
0.000000000000,-5.204844750196,-298.215637207032,0.200000000000,
0.000000000000,-5.204653002597,-298.204650878907,0.200000000000,
0.000000000000,-5.204365381199,-298.188171386719,0.200000000000,
0.000000000000,-5.204221570501,-298.179931640626,0.200000000000,
0.000000000000,-5.204221570501,-298.179931640626,0.200000000000,
0.000000000000,-5.204029822902,-298.168945312501,0.200000000000,
0.000000000000,-5.203742201504,-298.152465820313,0.200000000000,
0.000000000000,-5.203598390805,-298.144226074219,0.200000000000,
0.000000000000,-5.203406643207,-298.133239746094,0.200000000000,
0.000000000000,-5.203214895608,-298.122253417969,0.200000000000,
0.000000000000,-5.203214895608,-298.122253417969,0.200000000000,
0.000000000000,-5.202927274211,-298.105773925782,0.200000000000,
0.000000000000,-5.202783463512,-298.097534179688,0.200000000000,
0.000000000000,-5.202591715913,-298.086547851563,0.200000000000,
0.000000000000,-5.202304094516,-298.070068359376,0.200000000000,
0.000000000000,-5.202208220716,-298.064575195313,0.200000000000,
0.000000000000,-5.202208220716,-298.064575195313,0.200000000000,
0.000000000000,-5.201920599319,-298.048095703126,0.200000000000,
0.000000000000,-5.201776788620,-298.039855957032,0.200000000000,
0.000000000000,-5.201489167222,-298.023376464844,0.200000000000,
0.000000000000,-5.201393293423,-298.017883300782,0.200000000000,
0.000000000000,-5.201105672025,-298.001403808594,0.200000000000,
0.000000000000,-5.201105672025,-298.001403808594,0.200000000000,
0.000000000000,-5.200961861326,-297.993164062501,0.200000000000,
0.000000000000,-5.200770113728,-297.982177734376,0.200000000000,
0.000000000000,-5.200578366129,-297.971191406251,0.200000000000,
0.000000000000,-5.200386618531,-297.960205078126,0.200000000000,
0.000000000000,-5.200098997133,-297.943725585938,0.200000000000,
0.000000000000,-5.200098997133,-297.943725585938,0.200000000000,
0.000000000000,-5.199955186434,-297.935485839844,0.200000000000,
0.000000000000,-5.199763438836,-297.924499511719,0.200000000000,
0.000000000000,-5.199571691237,-297.913513183594,0.200000000000,
0.000000000000,-5.199379943639,-297.902526855469,0.200000000000,
0.000000000000,-5.199188196040,-297.891540527344,0.200000000000,
0.000000000000,-5.199188196040,-297.891540527344,0.200000000000,
0.000000000000,-5.198900574643,-297.875061035157,0.200000000000,
0.000000000000,-5.198708827044,-297.864074707032,0.200000000000,
0.000000000000,-5.198565016345,-297.855834960938,0.200000000000,
0.000000000000,-5.198373268747,-297.844848632813,0.200000000000,
0.000000000000,-5.198181521148,-297.833862304688,0.200000000000,
0.000000000000,-5.198181521148,-297.833862304688,0.200000000000,
0.000000000000,-5.197989773550,-297.822875976563,0.200000000000,
0.000000000000,-5.197798025951,-297.811889648438,0.200000000000,
0.000000000000,-5.197510404554,-297.795410156251,0.200000000000,
0.000000000000,-5.197318656955,-297.784423828126,0.200000000000,
0.000000000000,-5.197126909357,-297.773437500001,0.200000000000,
0.000000000000,-5.197126909357,-297.773437500001,0.200000000000,
0.000000000000,-5.196983098658,-297.765197753907,0.200000000000,
0.000000000000,-5.196791351059,-297.754211425782,0.200000000000,
0.000000000000,-5.196503729661,-297.737731933594,0.200000000000,
0.000000000000,-5.196407855862,-297.732238769532,0.200000000000,
0.000000000000,-5.196216108264,-297.721252441407,0.200000000000,
0.000000000000,-5.196216108264,-297.721252441407,0.200000000000,
0.000000000000,-5.196024360665,-297.710266113282,0.200000000000,
0.000000000000,-5.195736739268,-297.693786621094,0.200000000000,
0.000000000000,-5.195592928569,-297.685546875001,0.200000000000,
0.000000000000,-5.195401180970,-297.674560546876,0.200000000000,
0.000000000000,-5.195209433372,-297.663574218751,0.200000000000,
0.000000000000,-5.195209433372,-297.663574218751,0.200000000000,
0.000000000000,-5.195017685773,-297.652587890626,0.200000000000,
0.000000000000,-5.194825938175,-297.641601562501,0.200000000000,
0.000000000000,-5.194634190576,-297.630615234376,0.200000000000,
0.000000000000,-5.194394506078,-297.616882324219,0.200000000000,
0.000000000000,-5.194250695379,-297.608642578126,0.200000000000,
0.000000000000,-5.194250695379,-297.608642578126,0.200000000000,
0.000000000000,-5.194058947781,-297.597656250001,0.200000000000,
0.000000000000,-5.193867200182,-297.586669921876,0.200000000000,
0.000000000000,-5.193675452584,-297.575683593751,0.200000000000,
0.000000000000,-5.193387831186,-297.559204101563,0.200000000000,
0.000000000000,-5.193196083588,-297.548217773438,0.200000000000,
0.000000000000,-5.193196083588,-297.548217773438,0.200000000000,
0.000000000000,-5.193004335989,-297.537231445313,0.200000000000,
0.000000000000,-5.192812588391,-297.526245117188,0.200000000000,
0.000000000000,-5.192620840792,-297.515258789063,0.200000000000,
0.000000000000,-5.192477030093,-297.507019042969,0.200000000000,
0.000000000000,-5.192285282495,-297.496032714844,0.200000000000,
0.000000000000,-5.192285282495,-297.496032714844,0.200000000000,
0.000000000000,-5.191997661097,-297.479553222657,0.200000000000,
0.000000000000,-5.191901787298,-297.474060058594,0.200000000000,
0.000000000000,-5.191614165900,-297.457580566407,0.200000000000,
0.000000000000,-5.191470355201,-297.449340820313,0.200000000000,
0.000000000000,-5.191374481402,-297.443847656251,0.200000000000,
0.000000000000,-5.191374481402,-297.443847656251,0.200000000000,
0.000000000000,-5.191086860004,-297.427368164063,0.200000000000,
0.000000000000,-5.190895112406,-297.416381835938,0.200000000000,
0.000000000000,-5.190703364807,-297.405395507813,0.200000000000,
0.000000000000,-5.190415743410,-297.388916015626,0.200000000000,
0.000000000000,-5.190223995811,-297.377929687501,0.200000000000,
0.000000000000,-5.190223995811,-297.377929687501,0.200000000000,
0.000000000000,-5.190080185112,-297.369689941407,0.200000000000,
0.000000000000,-5.189888437514,-297.358703613282,0.200000000000,
0.000000000000,-5.189696689915,-297.347717285157,0.200000000000,
0.000000000000,-5.189504942317,-297.336730957032,0.200000000000,
0.000000000000,-5.189313194718,-297.325744628907,0.200000000000,
0.000000000000,-5.189313194718,-297.325744628907,0.200000000000,
0.000000000000,-5.189121447120,-297.314758300782,0.200000000000,
0.000000000000,-5.188833825722,-297.298278808594,0.200000000000,
0.000000000000,-5.188642078124,-297.287292480469,0.200000000000,
0.000000000000,-5.188546204324,-297.281799316407,0.200000000000,
0.000000000000,-5.188354456726,-297.270812988282,0.200000000000,
0.000000000000,-5.188354456726,-297.270812988282,0.200000000000,
0.000000000000,-5.188066835328,-297.254333496094,0.200000000000,
0.000000000000,-5.187923024629,-297.246093750001,0.200000000000,
0.000000000000,-5.187731277031,-297.235107421876,0.200000000000,
0.000000000000,-5.187539529432,-297.224121093751,0.200000000000,
0.000000000000,-5.187251908035,-297.207641601563,0.200000000000,
0.000000000000,-5.187251908035,-297.207641601563,0.200000000000,
0.000000000000,-5.187156034235,-297.202148437501,0.200000000000,
0.000000000000,-5.186868412838,-297.185668945313,0.200000000000,
0.000000000000,-5.186676665239,-297.174682617188,0.200000000000,
0.000000000000,-5.186532854540,-297.166442871094,0.200000000000,
0.000000000000,-5.186341106942,-297.155456542969,0.200000000000,
0.000000000000,-5.186341106942,-297.155456542969,0.200000000000,
0.000000000000,-5.186053485544,-297.138977050782,0.200000000000,
0.000000000000,-5.185861737946,-297.127990722657,0.200000000000,
0.000000000000,-5.185669990347,-297.117004394532,0.200000000000,
0.000000000000,-5.185526179648,-297.108764648438,0.200000000000,
0.000000000000,-5.185334432050,-297.097778320313,0.200000000000,
0.000000000000,-5.185334432050,-297.097778320313,0.200000000000,
0.000000000000,-5.185046810652,-297.081298828126,0.200000000000,
0.000000000000,-5.184855063053,-297.070312500001,0.200000000000,
0.000000000000,-5.184663315455,-297.059326171876,0.200000000000,
0.000000000000,-5.184519504756,-297.051086425782,0.200000000000,
0.000000000000,-5.184327757158,-297.040100097657,0.200000000000,
0.000000000000,-5.184327757158,-297.040100097657,0.200000000000,
0.000000000000,-5.184040135760,-297.023620605469,0.200000000000,
0.000000000000,-5.183848388161,-297.012634277344,0.200000000000,
0.000000000000,-5.183656640563,-297.001647949219,0.200000000000,
0.000000000000,-5.183512829864,-296.993408203126,0.200000000000,
0.000000000000,-5.183321082266,-296.982421875001,0.200000000000,
0.000000000000,-5.183321082266,-296.982421875001,0.200000000000,
0.000000000000,-5.183033460868,-296.965942382813,0.200000000000,
0.000000000000,-5.182889650169,-296.957702636719,0.200000000000,
0.000000000000,-5.182697902571,-296.946716308594,0.200000000000,
0.000000000000,-5.182506154972,-296.935729980469,0.200000000000,
0.000000000000,-5.182218533574,-296.919250488282,0.200000000000,
0.000000000000,-5.182218533574,-296.919250488282,0.200000000000,
0.000000000000,-5.182074722875,-296.911010742188,0.200000000000,
0.000000000000,-5.181882975277,-296.900024414063,0.200000000000,
0.000000000000,-5.181595353879,-296.883544921876,0.200000000000,
0.000000000000,-5.181451543180,-296.875305175782,0.200000000000,
0.000000000000,-5.181259795582,-296.864318847657,0.200000000000,
0.000000000000,-5.181259795582,-296.864318847657,0.200000000000,
0.000000000000,-5.181068047983,-296.853332519532,0.200000000000,
0.000000000000,-5.180780426586,-296.836853027344,0.200000000000,
0.000000000000,-5.180636615887,-296.828613281251,0.200000000000,
0.000000000000,-5.180444868288,-296.817626953126,0.200000000000,
0.000000000000,-5.180157246891,-296.801147460938,0.200000000000,
0.000000000000,-5.180157246891,-296.801147460938,0.200000000000,
0.000000000000,-5.180013436192,-296.792907714844,0.200000000000,
0.000000000000,-5.179821688593,-296.781921386719,0.200000000000,
0.000000000000,-5.179534067196,-296.765441894532,0.200000000000,
0.000000000000,-5.179390256497,-296.757202148438,0.200000000000,
0.000000000000,-5.179102635099,-296.740722656251,0.200000000000,
0.000000000000,-5.179102635099,-296.740722656251,0.200000000000,
0.000000000000,-5.178910887500,-296.729736328126,0.200000000000,
0.000000000000,-5.178767076802,-296.721496582032,0.200000000000,
0.000000000000,-5.178479455404,-296.705017089844,0.200000000000,
0.000000000000,-5.178287707805,-296.694030761719,0.200000000000,
0.000000000000,-5.178143897106,-296.685791015626,0.200000000000,
0.000000000000,-5.178143897106,-296.685791015626,0.200000000000,
0.000000000000,-5.177856275709,-296.669311523438,0.200000000000,
0.000000000000,-5.177712465010,-296.661071777344,0.200000000000,
0.000000000000,-5.177520717411,-296.650085449219,0.200000000000,
0.000000000000,-5.177233096014,-296.633605957032,0.200000000000,
0.000000000000,-5.177089285315,-296.625366210938,0.200000000000,
0.000000000000,-5.177089285315,-296.625366210938,0.200000000000,
0.000000000000,-5.176897537716,-296.614379882813,0.200000000000,
0.000000000000,-5.176609916319,-296.597900390626,0.200000000000,
0.000000000000,-5.176466105620,-296.589660644532,0.200000000000,
0.000000000000,-5.176274358021,-296.578674316407,0.200000000000,
0.000000000000,-5.175986736624,-296.562194824219,0.200000000000,
0.000000000000,-5.175986736624,-296.562194824219,0.200000000000,
0.000000000000,-5.175794989025,-296.551208496094,0.200000000000,
0.000000000000,-5.175651178326,-296.542968750001,0.200000000000,
0.000000000000,-5.175459430728,-296.531982421876,0.200000000000,
0.000000000000,-5.175171809330,-296.515502929688,0.200000000000,
0.000000000000,-5.175027998631,-296.507263183594,0.200000000000,
0.000000000000,-5.175027998631,-296.507263183594,0.200000000000,
0.000000000000,-5.174836251033,-296.496276855469,0.200000000000,
0.000000000000,-5.174644503434,-296.485290527344,0.200000000000,
0.000000000000,-5.174356882036,-296.468811035157,0.200000000000,
0.000000000000,-5.174213071338,-296.460571289063,0.200000000000,
0.000000000000,-5.174021323739,-296.449584960938,0.200000000000,
0.000000000000,-5.174021323739,-296.449584960938,0.200000000000,
0.000000000000,-5.173829576141,-296.438598632813,0.200000000000,
0.000000000000,-5.173637828542,-296.427612304688,0.200000000000,
0.000000000000,-5.173350207144,-296.411132812501,0.200000000000,
0.000000000000,-5.173206396445,-296.402893066407,0.200000000000,
0.000000000000,-5.173014648847,-296.391906738282,0.200000000000,
0.000000000000,-5.173014648847,-296.391906738282,0.200000000000,
0.000000000000,-5.172822901249,-296.380920410157,0.200000000000,
0.000000000000,-5.172535279851,-296.364440917969,0.200000000000,
0.000000000000,-5.172343532252,-296.353454589844,0.200000000000,
0.000000000000,-5.172151784654,-296.342468261719,0.200000000000,
0.000000000000,-5.171960037055,-296.331481933594,0.200000000000,
0.000000000000,-5.171960037055,-296.331481933594,0.200000000000,
0.000000000000,-5.171816226356,-296.323242187501,0.200000000000,
0.000000000000,-5.171528604959,-296.306762695313,0.200000000000,
0.000000000000,-5.171336857360,-296.295776367188,0.200000000000,
0.000000000000,-5.171240983561,-296.290283203126,0.200000000000,
0.000000000000,-5.170953362163,-296.273803710938,0.200000000000,
0.000000000000,-5.170953362163,-296.273803710938,0.200000000000,
0.000000000000,-5.170809551464,-296.265563964844,0.200000000000,
0.000000000000,-5.170617803866,-296.254577636719,0.200000000000,
0.000000000000,-5.170330182468,-296.238098144532,0.200000000000,
0.000000000000,-5.170234308669,-296.232604980469,0.200000000000,
0.000000000000,-5.170042561070,-296.221618652344,0.200000000000,
0.000000000000,-5.170042561070,-296.221618652344,0.200000000000,
0.000000000000,-5.169754939673,-296.205139160157,0.200000000000,
0.000000000000,-5.169563192074,-296.194152832032,0.200000000000,
0.000000000000,-5.169419381375,-296.185913085938,0.200000000000,
0.000000000000,-5.169227633777,-296.174926757813,0.200000000000,
0.000000000000,-5.168987949279,-296.161193847657,0.200000000000,
0.000000000000,-5.168987949279,-296.161193847657,0.200000000000,
0.000000000000,-5.168796201680,-296.150207519532,0.200000000000,
0.000000000000,-5.168652390981,-296.141967773438,0.200000000000,
0.000000000000,-5.168412706483,-296.128234863282,0.200000000000,
0.000000000000,-5.168268895784,-296.119995117188,0.200000000000,
0.000000000000,-5.168029211286,-296.106262207032,0.200000000000,
0.000000000000,-5.168029211286,-296.106262207032,0.200000000000,
0.000000000000,-5.167885400587,-296.098022460938,0.200000000000,
0.000000000000,-5.167693652989,-296.087036132813,0.200000000000,
0.000000000000,-5.167501905391,-296.076049804688,0.200000000000,
0.000000000000,-5.167310157792,-296.065063476563,0.200000000000,
0.000000000000,-5.167022536394,-296.048583984376,0.200000000000,
0.000000000000,-5.167022536394,-296.048583984376,0.200000000000,
0.000000000000,-5.166830788796,-296.037597656251,0.200000000000,
0.000000000000,-5.166686978097,-296.029357910157,0.200000000000,
0.000000000000,-5.166495230498,-296.018371582032,0.200000000000,
0.000000000000,-5.166303482900,-296.007385253907,0.200000000000,
0.000000000000,-5.166111735302,-295.996398925782,0.200000000000,
0.000000000000,-5.166111735302,-295.996398925782,0.200000000000,
0.000000000000,-5.165919987703,-295.985412597657,0.200000000000,
0.000000000000,-5.165632366305,-295.968933105469,0.200000000000,
0.000000000000,-5.165440618707,-295.957946777344,0.200000000000,
0.000000000000,-5.165248871108,-295.946960449219,0.200000000000,
0.000000000000,-5.165105060409,-295.938720703126,0.200000000000,
0.000000000000,-5.165105060409,-295.938720703126,0.200000000000,
0.000000000000,-5.164913312811,-295.927734375001,0.200000000000,
0.000000000000,-5.164721565212,-295.916748046876,0.200000000000,
0.000000000000,-5.164529817614,-295.905761718751,0.200000000000,
0.000000000000,-5.164242196216,-295.889282226563,0.200000000000,
0.000000000000,-5.164146322417,-295.883789062501,0.200000000000,
0.000000000000,-5.164146322417,-295.883789062501,0.200000000000,
0.000000000000,-5.163858701019,-295.867309570313,0.200000000000,
0.000000000000,-5.163666953421,-295.856323242188,0.200000000000,
0.000000000000,-5.163475205822,-295.845336914063,0.200000000000,
0.000000000000,-5.163331395123,-295.837097167969,0.200000000000,
0.000000000000,-5.163139647525,-295.826110839844,0.200000000000,
0.000000000000,-5.163139647525,-295.826110839844,0.200000000000,
0.000000000000,-5.162899963027,-295.812377929688,0.200000000000,
0.000000000000,-5.162756152328,-295.804138183594,0.200000000000,
0.000000000000,-5.162516467830,-295.790405273438,0.200000000000,
0.000000000000,-5.162372657131,-295.782165527344,0.200000000000,
0.000000000000,-5.162132972633,-295.768432617188,0.200000000000,
0.000000000000,-5.162132972633,-295.768432617188,0.200000000000,
0.000000000000,-5.161941225034,-295.757446289063,0.200000000000,
0.000000000000,-5.161797414336,-295.749206542969,0.200000000000,
0.000000000000,-5.161605666737,-295.738220214844,0.200000000000,
0.000000000000,-5.161413919139,-295.727233886719,0.200000000000,
0.000000000000,-5.161222171540,-295.716247558594,0.200000000000,
0.000000000000,-5.161222171540,-295.716247558594,0.200000000000,
0.000000000000,-5.160934550142,-295.699768066407,0.200000000000,
0.000000000000,-5.160742802544,-295.688781738282,0.200000000000,
0.000000000000,-5.160646928745,-295.683288574219,0.200000000000,
0.000000000000,-5.160359307347,-295.666809082032,0.200000000000,
0.000000000000,-5.160263433548,-295.661315917969,0.200000000000,
0.000000000000,-5.160263433548,-295.661315917969,0.200000000000,
0.000000000000,-5.159975812150,-295.644836425782,0.200000000000,
0.000000000000,-5.159784064551,-295.633850097657,0.200000000000,
0.000000000000,-5.159592316953,-295.622863769532,0.200000000000,
0.000000000000,-5.159400569355,-295.611877441407,0.200000000000,
0.000000000000,-5.159256758656,-295.603637695313,0.200000000000,
0.000000000000,-5.159256758656,-295.603637695313,0.200000000000,
0.000000000000,-5.159065011057,-295.592651367188,0.200000000000,
0.000000000000,-5.158873263459,-295.581665039063,0.200000000000,
0.000000000000,-5.158585642061,-295.565185546876,0.200000000000,
0.000000000000,-5.158393894462,-295.554199218751,0.200000000000,
0.000000000000,-5.158202146864,-295.543212890626,0.200000000000,
0.000000000000,-5.158202146864,-295.543212890626,0.200000000000,
0.000000000000,-5.158058336165,-295.534973144532,0.200000000000,
0.000000000000,-5.157866588567,-295.523986816407,0.200000000000,
0.000000000000,-5.157674840968,-295.513000488282,0.200000000000,
0.000000000000,-5.157483093370,-295.502014160157,0.200000000000,
0.000000000000,-5.157195471972,-295.485534667969,0.200000000000,
0.000000000000,-5.157195471972,-295.485534667969,0.200000000000,
0.000000000000,-5.157003724373,-295.474548339844,0.200000000000,
0.000000000000,-5.156811976775,-295.463562011719,0.200000000000,
0.000000000000,-5.156620229176,-295.452575683594,0.200000000000,
0.000000000000,-5.156476418478,-295.444335937501,0.200000000000,
0.000000000000,-5.156284670879,-295.433349609376,0.200000000000,
0.000000000000,-5.156284670879,-295.433349609376,0.200000000000,
0.000000000000,-5.156092923281,-295.422363281251,0.200000000000,
0.000000000000,-5.155805301883,-295.405883789063,0.200000000000,
0.000000000000,-5.155613554284,-295.394897460938,0.200000000000,
0.000000000000,-5.155469743586,-295.386657714844,0.200000000000,
0.000000000000,-5.155277995987,-295.375671386719,0.200000000000,
0.000000000000,-5.155277995987,-295.375671386719,0.200000000000,
0.000000000000,-5.154990374589,-295.359191894532,0.200000000000,
0.000000000000,-5.154798626991,-295.348205566407,0.200000000000,
0.000000000000,-5.154606879392,-295.337219238282,0.200000000000,
0.000000000000,-5.154463068693,-295.328979492188,0.200000000000,
0.000000000000,-5.154175447296,-295.312500000001,0.200000000000,
0.000000000000,-5.154175447296,-295.312500000001,0.200000000000,
0.000000000000,-5.153983699697,-295.301513671876,0.200000000000,
0.000000000000,-5.153839888998,-295.293273925782,0.200000000000,
0.000000000000,-5.153648141400,-295.282287597657,0.200000000000,
0.000000000000,-5.153456393801,-295.271301269532,0.200000000000,
0.000000000000,-5.153168772404,-295.254821777344,0.200000000000,
0.000000000000,-5.153168772404,-295.254821777344,0.200000000000,
0.000000000000,-5.153024961705,-295.246582031251,0.200000000000,
0.000000000000,-5.152833214106,-295.235595703126,0.200000000000,
0.000000000000,-5.152641466508,-295.224609375001,0.200000000000,
0.000000000000,-5.152353845110,-295.208129882813,0.200000000000,
0.000000000000,-5.152210034411,-295.199890136719,0.200000000000,
0.000000000000,-5.152210034411,-295.199890136719,0.200000000000,
0.000000000000,-5.152018286813,-295.188903808594,0.200000000000,
0.000000000000,-5.151826539214,-295.177917480469,0.200000000000,
0.000000000000,-5.151586854716,-295.164184570313,0.200000000000,
0.000000000000,-5.151395107118,-295.153198242188,0.200000000000,
0.000000000000,-5.151203359519,-295.142211914063,0.200000000000,
0.000000000000,-5.151203359519,-295.142211914063,0.200000000000,
0.000000000000,-5.150915738122,-295.125732421876,0.200000000000,
0.000000000000,-5.150723990523,-295.114746093751,0.200000000000,
0.000000000000,-5.150580179824,-295.106506347657,0.200000000000,
0.000000000000,-5.150388432226,-295.095520019532,0.200000000000,
0.000000000000,-5.150196684627,-295.084533691407,0.200000000000,
0.000000000000,-5.150196684627,-295.084533691407,0.200000000000,
0.000000000000,-5.149909063229,-295.068054199219,0.200000000000,
0.000000000000,-5.149717315631,-295.057067871094,0.200000000000,
0.000000000000,-5.149573504932,-295.048828125001,0.200000000000,
0.000000000000,-5.149381757334,-295.037841796876,0.200000000000,
0.000000000000,-5.149190009735,-295.026855468751,0.200000000000,
0.000000000000,-5.149190009735,-295.026855468751,0.200000000000,
0.000000000000,-5.148902388337,-295.010375976563,0.200000000000,
0.000000000000,-5.148806514538,-295.004882812501,0.200000000000,
0.000000000000,-5.148566830040,-294.991149902344,0.200000000000,
0.000000000000,-5.148375082442,-294.980163574219,0.200000000000,
0.000000000000,-5.148183334843,-294.969177246094,0.200000000000,
0.000000000000,-5.148183334843,-294.969177246094,0.200000000000,
0.000000000000,-5.147991587245,-294.958190917969,0.200000000000,
0.000000000000,-5.147703965847,-294.941711425782,0.200000000000,
0.000000000000,-5.147512218248,-294.930725097657,0.200000000000,
0.000000000000,-5.147320470650,-294.919738769532,0.200000000000,
0.000000000000,-5.147128723051,-294.908752441407,0.200000000000,
0.000000000000,-5.147128723051,-294.908752441407,0.200000000000,
0.000000000000,-5.146984912353,-294.900512695313,0.200000000000,
0.000000000000,-5.146793164754,-294.889526367188,0.200000000000,
0.000000000000,-5.146601417156,-294.878540039063,0.200000000000,
0.000000000000,-5.146409669557,-294.867553710938,0.200000000000,
0.000000000000,-5.146217921959,-294.856567382813,0.200000000000,
0.000000000000,-5.146217921959,-294.856567382813,0.200000000000,
0.000000000000,-5.145978237461,-294.842834472657,0.200000000000,
0.000000000000,-5.145786489862,-294.831848144532,0.200000000000,
0.000000000000,-5.145594742264,-294.820861816407,0.200000000000,
0.000000000000,-5.145402994665,-294.809875488282,0.200000000000,
0.000000000000,-5.145115373267,-294.793395996094,0.200000000000,
0.000000000000,-5.145115373267,-294.793395996094,0.200000000000,
0.000000000000,-5.144923625669,-294.782409667969,0.200000000000,
0.000000000000,-5.144779814970,-294.774169921876,0.200000000000,
0.000000000000,-5.144588067371,-294.763183593751,0.200000000000,
0.000000000000,-5.144396319773,-294.752197265626,0.200000000000,
0.000000000000,-5.144204572175,-294.741210937501,0.200000000000,
0.000000000000,-5.144204572175,-294.741210937501,0.200000000000,
0.000000000000,-5.143916950777,-294.724731445313,0.200000000000,
0.000000000000,-5.143725203178,-294.713745117188,0.200000000000,
0.000000000000,-5.143629329379,-294.708251953126,0.200000000000,
0.000000000000,-5.143341707981,-294.691772460938,0.200000000000,
0.000000000000,-5.143245834182,-294.686279296876,0.200000000000,
0.000000000000,-5.143245834182,-294.686279296876,0.200000000000,
0.000000000000,-5.142958212784,-294.669799804688,0.200000000000,
0.000000000000,-5.142766465186,-294.658813476563,0.200000000000,
0.000000000000,-5.142574717587,-294.647827148438,0.200000000000,
0.000000000000,-5.142430906889,-294.639587402344,0.200000000000,
0.000000000000,-5.142239159290,-294.628601074219,0.200000000000,
0.000000000000,-5.142239159290,-294.628601074219,0.200000000000,
0.000000000000,-5.142047411692,-294.617614746094,0.200000000000,
0.000000000000,-5.141855664093,-294.606628417969,0.200000000000,
0.000000000000,-5.141663916495,-294.595642089844,0.200000000000,
0.000000000000,-5.141472168896,-294.584655761719,0.200000000000,
0.000000000000,-5.141280421298,-294.573669433594,0.200000000000,
0.000000000000,-5.141280421298,-294.573669433594,0.200000000000,
0.000000000000,-5.141040736799,-294.559936523438,0.200000000000,
0.000000000000,-5.140801052301,-294.546203613282,0.200000000000,
0.000000000000,-5.140657241603,-294.537963867188,0.200000000000,
0.000000000000,-5.140465494004,-294.526977539063,0.200000000000,
0.000000000000,-5.140273746406,-294.515991210938,0.200000000000,
0.000000000000,-5.140273746406,-294.515991210938,0.200000000000,
0.000000000000,-5.139986125008,-294.499511718751,0.200000000000,
0.000000000000,-5.139794377409,-294.488525390626,0.200000000000,
0.000000000000,-5.139602629811,-294.477539062501,0.200000000000,
0.000000000000,-5.139458819112,-294.469299316407,0.200000000000,
0.000000000000,-5.139267071514,-294.458312988282,0.200000000000,
0.000000000000,-5.139267071514,-294.458312988282,0.200000000000,
0.000000000000,-5.139075323915,-294.447326660157,0.200000000000,
0.000000000000,-5.138787702517,-294.430847167969,0.200000000000,
0.000000000000,-5.138595954919,-294.419860839844,0.200000000000,
0.000000000000,-5.138404207320,-294.408874511719,0.200000000000,
0.000000000000,-5.138212459722,-294.397888183594,0.200000000000,
0.000000000000,-5.138212459722,-294.397888183594,0.200000000000,
0.000000000000,-5.138068649023,-294.389648437501,0.200000000000,
0.000000000000,-5.137876901424,-294.378662109376,0.200000000000,
0.000000000000,-5.137685153826,-294.367675781251,0.200000000000,
0.000000000000,-5.137397532428,-294.351196289063,0.200000000000,
0.000000000000,-5.137205784830,-294.340209960938,0.200000000000,
0.000000000000,-5.137205784830,-294.340209960938,0.200000000000,
0.000000000000,-5.137014037231,-294.329223632813,0.200000000000,
0.000000000000,-5.136822289633,-294.318237304688,0.200000000000,
0.000000000000,-5.136630542034,-294.307250976563,0.200000000000,
0.000000000000,-5.136438794436,-294.296264648438,0.200000000000,
0.000000000000,-5.136247046837,-294.285278320313,0.200000000000,
0.000000000000,-5.136247046837,-294.285278320313,0.200000000000,
0.000000000000,-5.136055299239,-294.274291992188,0.200000000000,
0.000000000000,-5.135911488540,-294.266052246094,0.200000000000,
0.000000000000,-5.135719740942,-294.255065917969,0.200000000000,
0.000000000000,-5.135527993343,-294.244079589844,0.200000000000,
0.000000000000,-5.135240371945,-294.227600097657,0.200000000000,
0.000000000000,-5.135240371945,-294.227600097657,0.200000000000,
0.000000000000,-5.135048624347,-294.216613769532,0.200000000000,
0.000000000000,-5.134856876748,-294.205627441407,0.200000000000,
0.000000000000,-5.134713066049,-294.197387695313,0.200000000000,
0.000000000000,-5.134425444652,-294.180908203126,0.200000000000,
0.000000000000,-5.134329570852,-294.175415039063,0.200000000000,
0.000000000000,-5.134329570852,-294.175415039063,0.200000000000,
0.000000000000,-5.134041949455,-294.158935546876,0.200000000000,
0.000000000000,-5.133850201856,-294.147949218751,0.200000000000,
0.000000000000,-5.133706391157,-294.139709472657,0.200000000000,
0.000000000000,-5.133514643559,-294.128723144532,0.200000000000,
0.000000000000,-5.133322895960,-294.117736816407,0.200000000000,
0.000000000000,-5.133322895960,-294.117736816407,0.200000000000,
0.000000000000,-5.133035274563,-294.101257324219,0.200000000000,
0.000000000000,-5.132843526964,-294.090270996094,0.200000000000,
0.000000000000,-5.132699716265,-294.082031250001,0.200000000000,
0.000000000000,-5.132507968667,-294.071044921876,0.200000000000,
0.000000000000,-5.132316221068,-294.060058593751,0.200000000000,
0.000000000000,-5.132316221068,-294.060058593751,0.200000000000,
0.000000000000,-5.132124473470,-294.049072265626,0.200000000000,
0.000000000000,-5.131836852072,-294.032592773438,0.200000000000,
0.000000000000,-5.131693041373,-294.024353027344,0.200000000000,
0.000000000000,-5.131501293775,-294.013366699219,0.200000000000,
0.000000000000,-5.131213672377,-293.996887207032,0.200000000000,
0.000000000000,-5.131213672377,-293.996887207032,0.200000000000,
0.000000000000,-5.131021924779,-293.985900878907,0.200000000000,
0.000000000000,-5.130878114080,-293.977661132813,0.200000000000,
0.000000000000,-5.130686366481,-293.966674804688,0.200000000000,
0.000000000000,-5.130398745084,-293.950195312501,0.200000000000,
0.000000000000,-5.130206997485,-293.939208984376,0.200000000000,
0.000000000000,-5.130206997485,-293.939208984376,0.200000000000,
0.000000000000,-5.130063186786,-293.930969238282,0.200000000000,
0.000000000000,-5.129871439188,-293.919982910157,0.200000000000,
0.000000000000,-5.129631754690,-293.906250000001,0.200000000000,
0.000000000000,-5.129392070191,-293.892517089844,0.200000000000,
0.000000000000,-5.129248259493,-293.884277343751,0.200000000000,
0.000000000000,-5.129248259493,-293.884277343751,0.200000000000,
0.000000000000,-5.128960638095,-293.867797851563,0.200000000000,
0.000000000000,-5.128816827396,-293.859558105469,0.200000000000,
0.000000000000,-5.128625079798,-293.848571777344,0.200000000000,
0.000000000000,-5.128337458400,-293.832092285157,0.200000000000,
0.000000000000,-5.128145710801,-293.821105957032,0.200000000000,
0.000000000000,-5.128145710801,-293.821105957032,0.200000000000,
0.000000000000,-5.128001900102,-293.812866210938,0.200000000000,
0.000000000000,-5.127810152504,-293.801879882813,0.200000000000,
0.000000000000,-5.127570468006,-293.788146972657,0.200000000000,
0.000000000000,-5.127378720407,-293.777160644532,0.200000000000,
0.000000000000,-5.127186972809,-293.766174316407,0.200000000000,
0.000000000000,-5.127186972809,-293.766174316407,0.200000000000,
0.000000000000,-5.126947288311,-293.752441406251,0.200000000000,
0.000000000000,-5.126755540712,-293.741455078126,0.200000000000,
0.000000000000,-5.126467919315,-293.724975585938,0.200000000000,
0.000000000000,-5.126276171716,-293.713989257813,0.200000000000,
0.000000000000,-5.126132361017,-293.705749511719,0.200000000000,
0.000000000000,-5.126132361017,-293.705749511719,0.200000000000,
0.000000000000,-5.125940613419,-293.694763183594,0.200000000000,
0.000000000000,-5.125700928921,-293.681030273438,0.200000000000,
0.000000000000,-5.125509181322,-293.670043945313,0.200000000000,
0.000000000000,-5.125221559924,-293.653564453126,0.200000000000,
0.000000000000,-5.125077749226,-293.645324707032,0.200000000000,
0.000000000000,-5.125077749226,-293.645324707032,0.200000000000,
0.000000000000,-5.124886001627,-293.634338378907,0.200000000000,
0.000000000000,-5.124646317129,-293.620605468751,0.200000000000,
0.000000000000,-5.124454569530,-293.609619140626,0.200000000000,
0.000000000000,-5.124262821932,-293.598632812501,0.200000000000,
0.000000000000,-5.123975200534,-293.582153320313,0.200000000000,
0.000000000000,-5.123975200534,-293.582153320313,0.200000000000,
0.000000000000,-5.123831389835,-293.573913574219,0.200000000000,
0.000000000000,-5.123639642237,-293.562927246094,0.200000000000,
0.000000000000,-5.123352020839,-293.546447753907,0.200000000000,
0.000000000000,-5.123160273241,-293.535461425782,0.200000000000,
0.000000000000,-5.123016462542,-293.527221679688,0.200000000000,
0.000000000000,-5.123016462542,-293.527221679688,0.200000000000,
0.000000000000,-5.122824714943,-293.516235351563,0.200000000000,
0.000000000000,-5.122585030445,-293.502502441407,0.200000000000,
0.000000000000,-5.122345345947,-293.488769531251,0.200000000000,
0.000000000000,-5.122153598349,-293.477783203126,0.200000000000,
0.000000000000,-5.121961850750,-293.466796875001,0.200000000000,
0.000000000000,-5.121961850750,-293.466796875001,0.200000000000,
0.000000000000,-5.121818040051,-293.458557128907,0.200000000000,
0.000000000000,-5.121626292453,-293.447570800782,0.200000000000,
0.000000000000,-5.121386607955,-293.433837890626,0.200000000000,
0.000000000000,-5.121194860356,-293.422851562501,0.200000000000,
0.000000000000,-5.121003112758,-293.411865234376,0.200000000000,
0.000000000000,-5.121003112758,-293.411865234376,0.200000000000,
0.000000000000,-5.120715491360,-293.395385742188,0.200000000000,
0.000000000000,-5.120571680661,-293.387145996094,0.200000000000,
0.000000000000,-5.120331996163,-293.373413085938,0.200000000000,
0.000000000000,-5.120188185464,-293.365173339844,0.200000000000,
0.000000000000,-5.119996437866,-293.354187011719,0.200000000000,
0.000000000000,-5.119996437866,-293.354187011719,0.200000000000,
0.000000000000,-5.119708816468,-293.337707519532,0.200000000000,
0.000000000000,-5.119517068869,-293.326721191407,0.200000000000,
0.000000000000,-5.119373258171,-293.318481445313,0.200000000000,
0.000000000000,-5.119181510572,-293.307495117188,0.200000000000,
0.000000000000,-5.118989762974,-293.296508789063,0.200000000000,
0.000000000000,-5.118989762974,-293.296508789063,0.200000000000,
0.000000000000,-5.118702141576,-293.280029296876,0.200000000000,
0.000000000000,-5.118510393977,-293.269042968751,0.200000000000,
0.000000000000,-5.118318646379,-293.258056640626,0.200000000000,
0.000000000000,-5.118126898780,-293.247070312501,0.200000000000,
0.000000000000,-5.117983088082,-293.238830566407,0.200000000000,
0.000000000000,-5.117983088082,-293.238830566407,0.200000000000,
0.000000000000,-5.117791340483,-293.227844238282,0.200000000000,
0.000000000000,-5.117503719085,-293.211364746094,0.200000000000,
0.000000000000,-5.117407845286,-293.205871582032,0.200000000000,
0.000000000000,-5.117120223888,-293.189392089844,0.200000000000,
0.000000000000,-5.116928476290,-293.178405761719,0.200000000000,
0.000000000000,-5.116928476290,-293.178405761719,0.200000000000,
0.000000000000,-5.116880539390,-293.175659179688,0.200000000000,
0.000000000000,-5.116544981093,-293.156433105469,0.200000000000,
0.000000000000,-5.116401170394,-293.148193359376,0.200000000000,
0.000000000000,-5.116161485896,-293.134460449219,0.200000000000,
0.000000000000,-5.116017675197,-293.126220703126,0.200000000000,
0.000000000000,-5.116017675197,-293.126220703126,0.200000000000,
0.000000000000,-5.115825927599,-293.115234375001,0.200000000000,
0.000000000000,-5.115634180000,-293.104248046876,0.200000000000,
0.000000000000,-5.115442432402,-293.093261718751,0.200000000000,
0.000000000000,-5.115250684803,-293.082275390626,0.200000000000,
0.000000000000,-5.115058937205,-293.071289062501,0.200000000000,
0.000000000000,-5.115058937205,-293.071289062501,0.200000000000,
0.000000000000,-5.114771315807,-293.054809570313,0.200000000000,
0.000000000000,-5.114579568208,-293.043823242188,0.200000000000,
0.000000000000,-5.114387820610,-293.032836914063,0.200000000000,
0.000000000000,-5.114148136112,-293.019104003907,0.200000000000,
0.000000000000,-5.114052262313,-293.013610839844,0.200000000000,
0.000000000000,-5.114052262313,-293.013610839844,0.200000000000,
0.000000000000,-5.113812577815,-292.999877929688,0.200000000000,
0.000000000000,-5.113620830216,-292.988891601563,0.200000000000,
0.000000000000,-5.113429082618,-292.977905273438,0.200000000000,
0.000000000000,-5.113237335019,-292.966918945313,0.200000000000,
0.000000000000,-5.113045587421,-292.955932617188,0.200000000000,
0.000000000000,-5.113045587421,-292.955932617188,0.200000000000,
0.000000000000,-5.112853839822,-292.944946289063,0.200000000000,
0.000000000000,-5.112662092224,-292.933959960938,0.200000000000,
0.000000000000,-5.112470344625,-292.922973632813,0.200000000000,
0.000000000000,-5.112182723227,-292.906494140626,0.200000000000,
0.000000000000,-5.112038912529,-292.898254394532,0.200000000000,
0.000000000000,-5.112038912529,-292.898254394532,0.200000000000,
0.000000000000,-5.111799228030,-292.884521484376,0.200000000000,
0.000000000000,-5.111655417332,-292.876281738282,0.200000000000,
0.000000000000,-5.111367795934,-292.859802246094,0.200000000000,
0.000000000000,-5.111271922135,-292.854309082032,0.200000000000,
0.000000000000,-5.111080174536,-292.843322753907,0.200000000000,
0.000000000000,-5.111080174536,-292.843322753907,0.200000000000,
0.000000000000,-5.110792553138,-292.826843261719,0.200000000000,
0.000000000000,-5.110600805540,-292.815856933594,0.200000000000,
0.000000000000,-5.110409057941,-292.804870605469,0.200000000000,
0.000000000000,-5.110313184142,-292.799377441407,0.200000000000,
0.000000000000,-5.110025562744,-292.782897949219,0.200000000000,
0.000000000000,-5.110025562744,-292.782897949219,0.200000000000,
0.000000000000,-5.109929688945,-292.777404785157,0.200000000000,
0.000000000000,-5.109642067547,-292.760925292969,0.200000000000,
0.000000000000,-5.109546193748,-292.755432128907,0.200000000000,
0.000000000000,-5.109306509250,-292.741699218751,0.200000000000,
0.000000000000,-5.109114761652,-292.730712890626,0.200000000000,
0.000000000000,-5.109114761652,-292.730712890626,0.200000000000,
0.000000000000,-5.108923014053,-292.719726562501,0.200000000000,
0.000000000000,-5.108731266455,-292.708740234376,0.200000000000,
0.000000000000,-5.108539518856,-292.697753906251,0.200000000000,
0.000000000000,-5.108347771258,-292.686767578126,0.200000000000,
0.000000000000,-5.108156023659,-292.675781250001,0.200000000000,
0.000000000000,-5.108156023659,-292.675781250001,0.200000000000,
0.000000000000,-5.107964276061,-292.664794921876,0.200000000000,
0.000000000000,-5.107772528462,-292.653808593751,0.200000000000,
0.000000000000,-5.107484907064,-292.637329101563,0.200000000000,
0.000000000000,-5.107293159466,-292.626342773438,0.200000000000,
0.000000000000,-5.107101411868,-292.615356445313,0.200000000000,
0.000000000000,-5.107101411868,-292.615356445313,0.200000000000,
0.000000000000,-5.106957601169,-292.607116699219,0.200000000000,
0.000000000000,-5.106765853570,-292.596130371094,0.200000000000,
0.000000000000,-5.106574105972,-292.585144042969,0.200000000000,
0.000000000000,-5.106286484574,-292.568664550782,0.200000000000,
0.000000000000,-5.106094736975,-292.557678222657,0.200000000000,
0.000000000000,-5.106094736975,-292.557678222657,0.200000000000,
0.000000000000,-5.105998863176,-292.552185058594,0.200000000000,
0.000000000000,-5.105711241779,-292.535705566407,0.200000000000,
0.000000000000,-5.105519494180,-292.524719238282,0.200000000000,
0.000000000000,-5.105327746582,-292.513732910157,0.200000000000,
0.000000000000,-5.105183935883,-292.505493164063,0.200000000000,
0.000000000000,-5.105183935883,-292.505493164063,0.200000000000,
0.000000000000,-5.104992188284,-292.494506835938,0.200000000000,
0.000000000000,-5.104800440686,-292.483520507813,0.200000000000,
0.000000000000,-5.104512819288,-292.467041015626,0.200000000000,
0.000000000000,-5.104321071689,-292.456054687501,0.200000000000,
0.000000000000,-5.104177260991,-292.447814941407,0.200000000000,
0.000000000000,-5.104177260991,-292.447814941407,0.200000000000,
0.000000000000,-5.103985513392,-292.436828613282,0.200000000000,
0.000000000000,-5.103697891994,-292.420349121094,0.200000000000,
0.000000000000,-5.103506144396,-292.409362792969,0.200000000000,
0.000000000000,-5.103314396797,-292.398376464844,0.200000000000,
0.000000000000,-5.103122649199,-292.387390136719,0.200000000000,
0.000000000000,-5.103122649199,-292.387390136719,0.200000000000,
0.000000000000,-5.102978838500,-292.379150390626,0.200000000000,
0.000000000000,-5.102787090902,-292.368164062501,0.200000000000,
0.000000000000,-5.102595343303,-292.357177734376,0.200000000000,
0.000000000000,-5.102403595705,-292.346191406251,0.200000000000,
0.000000000000,-5.102115974307,-292.329711914063,0.200000000000,
0.000000000000,-5.102115974307,-292.329711914063,0.200000000000,
0.000000000000,-5.101972163608,-292.321472167969,0.200000000000,
0.000000000000,-5.101780416010,-292.310485839844,0.200000000000,
0.000000000000,-5.101588668411,-292.299499511719,0.200000000000,
0.000000000000,-5.101301047013,-292.283020019532,0.200000000000,
0.000000000000,-5.101157236314,-292.274780273438,0.200000000000,
0.000000000000,-5.101157236314,-292.274780273438,0.200000000000,
0.000000000000,-5.100965488716,-292.263793945313,0.200000000000,
0.000000000000,-5.100677867318,-292.247314453126,0.200000000000,
0.000000000000,-5.100486119720,-292.236328125001,0.200000000000,
0.000000000000,-5.100342309021,-292.228088378907,0.200000000000,
0.000000000000,-5.100150561422,-292.217102050782,0.200000000000,
0.000000000000,-5.100150561422,-292.217102050782,0.200000000000,
0.000000000000,-5.099958813824,-292.206115722657,0.200000000000,
0.000000000000,-5.099767066225,-292.195129394532,0.200000000000,
0.000000000000,-5.099575318627,-292.184143066407,0.200000000000,
0.000000000000,-5.099335634129,-292.170410156251,0.200000000000,
0.000000000000,-5.099143886530,-292.159423828126,0.200000000000,
0.000000000000,-5.099143886530,-292.159423828126,0.200000000000,
0.000000000000,-5.098952138932,-292.148437500001,0.200000000000,
0.000000000000,-5.098664517534,-292.131958007813,0.200000000000,
0.000000000000,-5.098472769936,-292.120971679688,0.200000000000,
0.000000000000,-5.098328959237,-292.112731933594,0.200000000000,
0.000000000000,-5.098041337839,-292.096252441407,0.200000000000,
0.000000000000,-5.098041337839,-292.096252441407,0.200000000000,
0.000000000000,-5.097849590241,-292.085266113282,0.200000000000,
0.000000000000,-5.097657842642,-292.074279785157,0.200000000000,
0.000000000000,-5.097514031943,-292.066040039063,0.200000000000,
0.000000000000,-5.097322284345,-292.055053710938,0.200000000000,
0.000000000000,-5.097130536746,-292.044067382813,0.200000000000,
0.000000000000,-5.097130536746,-292.044067382813,0.200000000000,
0.000000000000,-5.096842915349,-292.027587890626,0.200000000000,
0.000000000000,-5.096651167750,-292.016601562501,0.200000000000,
0.000000000000,-5.096459420152,-292.005615234376,0.200000000000,
0.000000000000,-5.096315609453,-291.997375488282,0.200000000000,
0.000000000000,-5.096123861854,-291.986389160157,0.200000000000,
0.000000000000,-5.096123861854,-291.986389160157,0.200000000000,
0.000000000000,-5.095836240456,-291.969909667969,0.200000000000,
0.000000000000,-5.095644492858,-291.958923339844,0.200000000000,
0.000000000000,-5.095452745260,-291.947937011719,0.200000000000,
0.000000000000,-5.095308934561,-291.939697265626,0.200000000000,
0.000000000000,-5.095117186962,-291.928710937501,0.200000000000,
0.000000000000,-5.095117186962,-291.928710937501,0.200000000000,
0.000000000000,-5.094925439364,-291.917724609376,0.200000000000,
0.000000000000,-5.094733691765,-291.906738281251,0.200000000000,
0.000000000000,-5.094446070367,-291.890258789063,0.200000000000,
0.000000000000,-5.094254322769,-291.879272460938,0.200000000000,
0.000000000000,-5.094062575170,-291.868286132813,0.200000000000,
0.000000000000,-5.094062575170,-291.868286132813,0.200000000000,
0.000000000000,-5.093966701371,-291.862792968751,0.200000000000,
0.000000000000,-5.093679079974,-291.846313476563,0.200000000000,
0.000000000000,-5.093487332375,-291.835327148438,0.200000000000,
0.000000000000,-5.093343521676,-291.827087402344,0.200000000000,
0.000000000000,-5.093151774078,-291.816101074219,0.200000000000,
0.000000000000,-5.093151774078,-291.816101074219,0.200000000000,
0.000000000000,-5.092960026479,-291.805114746094,0.200000000000,
0.000000000000,-5.092768278881,-291.794128417969,0.200000000000,
0.000000000000,-5.092480657483,-291.777648925782,0.200000000000,
0.000000000000,-5.092384783684,-291.772155761719,0.200000000000,
0.000000000000,-5.092193036085,-291.761169433594,0.200000000000,
0.000000000000,-5.092193036085,-291.761169433594,0.200000000000,
0.000000000000,-5.092001288487,-291.750183105469,0.200000000000,
0.000000000000,-5.091809540888,-291.739196777344,0.200000000000,
0.000000000000,-5.091617793290,-291.728210449219,0.200000000000,
0.000000000000,-5.091330171892,-291.711730957032,0.200000000000,
0.000000000000,-5.091234298093,-291.706237792969,0.200000000000,
0.000000000000,-5.091234298093,-291.706237792969,0.200000000000,
0.000000000000,-5.091042550494,-291.695251464844,0.200000000000,
0.000000000000,-5.090850802896,-291.684265136719,0.200000000000,
0.000000000000,-5.090659055297,-291.673278808594,0.200000000000,
0.000000000000,-5.090467307699,-291.662292480469,0.200000000000,
0.000000000000,-5.090179686301,-291.645812988282,0.200000000000,
0.000000000000,-5.090179686301,-291.645812988282,0.200000000000,
0.000000000000,-5.089987938703,-291.634826660157,0.200000000000,
0.000000000000,-5.089892064903,-291.629333496094,0.200000000000,
0.000000000000,-5.089604443506,-291.612854003907,0.200000000000,
0.000000000000,-5.089508569706,-291.607360839844,0.200000000000,
0.000000000000,-5.089316822108,-291.596374511719,0.200000000000,
0.000000000000,-5.089316822108,-291.596374511719,0.200000000000,
0.000000000000,-5.089029200710,-291.579895019532,0.200000000000,
0.000000000000,-5.088837453112,-291.568908691407,0.200000000000,
0.000000000000,-5.088645705513,-291.557922363282,0.200000000000,
0.000000000000,-5.088453957915,-291.546936035157,0.200000000000,
0.000000000000,-5.088310147216,-291.538696289063,0.200000000000,
0.000000000000,-5.088310147216,-291.538696289063,0.200000000000,
0.000000000000,-5.088118399617,-291.527709960938,0.200000000000,
0.000000000000,-5.087926652019,-291.516723632813,0.200000000000,
0.000000000000,-5.087734904420,-291.505737304688,0.200000000000,
0.000000000000,-5.087495219922,-291.492004394532,0.200000000000,
0.000000000000,-5.087255535424,-291.478271484376,0.200000000000,
0.000000000000,-5.087255535424,-291.478271484376,0.200000000000,
0.000000000000,-5.087063787826,-291.467285156251,0.200000000000,
0.000000000000,-5.086919977127,-291.459045410157,0.200000000000,
0.000000000000,-5.086728229528,-291.448059082032,0.200000000000,
0.000000000000,-5.086536481930,-291.437072753907,0.200000000000,
0.000000000000,-5.086344734331,-291.426086425782,0.200000000000,
0.000000000000,-5.086344734331,-291.426086425782,0.200000000000,
0.000000000000,-5.086057112934,-291.409606933594,0.200000000000,
0.000000000000,-5.085865365335,-291.398620605469,0.200000000000,
0.000000000000,-5.085721554636,-291.390380859376,0.200000000000,
0.000000000000,-5.085529807038,-291.379394531251,0.200000000000,
0.000000000000,-5.085338059439,-291.368408203126,0.200000000000,
0.000000000000,-5.085338059439,-291.368408203126,0.200000000000,
0.000000000000,-5.085146311841,-291.357421875001,0.200000000000,
0.000000000000,-5.084954564242,-291.346435546876,0.200000000000,
0.000000000000,-5.084762816644,-291.335449218751,0.200000000000,
0.000000000000,-5.084475195246,-291.318969726563,0.200000000000,
0.000000000000,-5.084283447648,-291.307983398438,0.200000000000,
0.000000000000,-5.084283447648,-291.307983398438,0.200000000000,
0.000000000000,-5.084091700049,-291.296997070313,0.200000000000,
0.000000000000,-5.083899952451,-291.286010742188,0.200000000000,
0.000000000000,-5.083804078652,-291.280517578126,0.200000000000,
0.000000000000,-5.083516457254,-291.264038085938,0.200000000000,
0.000000000000,-5.083324709655,-291.253051757813,0.200000000000,
0.000000000000,-5.083324709655,-291.253051757813,0.200000000000,
0.000000000000,-5.083132962057,-291.242065429688,0.200000000000,
0.000000000000,-5.082989151358,-291.233825683594,0.200000000000,
0.000000000000,-5.082797403759,-291.222839355469,0.200000000000,
0.000000000000,-5.082605656161,-291.211853027344,0.200000000000,
0.000000000000,-5.082318034763,-291.195373535157,0.200000000000,
0.000000000000,-5.082318034763,-291.195373535157,0.200000000000,
0.000000000000,-5.082174224064,-291.187133789063,0.200000000000,
0.000000000000,-5.082030413366,-291.178894042969,0.200000000000,
0.000000000000,-5.081742791968,-291.162414550782,0.200000000000,
0.000000000000,-5.081598981269,-291.154174804688,0.200000000000,
0.000000000000,-5.081407233670,-291.143188476563,0.200000000000,
0.000000000000,-5.081407233670,-291.143188476563,0.200000000000,
0.000000000000,-5.081215486072,-291.132202148438,0.200000000000,
0.000000000000,-5.080927864674,-291.115722656251,0.200000000000,
0.000000000000,-5.080736117076,-291.104736328126,0.200000000000,
0.000000000000,-5.080592306377,-291.096496582032,0.200000000000,
0.000000000000,-5.080400558778,-291.085510253907,0.200000000000,
0.000000000000,-5.080400558778,-291.085510253907,0.200000000000,
0.000000000000,-5.080208811180,-291.074523925782,0.200000000000,
0.000000000000,-5.080017063581,-291.063537597657,0.200000000000,
0.000000000000,-5.079825315983,-291.052551269532,0.200000000000,
0.000000000000,-5.079537694585,-291.036071777344,0.200000000000,
0.000000000000,-5.079393883886,-291.027832031251,0.200000000000,
0.000000000000,-5.079393883886,-291.027832031251,0.200000000000,
0.000000000000,-5.079202136288,-291.016845703126,0.200000000000,
0.000000000000,-5.079010388689,-291.005859375001,0.200000000000,
0.000000000000,-5.078722767292,-290.989379882813,0.200000000000,
0.000000000000,-5.078531019693,-290.978393554688,0.200000000000,
0.000000000000,-5.078387208994,-290.970153808594,0.200000000000,
0.000000000000,-5.078387208994,-290.970153808594,0.200000000000,
0.000000000000,-5.078195461396,-290.959167480469,0.200000000000,
0.000000000000,-5.078003713797,-290.948181152344,0.200000000000,
0.000000000000,-5.077716092400,-290.931701660157,0.200000000000,
0.000000000000,-5.077572281701,-290.923461914063,0.200000000000,
0.000000000000,-5.077380534102,-290.912475585938,0.200000000000,
0.000000000000,-5.077380534102,-290.912475585938,0.200000000000,
0.000000000000,-5.077188786504,-290.901489257813,0.200000000000,
0.000000000000,-5.076997038905,-290.890502929688,0.200000000000,
0.000000000000,-5.076757354407,-290.876770019532,0.200000000000,
0.000000000000,-5.076565606809,-290.865783691407,0.200000000000,
0.000000000000,-5.076373859210,-290.854797363282,0.200000000000,
0.000000000000,-5.076373859210,-290.854797363282,0.200000000000,
0.000000000000,-5.076086237812,-290.838317871094,0.200000000000,
0.000000000000,-5.075942427114,-290.830078125001,0.200000000000,
0.000000000000,-5.075750679515,-290.819091796876,0.200000000000,
0.000000000000,-5.075463058117,-290.802612304688,0.200000000000,
0.000000000000,-5.075319247419,-290.794372558594,0.200000000000,
0.000000000000,-5.075319247419,-290.794372558594,0.200000000000,
0.000000000000,-5.075127499820,-290.783386230469,0.200000000000,
0.000000000000,-5.074935752222,-290.772399902344,0.200000000000,
0.000000000000,-5.074648130824,-290.755920410157,0.200000000000,
0.000000000000,-5.074504320125,-290.747680664063,0.200000000000,
0.000000000000,-5.074216698727,-290.731201171876,0.200000000000,
0.000000000000,-5.074216698727,-290.731201171876,0.200000000000,
0.000000000000,-5.074024951129,-290.720214843751,0.200000000000,
0.000000000000,-5.073833203530,-290.709228515626,0.200000000000,
0.000000000000,-5.073593519032,-290.695495605469,0.200000000000,
0.000000000000,-5.073401771434,-290.684509277344,0.200000000000,
0.000000000000,-5.073257960735,-290.676269531251,0.200000000000,
0.000000000000,-5.073257960735,-290.676269531251,0.200000000000,
0.000000000000,-5.073066213136,-290.665283203126,0.200000000000,
0.000000000000,-5.072778591739,-290.648803710938,0.200000000000,
0.000000000000,-5.072634781040,-290.640563964844,0.200000000000,
0.000000000000,-5.072443033441,-290.629577636719,0.200000000000,
0.000000000000,-5.072155412044,-290.613098144532,0.200000000000,
0.000000000000,-5.072155412044,-290.613098144532,0.200000000000,
0.000000000000,-5.071963664445,-290.602111816407,0.200000000000,
0.000000000000,-5.071819853746,-290.593872070313,0.200000000000,
0.000000000000,-5.071628106148,-290.582885742188,0.200000000000,
0.000000000000,-5.071340484750,-290.566406250001,0.200000000000,
0.000000000000,-5.071196674051,-290.558166503907,0.200000000000,
0.000000000000,-5.071196674051,-290.558166503907,0.200000000000,
0.000000000000,-5.071004926453,-290.547180175782,0.200000000000,
0.000000000000,-5.070813178854,-290.536193847657,0.200000000000,
0.000000000000,-5.070525557456,-290.519714355469,0.200000000000,
0.000000000000,-5.070429683657,-290.514221191407,0.200000000000,
0.000000000000,-5.070189999159,-290.500488281251,0.200000000000,
0.000000000000,-5.070189999159,-290.500488281251,0.200000000000,
0.000000000000,-5.069998251561,-290.489501953126,0.200000000000,
0.000000000000,-5.069806503962,-290.478515625001,0.200000000000,
0.000000000000,-5.069518882564,-290.462036132813,0.200000000000,
0.000000000000,-5.069327134966,-290.451049804688,0.200000000000,
0.000000000000,-5.069135387367,-290.440063476563,0.200000000000,
0.000000000000,-5.069135387367,-290.440063476563,0.200000000000,
0.000000000000,-5.068991576668,-290.431823730469,0.200000000000,
0.000000000000,-5.068703955271,-290.415344238282,0.200000000000,
0.000000000000,-5.068608081472,-290.409851074219,0.200000000000,
0.000000000000,-5.068320460074,-290.393371582032,0.200000000000,
0.000000000000,-5.068128712475,-290.382385253907,0.200000000000,
0.000000000000,-5.068128712475,-290.382385253907,0.200000000000,
0.000000000000,-5.067984901776,-290.374145507813,0.200000000000,
0.000000000000,-5.067745217278,-290.360412597657,0.200000000000,
0.000000000000,-5.067601406579,-290.352172851563,0.200000000000,
0.000000000000,-5.067409658981,-290.341186523438,0.200000000000,
0.000000000000,-5.067217911382,-290.330200195313,0.200000000000,
0.000000000000,-5.067217911382,-290.330200195313,0.200000000000,
0.000000000000,-5.066930289985,-290.313720703126,0.200000000000,
0.000000000000,-5.066786479286,-290.305480957032,0.200000000000,
0.000000000000,-5.066546794788,-290.291748046876,0.200000000000,
0.000000000000,-5.066355047189,-290.280761718751,0.200000000000,
0.000000000000,-5.066211236490,-290.272521972657,0.200000000000,
0.000000000000,-5.066211236490,-290.272521972657,0.200000000000,
0.000000000000,-5.066019488892,-290.261535644532,0.200000000000,
0.000000000000,-5.065731867494,-290.245056152344,0.200000000000,
0.000000000000,-5.065635993695,-290.239562988282,0.200000000000,
0.000000000000,-5.065444246097,-290.228576660157,0.200000000000,
0.000000000000,-5.065252498498,-290.217590332032,0.200000000000,
0.000000000000,-5.065252498498,-290.217590332032,0.200000000000,
0.000000000000,-5.064964877100,-290.201110839844,0.200000000000,
0.000000000000,-5.064821066401,-290.192871093751,0.200000000000,
0.000000000000,-5.064629318803,-290.181884765626,0.200000000000,
0.000000000000,-5.064389634305,-290.168151855469,0.200000000000,
0.000000000000,-5.064245823606,-290.159912109376,0.200000000000,
0.000000000000,-5.064245823606,-290.159912109376,0.200000000000,
0.000000000000,-5.064006139108,-290.146179199219,0.200000000000,
0.000000000000,-5.063814391509,-290.135192871094,0.200000000000,
0.000000000000,-5.063622643911,-290.124206542969,0.200000000000,
0.000000000000,-5.063478833212,-290.115966796876,0.200000000000,
0.000000000000,-5.063287085614,-290.104980468751,0.200000000000,
0.000000000000,-5.063287085614,-290.104980468751,0.200000000000,
0.000000000000,-5.063095338015,-290.093994140626,0.200000000000,
0.000000000000,-5.062903590417,-290.083007812501,0.200000000000,
0.000000000000,-5.062711842818,-290.072021484376,0.200000000000,
0.000000000000,-5.062520095220,-290.061035156251,0.200000000000,
0.000000000000,-5.062232473822,-290.044555664063,0.200000000000,
0.000000000000,-5.062232473822,-290.044555664063,0.200000000000,
0.000000000000,-5.062088663123,-290.036315917969,0.200000000000,
0.000000000000,-5.061896915525,-290.025329589844,0.200000000000,
0.000000000000,-5.061705167926,-290.014343261719,0.200000000000,
0.000000000000,-5.061513420328,-290.003356933594,0.200000000000,
0.000000000000,-5.061321672729,-289.992370605469,0.200000000000,
0.000000000000,-5.061321672729,-289.992370605469,0.200000000000,
0.000000000000,-5.061129925131,-289.981384277344,0.200000000000,
0.000000000000,-5.060938177532,-289.970397949219,0.200000000000,
0.000000000000,-5.060650556134,-289.953918457032,0.200000000000,
0.000000000000,-5.060506745435,-289.945678710938,0.200000000000,
0.000000000000,-5.060314997837,-289.934692382813,0.200000000000,
0.000000000000,-5.060314997837,-289.934692382813,0.200000000000,
0.000000000000,-5.060123250239,-289.923706054688,0.200000000000,
0.000000000000,-5.059931502640,-289.912719726563,0.200000000000,
0.000000000000,-5.059739755042,-289.901733398438,0.200000000000,
0.000000000000,-5.059548007443,-289.890747070313,0.200000000000,
0.000000000000,-5.059260386045,-289.874267578126,0.200000000000,
0.000000000000,-5.059260386045,-289.874267578126,0.200000000000,
0.000000000000,-5.059164512246,-289.868774414063,0.200000000000,
0.000000000000,-5.058876890848,-289.852294921876,0.200000000000,
0.000000000000,-5.058685143250,-289.841308593751,0.200000000000,
0.000000000000,-5.058493395651,-289.830322265626,0.200000000000,
0.000000000000,-5.058301648053,-289.819335937501,0.200000000000,
0.000000000000,-5.058301648053,-289.819335937501,0.200000000000,
0.000000000000,-5.058109900454,-289.808349609376,0.200000000000,
0.000000000000,-5.057918152856,-289.797363281251,0.200000000000,
0.000000000000,-5.057726405257,-289.786376953126,0.200000000000,
0.000000000000,-5.057534657659,-289.775390625001,0.200000000000,
0.000000000000,-5.057342910060,-289.764404296876,0.200000000000,
0.000000000000,-5.057342910060,-289.764404296876,0.200000000000,
0.000000000000,-5.057199099362,-289.756164550782,0.200000000000,
0.000000000000,-5.056959414864,-289.742431640626,0.200000000000,
0.000000000000,-5.056719730365,-289.728698730469,0.200000000000,
0.000000000000,-5.056623856566,-289.723205566407,0.200000000000,
0.000000000000,-5.056336235168,-289.706726074219,0.200000000000,
0.000000000000,-5.056336235168,-289.706726074219,0.200000000000,
0.000000000000,-5.056144487570,-289.695739746094,0.200000000000,
0.000000000000,-5.055952739971,-289.684753417969,0.200000000000,
0.000000000000,-5.055760992373,-289.673767089844,0.200000000000,
0.000000000000,-5.055569244774,-289.662780761719,0.200000000000,
0.000000000000,-5.055377497176,-289.651794433594,0.200000000000,
0.000000000000,-5.055377497176,-289.651794433594,0.200000000000,
0.000000000000,-5.055233686477,-289.643554687501,0.200000000000,
0.000000000000,-5.055041938879,-289.632568359376,0.200000000000,
0.000000000000,-5.054850191280,-289.621582031251,0.200000000000,
0.000000000000,-5.054610506782,-289.607849121094,0.200000000000,
0.000000000000,-5.054466696083,-289.599609375001,0.200000000000,
0.000000000000,-5.054466696083,-289.599609375001,0.200000000000,
0.000000000000,-5.054274948485,-289.588623046876,0.200000000000,
0.000000000000,-5.053987327087,-289.572143554688,0.200000000000,
0.000000000000,-5.053795579488,-289.561157226563,0.200000000000,
0.000000000000,-5.053651768790,-289.552917480469,0.200000000000,
0.000000000000,-5.053460021191,-289.541931152344,0.200000000000,
0.000000000000,-5.053460021191,-289.541931152344,0.200000000000,
0.000000000000,-5.053268273593,-289.530944824219,0.200000000000,
0.000000000000,-5.053076525994,-289.519958496094,0.200000000000,
0.000000000000,-5.052788904596,-289.503479003907,0.200000000000,
0.000000000000,-5.052597156998,-289.492492675782,0.200000000000,
0.000000000000,-5.052405409399,-289.481506347657,0.200000000000,
0.000000000000,-5.052405409399,-289.481506347657,0.200000000000,
0.000000000000,-5.052261598701,-289.473266601563,0.200000000000,
0.000000000000,-5.052069851102,-289.462280273438,0.200000000000,
0.000000000000,-5.051878103504,-289.451293945313,0.200000000000,
0.000000000000,-5.051590482106,-289.434814453126,0.200000000000,
0.000000000000,-5.051398734507,-289.423828125001,0.200000000000,
0.000000000000,-5.051398734507,-289.423828125001,0.200000000000,
0.000000000000,-5.051254923809,-289.415588378907,0.200000000000,
0.000000000000,-5.051015239310,-289.401855468751,0.200000000000,
0.000000000000,-5.050871428612,-289.393615722657,0.200000000000,
0.000000000000,-5.050583807214,-289.377136230469,0.200000000000,
0.000000000000,-5.050392059615,-289.366149902344,0.200000000000,
0.000000000000,-5.050392059615,-289.366149902344,0.200000000000,
0.000000000000,-5.050200312017,-289.355163574219,0.200000000000,
0.000000000000,-5.050056501318,-289.346923828126,0.200000000000,
0.000000000000,-5.049768879920,-289.330444335938,0.200000000000,
0.000000000000,-5.049673006121,-289.324951171876,0.200000000000,
0.000000000000,-5.049385384723,-289.308471679688,0.200000000000,
0.000000000000,-5.049385384723,-289.308471679688,0.200000000000,
0.000000000000,-5.049241574024,-289.300231933594,0.200000000000,
0.000000000000,-5.049049826426,-289.289245605469,0.200000000000,
0.000000000000,-5.048858078827,-289.278259277344,0.200000000000,
0.000000000000,-5.048666331229,-289.267272949219,0.200000000000,
0.000000000000,-5.048378709831,-289.250793457032,0.200000000000,
0.000000000000,-5.048378709831,-289.250793457032,0.200000000000,
0.000000000000,-5.048234899132,-289.242553710938,0.200000000000,
0.000000000000,-5.048043151534,-289.231567382813,0.200000000000,
0.000000000000,-5.047851403935,-289.220581054688,0.200000000000,
0.000000000000,-5.047611719437,-289.206848144532,0.200000000000,
0.000000000000,-5.047419971839,-289.195861816407,0.200000000000,
0.000000000000,-5.047419971839,-289.195861816407,0.200000000000,
0.000000000000,-5.047228224240,-289.184875488282,0.200000000000,
0.000000000000,-5.047036476642,-289.173889160157,0.200000000000,
0.000000000000,-5.046748855244,-289.157409667969,0.200000000000,
0.000000000000,-5.046605044545,-289.149169921876,0.200000000000,
0.000000000000,-5.046413296947,-289.138183593751,0.200000000000,
0.000000000000,-5.046413296947,-289.138183593751,0.200000000000,
0.000000000000,-5.046221549348,-289.127197265626,0.200000000000,
0.000000000000,-5.046029801750,-289.116210937501,0.200000000000,
0.000000000000,-5.045742180352,-289.099731445313,0.200000000000,
0.000000000000,-5.045598369653,-289.091491699219,0.200000000000,
0.000000000000,-5.045358685155,-289.077758789063,0.200000000000,
0.000000000000,-5.045358685155,-289.077758789063,0.200000000000,
0.000000000000,-5.045214874456,-289.069519042969,0.200000000000,
0.000000000000,-5.045023126858,-289.058532714844,0.200000000000,
0.000000000000,-5.044831379259,-289.047546386719,0.200000000000,
0.000000000000,-5.044639631661,-289.036560058594,0.200000000000,
0.000000000000,-5.044447884062,-289.025573730469,0.200000000000,
0.000000000000,-5.044447884062,-289.025573730469,0.200000000000,
0.000000000000,-5.044160262665,-289.009094238282,0.200000000000,
0.000000000000,-5.043968515066,-288.998107910157,0.200000000000,
0.000000000000,-5.043824704367,-288.989868164063,0.200000000000,
0.000000000000,-5.043585019869,-288.976135253907,0.200000000000,
0.000000000000,-5.043441209170,-288.967895507813,0.200000000000,
0.000000000000,-5.043441209170,-288.967895507813,0.200000000000,
0.000000000000,-5.043153587773,-288.951416015626,0.200000000000,
0.000000000000,-5.043057713973,-288.945922851563,0.200000000000,
0.000000000000,-5.042770092576,-288.929443359376,0.200000000000,
0.000000000000,-5.042674218776,-288.923950195313,0.200000000000,
0.000000000000,-5.042386597379,-288.907470703126,0.200000000000,
0.000000000000,-5.042386597379,-288.907470703126,0.200000000000,
0.000000000000,-5.042194849780,-288.896484375001,0.200000000000,
0.000000000000,-5.042003102182,-288.885498046876,0.200000000000,
0.000000000000,-5.041859291483,-288.877258300782,0.200000000000,
0.000000000000,-5.041667543884,-288.866271972657,0.200000000000,
0.000000000000,-5.041475796286,-288.855285644532,0.200000000000,
0.000000000000,-5.041475796286,-288.855285644532,0.200000000000,
0.000000000000,-5.041284048687,-288.844299316407,0.200000000000,
0.000000000000,-5.041092301089,-288.833312988282,0.200000000000,
0.000000000000,-5.040804679691,-288.816833496094,0.200000000000,
0.000000000000,-5.040612932093,-288.805847167969,0.200000000000,
0.000000000000,-5.040421184494,-288.794860839844,0.200000000000,
0.000000000000,-5.040421184494,-288.794860839844,0.200000000000,
0.000000000000,-5.040229436896,-288.783874511719,0.200000000000,
0.000000000000,-5.040133563096,-288.778381347657,0.200000000000,
0.000000000000,-5.039941815498,-288.767395019532,0.200000000000,
0.000000000000,-5.039750067899,-288.756408691407,0.200000000000,
0.000000000000,-5.039462446502,-288.739929199219,0.200000000000,
0.000000000000,-5.039462446502,-288.739929199219,0.200000000000,
0.000000000000,-5.039270698903,-288.728942871094,0.200000000000,
0.000000000000,-5.039078951305,-288.717956542969,0.200000000000,
0.000000000000,-5.038887203706,-288.706970214844,0.200000000000,
0.000000000000,-5.038695456108,-288.695983886719,0.200000000000,
0.000000000000,-5.038503708509,-288.684997558594,0.200000000000,
0.000000000000,-5.038503708509,-288.684997558594,0.200000000000,
0.000000000000,-5.038359897810,-288.676757812501,0.200000000000,
0.000000000000,-5.038168150212,-288.665771484376,0.200000000000,
0.000000000000,-5.037976402613,-288.654785156251,0.200000000000,
0.000000000000,-5.037736718115,-288.641052246094,0.200000000000,
0.000000000000,-5.037592907416,-288.632812500001,0.200000000000,
0.000000000000,-5.037592907416,-288.632812500001,0.200000000000,
0.000000000000,-5.037353222918,-288.619079589844,0.200000000000,
0.000000000000,-5.037161475320,-288.608093261719,0.200000000000,
0.000000000000,-5.037017664621,-288.599853515626,0.200000000000,
0.000000000000,-5.036825917023,-288.588867187501,0.200000000000,
0.000000000000,-5.036634169424,-288.577880859376,0.200000000000,
0.000000000000,-5.036634169424,-288.577880859376,0.200000000000,
0.000000000000,-5.036442421826,-288.566894531251,0.200000000000,
0.000000000000,-5.036250674227,-288.555908203126,0.200000000000,
0.000000000000,-5.036058926629,-288.544921875001,0.200000000000,
0.000000000000,-5.035771305231,-288.528442382813,0.200000000000,
0.000000000000,-5.035579557632,-288.517456054688,0.200000000000,
0.000000000000,-5.035579557632,-288.517456054688,0.200000000000,
0.000000000000,-5.035387810034,-288.506469726563,0.200000000000,
0.000000000000,-5.035243999335,-288.498229980469,0.200000000000,
0.000000000000,-5.035052251737,-288.487243652344,0.200000000000,
0.000000000000,-5.034860504138,-288.476257324219,0.200000000000,
0.000000000000,-5.034668756540,-288.465270996094,0.200000000000,
0.000000000000,-5.034668756540,-288.465270996094,0.200000000000,
0.000000000000,-5.034381135142,-288.448791503907,0.200000000000,
0.000000000000,-5.034189387543,-288.437805175782,0.200000000000,
0.000000000000,-5.033997639945,-288.426818847657,0.200000000000,
0.000000000000,-5.033805892346,-288.415832519532,0.200000000000,
0.000000000000,-5.033662081647,-288.407592773438,0.200000000000,
0.000000000000,-5.033662081647,-288.407592773438,0.200000000000,
0.000000000000,-5.033470334049,-288.396606445313,0.200000000000,
0.000000000000,-5.033278586451,-288.385620117188,0.200000000000,
0.000000000000,-5.033086838852,-288.374633789063,0.200000000000,
0.000000000000,-5.032895091254,-288.363647460938,0.200000000000,
0.000000000000,-5.032607469856,-288.347167968751,0.200000000000,
0.000000000000,-5.032607469856,-288.347167968751,0.200000000000,
0.000000000000,-5.032415722257,-288.336181640626,0.200000000000,
0.000000000000,-5.032223974659,-288.325195312501,0.200000000000,
0.000000000000,-5.032080163960,-288.316955566407,0.200000000000,
0.000000000000,-5.031840479462,-288.303222656251,0.200000000000,
0.000000000000,-5.031696668763,-288.294982910157,0.200000000000,
0.000000000000,-5.031696668763,-288.294982910157,0.200000000000,
0.000000000000,-5.031504921165,-288.283996582032,0.200000000000,
0.000000000000,-5.031313173566,-288.273010253907,0.200000000000,
0.000000000000,-5.031121425968,-288.262023925782,0.200000000000,
0.000000000000,-5.030833804570,-288.245544433594,0.200000000000,
0.000000000000,-5.030737930771,-288.240051269532,0.200000000000,
0.000000000000,-5.030737930771,-288.240051269532,0.200000000000,
0.000000000000,-5.030450309373,-288.223571777344,0.200000000000,
0.000000000000,-5.030258561774,-288.212585449219,0.200000000000,
0.000000000000,-5.030114751076,-288.204345703126,0.200000000000,
0.000000000000,-5.029923003477,-288.193359375001,0.200000000000,
0.000000000000,-5.029731255879,-288.182373046876,0.200000000000,
0.000000000000,-5.029731255879,-288.182373046876,0.200000000000,
0.000000000000,-5.029539508280,-288.171386718751,0.200000000000,
0.000000000000,-5.029347760682,-288.160400390626,0.200000000000,
0.000000000000,-5.029060139284,-288.143920898438,0.200000000000,
0.000000000000,-5.028868391685,-288.132934570313,0.200000000000,
0.000000000000,-5.028724580986,-288.124694824219,0.200000000000,
0.000000000000,-5.028724580986,-288.124694824219,0.200000000000,
0.000000000000,-5.028532833388,-288.113708496094,0.200000000000,
0.000000000000,-5.028245211990,-288.097229003907,0.200000000000,
0.000000000000,-5.028053464392,-288.086242675782,0.200000000000,
0.000000000000,-5.027909653693,-288.078002929688,0.200000000000,
0.000000000000,-5.027717906094,-288.067016601563,0.200000000000,
0.000000000000,-5.027717906094,-288.067016601563,0.200000000000,
0.000000000000,-5.027526158496,-288.056030273438,0.200000000000,
0.000000000000,-5.027334410897,-288.045043945313,0.200000000000,
0.000000000000,-5.027094726399,-288.031311035157,0.200000000000,
0.000000000000,-5.026902978801,-288.020324707032,0.200000000000,
0.000000000000,-5.026711231202,-288.009338378907,0.200000000000,
0.000000000000,-5.026711231202,-288.009338378907,0.200000000000,
0.000000000000,-5.026519483604,-287.998352050782,0.200000000000,
0.000000000000,-5.026279799106,-287.984619140626,0.200000000000,
0.000000000000,-5.026040114608,-287.970886230469,0.200000000000,
0.000000000000,-5.025800430110,-287.957153320313,0.200000000000,
0.000000000000,-5.025608682511,-287.946166992188,0.200000000000,
0.000000000000,-5.025608682511,-287.946166992188,0.200000000000,
0.000000000000,-5.025368998013,-287.932434082032,0.200000000000,
0.000000000000,-5.025177250415,-287.921447753907,0.200000000000,
0.000000000000,-5.024985502816,-287.910461425782,0.200000000000,
0.000000000000,-5.024745818318,-287.896728515626,0.200000000000,
0.000000000000,-5.024554070719,-287.885742187501,0.200000000000,
0.000000000000,-5.024554070719,-287.885742187501,0.200000000000,
0.000000000000,-5.024362323121,-287.874755859376,0.200000000000,
0.000000000000,-5.024218512422,-287.866516113282,0.200000000000,
0.000000000000,-5.024026764824,-287.855529785157,0.200000000000,
0.000000000000,-5.023739143426,-287.839050292969,0.200000000000,
0.000000000000,-5.023595332727,-287.830810546876,0.200000000000,
0.000000000000,-5.023595332727,-287.830810546876,0.200000000000,
0.000000000000,-5.023307711329,-287.814331054688,0.200000000000,
0.000000000000,-5.023163900630,-287.806091308594,0.200000000000,
0.000000000000,-5.022876279233,-287.789611816407,0.200000000000,
0.000000000000,-5.022780405433,-287.784118652344,0.200000000000,
0.000000000000,-5.022540720935,-287.770385742188,0.200000000000,
0.000000000000,-5.022540720935,-287.770385742188,0.200000000000,
0.000000000000,-5.022348973337,-287.759399414063,0.200000000000,
0.000000000000,-5.022061351939,-287.742919921876,0.200000000000,
0.000000000000,-5.021869604341,-287.731933593751,0.200000000000,
0.000000000000,-5.021725793642,-287.723693847657,0.200000000000,
0.000000000000,-5.021438172244,-287.707214355469,0.200000000000,
0.000000000000,-5.021438172244,-287.707214355469,0.200000000000,
0.000000000000,-5.021294361545,-287.698974609376,0.200000000000,
0.000000000000,-5.021102613947,-287.687988281251,0.200000000000,
0.000000000000,-5.020814992549,-287.671508789063,0.200000000000,
0.000000000000,-5.020671181850,-287.663269042969,0.200000000000,
0.000000000000,-5.020479434252,-287.652282714844,0.200000000000,
0.000000000000,-5.020479434252,-287.652282714844,0.200000000000,
0.000000000000,-5.020191812854,-287.635803222657,0.200000000000,
0.000000000000,-5.020048002155,-287.627563476563,0.200000000000,
0.000000000000,-5.019856254557,-287.616577148438,0.200000000000,
0.000000000000,-5.019568633159,-287.600097656251,0.200000000000,
0.000000000000,-5.019520696259,-287.597351074219,0.200000000000,
0.000000000000,-5.019520696259,-287.597351074219,0.200000000000,
0.000000000000,-5.019185137962,-287.578125000001,0.200000000000,
0.000000000000,-5.019041327263,-287.569885253907,0.200000000000,
0.000000000000,-5.018849579664,-287.558898925782,0.200000000000,
0.000000000000,-5.018561958267,-287.542419433594,0.200000000000,
0.000000000000,-5.018370210668,-287.531433105469,0.200000000000,
0.000000000000,-5.018370210668,-287.531433105469,0.200000000000,
0.000000000000,-5.018226399969,-287.523193359376,0.200000000000,
0.000000000000,-5.018034652371,-287.512207031251,0.200000000000,
0.000000000000,-5.017842904772,-287.501220703126,0.200000000000,
0.000000000000,-5.017555283375,-287.484741210938,0.200000000000,
0.000000000000,-5.017411472676,-287.476501464844,0.200000000000,
0.000000000000,-5.017411472676,-287.476501464844,0.200000000000,
0.000000000000,-5.017219725077,-287.465515136719,0.200000000000,
0.000000000000,-5.016932103680,-287.449035644532,0.200000000000,
0.000000000000,-5.016740356081,-287.438049316407,0.200000000000,
0.000000000000,-5.016548608483,-287.427062988282,0.200000000000,
0.000000000000,-5.016356860884,-287.416076660157,0.200000000000,
0.000000000000,-5.016356860884,-287.416076660157,0.200000000000,
0.000000000000,-5.016213050185,-287.407836914063,0.200000000000,
0.000000000000,-5.015925428788,-287.391357421876,0.200000000000,
0.000000000000,-5.015781618089,-287.383117675782,0.200000000000,
0.000000000000,-5.015589870490,-287.372131347657,0.200000000000,
0.000000000000,-5.015350185992,-287.358398437501,0.200000000000,
0.000000000000,-5.015350185992,-287.358398437501,0.200000000000,
0.000000000000,-5.015206375293,-287.350158691407,0.200000000000,
0.000000000000,-5.015014627695,-287.339172363282,0.200000000000,
0.000000000000,-5.014727006297,-287.322692871094,0.200000000000,
0.000000000000,-5.014631132498,-287.317199707032,0.200000000000,
0.000000000000,-5.014343511100,-287.300720214844,0.200000000000,
0.000000000000,-5.014343511100,-287.300720214844,0.200000000000,
0.000000000000,-5.014151763502,-287.289733886719,0.200000000000,
0.000000000000,-5.014007952803,-287.281494140626,0.200000000000,
0.000000000000,-5.013816205204,-287.270507812501,0.200000000000,
0.000000000000,-5.013528583807,-287.254028320313,0.200000000000,
0.000000000000,-5.013432710007,-287.248535156251,0.200000000000,
0.000000000000,-5.013432710007,-287.248535156251,0.200000000000,
0.000000000000,-5.013240962409,-287.237548828126,0.200000000000,
0.000000000000,-5.012953341011,-287.221069335938,0.200000000000,
0.000000000000,-5.012809530312,-287.212829589844,0.200000000000,
0.000000000000,-5.012617782714,-287.201843261719,0.200000000000,
0.000000000000,-5.012426035115,-287.190856933594,0.200000000000,
0.000000000000,-5.012426035115,-287.190856933594,0.200000000000,
0.000000000000,-5.012186350617,-287.177124023438,0.200000000000,
0.000000000000,-5.012042539918,-287.168884277344,0.200000000000,
0.000000000000,-5.011850792320,-287.157897949219,0.200000000000,
0.000000000000,-5.011659044721,-287.146911621094,0.200000000000,
0.000000000000,-5.011371423324,-287.130432128907,0.200000000000,
0.000000000000,-5.011371423324,-287.130432128907,0.200000000000,
0.000000000000,-5.011179675725,-287.119445800782,0.200000000000,
0.000000000000,-5.010987928127,-287.108459472657,0.200000000000,
0.000000000000,-5.010796180528,-287.097473144532,0.200000000000,
0.000000000000,-5.010604432930,-287.086486816407,0.200000000000,
0.000000000000,-5.010460622231,-287.078247070313,0.200000000000,
0.000000000000,-5.010460622231,-287.078247070313,0.200000000000,
0.000000000000,-5.010268874632,-287.067260742188,0.200000000000,
0.000000000000,-5.010077127034,-287.056274414063,0.200000000000,
0.000000000000,-5.009789505636,-287.039794921876,0.200000000000,
0.000000000000,-5.009645694937,-287.031555175782,0.200000000000,
0.000000000000,-5.009453947339,-287.020568847657,0.200000000000,
0.000000000000,-5.009453947339,-287.020568847657,0.200000000000,
0.000000000000,-5.009262199740,-287.009582519532,0.200000000000,
0.000000000000,-5.008974578342,-286.993103027344,0.200000000000,
0.000000000000,-5.008782830744,-286.982116699219,0.200000000000,
0.000000000000,-5.008591083145,-286.971130371094,0.200000000000,
0.000000000000,-5.008447272447,-286.962890625001,0.200000000000,
0.000000000000,-5.008447272447,-286.962890625001,0.200000000000,
0.000000000000,-5.008255524848,-286.951904296876,0.200000000000,
0.000000000000,-5.008063777250,-286.940917968751,0.200000000000,
0.000000000000,-5.007872029651,-286.929931640626,0.200000000000,
0.000000000000,-5.007584408253,-286.913452148438,0.200000000000,
0.000000000000,-5.007392660655,-286.902465820313,0.200000000000,
0.000000000000,-5.007392660655,-286.902465820313,0.200000000000,
0.000000000000,-5.007248849956,-286.894226074219,0.200000000000,
0.000000000000,-5.007057102358,-286.883239746094,0.200000000000,
0.000000000000,-5.006865354759,-286.872253417969,0.200000000000,
0.000000000000,-5.006673607161,-286.861267089844,0.200000000000,
0.000000000000,-5.006481859562,-286.850280761719,0.200000000000,
0.000000000000,-5.006481859562,-286.850280761719,0.200000000000,
0.000000000000,-5.006194238164,-286.833801269532,0.200000000000,
0.000000000000,-5.006002490566,-286.822814941407,0.200000000000,
0.000000000000,-5.005810742967,-286.811828613282,0.200000000000,
0.000000000000,-5.005618995369,-286.800842285157,0.200000000000,
0.000000000000,-5.005427247770,-286.789855957032,0.200000000000,
0.000000000000,-5.005427247770,-286.789855957032,0.200000000000,
0.000000000000,-5.005283437072,-286.781616210938,0.200000000000,
0.000000000000,-5.005043752574,-286.767883300782,0.200000000000,
0.000000000000,-5.004852004975,-286.756896972657,0.200000000000,
0.000000000000,-5.004708194276,-286.748657226563,0.200000000000,
0.000000000000,-5.004516446678,-286.737670898438,0.200000000000,
0.000000000000,-5.004516446678,-286.737670898438,0.200000000000,
0.000000000000,-5.004228825280,-286.721191406251,0.200000000000,
0.000000000000,-5.004132951481,-286.715698242188,0.200000000000,
0.000000000000,-5.003845330083,-286.699218750001,0.200000000000,
0.000000000000,-5.003653582484,-286.688232421876,0.200000000000,
0.000000000000,-5.003509771786,-286.679992675782,0.200000000000,
0.000000000000,-5.003509771786,-286.679992675782,0.200000000000,
0.000000000000,-5.003318024187,-286.669006347657,0.200000000000,
0.000000000000,-5.003030402789,-286.652526855469,0.200000000000,
0.000000000000,-5.002934528990,-286.647033691407,0.200000000000,
0.000000000000,-5.002742781392,-286.636047363282,0.200000000000,
0.000000000000,-5.002455159994,-286.619567871094,0.200000000000,
0.000000000000,-5.002455159994,-286.619567871094,0.200000000000,
0.000000000000,-5.002311349295,-286.611328125001,0.200000000000,
0.000000000000,-5.002119601697,-286.600341796876,0.200000000000,
0.000000000000,-5.001879917198,-286.586608886719,0.200000000000,
0.000000000000,-5.001640232700,-286.572875976563,0.200000000000,
0.000000000000,-5.001544358901,-286.567382812501,0.200000000000,
0.000000000000,-5.001544358901,-286.567382812501,0.200000000000,
0.000000000000,-5.001256737503,-286.550903320313,0.200000000000,
0.000000000000,-5.001112926805,-286.542663574219,0.200000000000,
0.000000000000,-5.000825305407,-286.526184082032,0.200000000000,
0.000000000000,-5.000729431608,-286.520690917969,0.200000000000,
0.000000000000,-5.000441810210,-286.504211425782,0.200000000000,
0.000000000000,-5.000441810210,-286.504211425782,0.200000000000,
0.000000000000,-5.000250062611,-286.493225097657,0.200000000000,
0.000000000000,-5.000106251913,-286.484985351563,0.200000000000,
0.000000000000,-4.999818630515,-286.468505859376,0.200000000000,
0.000000000000,-4.999626882916,-286.457519531251,0.200000000000,
0.000000000000,-4.999483072217,-286.449279785157,0.200000000000,
0.000000000000,-4.999483072217,-286.449279785157,0.200000000000,
0.000000000000,-4.999291324619,-286.438293457032,0.200000000000,
0.000000000000,-4.999003703221,-286.421813964844,0.200000000000,
0.000000000000,-4.998859892522,-286.413574218751,0.200000000000,
0.000000000000,-4.998620208024,-286.399841308594,0.200000000000,
0.000000000000,-4.998476397325,-286.391601562501,0.200000000000,
0.000000000000,-4.998476397325,-286.391601562501,0.200000000000,
0.000000000000,-4.998284649727,-286.380615234376,0.200000000000,
0.000000000000,-4.997997028329,-286.364135742188,0.200000000000,
0.000000000000,-4.997805280731,-286.353149414063,0.200000000000,
0.000000000000,-4.997661470032,-286.344909667969,0.200000000000,
0.000000000000,-4.997469722433,-286.333923339844,0.200000000000,
0.000000000000,-4.997469722433,-286.333923339844,0.200000000000,
0.000000000000,-4.997182101036,-286.317443847657,0.200000000000,
0.000000000000,-4.997038290337,-286.309204101563,0.200000000000,
0.000000000000,-4.996750668939,-286.292724609376,0.200000000000,
0.000000000000,-4.996558921341,-286.281738281251,0.200000000000,
0.000000000000,-4.996415110642,-286.273498535157,0.200000000000,
0.000000000000,-4.996415110642,-286.273498535157,0.200000000000,
0.000000000000,-4.996127489244,-286.257019042969,0.200000000000,
0.000000000000,-4.995935741645,-286.246032714844,0.200000000000,
0.000000000000,-4.995743994047,-286.235046386719,0.200000000000,
0.000000000000,-4.995600183348,-286.226806640626,0.200000000000,
0.000000000000,-4.995408435750,-286.215820312501,0.200000000000,
0.000000000000,-4.995408435750,-286.215820312501,0.200000000000,
0.000000000000,-4.995120814352,-286.199340820313,0.200000000000,
0.000000000000,-4.994977003653,-286.191101074219,0.200000000000,
0.000000000000,-4.994785256055,-286.180114746094,0.200000000000,
0.000000000000,-4.994497634657,-286.163635253907,0.200000000000,
0.000000000000,-4.994353823958,-286.155395507813,0.200000000000,
0.000000000000,-4.994353823958,-286.155395507813,0.200000000000,
0.000000000000,-4.994162076359,-286.144409179688,0.200000000000,
0.000000000000,-4.993970328761,-286.133422851563,0.200000000000,
0.000000000000,-4.993682707363,-286.116943359376,0.200000000000,
0.000000000000,-4.993490959765,-286.105957031251,0.200000000000,
0.000000000000,-4.993347149066,-286.097717285157,0.200000000000,
0.000000000000,-4.993347149066,-286.097717285157,0.200000000000,
0.000000000000,-4.993155401467,-286.086730957032,0.200000000000,
0.000000000000,-4.992867780070,-286.070251464844,0.200000000000,
0.000000000000,-4.992676032471,-286.059265136719,0.200000000000,
0.000000000000,-4.992532221772,-286.051025390626,0.200000000000,
0.000000000000,-4.992340474174,-286.040039062501,0.200000000000,
0.000000000000,-4.992340474174,-286.040039062501,0.200000000000,
0.000000000000,-4.992052852776,-286.023559570313,0.200000000000,
0.000000000000,-4.991861105178,-286.012573242188,0.200000000000,
0.000000000000,-4.991669357579,-286.001586914063,0.200000000000,
0.000000000000,-4.991525546880,-285.993347167969,0.200000000000,
0.000000000000,-4.991333799282,-285.982360839844,0.200000000000,
0.000000000000,-4.991333799282,-285.982360839844,0.200000000000,
0.000000000000,-4.991142051683,-285.971374511719,0.200000000000,
0.000000000000,-4.990950304085,-285.960388183594,0.200000000000,
0.000000000000,-4.990662682687,-285.943908691407,0.200000000000,
0.000000000000,-4.990566808888,-285.938415527344,0.200000000000,
0.000000000000,-4.990327124390,-285.924682617188,0.200000000000,
0.000000000000,-4.990327124390,-285.924682617188,0.200000000000,
0.000000000000,-4.990087439892,-285.910949707032,0.200000000000,
0.000000000000,-4.989943629193,-285.902709960938,0.200000000000,
0.000000000000,-4.989751881594,-285.891723632813,0.200000000000,
0.000000000000,-4.989560133996,-285.880737304688,0.200000000000,
0.000000000000,-4.989368386397,-285.869750976563,0.200000000000,
0.000000000000,-4.989368386397,-285.869750976563,0.200000000000,
0.000000000000,-4.989176638799,-285.858764648438,0.200000000000,
0.000000000000,-4.988889017401,-285.842285156251,0.200000000000,
0.000000000000,-4.988745206702,-285.834045410157,0.200000000000,
0.000000000000,-4.988553459104,-285.823059082032,0.200000000000,
0.000000000000,-4.988265837706,-285.806579589844,0.200000000000,
0.000000000000,-4.988265837706,-285.806579589844,0.200000000000,
0.000000000000,-4.988169963907,-285.801086425782,0.200000000000,
0.000000000000,-4.987882342509,-285.784606933594,0.200000000000,
0.000000000000,-4.987690594911,-285.773620605469,0.200000000000,
0.000000000000,-4.987546784212,-285.765380859376,0.200000000000,
0.000000000000,-4.987355036613,-285.754394531251,0.200000000000,
0.000000000000,-4.987355036613,-285.754394531251,0.200000000000,
0.000000000000,-4.987115352115,-285.740661621094,0.200000000000,
0.000000000000,-4.986971541416,-285.732421875001,0.200000000000,
0.000000000000,-4.986779793818,-285.721435546876,0.200000000000,
0.000000000000,-4.986588046219,-285.710449218751,0.200000000000,
0.000000000000,-4.986396298621,-285.699462890626,0.200000000000,
0.000000000000,-4.986396298621,-285.699462890626,0.200000000000,
0.000000000000,-4.986204551022,-285.688476562501,0.200000000000,
0.000000000000,-4.986012803424,-285.677490234376,0.200000000000,
0.000000000000,-4.985725182026,-285.661010742188,0.200000000000,
0.000000000000,-4.985629308227,-285.655517578126,0.200000000000,
0.000000000000,-4.985341686829,-285.639038085938,0.200000000000,
0.000000000000,-4.985341686829,-285.639038085938,0.200000000000,
0.000000000000,-4.985245813030,-285.633544921876,0.200000000000,
0.000000000000,-4.984958191632,-285.617065429688,0.200000000000,
0.000000000000,-4.984766444034,-285.606079101563,0.200000000000,
0.000000000000,-4.984574696435,-285.595092773438,0.200000000000,
0.000000000000,-4.984382948837,-285.584106445313,0.200000000000,
0.000000000000,-4.984382948837,-285.584106445313,0.200000000000,
0.000000000000,-4.984239138138,-285.575866699219,0.200000000000,
0.000000000000,-4.984047390539,-285.564880371094,0.200000000000,
0.000000000000,-4.983759769142,-285.548400878907,0.200000000000,
0.000000000000,-4.983568021543,-285.537414550782,0.200000000000,
0.000000000000,-4.983472147744,-285.531921386719,0.200000000000,
0.000000000000,-4.983472147744,-285.531921386719,0.200000000000,
0.000000000000,-4.983232463246,-285.518188476563,0.200000000000,
0.000000000000,-4.983040715647,-285.507202148438,0.200000000000,
0.000000000000,-4.982848968049,-285.496215820313,0.200000000000,
0.000000000000,-4.982561346651,-285.479736328126,0.200000000000,
0.000000000000,-4.982369599053,-285.468750000001,0.200000000000,
0.000000000000,-4.982369599053,-285.468750000001,0.200000000000,
0.000000000000,-4.982225788354,-285.460510253907,0.200000000000,
0.000000000000,-4.982034040755,-285.449523925782,0.200000000000,
0.000000000000,-4.981842293157,-285.438537597657,0.200000000000,
0.000000000000,-4.981650545558,-285.427551269532,0.200000000000,
0.000000000000,-4.981458797960,-285.416564941407,0.200000000000,
0.000000000000,-4.981458797960,-285.416564941407,0.200000000000,
0.000000000000,-4.981171176562,-285.400085449219,0.200000000000,
0.000000000000,-4.980979428964,-285.389099121094,0.200000000000,
0.000000000000,-4.980787681365,-285.378112792969,0.200000000000,
0.000000000000,-4.980595933767,-285.367126464844,0.200000000000,
0.000000000000,-4.980452123068,-285.358886718751,0.200000000000,
0.000000000000,-4.980452123068,-285.358886718751,0.200000000000,
0.000000000000,-4.980260375469,-285.347900390626,0.200000000000,
0.000000000000,-4.980068627871,-285.336914062501,0.200000000000,
0.000000000000,-4.979876880272,-285.325927734376,0.200000000000,
0.000000000000,-4.979685132674,-285.314941406251,0.200000000000,
0.000000000000,-4.979397511276,-285.298461914063,0.200000000000,
0.000000000000,-4.979397511276,-285.298461914063,0.200000000000,
0.000000000000,-4.979205763678,-285.287475585938,0.200000000000,
0.000000000000,-4.979061952979,-285.279235839844,0.200000000000,
0.000000000000,-4.978822268481,-285.265502929688,0.200000000000,
0.000000000000,-4.978678457782,-285.257263183594,0.200000000000,
0.000000000000,-4.978486710183,-285.246276855469,0.200000000000,
0.000000000000,-4.978486710183,-285.246276855469,0.200000000000,
0.000000000000,-4.978294962585,-285.235290527344,0.200000000000,
0.000000000000,-4.978103214986,-285.224304199219,0.200000000000,
0.000000000000,-4.977815593589,-285.207824707032,0.200000000000,
0.000000000000,-4.977671782890,-285.199584960938,0.200000000000,
0.000000000000,-4.977480035291,-285.188598632813,0.200000000000,
0.000000000000,-4.977480035291,-285.188598632813,0.200000000000,
0.000000000000,-4.977288287693,-285.177612304688,0.200000000000,
0.000000000000,-4.977096540094,-285.166625976563,0.200000000000,
0.000000000000,-4.976808918696,-285.150146484376,0.200000000000,
0.000000000000,-4.976665107998,-285.141906738282,0.200000000000,
0.000000000000,-4.976473360399,-285.130920410157,0.200000000000,
0.000000000000,-4.976473360399,-285.130920410157,0.200000000000,
0.000000000000,-4.976185739001,-285.114440917969,0.200000000000,
0.000000000000,-4.975993991403,-285.103454589844,0.200000000000,
0.000000000000,-4.975850180704,-285.095214843751,0.200000000000,
0.000000000000,-4.975658433106,-285.084228515626,0.200000000000,
0.000000000000,-4.975466685507,-285.073242187501,0.200000000000,
0.000000000000,-4.975466685507,-285.073242187501,0.200000000000,
0.000000000000,-4.975179064109,-285.056762695313,0.200000000000,
0.000000000000,-4.974987316511,-285.045776367188,0.200000000000,
0.000000000000,-4.974843505812,-285.037536621094,0.200000000000,
0.000000000000,-4.974651758214,-285.026550292969,0.200000000000,
0.000000000000,-4.974364136816,-285.010070800782,0.200000000000,
0.000000000000,-4.974364136816,-285.010070800782,0.200000000000,
0.000000000000,-4.974172389217,-284.999084472657,0.200000000000,
0.000000000000,-4.974028578518,-284.990844726563,0.200000000000,
0.000000000000,-4.973740957121,-284.974365234376,0.200000000000,
0.000000000000,-4.973549209522,-284.963378906251,0.200000000000,
0.000000000000,-4.973405398823,-284.955139160157,0.200000000000,
0.000000000000,-4.973405398823,-284.955139160157,0.200000000000,
0.000000000000,-4.973213651225,-284.944152832032,0.200000000000,
0.000000000000,-4.972926029827,-284.927673339844,0.200000000000,
0.000000000000,-4.972734282229,-284.916687011719,0.200000000000,
0.000000000000,-4.972494597731,-284.902954101563,0.200000000000,
0.000000000000,-4.972302850132,-284.891967773438,0.200000000000,
0.000000000000,-4.972302850132,-284.891967773438,0.200000000000,
0.000000000000,-4.972111102534,-284.880981445313,0.200000000000,
0.000000000000,-4.971967291835,-284.872741699219,0.200000000000,
0.000000000000,-4.971775544236,-284.861755371094,0.200000000000,
0.000000000000,-4.971487922839,-284.845275878907,0.200000000000,
0.000000000000,-4.971344112140,-284.837036132813,0.200000000000,
0.000000000000,-4.971344112140,-284.837036132813,0.200000000000,
0.000000000000,-4.971152364541,-284.826049804688,0.200000000000,
0.000000000000,-4.970864743143,-284.809570312501,0.200000000000,
0.000000000000,-4.970625058645,-284.795837402344,0.200000000000,
0.000000000000,-4.970433311047,-284.784851074219,0.200000000000,
0.000000000000,-4.970241563448,-284.773864746094,0.200000000000,
0.000000000000,-4.970241563448,-284.773864746094,0.200000000000,
0.000000000000,-4.970001878950,-284.760131835938,0.200000000000,
0.000000000000,-4.969810131352,-284.749145507813,0.200000000000,
0.000000000000,-4.969666320653,-284.740905761719,0.200000000000,
0.000000000000,-4.969378699255,-284.724426269532,0.200000000000,
0.000000000000,-4.969186951657,-284.713439941407,0.200000000000,
0.000000000000,-4.969186951657,-284.713439941407,0.200000000000,
0.000000000000,-4.969043140958,-284.705200195313,0.200000000000,
0.000000000000,-4.968851393359,-284.694213867188,0.200000000000,
0.000000000000,-4.968659645761,-284.683227539063,0.200000000000,
0.000000000000,-4.968419961263,-284.669494628907,0.200000000000,
0.000000000000,-4.968228213664,-284.658508300782,0.200000000000,
0.000000000000,-4.968228213664,-284.658508300782,0.200000000000,
0.000000000000,-4.967988529166,-284.644775390626,0.200000000000,
0.000000000000,-4.967796781568,-284.633789062501,0.200000000000,
0.000000000000,-4.967605033969,-284.622802734376,0.200000000000,
0.000000000000,-4.967317412571,-284.606323242188,0.200000000000,
0.000000000000,-4.967125664973,-284.595336914063,0.200000000000,
0.000000000000,-4.967125664973,-284.595336914063,0.200000000000,
0.000000000000,-4.966981854274,-284.587097167969,0.200000000000,
0.000000000000,-4.966694232876,-284.570617675782,0.200000000000,
0.000000000000,-4.966502485278,-284.559631347657,0.200000000000,
0.000000000000,-4.966358674579,-284.551391601563,0.200000000000,
0.000000000000,-4.966071053181,-284.534912109376,0.200000000000,
0.000000000000,-4.966071053181,-284.534912109376,0.200000000000,
0.000000000000,-4.965879305583,-284.523925781251,0.200000000000,
0.000000000000,-4.965687557984,-284.512939453126,0.200000000000,
0.000000000000,-4.965447873486,-284.499206542969,0.200000000000,
0.000000000000,-4.965351999687,-284.493713378907,0.200000000000,
0.000000000000,-4.965064378289,-284.477233886719,0.200000000000,
0.000000000000,-4.965064378289,-284.477233886719,0.200000000000,
0.000000000000,-4.964920567590,-284.468994140626,0.200000000000,
0.000000000000,-4.964632946193,-284.452514648438,0.200000000000,
0.000000000000,-4.964441198594,-284.441528320313,0.200000000000,
0.000000000000,-4.964249450996,-284.430541992188,0.200000000000,
0.000000000000,-4.964057703397,-284.419555664063,0.200000000000,
0.000000000000,-4.964057703397,-284.419555664063,0.200000000000,
0.000000000000,-4.963913892698,-284.411315917969,0.200000000000,
0.000000000000,-4.963722145100,-284.400329589844,0.200000000000,
0.000000000000,-4.963530397501,-284.389343261719,0.200000000000,
0.000000000000,-4.963242776104,-284.372863769532,0.200000000000,
0.000000000000,-4.963051028505,-284.361877441407,0.200000000000,
0.000000000000,-4.963051028505,-284.361877441407,0.200000000000,
0.000000000000,-4.962907217806,-284.353637695313,0.200000000000,
0.000000000000,-4.962667533308,-284.339904785157,0.200000000000,
0.000000000000,-4.962523722609,-284.331665039063,0.200000000000,
0.000000000000,-4.962331975011,-284.320678710938,0.200000000000,
0.000000000000,-4.962140227412,-284.309692382813,0.200000000000,
0.000000000000,-4.962140227412,-284.309692382813,0.200000000000,
0.000000000000,-4.961948479814,-284.298706054688,0.200000000000,
0.000000000000,-4.961756732215,-284.287719726563,0.200000000000,
0.000000000000,-4.961564984617,-284.276733398438,0.200000000000,
0.000000000000,-4.961277363219,-284.260253906251,0.200000000000,
0.000000000000,-4.961085615621,-284.249267578126,0.200000000000,
0.000000000000,-4.961085615621,-284.249267578126,0.200000000000,
0.000000000000,-4.960893868022,-284.238281250001,0.200000000000,
0.000000000000,-4.960702120424,-284.227294921876,0.200000000000,
0.000000000000,-4.960558309725,-284.219055175782,0.200000000000,
0.000000000000,-4.960366562126,-284.208068847657,0.200000000000,
0.000000000000,-4.960174814528,-284.197082519532,0.200000000000,
0.000000000000,-4.960174814528,-284.197082519532,0.200000000000,
0.000000000000,-4.959887193130,-284.180603027344,0.200000000000,
0.000000000000,-4.959791319331,-284.175109863282,0.200000000000,
0.000000000000,-4.959503697933,-284.158630371094,0.200000000000,
0.000000000000,-4.959311950335,-284.147644042969,0.200000000000,
0.000000000000,-4.959120202736,-284.136657714844,0.200000000000,
0.000000000000,-4.959120202736,-284.136657714844,0.200000000000,
0.000000000000,-4.958928455138,-284.125671386719,0.200000000000,
0.000000000000,-4.958832581338,-284.120178222657,0.200000000000,
0.000000000000,-4.958544959941,-284.103698730469,0.200000000000,
0.000000000000,-4.958401149242,-284.095458984376,0.200000000000,
0.000000000000,-4.958209401643,-284.084472656251,0.200000000000,
0.000000000000,-4.958209401643,-284.084472656251,0.200000000000,
0.000000000000,-4.958017654045,-284.073486328126,0.200000000000,
0.000000000000,-4.957825906446,-284.062500000001,0.200000000000,
0.000000000000,-4.957634158848,-284.051513671876,0.200000000000,
0.000000000000,-4.957442411249,-284.040527343751,0.200000000000,
0.000000000000,-4.957154789852,-284.024047851563,0.200000000000,
0.000000000000,-4.957154789852,-284.024047851563,0.200000000000,
0.000000000000,-4.957010979153,-284.015808105469,0.200000000000,
0.000000000000,-4.956819231554,-284.004821777344,0.200000000000,
0.000000000000,-4.956627483956,-283.993835449219,0.200000000000,
0.000000000000,-4.956339862558,-283.977355957032,0.200000000000,
0.000000000000,-4.956148114960,-283.966369628907,0.200000000000,
0.000000000000,-4.956148114960,-283.966369628907,0.200000000000,
0.000000000000,-4.956052241160,-283.960876464844,0.200000000000,
0.000000000000,-4.955812556662,-283.947143554688,0.200000000000,
0.000000000000,-4.955572872164,-283.933410644532,0.200000000000,
0.000000000000,-4.955429061465,-283.925170898438,0.200000000000,
0.000000000000,-4.955237313867,-283.914184570313,0.200000000000,
0.000000000000,-4.955237313867,-283.914184570313,0.200000000000,
0.000000000000,-4.955045566268,-283.903198242188,0.200000000000,
0.000000000000,-4.954853818670,-283.892211914063,0.200000000000,
0.000000000000,-4.954566197272,-283.875732421876,0.200000000000,
0.000000000000,-4.954374449674,-283.864746093751,0.200000000000,
0.000000000000,-4.954182702075,-283.853759765626,0.200000000000,
0.000000000000,-4.954182702075,-283.853759765626,0.200000000000,
0.000000000000,-4.953990954477,-283.842773437501,0.200000000000,
0.000000000000,-4.953847143778,-283.834533691407,0.200000000000,
0.000000000000,-4.953607459280,-283.820800781251,0.200000000000,
0.000000000000,-4.953463648581,-283.812561035157,0.200000000000,
0.000000000000,-4.953271900982,-283.801574707032,0.200000000000,
0.000000000000,-4.953271900982,-283.801574707032,0.200000000000,
0.000000000000,-4.953032216484,-283.787841796876,0.200000000000,
0.000000000000,-4.952888405785,-283.779602050782,0.200000000000,
0.000000000000,-4.952696658187,-283.768615722657,0.200000000000,
0.000000000000,-4.952504910588,-283.757629394532,0.200000000000,
0.000000000000,-4.952217289191,-283.741149902344,0.200000000000,
0.000000000000,-4.952217289191,-283.741149902344,0.200000000000,
0.000000000000,-4.952025541592,-283.730163574219,0.200000000000,
0.000000000000,-4.951833793994,-283.719177246094,0.200000000000,
0.000000000000,-4.951785857094,-283.716430664063,0.200000000000,
0.000000000000,-4.951450298797,-283.697204589844,0.200000000000,
0.000000000000,-4.951258551198,-283.686218261719,0.200000000000,
0.000000000000,-4.951258551198,-283.686218261719,0.200000000000,
0.000000000000,-4.951114740499,-283.677978515626,0.200000000000,
0.000000000000,-4.950922992901,-283.666992187501,0.200000000000,
0.000000000000,-4.950635371503,-283.650512695313,0.200000000000,
0.000000000000,-4.950443623905,-283.639526367188,0.200000000000,
0.000000000000,-4.950251876306,-283.628540039063,0.200000000000,
0.000000000000,-4.950251876306,-283.628540039063,0.200000000000,
0.000000000000,-4.950060128708,-283.617553710938,0.200000000000,
0.000000000000,-4.949868381109,-283.606567382813,0.200000000000,
0.000000000000,-4.949724570410,-283.598327636719,0.200000000000,
0.000000000000,-4.949532822812,-283.587341308594,0.200000000000,
0.000000000000,-4.949341075213,-283.576354980469,0.200000000000,
0.000000000000,-4.949341075213,-283.576354980469,0.200000000000,
0.000000000000,-4.949149327615,-283.565368652344,0.200000000000,
0.000000000000,-4.948957580016,-283.554382324219,0.200000000000,
0.000000000000,-4.948717895518,-283.540649414063,0.200000000000,
0.000000000000,-4.948526147920,-283.529663085938,0.200000000000,
0.000000000000,-4.948334400321,-283.518676757813,0.200000000000,
0.000000000000,-4.948334400321,-283.518676757813,0.200000000000,
0.000000000000,-4.948142652723,-283.507690429688,0.200000000000,
0.000000000000,-4.947855031325,-283.491210937501,0.200000000000,
0.000000000000,-4.947663283727,-283.480224609376,0.200000000000,
0.000000000000,-4.947519473028,-283.471984863282,0.200000000000,
0.000000000000,-4.947231851630,-283.455505371094,0.200000000000,
0.000000000000,-4.947231851630,-283.455505371094,0.200000000000,
0.000000000000,-4.947135977831,-283.450012207032,0.200000000000,
0.000000000000,-4.946848356433,-283.433532714844,0.200000000000,
0.000000000000,-4.946704545734,-283.425292968751,0.200000000000,
0.000000000000,-4.946416924337,-283.408813476563,0.200000000000,
0.000000000000,-4.946321050537,-283.403320312501,0.200000000000,
0.000000000000,-4.946321050537,-283.403320312501,0.200000000000,
0.000000000000,-4.946033429140,-283.386840820313,0.200000000000,
0.000000000000,-4.945889618441,-283.378601074219,0.200000000000,
0.000000000000,-4.945697870842,-283.367614746094,0.200000000000,
0.000000000000,-4.945506123244,-283.356628417969,0.200000000000,
0.000000000000,-4.945218501846,-283.340148925782,0.200000000000,
0.000000000000,-4.945218501846,-283.340148925782,0.200000000000,
0.000000000000,-4.945026754247,-283.329162597657,0.200000000000,
0.000000000000,-4.944882943549,-283.320922851563,0.200000000000,
0.000000000000,-4.944691195950,-283.309936523438,0.200000000000,
0.000000000000,-4.944499448352,-283.298950195313,0.200000000000,
0.000000000000,-4.944259763854,-283.285217285157,0.200000000000,
0.000000000000,-4.944259763854,-283.285217285157,0.200000000000,
0.000000000000,-4.943972142456,-283.268737792969,0.200000000000,
0.000000000000,-4.943876268657,-283.263244628907,0.200000000000,
0.000000000000,-4.943636584158,-283.249511718751,0.200000000000,
0.000000000000,-4.943444836560,-283.238525390626,0.200000000000,
0.000000000000,-4.943253088961,-283.227539062501,0.200000000000,
0.000000000000,-4.943253088961,-283.227539062501,0.200000000000,
0.000000000000,-4.942965467564,-283.211059570313,0.200000000000,
0.000000000000,-4.942821656865,-283.202819824219,0.200000000000,
0.000000000000,-4.942581972367,-283.189086914063,0.200000000000,
0.000000000000,-4.942438161668,-283.180847167969,0.200000000000,
0.000000000000,-4.942150540270,-283.164367675782,0.200000000000,
0.000000000000,-4.942150540270,-283.164367675782,0.200000000000,
0.000000000000,-4.941958792672,-283.153381347657,0.200000000000,
0.000000000000,-4.941814981973,-283.145141601563,0.200000000000,
0.000000000000,-4.941527360575,-283.128662109376,0.200000000000,
0.000000000000,-4.941335612977,-283.117675781251,0.200000000000,
0.000000000000,-4.941143865378,-283.106689453126,0.200000000000,
0.000000000000,-4.941143865378,-283.106689453126,0.200000000000,
0.000000000000,-4.940952117780,-283.095703125001,0.200000000000,
0.000000000000,-4.940808307081,-283.087463378907,0.200000000000,
0.000000000000,-4.940616559482,-283.076477050782,0.200000000000,
0.000000000000,-4.940328938085,-283.059997558594,0.200000000000,
0.000000000000,-4.940137190486,-283.049011230469,0.200000000000,
0.000000000000,-4.940137190486,-283.049011230469,0.200000000000,
0.000000000000,-4.939945442888,-283.038024902344,0.200000000000,
0.000000000000,-4.939801632189,-283.029785156251,0.200000000000,
0.000000000000,-4.939514010791,-283.013305664063,0.200000000000,
0.000000000000,-4.939418136992,-283.007812500001,0.200000000000,
0.000000000000,-4.939178452494,-282.994079589844,0.200000000000,
0.000000000000,-4.939178452494,-282.994079589844,0.200000000000,
0.000000000000,-4.938986704895,-282.983093261719,0.200000000000,
0.000000000000,-4.938794957297,-282.972106933594,0.200000000000,
0.000000000000,-4.938603209698,-282.961120605469,0.200000000000,
0.000000000000,-4.938411462100,-282.950134277344,0.200000000000,
0.000000000000,-4.938123840702,-282.933654785157,0.200000000000,
0.000000000000,-4.938123840702,-282.933654785157,0.200000000000,
0.000000000000,-4.937932093104,-282.922668457032,0.200000000000,
0.000000000000,-4.937788282405,-282.914428710938,0.200000000000,
0.000000000000,-4.937596534806,-282.903442382813,0.200000000000,
0.000000000000,-4.937404787208,-282.892456054688,0.200000000000,
0.000000000000,-4.937165102710,-282.878723144532,0.200000000000,
0.000000000000,-4.937165102710,-282.878723144532,0.200000000000,
0.000000000000,-4.937021292011,-282.870483398438,0.200000000000,
0.000000000000,-4.936829544412,-282.859497070313,0.200000000000,
0.000000000000,-4.936541923014,-282.843017578126,0.200000000000,
0.000000000000,-4.936350175416,-282.832031250001,0.200000000000,
0.000000000000,-4.936158427818,-282.821044921876,0.200000000000,
0.000000000000,-4.936158427818,-282.821044921876,0.200000000000,
0.000000000000,-4.936110490918,-282.818298339844,0.200000000000,
0.000000000000,-4.935822869520,-282.801818847657,0.200000000000,
0.000000000000,-4.935631121922,-282.790832519532,0.200000000000,
0.000000000000,-4.935439374323,-282.779846191407,0.200000000000,
0.000000000000,-4.935247626725,-282.768859863282,0.200000000000,
0.000000000000,-4.935247626725,-282.768859863282,0.200000000000,
0.000000000000,-4.935055879126,-282.757873535157,0.200000000000,
0.000000000000,-4.934864131528,-282.746887207032,0.200000000000,
0.000000000000,-4.934672383929,-282.735900878907,0.200000000000,
0.000000000000,-4.934480636331,-282.724914550782,0.200000000000,
0.000000000000,-4.934288888732,-282.713928222657,0.200000000000,
0.000000000000,-4.934288888732,-282.713928222657,0.200000000000,
0.000000000000,-4.934001267335,-282.697448730469,0.200000000000,
0.000000000000,-4.933809519736,-282.686462402344,0.200000000000,
0.000000000000,-4.933617772138,-282.675476074219,0.200000000000,
0.000000000000,-4.933426024539,-282.664489746094,0.200000000000,
0.000000000000,-4.933234276941,-282.653503417969,0.200000000000,
0.000000000000,-4.933234276941,-282.653503417969,0.200000000000,
0.000000000000,-4.933042529342,-282.642517089844,0.200000000000,
0.000000000000,-4.932850781744,-282.631530761719,0.200000000000,
0.000000000000,-4.932754907944,-282.626037597657,0.200000000000,
0.000000000000,-4.932467286547,-282.609558105469,0.200000000000,
0.000000000000,-4.932275538948,-282.598571777344,0.200000000000,
0.000000000000,-4.932275538948,-282.598571777344,0.200000000000,
0.000000000000,-4.932083791350,-282.587585449219,0.200000000000,
0.000000000000,-4.931892043751,-282.576599121094,0.200000000000,
0.000000000000,-4.931748233052,-282.568359375001,0.200000000000,
0.000000000000,-4.931556485454,-282.557373046876,0.200000000000,
0.000000000000,-4.931364737855,-282.546386718751,0.200000000000,
0.000000000000,-4.931364737855,-282.546386718751,0.200000000000,
0.000000000000,-4.931077116458,-282.529907226563,0.200000000000,
0.000000000000,-4.930933305759,-282.521667480469,0.200000000000,
0.000000000000,-4.930741558160,-282.510681152344,0.200000000000,
0.000000000000,-4.930549810562,-282.499694824219,0.200000000000,
0.000000000000,-4.930358062963,-282.488708496094,0.200000000000,
0.000000000000,-4.930358062963,-282.488708496094,0.200000000000,
0.000000000000,-4.930166315365,-282.477722167969,0.200000000000,
0.000000000000,-4.929974567766,-282.466735839844,0.200000000000,
0.000000000000,-4.929782820168,-282.455749511719,0.200000000000,
0.000000000000,-4.929495198770,-282.439270019532,0.200000000000,
0.000000000000,-4.929303451172,-282.428283691407,0.200000000000,
0.000000000000,-4.929303451172,-282.428283691407,0.200000000000,
0.000000000000,-4.929159640473,-282.420043945313,0.200000000000,
0.000000000000,-4.928919955975,-282.406311035157,0.200000000000,
0.000000000000,-4.928776145276,-282.398071289063,0.200000000000,
0.000000000000,-4.928584397677,-282.387084960938,0.200000000000,
0.000000000000,-4.928392650079,-282.376098632813,0.200000000000,
0.000000000000,-4.928392650079,-282.376098632813,0.200000000000,
0.000000000000,-4.928200902480,-282.365112304688,0.200000000000,
0.000000000000,-4.927913281083,-282.348632812501,0.200000000000,
0.000000000000,-4.927721533484,-282.337646484376,0.200000000000,
0.000000000000,-4.927529785886,-282.326660156251,0.200000000000,
0.000000000000,-4.927338038287,-282.315673828126,0.200000000000,
0.000000000000,-4.927338038287,-282.315673828126,0.200000000000,
0.000000000000,-4.927242164488,-282.310180664063,0.200000000000,
0.000000000000,-4.927002479990,-282.296447753907,0.200000000000,
0.000000000000,-4.926762795492,-282.282714843751,0.200000000000,
0.000000000000,-4.926618984793,-282.274475097657,0.200000000000,
0.000000000000,-4.926379300295,-282.260742187501,0.200000000000,
0.000000000000,-4.926379300295,-282.260742187501,0.200000000000,
0.000000000000,-4.926235489596,-282.252502441407,0.200000000000,
0.000000000000,-4.926043741997,-282.241516113282,0.200000000000,
0.000000000000,-4.925756120600,-282.225036621094,0.200000000000,
0.000000000000,-4.925564373001,-282.214050292969,0.200000000000,
0.000000000000,-4.925372625403,-282.203063964844,0.200000000000,
0.000000000000,-4.925372625403,-282.203063964844,0.200000000000,
0.000000000000,-4.925180877804,-282.192077636719,0.200000000000,
0.000000000000,-4.924989130206,-282.181091308594,0.200000000000,
0.000000000000,-4.924845319507,-282.172851562501,0.200000000000,
0.000000000000,-4.924653571908,-282.161865234376,0.200000000000,
0.000000000000,-4.924461824310,-282.150878906251,0.200000000000,
0.000000000000,-4.924461824310,-282.150878906251,0.200000000000,
0.000000000000,-4.924270076711,-282.139892578126,0.200000000000,
0.000000000000,-4.923982455314,-282.123413085938,0.200000000000,
0.000000000000,-4.923790707715,-282.112426757813,0.200000000000,
0.000000000000,-4.923646897016,-282.104187011719,0.200000000000,
0.000000000000,-4.923455149418,-282.093200683594,0.200000000000,
0.000000000000,-4.923455149418,-282.093200683594,0.200000000000,
0.000000000000,-4.923263401819,-282.082214355469,0.200000000000,
0.000000000000,-4.923071654221,-282.071228027344,0.200000000000,
0.000000000000,-4.922784032823,-282.054748535157,0.200000000000,
0.000000000000,-4.922640222124,-282.046508789063,0.200000000000,
0.000000000000,-4.922448474526,-282.035522460938,0.200000000000,
0.000000000000,-4.922448474526,-282.035522460938,0.200000000000,
0.000000000000,-4.922256726927,-282.024536132813,0.200000000000,
0.000000000000,-4.921969105530,-282.008056640626,0.200000000000,
0.000000000000,-4.921825294831,-281.999816894532,0.200000000000,
0.000000000000,-4.921633547232,-281.988830566407,0.200000000000,
0.000000000000,-4.921441799634,-281.977844238282,0.200000000000,
0.000000000000,-4.921441799634,-281.977844238282,0.200000000000,
0.000000000000,-4.921250052035,-281.966857910157,0.200000000000,
0.000000000000,-4.920962430638,-281.950378417969,0.200000000000,
0.000000000000,-4.920818619939,-281.942138671876,0.200000000000,
0.000000000000,-4.920626872340,-281.931152343751,0.200000000000,
0.000000000000,-4.920339250942,-281.914672851563,0.200000000000,
0.000000000000,-4.920339250942,-281.914672851563,0.200000000000,
0.000000000000,-4.920195440244,-281.906433105469,0.200000000000,
0.000000000000,-4.920003692645,-281.895446777344,0.200000000000,
0.000000000000,-4.919716071247,-281.878967285157,0.200000000000,
0.000000000000,-4.919524323649,-281.867980957032,0.200000000000,
0.000000000000,-4.919380512950,-281.859741210938,0.200000000000,
0.000000000000,-4.919380512950,-281.859741210938,0.200000000000,
0.000000000000,-4.919188765352,-281.848754882813,0.200000000000,
0.000000000000,-4.918901143954,-281.832275390626,0.200000000000,
0.000000000000,-4.918709396355,-281.821289062501,0.200000000000,
0.000000000000,-4.918565585656,-281.813049316407,0.200000000000,
0.000000000000,-4.918373838058,-281.802062988282,0.200000000000,
0.000000000000,-4.918373838058,-281.802062988282,0.200000000000,
0.000000000000,-4.918134153560,-281.788330078126,0.200000000000,
0.000000000000,-4.917942405961,-281.777343750001,0.200000000000,
0.000000000000,-4.917654784564,-281.760864257813,0.200000000000,
0.000000000000,-4.917463036965,-281.749877929688,0.200000000000,
0.000000000000,-4.917319226266,-281.741638183594,0.200000000000,
0.000000000000,-4.917319226266,-281.741638183594,0.200000000000,
0.000000000000,-4.917031604869,-281.725158691407,0.200000000000,
0.000000000000,-4.916839857270,-281.714172363282,0.200000000000,
0.000000000000,-4.916696046571,-281.705932617188,0.200000000000,
0.000000000000,-4.916504298973,-281.694946289063,0.200000000000,
0.000000000000,-4.916312551374,-281.683959960938,0.200000000000,
0.000000000000,-4.916312551374,-281.683959960938,0.200000000000,
0.000000000000,-4.916024929977,-281.667480468751,0.200000000000,
0.000000000000,-4.915881119278,-281.659240722657,0.200000000000,
0.000000000000,-4.915641434780,-281.645507812501,0.200000000000,
0.000000000000,-4.915401750281,-281.631774902344,0.200000000000,
0.000000000000,-4.915210002683,-281.620788574219,0.200000000000,
0.000000000000,-4.915210002683,-281.620788574219,0.200000000000,
0.000000000000,-4.915066191984,-281.612548828126,0.200000000000,
0.000000000000,-4.914778570586,-281.596069335938,0.200000000000,
0.000000000000,-4.914634759887,-281.587829589844,0.200000000000,
0.000000000000,-4.914443012289,-281.576843261719,0.200000000000,
0.000000000000,-4.914251264691,-281.565856933594,0.200000000000,
0.000000000000,-4.914251264691,-281.565856933594,0.200000000000,
0.000000000000,-4.913963643293,-281.549377441407,0.200000000000,
0.000000000000,-4.913819832594,-281.541137695313,0.200000000000,
0.000000000000,-4.913628084995,-281.530151367188,0.200000000000,
0.000000000000,-4.913340463598,-281.513671875001,0.200000000000,
0.000000000000,-4.913148715999,-281.502685546876,0.200000000000,
0.000000000000,-4.913148715999,-281.502685546876,0.200000000000,
0.000000000000,-4.912956968401,-281.491699218751,0.200000000000,
0.000000000000,-4.912813157702,-281.483459472657,0.200000000000,
0.000000000000,-4.912621410103,-281.472473144532,0.200000000000,
0.000000000000,-4.912429662505,-281.461486816407,0.200000000000,
0.000000000000,-4.912142041107,-281.445007324219,0.200000000000,
0.000000000000,-4.912142041107,-281.445007324219,0.200000000000,
0.000000000000,-4.911998230408,-281.436767578126,0.200000000000,
0.000000000000,-4.911806482810,-281.425781250001,0.200000000000,
0.000000000000,-4.911614735211,-281.414794921876,0.200000000000,
0.000000000000,-4.911422987613,-281.403808593751,0.200000000000,
0.000000000000,-4.911183303115,-281.390075683594,0.200000000000,
0.000000000000,-4.911183303115,-281.390075683594,0.200000000000,
0.000000000000,-4.910943618617,-281.376342773438,0.200000000000,
0.000000000000,-4.910799807918,-281.368103027344,0.200000000000,
0.000000000000,-4.910608060319,-281.357116699219,0.200000000000,
0.000000000000,-4.910416312721,-281.346130371094,0.200000000000,
0.000000000000,-4.910224565122,-281.335144042969,0.200000000000,
0.000000000000,-4.910224565122,-281.335144042969,0.200000000000,
0.000000000000,-4.910032817524,-281.324157714844,0.200000000000,
0.000000000000,-4.909745196126,-281.307678222657,0.200000000000,
0.000000000000,-4.909601385427,-281.299438476563,0.200000000000,
0.000000000000,-4.909409637829,-281.288452148438,0.200000000000,
0.000000000000,-4.909169953331,-281.274719238282,0.200000000000,
0.000000000000,-4.909169953331,-281.274719238282,0.200000000000,
0.000000000000,-4.909026142632,-281.266479492188,0.200000000000,
0.000000000000,-4.908786458134,-281.252746582032,0.200000000000,
0.000000000000,-4.908642647435,-281.244506835938,0.200000000000,
0.000000000000,-4.908450899836,-281.233520507813,0.200000000000,
0.000000000000,-4.908259152238,-281.222534179688,0.200000000000,
0.000000000000,-4.908259152238,-281.222534179688,0.200000000000,
0.000000000000,-4.907971530840,-281.206054687501,0.200000000000,
0.000000000000,-4.907779783242,-281.195068359376,0.200000000000,
0.000000000000,-4.907588035643,-281.184082031251,0.200000000000,
0.000000000000,-4.907396288045,-281.173095703126,0.200000000000,
0.000000000000,-4.907252477346,-281.164855957032,0.200000000000,
0.000000000000,-4.907252477346,-281.164855957032,0.200000000000,
0.000000000000,-4.907012792848,-281.151123046876,0.200000000000,
0.000000000000,-4.906916919048,-281.145629882813,0.200000000000,
0.000000000000,-4.906725171450,-281.134643554688,0.200000000000,
0.000000000000,-4.906533423851,-281.123657226563,0.200000000000,
0.000000000000,-4.906341676253,-281.112670898438,0.200000000000,
0.000000000000,-4.906341676253,-281.112670898438,0.200000000000,
0.000000000000,-4.906197865554,-281.104431152344,0.200000000000,
0.000000000000,-4.906006117956,-281.093444824219,0.200000000000,
0.000000000000,-4.905766433458,-281.079711914063,0.200000000000,
0.000000000000,-4.905622622759,-281.071472167969,0.200000000000,
0.000000000000,-4.905430875160,-281.060485839844,0.200000000000,
0.000000000000,-4.905430875160,-281.060485839844,0.200000000000,
0.000000000000,-4.905143253762,-281.044006347657,0.200000000000,
0.000000000000,-4.905047379963,-281.038513183594,0.200000000000,
0.000000000000,-4.904759758565,-281.022033691407,0.200000000000,
0.000000000000,-4.904568010967,-281.011047363282,0.200000000000,
0.000000000000,-4.904424200268,-281.002807617188,0.200000000000,
0.000000000000,-4.904424200268,-281.002807617188,0.200000000000,
0.000000000000,-4.904136578870,-280.986328125001,0.200000000000,
0.000000000000,-4.903944831272,-280.975341796876,0.200000000000,
0.000000000000,-4.903753083673,-280.964355468751,0.200000000000,
0.000000000000,-4.903609272975,-280.956115722657,0.200000000000,
0.000000000000,-4.903369588476,-280.942382812501,0.200000000000,
0.000000000000,-4.903369588476,-280.942382812501,0.200000000000,
0.000000000000,-4.903225777778,-280.934143066407,0.200000000000,
0.000000000000,-4.903034030179,-280.923156738282,0.200000000000,
0.000000000000,-4.902842282581,-280.912170410157,0.200000000000,
0.000000000000,-4.902650534982,-280.901184082032,0.200000000000,
0.000000000000,-4.902362913584,-280.884704589844,0.200000000000,
0.000000000000,-4.902362913584,-280.884704589844,0.200000000000,
0.000000000000,-4.902171165986,-280.873718261719,0.200000000000,
0.000000000000,-4.901979418387,-280.862731933594,0.200000000000,
0.000000000000,-4.901835607689,-280.854492187501,0.200000000000,
0.000000000000,-4.901643860090,-280.843505859376,0.200000000000,
0.000000000000,-4.901452112492,-280.832519531251,0.200000000000,
0.000000000000,-4.901452112492,-280.832519531251,0.200000000000,
0.000000000000,-4.901260364893,-280.821533203126,0.200000000000,
0.000000000000,-4.901068617295,-280.810546875001,0.200000000000,
0.000000000000,-4.900876869696,-280.799560546876,0.200000000000,
0.000000000000,-4.900685122098,-280.788574218751,0.200000000000,
0.000000000000,-4.900493374499,-280.777587890626,0.200000000000,
0.000000000000,-4.900493374499,-280.777587890626,0.200000000000,
0.000000000000,-4.900301626901,-280.766601562501,0.200000000000,
0.000000000000,-4.900014005503,-280.750122070313,0.200000000000,
0.000000000000,-4.899822257904,-280.739135742188,0.200000000000,
0.000000000000,-4.899630510306,-280.728149414063,0.200000000000,
0.000000000000,-4.899438762708,-280.717163085938,0.200000000000,
0.000000000000,-4.899438762708,-280.717163085938,0.200000000000,
0.000000000000,-4.899247015109,-280.706176757813,0.200000000000,
0.000000000000,-4.899103204410,-280.697937011719,0.200000000000,
0.0.000000000000,0.000000000000,0.000000000000,0.200000000000,
,
0.000000000000,-4.898623835414,-280.670471191407,0.200000000000,
0.000000000000,-4.898527961615,-280.664978027344,0.200000000000,
0.000000000000,-4.898527961615,-280.664978027344,0.200000000000,
0.000000000000,-4.898240340217,-280.648498535157,0.200000000000,
0.000000000000,-4.898096529518,-280.640258789063,0.200000000000,
0.000000000000,-4.897904781920,-280.629272460938,0.200000000000,
0.000000000000,-4.897665097422,-280.615539550782,0.200000000000,
0.000000000000,-4.897521286723,-280.607299804688,0.200000000000,
0.000000000000,-4.897521286723,-280.607299804688,0.200000000000,
0.000000000000,-4.897233665325,-280.590820312501,0.200000000000,
0.000000000000,-4.897137791526,-280.585327148438,0.200000000000,
0.000000000000,-4.896850170128,-280.568847656251,0.200000000000,
0.000000000000,-4.896658422529,-280.557861328126,0.200000000000,
0.000000000000,-4.896514611831,-280.549621582032,0.200000000000,
0.000000000000,-4.896514611831,-280.549621582032,0.200000000000,
0.000000000000,-4.896322864232,-280.538635253907,0.200000000000,
0.000000000000,-4.896131116634,-280.527648925782,0.200000000000,
0.000000000000,-4.895843495236,-280.511169433594,0.200000000000,
0.000000000000,-4.895651747637,-280.500183105469,0.200000000000,
0.000000000000,-4.895507936939,-280.491943359376,0.200000000000,
0.000000000000,-4.895507936939,-280.491943359376,0.200000000000,
0.000000000000,-4.895316189340,-280.480957031251,0.200000000000,
0.000000000000,-4.895124441742,-280.469970703126,0.200000000000,
0.000000000000,-4.894836820344,-280.453491210938,0.200000000000,
0.000000000000,-4.894693009645,-280.445251464844,0.200000000000,
0.000000000000,-4.894501262046,-280.434265136719,0.200000000000,
0.000000000000,-4.894501262046,-280.434265136719,0.200000000000,
0.000000000000,-4.894309514448,-280.423278808594,0.200000000000,
0.000000000000,-4.894117766850,-280.412292480469,0.200000000000,
0.000000000000,-4.893830145452,-280.395812988282,0.200000000000,
0.000000000000,-4.893686334753,-280.387573242188,0.200000000000,
0.000000000000,-4.893494587154,-280.376586914063,0.200000000000,
0.000000000000,-4.893494587154,-280.376586914063,0.200000000000,
0.000000000000,-4.893206965757,-280.360107421876,0.200000000000,
0.000000000000,-4.893063155058,-280.351867675782,0.200000000000,
0.000000000000,-4.892871407459,-280.340881347657,0.200000000000,
0.000000000000,-4.892583786062,-280.324401855469,0.200000000000,
0.000000000000,-4.892439975363,-280.316162109376,0.200000000000,
0.000000000000,-4.892439975363,-280.316162109376,0.200000000000,
0.000000000000,-4.892248227764,-280.305175781251,0.200000000000,
0.000000000000,-4.892056480166,-280.294189453126,0.200000000000,
0.000000000000,-4.891816795668,-280.280456542969,0.200000000000,
0.000000000000,-4.891625048069,-280.269470214844,0.200000000000,
0.000000000000,-4.891433300471,-280.258483886719,0.200000000000,
0.000000000000,-4.891433300471,-280.258483886719,0.200000000000,
0.000000000000,-4.891145679073,-280.242004394532,0.200000000000,
0.000000000000,-4.890953931475,-280.231018066407,0.200000000000,
0.000000000000,-4.890762183876,-280.220031738282,0.200000000000,
0.000000000000,-4.890618373177,-280.211791992188,0.200000000000,
0.000000000000,-4.890330751779,-280.195312500001,0.200000000000,
0.000000000000,-4.890330751779,-280.195312500001,0.200000000000,
0.000000000000,-4.890139004181,-280.184326171876,0.200000000000,
0.000000000000,-4.889995193482,-280.176086425782,0.200000000000,
0.000000000000,-4.889803445884,-280.165100097657,0.200000000000,
0.000000000000,-4.889611698285,-280.154113769532,0.200000000000,
0.000000000000,-4.889324076887,-280.137634277344,0.200000000000,
0.000000000000,-4.889324076887,-280.137634277344,0.200000000000,
0.000000000000,-4.889180266189,-280.129394531251,0.200000000000,
0.000000000000,-4.888988518590,-280.118408203126,0.200000000000,
0.000000000000,-4.888700897192,-280.101928710938,0.200000000000,
0.000000000000,-4.888557086493,-280.093688964844,0.200000000000,
0.000000000000,-4.888365338895,-280.082702636719,0.200000000000,
0.000000000000,-4.888365338895,-280.082702636719,0.200000000000,
0.000000000000,-4.888173591296,-280.071716308594,0.200000000000,
0.000000000000,-4.887885969899,-280.055236816407,0.200000000000,
0.000000000000,-4.887694222300,-280.044250488282,0.200000000000,
0.000000000000,-4.887550411601,-280.036010742188,0.200000000000,
0.000000000000,-4.887358664003,-280.025024414063,0.200000000000,
0.000000000000,-4.887358664003,-280.025024414063,0.200000000000,
0.000000000000,-4.887166916404,-280.014038085938,0.200000000000,
0.000000000000,-4.886879295007,-279.997558593751,0.200000000000,
0.000000000000,-4.886735484308,-279.989318847657,0.200000000000,
0.000000000000,-4.886495799810,-279.975585937501,0.200000000000,
0.000000000000,-4.886351989111,-279.967346191407,0.200000000000,
0.000000000000,-4.886351989111,-279.967346191407,0.200000000000,
0.000000000000,-4.886160241512,-279.956359863282,0.200000000000,
0.000000000000,-4.885872620115,-279.939880371094,0.200000000000,
0.000000000000,-4.885680872516,-279.928894042969,0.200000000000,
0.000000000000,-4.885489124918,-279.917907714844,0.200000000000,
0.000000000000,-4.885297377319,-279.906921386719,0.200000000000,
0.000000000000,-4.885297377319,-279.906921386719,0.200000000000,
0.000000000000,-4.885105629721,-279.895935058594,0.200000000000,
0.000000000000,-4.884961819022,-279.887695312501,0.200000000000,
0.000000000000,-4.884770071423,-279.876708984376,0.200000000000,
0.000000000000,-4.884482450026,-279.860229492188,0.200000000000,
0.000000000000,-4.884386576226,-279.854736328126,0.200000000000,
0.000000000000,-4.884386576226,-279.854736328126,0.200000000000,
0.000000000000,-4.884098954829,-279.838256835938,0.200000000000,
0.000000000000,-4.883907207230,-279.827270507813,0.200000000000,
0.000000000000,-4.883715459632,-279.816284179688,0.200000000000,
0.000000000000,-4.883571648933,-279.808044433594,0.200000000000,
0.000000000000,-4.883379901334,-279.797058105469,0.200000000000,
0.000000000000,-4.883379901334,-279.797058105469,0.200000000000,
0.000000000000,-4.883092279937,-279.780578613282,0.200000000000,
0.000000000000,-4.882996406137,-279.775085449219,0.200000000000,
0.000000000000,-4.882708784740,-279.758605957032,0.200000000000,
0.000000000000,-4.882517037141,-279.747619628907,0.200000000000,
0.000000000000,-4.882325289543,-279.736633300782,0.200000000000,
0.000000000000,-4.882325289543,-279.736633300782,0.200000000000,
0.000000000000,-4.882133541944,-279.725646972657,0.200000000000,
0.000000000000,-4.881989731245,-279.717407226563,0.200000000000,
0.000000000000,-4.881750046747,-279.703674316407,0.200000000000,
0.000000000000,-4.881558299149,-279.692687988282,0.200000000000,
0.000000000000,-4.881366551550,-279.681701660157,0.200000000000,
0.000000000000,-4.881366551550,-279.681701660157,0.200000000000,
0.000000000000,-4.881222740851,-279.673461914063,0.200000000000,
0.000000000000,-4.881030993253,-279.662475585938,0.200000000000,
0.000000000000,-4.880839245654,-279.651489257813,0.200000000000,
0.000000000000,-4.880647498056,-279.640502929688,0.200000000000,
0.000000000000,-4.880455750457,-279.629516601563,0.200000000000,
0.000000000000,-4.880455750457,-279.629516601563,0.200000000000,
0.000000000000,-4.880168129060,-279.613037109376,0.200000000000,
0.000000000000,-4.880072255260,-279.607543945313,0.200000000000,
0.000000000000,-4.879784633863,-279.591064453126,0.200000000000,
0.000000000000,-4.879592886264,-279.580078125001,0.200000000000,
0.000000000000,-4.879401138666,-279.569091796876,0.200000000000,
0.000000000000,-4.879401138666,-279.569091796876,0.200000000000,
0.000000000000,-4.879209391067,-279.558105468751,0.200000000000,
0.000000000000,-4.879065580368,-279.549865722657,0.200000000000,
0.000000000000,-4.878873832770,-279.538879394532,0.200000000000,
0.000000000000,-4.878586211372,-279.522399902344,0.200000000000,
0.000000000000,-4.878442400673,-279.514160156251,0.200000000000,
0.000000000000,-4.878442400673,-279.514160156251,0.200000000000,
0.000000000000,-4.878202716175,-279.500427246094,0.200000000000,
0.000000000000,-4.878058905476,-279.492187500001,0.200000000000,
0.000000000000,-4.877867157878,-279.481201171876,0.200000000000,
0.000000000000,-4.877579536480,-279.464721679688,0.200000000000,
0.000000000000,-4.877387788882,-279.453735351563,0.200000000000,
0.000000000000,-4.877387788882,-279.453735351563,0.200000000000,
0.000000000000,-4.877196041283,-279.442749023438,0.200000000000,
0.000000000000,-4.877052230584,-279.434509277344,0.200000000000,
0.000000000000,-4.876860482986,-279.423522949219,0.200000000000,
0.000000000000,-4.876668735387,-279.412536621094,0.200000000000,
0.000000000000,-4.876476987789,-279.401550292969,0.200000000000,
0.000000000000,-4.876476987789,-279.401550292969,0.200000000000,
0.000000000000,-4.876189366391,-279.385070800782,0.200000000000,
0.000000000000,-4.875997618793,-279.374084472657,0.200000000000,
0.000000000000,-4.875805871194,-279.363098144532,0.200000000000,
0.000000000000,-4.875662060495,-279.354858398438,0.200000000000,
0.000000000000,-4.875470312897,-279.343872070313,0.200000000000,
0.000000000000,-4.875470312897,-279.343872070313,0.200000000000,
0.000000000000,-4.875278565298,-279.332885742188,0.200000000000,
0.000000000000,-4.875086817700,-279.321899414063,0.200000000000,
0.000000000000,-4.874895070101,-279.310913085938,0.200000000000,
0.000000000000,-4.874703322503,-279.299926757813,0.200000000000,
0.000000000000,-4.874415701105,-279.283447265626,0.200000000000,
0.000000000000,-4.874415701105,-279.283447265626,0.200000000000,
0.000000000000,-4.874319827306,-279.277954101563,0.200000000000,
0.000000000000,-4.874032205908,-279.261474609376,0.200000000000,
0.000000000000,-4.873840458310,-279.250488281251,0.200000000000,
0.000000000000,-4.873696647611,-279.242248535157,0.200000000000,
0.000000000000,-4.873504900012,-279.231262207032,0.200000000000,
0.000000000000,-4.873504900012,-279.231262207032,0.200000000000,
0.000000000000,-4.873313152414,-279.220275878907,0.200000000000,
0.000000000000,-4.873025531016,-279.203796386719,0.200000000000,
0.000000000000,-4.872833783418,-279.192810058594,0.200000000000,
0.000000000000,-4.872642035819,-279.181823730469,0.200000000000,
0.000000000000,-4.872498225120,-279.173583984376,0.200000000000,
0.000000000000,-4.872498225120,-279.173583984376,0.200000000000,
0.000000000000,-4.872306477522,-279.162597656251,0.200000000000,
0.000000000000,-4.872018856124,-279.146118164063,0.200000000000,
0.000000000000,-4.871827108526,-279.135131835938,0.200000000000,
0.000000000000,-4.871683297827,-279.126892089844,0.200000000000,
0.000000000000,-4.871491550228,-279.115905761719,0.200000000000,
0.000000000000,-4.871491550228,-279.115905761719,0.200000000000,
0.000000000000,-4.871299802630,-279.104919433594,0.200000000000,
0.000000000000,-4.871108055031,-279.093933105469,0.200000000000,
0.000000000000,-4.870820433634,-279.077453613282,0.200000000000,
0.000000000000,-4.870676622935,-279.069213867188,0.200000000000,
0.000000000000,-4.870484875336,-279.058227539063,0.200000000000,
0.000000000000,-4.870484875336,-279.058227539063,0.200000000000,
0.000000000000,-4.870293127738,-279.047241210938,0.200000000000,
0.000000000000,-4.870005506340,-279.030761718751,0.200000000000,
0.000000000000,-4.869813758741,-279.019775390626,0.200000000000,
0.000000000000,-4.869669948043,-279.011535644532,0.200000000000,
0.000000000000,-4.869382326645,-278.995056152344,0.200000000000,
0.000000000000,-4.869382326645,-278.995056152344,0.200000000000,
0.000000000000,-4.869238515946,-278.986816406251,0.200000000000,
0.000000000000,-4.868998831448,-278.973083496094,0.200000000000,
0.000000000000,-4.868855020749,-278.964843750001,0.200000000000,
0.000000000000,-4.868567399351,-278.948364257813,0.200000000000,
0.000000000000,-4.868423588652,-278.940124511719,0.200000000000,
0.000000000000,-4.868423588652,-278.940124511719,0.200000000000,
0.000000000000,-4.868231841054,-278.929138183594,0.200000000000,
0.000000000000,-4.867944219656,-278.912658691407,0.200000000000,
0.000000000000,-4.867752472058,-278.901672363282,0.200000000000,
0.000000000000,-4.867608661359,-278.893432617188,0.200000000000,
0.000000000000,-4.867321039961,-278.876953125001,0.200000000000,
0.000000000000,-4.867321039961,-278.876953125001,0.200000000000,
0.000000000000,-4.867129292363,-278.865966796876,0.200000000000,
0.000000000000,-4.866985481664,-278.857727050782,0.200000000000,
0.000000000000,-4.866793734065,-278.846740722657,0.200000000000,
0.000000000000,-4.866506112668,-278.830261230469,0.200000000000,
0.000000000000,-4.866362301969,-278.822021484376,0.200000000000,
0.000000000000,-4.866362301969,-278.822021484376,0.200000000000,
0.000000000000,-4.866074680571,-278.805541992188,0.200000000000,
0.000000000000,-4.865930869872,-278.797302246094,0.200000000000,
0.000000000000,-4.865739122274,-278.786315917969,0.200000000000,
0.000000000000,-4.865451500876,-278.769836425782,0.200000000000,
0.000000000000,-4.865307690177,-278.761596679688,0.200000000000,
0.000000000000,-4.865307690177,-278.761596679688,0.200000000000,
0.000000000000,-4.865068005679,-278.747863769532,0.200000000000,
0.000000000000,-4.864876258080,-278.736877441407,0.200000000000,
0.000000000000,-4.864684510482,-278.725891113282,0.200000000000,
0.000000000000,-4.864396889084,-278.709411621094,0.200000000000,
0.000000000000,-4.864253078385,-278.701171875001,0.200000000000,
0.000000000000,-4.864253078385,-278.701171875001,0.200000000000,
0.000000000000,-4.864061330787,-278.690185546876,0.200000000000,
0.000000000000,-4.863869583188,-278.679199218751,0.200000000000,
0.000000000000,-4.863581961791,-278.662719726563,0.200000000000,
0.000000000000,-4.863390214192,-278.651733398438,0.200000000000,
0.000000000000,-4.863246403493,-278.643493652344,0.200000000000,
0.000000000000,-4.863246403493,-278.643493652344,0.200000000000,
0.000000000000,-4.862958782096,-278.627014160157,0.200000000000,
0.000000000000,-4.862814971397,-278.618774414063,0.200000000000,
0.000000000000,-4.862623223798,-278.607788085938,0.200000000000,
0.000000000000,-4.862383539300,-278.594055175782,0.200000000000,
0.000000000000,-4.862191791702,-278.583068847657,0.200000000000,
0.000000000000,-4.862191791702,-278.583068847657,0.200000000000,
0.000000000000,-4.862000044103,-278.572082519532,0.200000000000,
0.000000000000,-4.861712422705,-278.555603027344,0.200000000000,
0.000000000000,-4.861568612007,-278.547363281251,0.200000000000,
0.000000000000,-4.861376864408,-278.536376953126,0.200000000000,
0.000000000000,-4.861185116810,-278.525390625001,0.200000000000,
0.000000000000,-4.861185116810,-278.525390625001,0.200000000000,
0.000000000000,-4.860897495412,-278.508911132813,0.200000000000,
0.000000000000,-4.860705747813,-278.497924804688,0.200000000000,
0.000000000000,-4.860514000215,-278.486938476563,0.200000000000,
0.000000000000,-4.860274315717,-278.473205566407,0.200000000000,
0.000000000000,-4.860082568118,-278.462219238282,0.200000000000,
0.000000000000,-4.860082568118,-278.462219238282,0.200000000000,
0.000000000000,-4.859890820520,-278.451232910157,0.200000000000,
0.000000000000,-4.859747009821,-278.442993164063,0.200000000000,
0.000000000000,-4.859555262222,-278.432006835938,0.200000000000,
0.000000000000,-4.859363514624,-278.421020507813,0.200000000000,
0.000000000000,-4.859075893226,-278.404541015626,0.200000000000,
0.000000000000,-4.859075893226,-278.404541015626,0.200000000000,
0.000000000000,-4.858884145628,-278.393554687501,0.200000000000,
0.000000000000,-4.858740334929,-278.385314941407,0.200000000000,
0.000000000000,-4.858548587330,-278.374328613282,0.200000000000,
0.000000000000,-4.858356839732,-278.363342285157,0.200000000000,
0.000000000000,-4.858165092133,-278.352355957032,0.200000000000,
0.000000000000,-4.858165092133,-278.352355957032,0.200000000000,
0.000000000000,-4.857877470736,-278.335876464844,0.200000000000,
0.000000000000,-4.857733660037,-278.327636718751,0.200000000000,
0.000000000000,-4.857541912438,-278.316650390626,0.200000000000,
0.000000000000,-4.857350164840,-278.305664062501,0.200000000000,
0.000000000000,-4.857062543442,-278.289184570313,0.200000000000,
0.000000000000,-4.857062543442,-278.289184570313,0.200000000000,
0.000000000000,-4.856870795844,-278.278198242188,0.200000000000,
0.000000000000,-4.856726985145,-278.269958496094,0.200000000000,
0.000000000000,-4.856535237546,-278.258972167969,0.200000000000,
0.000000000000,-4.856343489948,-278.247985839844,0.200000000000,
0.000000000000,-4.856151742349,-278.236999511719,0.200000000000,
0.000000000000,-4.856151742349,-278.236999511719,0.200000000000,
0.000000000000,-4.855864120952,-278.220520019532,0.200000000000,
0.000000000000,-4.855768247152,-278.215026855469,0.200000000000,
0.000000000000,-4.855480625755,-278.198547363282,0.200000000000,
0.000000000000,-4.855336815056,-278.190307617188,0.200000000000,
0.000000000000,-4.855193004357,-278.182067871094,0.200000000000,
0.000000000000,-4.855193004357,-278.182067871094,0.200000000000,
0.000000000000,-4.854953319859,-278.168334960938,0.200000000000,
0.000000000000,-4.854761572260,-278.157348632813,0.200000000000,
0.000000000000,-4.854569824662,-278.146362304688,0.200000000000,
0.000000000000,-4.854378077063,-278.135375976563,0.200000000000,
0.000000000000,-4.854186329465,-278.124389648438,0.200000000000,
0.000000000000,-4.854186329465,-278.124389648438,0.200000000000,
0.000000000000,-4.853994581866,-278.113403320313,0.200000000000,
0.000000000000,-4.853802834268,-278.102416992188,0.200000000000,
0.000000000000,-4.853515212870,-278.085937500001,0.200000000000,
0.000000000000,-4.853323465272,-278.074951171876,0.200000000000,
0.000000000000,-4.853179654573,-278.066711425782,0.200000000000,
0.000000000000,-4.853179654573,-278.066711425782,0.200000000000,
0.000000000000,-4.852892033175,-278.050231933594,0.200000000000,
0.000000000000,-4.852796159376,-278.044738769532,0.200000000000,
0.000000000000,-4.852508537978,-278.028259277344,0.200000000000,
0.000000000000,-4.852316790380,-278.017272949219,0.200000000000,
0.000000000000,-4.852172979681,-278.009033203126,0.200000000000,
0.000000000000,-4.852172979681,-278.009033203126,0.200000000000,
0.000000000000,-4.851981232082,-277.998046875001,0.200000000000,
0.000000000000,-4.851789484484,-277.987060546876,0.200000000000,
0.000000000000,-4.851597736885,-277.976074218751,0.200000000000,
0.000000000000,-4.851405989287,-277.965087890626,0.200000000000,
0.000000000000,-4.851118367889,-277.948608398438,0.200000000000,
0.000000000000,-4.851118367889,-277.948608398438,0.200000000000,
0.000000000000,-4.851022494090,-277.943115234376,0.200000000000,
0.000000000000,-4.850830746491,-277.932128906251,0.200000000000,
0.000000000000,-4.850591061993,-277.918395996094,0.200000000000,
0.000000000000,-4.850351377495,-277.904663085938,0.200000000000,
0.000000000000,-4.850207566796,-277.896423339844,0.200000000000,
0.000000000000,-4.850207566796,-277.896423339844,0.200000000000,
0.000000000000,-4.850015819198,-277.885437011719,0.200000000000,
0.000000000000,-4.849824071599,-277.874450683594,0.200000000000,
0.000000000000,-4.849632324001,-277.863464355469,0.200000000000,
0.000000000000,-4.849440576402,-277.852478027344,0.200000000000,
0.000000000000,-4.849152955005,-277.835998535157,0.200000000000,
0.000000000000,-4.849152955005,-277.835998535157,0.200000000000,
0.000000000000,-4.849057081205,-277.830505371094,0.200000000000,
0.000000000000,-4.848769459808,-277.814025878907,0.200000000000,
0.000000000000,-4.848673586008,-277.808532714844,0.200000000000,
0.000000000000,-4.848481838410,-277.797546386719,0.200000000000,
0.000000000000,-4.848194217012,-277.781066894532,0.200000000000,
0.000000000000,-4.848194217012,-277.781066894532,0.200000000000,
0.000000000000,-4.848002469414,-277.770080566407,0.200000000000,
0.000000000000,-4.847858658715,-277.761840820313,0.200000000000,
0.000000000000,-4.847666911116,-277.750854492188,0.200000000000,
0.000000000000,-4.847475163518,-277.739868164063,0.200000000000,
0.000000000000,-4.847283415919,-277.728881835938,0.200000000000,
0.000000000000,-4.847283415919,-277.728881835938,0.200000000000,
0.000000000000,-4.847091668321,-277.717895507813,0.200000000000,
0.000000000000,-4.846899920722,-277.706909179688,0.200000000000,
0.000000000000,-4.846708173124,-277.695922851563,0.200000000000,
0.000000000000,-4.846516425525,-277.684936523438,0.200000000000,
0.000000000000,-4.846228804128,-277.668457031251,0.200000000000,
0.000000000000,-4.846228804128,-277.668457031251,0.200000000000,
0.000000000000,-4.846084993429,-277.660217285157,0.200000000000,
0.000000000000,-4.845845308931,-277.646484375001,0.200000000000,
0.000000000000,-4.845701498232,-277.638244628907,0.200000000000,
0.000000000000,-4.845509750633,-277.627258300782,0.200000000000,
0.000000000000,-4.845222129236,-277.610778808594,0.200000000000,
0.000000000000,-4.845222129236,-277.610778808594,0.200000000000,
0.000000000000,-4.845078318537,-277.602539062501,0.200000000000,
0.000000000000,-4.844838634039,-277.588806152344,0.200000000000,
0.000000000000,-4.844646886440,-277.577819824219,0.200000000000,
0.000000000000,-4.844503075741,-277.569580078126,0.200000000000,
0.000000000000,-4.844311328143,-277.558593750001,0.200000000000,
0.000000000000,-4.844311328143,-277.558593750001,0.200000000000,
0.000000000000,-4.844119580544,-277.547607421876,0.200000000000,
0.000000000000,-4.843831959147,-277.531127929688,0.200000000000,
0.000000000000,-4.843688148448,-277.522888183594,0.200000000000,
0.000000000000,-4.843496400849,-277.511901855469,0.200000000000,
0.000000000000,-4.843304653251,-277.500915527344,0.200000000000,
0.000000000000,-4.843304653251,-277.500915527344,0.200000000000,
0.000000000000,-4.843017031853,-277.484436035157,0.200000000000,
0.000000000000,-4.842825284255,-277.473449707032,0.200000000000,
0.000000000000,-4.842633536656,-277.462463378907,0.200000000000,
0.000000000000,-4.842489725957,-277.454223632813,0.200000000000,
0.000000000000,-4.842202104560,-277.437744140626,0.200000000000,
0.000000000000,-4.842202104560,-277.437744140626,0.200000000000,
0.000000000000,-4.842010356961,-277.426757812501,0.200000000000,
0.000000000000,-4.841818609363,-277.415771484376,0.200000000000,
0.000000000000,-4.841674798664,-277.407531738282,0.200000000000,
0.000000000000,-4.841483051065,-277.396545410157,0.200000000000,
0.000000000000,-4.841195429667,-277.380065917969,0.200000000000,
0.000000000000,-4.841195429667,-277.380065917969,0.200000000000,
0.000000000000,-4.841003682069,-277.369079589844,0.200000000000,
0.000000000000,-4.840859871370,-277.360839843751,0.200000000000,
0.000000000000,-4.840572249972,-277.344360351563,0.200000000000,
0.000000000000,-4.840380502374,-277.333374023438,0.200000000000,
0.000000000000,-4.840188754775,-277.322387695313,0.200000000000,
0.000000000000,-4.840188754775,-277.322387695313,0.200000000000,
0.000000000000,-4.840044944077,-277.314147949219,0.200000000000,
0.000000000000,-4.839853196478,-277.303161621094,0.200000000000,
0.000000000000,-4.839565575080,-277.286682128907,0.200000000000,
0.000000000000,-4.839373827482,-277.275695800782,0.200000000000,
0.000000000000,-4.839230016783,-277.267456054688,0.200000000000,
0.000000000000,-4.839230016783,-277.267456054688,0.200000000000,
0.000000000000,-4.838942395385,-277.250976562501,0.200000000000,
0.000000000000,-4.838798584686,-277.242736816407,0.200000000000,
0.000000000000,-4.838606837088,-277.231750488282,0.200000000000,
0.000000000000,-4.838415089489,-277.220764160157,0.200000000000,
0.000000000000,-4.838127468092,-277.204284667969,0.200000000000,
0.000000000000,-4.838127468092,-277.204284667969,0.200000000000,
0.000000000000,-4.837935720493,-277.193298339844,0.200000000000,
0.000000000000,-4.837791909794,-277.185058593751,0.200000000000,
0.000000000000,-4.837600162196,-277.174072265626,0.200000000000,
0.000000000000,-4.837312540798,-277.157592773438,0.200000000000,
0.000000000000,-4.837120793200,-277.146606445313,0.200000000000,
0.000000000000,-4.837120793200,-277.146606445313,0.200000000000,
0.000000000000,-4.836976982501,-277.138366699219,0.200000000000,
0.000000000000,-4.836785234902,-277.127380371094,0.200000000000,
0.000000000000,-4.836593487304,-277.116394042969,0.200000000000,
0.000000000000,-4.836305865906,-277.099914550782,0.200000000000,
0.000000000000,-4.836114118308,-277.088928222657,0.200000000000,
0.000000000000,-4.836114118308,-277.088928222657,0.200000000000,
0.000000000000,-4.835970307609,-277.080688476563,0.200000000000,
0.000000000000,-4.835682686211,-277.064208984376,0.200000000000,
0.000000000000,-4.835490938613,-277.053222656251,0.200000000000,
0.000000000000,-4.835299191014,-277.042236328126,0.200000000000,
0.000000000000,-4.835155380315,-277.033996582032,0.200000000000,
0.000000000000,-4.835155380315,-277.033996582032,0.200000000000,
0.000000000000,-4.834963632717,-277.023010253907,0.200000000000,
0.000000000000,-4.834676011319,-277.006530761719,0.200000000000,
0.000000000000,-4.834484263720,-276.995544433594,0.200000000000,
0.000000000000,-4.834388389921,-276.990051269532,0.200000000000,
0.000000000000,-4.834100768524,-276.973571777344,0.200000000000,
0.000000000000,-4.834100768524,-276.973571777344,0.200000000000,
0.000000000000,-4.833956957825,-276.965332031251,0.200000000000,
0.000000000000,-4.833765210226,-276.954345703126,0.200000000000,
0.000000000000,-4.833573462628,-276.943359375001,0.200000000000,
0.000000000000,-4.833381715029,-276.932373046876,0.200000000000,
0.000000000000,-4.833189967431,-276.921386718751,0.200000000000,
0.000000000000,-4.833189967431,-276.921386718751,0.200000000000,
0.000000000000,-4.832902346033,-276.904907226563,0.200000000000,
0.000000000000,-4.832710598434,-276.893920898438,0.200000000000,
0.000000000000,-4.832518850836,-276.882934570313,0.200000000000,
0.000000000000,-4.832375040137,-276.874694824219,0.200000000000,
0.000000000000,-4.832183292539,-276.863708496094,0.200000000000,
0.000000000000,-4.832183292539,-276.863708496094,0.200000000000,
0.000000000000,-4.831991544940,-276.852722167969,0.200000000000,
0.000000000000,-4.831703923542,-276.836242675782,0.200000000000,
0.000000000000,-4.831512175944,-276.825256347657,0.200000000000,
0.000000000000,-4.831368365245,-276.817016601563,0.200000000000,
0.000000000000,-4.831176617647,-276.806030273438,0.200000000000,
0.000000000000,-4.831176617647,-276.806030273438,0.200000000000,
0.000000000000,-4.830984870048,-276.795043945313,0.200000000000,
0.000000000000,-4.830793122450,-276.784057617188,0.200000000000,
0.000000000000,-4.830505501052,-276.767578125001,0.200000000000,
0.000000000000,-4.830313753453,-276.756591796876,0.200000000000,
0.000000000000,-4.830122005855,-276.745605468751,0.200000000000,
0.000000000000,-4.830122005855,-276.745605468751,0.200000000000,
0.000000000000,-4.829978195156,-276.737365722657,0.200000000000,
0.000000000000,-4.829786447558,-276.726379394532,0.200000000000,
0.000000000000,-4.829594699959,-276.715393066407,0.200000000000,
0.000000000000,-4.829402952361,-276.704406738282,0.200000000000,
0.000000000000,-4.829211204762,-276.693420410157,0.200000000000,
0.000000000000,-4.829211204762,-276.693420410157,0.200000000000,
0.000000000000,-4.828923583364,-276.676940917969,0.200000000000,
0.000000000000,-4.828827709565,-276.671447753907,0.200000000000,
0.000000000000,-4.828540088167,-276.654968261719,0.200000000000,
0.000000000000,-4.828348340569,-276.643981933594,0.200000000000,
0.000000000000,-4.828156592970,-276.632995605469,0.200000000000,
0.000000000000,-4.828156592970,-276.632995605469,0.200000000000,
0.000000000000,-4.827964845372,-276.622009277344,0.200000000000,
0.000000000000,-4.827868971573,-276.616516113282,0.200000000000,
0.000000000000,-4.827581350175,-276.600036621094,0.200000000000,
0.000000000000,-4.827389602577,-276.589050292969,0.200000000000,
0.000000000000,-4.827245791878,-276.580810546876,0.200000000000,
0.000000000000,-4.827245791878,-276.580810546876,0.200000000000,
0.000000000000,-4.827006107380,-276.567077636719,0.200000000000,
0.000000000000,-4.826862296681,-276.558837890626,0.200000000000,
0.000000000000,-4.826670549082,-276.547851562501,0.200000000000,
0.000000000000,-4.826478801484,-276.536865234376,0.200000000000,
0.000000000000,-4.826191180086,-276.520385742188,0.200000000000,
0.000000000000,-4.826191180086,-276.520385742188,0.200000000000,
0.000000000000,-4.825999432487,-276.509399414063,0.200000000000,
0.000000000000,-4.825855621789,-276.501159667969,0.200000000000,
0.000000000000,-4.825663874190,-276.490173339844,0.200000000000,
0.000000000000,-4.825472126592,-276.479187011719,0.200000000000,
0.000000000000,-4.825280378993,-276.468200683594,0.200000000000,
0.000000000000,-4.825280378993,-276.468200683594,0.200000000000,
0.000000000000,-4.824992757595,-276.451721191407,0.200000000000,
0.000000000000,-4.824801009997,-276.440734863282,0.200000000000,
0.000000000000,-4.824657199298,-276.432495117188,0.200000000000,
0.000000000000,-4.824465451700,-276.421508789063,0.200000000000,
0.000000000000,-4.824225767201,-276.407775878907,0.200000000000,
0.000000000000,-4.824225767201,-276.407775878907,0.200000000000,
0.000000000000,-4.824081956503,-276.399536132813,0.200000000000,
0.000000000000,-4.823890208904,-276.388549804688,0.200000000000,
0.000000000000,-4.823602587506,-276.372070312501,0.200000000000,
0.000000000000,-4.823410839908,-276.361083984376,0.200000000000,
0.000000000000,-4.823267029209,-276.352844238282,0.200000000000,
0.000000000000,-4.823267029209,-276.352844238282,0.200000000000,
0.000000000000,-4.823075281611,-276.341857910157,0.200000000000,
0.000000000000,-4.822883534012,-276.330871582032,0.200000000000,
0.000000000000,-4.822691786414,-276.319885253907,0.200000000000,
0.000000000000,-4.822500038815,-276.308898925782,0.200000000000,
0.000000000000,-4.822308291217,-276.297912597657,0.200000000000,
0.000000000000,-4.822308291217,-276.297912597657,0.200000000000,
0.000000000000,-4.822116543618,-276.286926269532,0.200000000000,
0.000000000000,-4.821924796020,-276.275939941407,0.200000000000,
0.000000000000,-4.821733048421,-276.264953613282,0.200000000000,
0.000000000000,-4.821541300823,-276.253967285157,0.200000000000,
0.000000000000,-4.821253679425,-276.237487792969,0.200000000000,
0.000000000000,-4.821253679425,-276.237487792969,0.200000000000,
0.000000000000,-4.821061931826,-276.226501464844,0.200000000000,
0.000000000000,-4.820918121128,-276.218261718751,0.200000000000,
0.000000000000,-4.820726373529,-276.207275390626,0.200000000000,
0.000000000000,-4.820534625931,-276.196289062501,0.200000000000,
0.000000000000,-4.820342878332,-276.185302734376,0.200000000000,
0.000000000000,-4.820342878332,-276.185302734376,0.200000000000,
0.000000000000,-4.820055256934,-276.168823242188,0.200000000000,
0.000000000000,-4.819959383135,-276.163330078126,0.200000000000,
0.000000000000,-4.819671761737,-276.146850585938,0.200000000000,
0.000000000000,-4.819527951039,-276.138610839844,0.200000000000,
0.000000000000,-4.819336203440,-276.127624511719,0.200000000000,
0.000000000000,-4.819336203440,-276.127624511719,0.200000000000,
0.000000000000,-4.819144455842,-276.116638183594,0.200000000000,
0.000000000000,-4.818952708243,-276.105651855469,0.200000000000,
0.000000000000,-4.818760960645,-276.094665527344,0.200000000000,
0.000000000000,-4.818473339247,-276.078186035157,0.200000000000,
0.000000000000,-4.818329528548,-276.069946289063,0.200000000000,
0.000000000000,-4.818329528548,-276.069946289063,0.200000000000,
0.000000000000,-4.818137780950,-276.058959960938,0.200000000000,
0.000000000000,-4.817946033351,-276.047973632813,0.200000000000,
0.000000000000,-4.817658411953,-276.031494140626,0.200000000000,
0.000000000000,-4.817514601254,-276.023254394532,0.200000000000,
0.000000000000,-4.817322853656,-276.012268066407,0.200000000000,
0.000000000000,-4.817322853656,-276.012268066407,0.200000000000,
0.000000000000,-4.817131106058,-276.001281738282,0.200000000000,
0.000000000000,-4.816843484660,-275.984802246094,0.200000000000,
0.000000000000,-4.816651737061,-275.973815917969,0.200000000000,
0.000000000000,-4.816507926362,-275.965576171876,0.200000000000,
0.000000000000,-4.816316178764,-275.954589843751,0.200000000000,
0.000000000000,-4.816316178764,-275.954589843751,0.200000000000,
0.000000000000,-4.816124431165,-275.943603515626,0.200000000000,
0.000000000000,-4.815836809768,-275.927124023438,0.200000000000,
0.000000000000,-4.815692999069,-275.918884277344,0.200000000000,
0.000000000000,-4.815501251470,-275.907897949219,0.200000000000,
0.000000000000,-4.815213630073,-275.891418457032,0.200000000000,
0.000000000000,-4.815213630073,-275.891418457032,0.200000000000,
0.000000000000,-4.815021882474,-275.880432128907,0.200000000000,
0.000000000000,-4.814878071775,-275.872192382813,0.200000000000,
0.000000000000,-4.814590450378,-275.855712890626,0.200000000000,
0.000000000000,-4.814398702779,-275.844726562501,0.200000000000,
0.000000000000,-4.814254892080,-275.836486816407,0.200000000000,
0.000000000000,-4.814254892080,-275.836486816407,0.200000000000,
0.000000000000,-4.814063144482,-275.825500488282,0.200000000000,
0.000000000000,-4.813775523084,-275.809020996094,0.200000000000,
0.000000000000,-4.813631712385,-275.800781250001,0.200000000000,
0.000000000000,-4.813344090987,-275.784301757813,0.200000000000,
0.000000000000,-4.813200280289,-275.776062011719,0.200000000000,
0.000000000000,-4.813200280289,-275.776062011719,0.200000000000,
0.000000000000,-4.813008532690,-275.765075683594,0.200000000000,
0.000000000000,-4.812720911292,-275.748596191407,0.200000000000,
0.000000000000,-4.812529163694,-275.737609863282,0.200000000000,
0.000000000000,-4.812385352995,-275.729370117188,0.200000000000,
0.000000000000,-4.812097731597,-275.712890625001,0.200000000000,
0.000000000000,-4.812097731597,-275.712890625001,0.200000000000,
0.000000000000,-4.811905983999,-275.701904296876,0.200000000000,
0.000000000000,-4.811762173300,-275.693664550782,0.200000000000,
0.000000000000,-4.811570425701,-275.682678222657,0.200000000000,
0.000000000000,-4.811282804304,-275.666198730469,0.200000000000,
0.000000000000,-4.811138993605,-275.657958984376,0.200000000000,
0.000000000000,-4.811138993605,-275.657958984376,0.200000000000,
0.000000000000,-4.810947246006,-275.646972656251,0.200000000000,
0.000000000000,-4.810659624609,-275.630493164063,0.200000000000,
0.000000000000,-4.810515813910,-275.622253417969,0.200000000000,
0.000000000000,-4.810324066311,-275.611267089844,0.200000000000,
0.000000000000,-4.810132318713,-275.600280761719,0.200000000000,
0.000000000000,-4.810132318713,-275.600280761719,0.200000000000,
0.000000000000,-4.809844697315,-275.583801269532,0.200000000000,
0.000000000000,-4.809652949717,-275.572814941407,0.200000000000,
0.000000000000,-4.809509139018,-275.564575195313,0.200000000000,
0.000000000000,-4.809221517620,-275.548095703126,0.200000000000,
0.000000000000,-4.809029770021,-275.537109375001,0.200000000000,
0.000000000000,-4.809029770021,-275.537109375001,0.200000000000,
0.000000000000,-4.808838022423,-275.526123046876,0.200000000000,
0.000000000000,-4.808694211724,-275.517883300782,0.200000000000,
0.000000000000,-4.808502464126,-275.506896972657,0.200000000000,
0.000000000000,-4.808214842728,-275.490417480469,0.200000000000,
0.000000000000,-4.808023095129,-275.479431152344,0.200000000000,
0.000000000000,-4.808023095129,-275.479431152344,0.200000000000,
0.000000000000,-4.807879284431,-275.471191406251,0.200000000000,
0.000000000000,-4.807687536832,-275.460205078126,0.200000000000,
0.000000000000,-4.807495789234,-275.449218750001,0.200000000000,
0.000000000000,-4.807208167836,-275.432739257813,0.200000000000,
0.000000000000,-4.807064357137,-275.424499511719,0.200000000000,
0.000000000000,-4.807064357137,-275.424499511719,0.200000000000,
0.000000000000,-4.806824672639,-275.410766601563,0.200000000000,
0.000000000000,-4.806680861940,-275.402526855469,0.200000000000,
0.000000000000,-4.806489114342,-275.391540527344,0.200000000000,
0.000000000000,-4.806201492944,-275.375061035157,0.200000000000,
0.000000000000,-4.806105619145,-275.369567871094,0.200000000000,
0.000000000000,-4.806105619145,-275.369567871094,0.200000000000,
0.000000000000,-4.805817997747,-275.353088378907,0.200000000000,
0.000000000000,-4.805626250148,-275.342102050782,0.200000000000,
0.000000000000,-4.805482439450,-275.333862304688,0.200000000000,
0.000000000000,-4.805290691851,-275.322875976563,0.200000000000,
0.000000000000,-4.805098944253,-275.311889648438,0.200000000000,
0.000000000000,-4.805098944253,-275.311889648438,0.200000000000,
0.000000000000,-4.804907196654,-275.300903320313,0.200000000000,
0.000000000000,-4.804619575256,-275.284423828126,0.200000000000,
0.000000000000,-4.804427827658,-275.273437500001,0.200000000000,
0.000000000000,-4.804284016959,-275.265197753907,0.200000000000,
0.000000000000,-4.804044332461,-275.251464843751,0.200000000000,
0.000000000000,-4.804044332461,-275.251464843751,0.200000000000,
0.000000000000,-4.803900521762,-275.243225097657,0.200000000000,
0.000000000000,-4.803708774164,-275.232238769532,0.200000000000,
0.000000000000,-4.803517026565,-275.221252441407,0.200000000000,
0.000000000000,-4.803325278967,-275.210266113282,0.200000000000,
0.000000000000,-4.803133531368,-275.199279785157,0.200000000000,
0.000000000000,-4.803133531368,-275.199279785157,0.200000000000,
0.000000000000,-4.802941783770,-275.188293457032,0.200000000000,
0.000000000000,-4.802654162372,-275.171813964844,0.200000000000,
0.000000000000,-4.802462414773,-275.160827636719,0.200000000000,
0.000000000000,-4.802270667175,-275.149841308594,0.200000000000,
0.000000000000,-4.802078919576,-275.138854980469,0.200000000000,
0.000000000000,-4.802078919576,-275.138854980469,0.200000000000,
0.000000000000,-4.801887171978,-275.127868652344,0.200000000000,
0.000000000000,-4.801695424379,-275.116882324219,0.200000000000,
0.000000000000,-4.801551613681,-275.108642578126,0.200000000000,
0.000000000000,-4.801359866082,-275.097656250001,0.200000000000,
0.000000000000,-4.801120181584,-275.083923339844,0.200000000000,
0.000000000000,-4.801120181584,-275.083923339844,0.200000000000,
0.000000000000,-4.800976370885,-275.075683593751,0.200000000000,
0.000000000000,-4.800784623287,-275.064697265626,0.200000000000,
0.000000000000,-4.800592875688,-275.053710937501,0.200000000000,
0.000000000000,-4.800401128090,-275.042724609376,0.200000000000,
0.000000000000,-4.800113506692,-275.026245117188,0.200000000000,
0.000000000000,-4.800113506692,-275.026245117188,0.200000000000,
0.000000000000,-4.800065569792,-275.023498535157,0.200000000000,
0.000000000000,-4.799777948395,-275.007019042969,0.200000000000,
0.000000000000,-4.799586200796,-274.996032714844,0.200000000000,
0.000000000000,-4.799394453198,-274.985046386719,0.200000000000,
0.000000000000,-4.799202705599,-274.974060058594,0.200000000000,
0.000000000000,-4.799202705599,-274.974060058594,0.200000000000,
0.000000000000,-4.799010958001,-274.963073730469,0.200000000000,
0.000000000000,-4.798819210402,-274.952087402344,0.200000000000,
0.000000000000,-4.798531589004,-274.935607910157,0.200000000000,
0.000000000000,-4.798339841406,-274.924621582032,0.200000000000,
0.000000000000,-4.798148093807,-274.913635253907,0.200000000000,
0.000000000000,-4.798148093807,-274.913635253907,0.200000000000,
0.000000000000,-4.797956346209,-274.902648925782,0.200000000000,
0.000000000000,-4.797812535510,-274.894409179688,0.200000000000,
0.000000000000,-4.797620787912,-274.883422851563,0.200000000000,
0.000000000000,-4.797429040313,-274.872436523438,0.200000000000,
0.000000000000,-4.797237292715,-274.861450195313,0.200000000000,
0.000000000000,-4.797237292715,-274.861450195313,0.200000000000,
0.000000000000,-4.797045545116,-274.850463867188,0.200000000000,
0.000000000000,-4.796853797518,-274.839477539063,0.200000000000,
0.000000000000,-4.796662049919,-274.828491210938,0.200000000000,
0.000000000000,-4.796470302321,-274.817504882813,0.200000000000,
0.000000000000,-4.796278554722,-274.806518554688,0.200000000000,
0.000000000000,-4.796278554722,-274.806518554688,0.200000000000,
0.000000000000,-4.795990933324,-274.790039062501,0.200000000000,
0.000000000000,-4.795799185726,-274.779052734376,0.200000000000,
0.000000000000,-4.795607438127,-274.768066406251,0.200000000000,
0.000000000000,-4.795415690529,-274.757080078126,0.200000000000,
0.000000000000,-4.795223942931,-274.746093750001,0.200000000000,
0.000000000000,-4.795223942931,-274.746093750001,0.200000000000,
0.000000000000,-4.795032195332,-274.735107421876,0.200000000000,
0.000000000000,-4.794840447734,-274.724121093751,0.200000000000,
0.000000000000,-4.794648700135,-274.713134765626,0.200000000000,
0.000000000000,-4.794456952537,-274.702148437501,0.200000000000,
0.000000000000,-4.794265204938,-274.691162109376,0.200000000000,
0.000000000000,-4.794265204938,-274.691162109376,0.200000000000,
0.000000000000,-4.794073457340,-274.680175781251,0.200000000000,
0.000000000000,-4.793881709741,-274.669189453126,0.200000000000,
0.000000000000,-4.793737899042,-274.660949707032,0.200000000000,
0.000000000000,-4.793546151444,-274.649963378907,0.200000000000,
0.000000000000,-4.793354403845,-274.638977050782,0.200000000000,
0.000000000000,-4.793354403845,-274.638977050782,0.200000000000,
0.000000000000,-4.793162656247,-274.627990722657,0.200000000000,
0.000000000000,-4.792970908648,-274.617004394532,0.200000000000,
0.000000000000,-4.792683287251,-274.600524902344,0.200000000000,
0.000000000000,-4.792491539652,-274.589538574219,0.200000000000,
0.000000000000,-4.792347728953,-274.581298828126,0.200000000000,
0.000000000000,-4.792347728953,-274.581298828126,0.200000000000,
0.000000000000,-4.792108044455,-274.567565917969,0.200000000000,
0.000000000000,-4.791964233756,-274.559326171876,0.200000000000,
0.000000000000,-4.791772486158,-274.548339843751,0.200000000000,
0.000000000000,-4.791580738559,-274.537353515626,0.200000000000,
0.000000000000,-4.791293117162,-274.520874023438,0.200000000000,
0.000000000000,-4.791293117162,-274.520874023438,0.200000000000,
0.000000000000,-4.791101369563,-274.509887695313,0.200000000000,
0.000000000000,-4.790957558864,-274.501647949219,0.200000000000,
0.000000000000,-4.790765811266,-274.490661621094,0.200000000000,
0.000000000000,-4.790574063667,-274.479675292969,0.200000000000,
0.000000000000,-4.790382316069,-274.468688964844,0.200000000000,
0.000000000000,-4.790382316069,-274.468688964844,0.200000000000,
0.000000000000,-4.790094694671,-274.452209472657,0.200000000000,
0.000000000000,-4.789902947073,-274.441223144532,0.200000000000,
0.000000000000,-4.789759136374,-274.432983398438,0.200000000000,
0.000000000000,-4.789567388775,-274.421997070313,0.200000000000,
0.000000000000,-4.789279767377,-274.405517578126,0.200000000000,
0.000000000000,-4.789279767377,-274.405517578126,0.200000000000,
0.000000000000,-4.789088019779,-274.394531250001,0.200000000000,
0.000000000000,-4.788944209080,-274.386291503907,0.200000000000,
0.000000000000,-4.788752461482,-274.375305175782,0.200000000000,
0.000000000000,-4.788464840084,-274.358825683594,0.200000000000,
0.000000000000,-4.788273092485,-274.347839355469,0.200000000000,
0.000000000000,-4.788273092485,-274.347839355469,0.200000000000,
0.000000000000,-4.788081344887,-274.336853027344,0.200000000000,
0.000000000000,-4.787937534188,-274.328613281251,0.200000000000,
0.000000000000,-4.787745786590,-274.317626953126,0.200000000000,
0.000000000000,-4.787554038991,-274.306640625001,0.200000000000,
0.000000000000,-4.787362291393,-274.295654296876,0.200000000000,
0.000000000000,-4.787362291393,-274.295654296876,0.200000000000,
0.000000000000,-4.787122606895,-274.281921386719,0.200000000000,
0.000000000000,-4.786930859296,-274.270935058594,0.200000000000,
0.000000000000,-4.786643237898,-274.254455566407,0.200000000000,
0.000000000000,-4.786451490300,-274.243469238282,0.200000000000,
0.000000000000,-4.786259742701,-274.232482910157,0.200000000000,
0.000000000000,-4.786259742701,-274.232482910157,0.200000000000,
0.000000000000,-4.786115932002,-274.224243164063,0.200000000000,
0.000000000000,-4.785924184404,-274.213256835938,0.200000000000,
0.000000000000,-4.785636563006,-274.196777343751,0.200000000000,
0.000000000000,-4.785444815408,-274.185791015626,0.200000000000,
0.000000000000,-4.785301004709,-274.177551269532,0.200000000000,
0.000000000000,-4.785301004709,-274.177551269532,0.200000000000,
0.000000000000,-4.785109257110,-274.166564941407,0.200000000000,
0.000000000000,-4.784917509512,-274.155578613282,0.200000000000,
0.000000000000,-4.784629888114,-274.139099121094,0.200000000000,
0.000000000000,-4.784438140516,-274.128112792969,0.200000000000,
0.000000000000,-4.784294329817,-274.119873046876,0.200000000000,
0.000000000000,-4.784294329817,-274.119873046876,0.200000000000,
0.000000000000,-4.784102582218,-274.108886718751,0.200000000000,
0.000000000000,-4.783814960821,-274.092407226563,0.200000000000,
0.000000000000,-4.783767023921,-274.089660644532,0.200000000000,
0.000000000000,-4.783479402523,-274.073181152344,0.200000000000,
0.000000000000,-4.783287654925,-274.062194824219,0.200000000000,
0.000000000000,-4.783287654925,-274.062194824219,0.200000000000,
0.000000000000,-4.783095907326,-274.051208496094,0.200000000000,
0.000000000000,-4.782808285929,-274.034729003907,0.200000000000,
0.000000000000,-4.782616538330,-274.023742675782,0.200000000000,
0.000000000000,-4.782472727631,-274.015502929688,0.200000000000,
0.000000000000,-4.782280980033,-274.004516601563,0.200000000000,
0.000000000000,-4.782280980033,-274.004516601563,0.200000000000,
0.000000000000,-4.781993358635,-273.988037109376,0.200000000000,
0.000000000000,-4.781801611037,-273.977050781251,0.200000000000,
0.000000000000,-4.781609863438,-273.966064453126,0.200000000000,
0.000000000000,-4.781466052739,-273.957824707032,0.200000000000,
0.000000000000,-4.781274305141,-273.946838378907,0.200000000000,
0.000000000000,-4.781274305141,-273.946838378907,0.200000000000,
0.000000000000,-4.781082557542,-273.935852050782,0.200000000000,
0.000000000000,-4.780890809944,-273.924865722657,0.200000000000,
0.000000000000,-4.780699062345,-273.913879394532,0.200000000000,
0.000000000000,-4.780411440948,-273.897399902344,0.200000000000,
0.000000000000,-4.780219693349,-273.886413574219,0.200000000000,
0.000000000000,-4.780219693349,-273.886413574219,0.200000000000,
0.000000000000,-4.780075882650,-273.878173828126,0.200000000000,
0.000000000000,-4.779884135052,-273.867187500001,0.200000000000,
0.000000000000,-4.779692387453,-273.856201171876,0.200000000000,
0.000000000000,-4.779500639855,-273.845214843751,0.200000000000,
0.000000000000,-4.779308892256,-273.834228515626,0.200000000000,
0.000000000000,-4.779308892256,-273.834228515626,0.200000000000,
0.000000000000,-4.779069207758,-273.820495605469,0.200000000000,
0.000000000000,-4.778829523260,-273.806762695313,0.200000000000,
0.000000000000,-4.778637775662,-273.795776367188,0.200000000000,
0.000000000000,-4.778493964963,-273.787536621094,0.200000000000,
0.000000000000,-4.778302217364,-273.776550292969,0.200000000000,
0.000000000000,-4.778302217364,-273.776550292969,0.200000000000,
0.000000000000,-4.778014595966,-273.760070800782,0.200000000000,
0.000000000000,-4.777918722167,-273.754577636719,0.200000000000,
0.000000000000,-4.777726974569,-273.743591308594,0.200000000000,
0.000000000000,-4.777535226970,-273.732604980469,0.200000000000,
0.000000000000,-4.777247605572,-273.716125488282,0.200000000000,
0.000000000000,-4.777247605572,-273.716125488282,0.200000000000,
0.000000000000,-4.777055857974,-273.705139160157,0.200000000000,
0.000000000000,-4.776864110376,-273.694152832032,0.200000000000,
0.000000000000,-4.776672362777,-273.683166503907,0.200000000000,
0.000000000000,-4.776528552078,-273.674926757813,0.200000000000,
0.000000000000,-4.776336804480,-273.663940429688,0.200000000000,
0.000000000000,-4.776336804480,-273.663940429688,0.200000000000,
0.000000000000,-4.776145056881,-273.652954101563,0.200000000000,
0.000000000000,-4.775953309283,-273.641967773438,0.200000000000,
0.000000000000,-4.775761561684,-273.630981445313,0.200000000000,
0.000000000000,-4.775569814086,-273.619995117188,0.200000000000,
0.000000000000,-4.775378066487,-273.609008789063,0.200000000000,
0.000000000000,-4.775378066487,-273.609008789063,0.200000000000,
0.000000000000,-4.775186318889,-273.598022460938,0.200000000000,
0.000000000000,-4.774994571290,-273.587036132813,0.200000000000,
0.000000000000,-4.774706949893,-273.570556640626,0.200000000000,
0.000000000000,-4.774611076093,-273.565063476563,0.200000000000,
0.000000000000,-4.774323454696,-273.548583984376,0.200000000000,
0.000000000000,-4.774323454696,-273.548583984376,0.200000000000,
0.000000000000,-4.774227580896,-273.543090820313,0.200000000000,
0.000000000000,-4.773987896398,-273.529357910157,0.200000000000,
0.000000000000,-4.773796148800,-273.518371582032,0.200000000000,
0.000000000000,-4.773604401201,-273.507385253907,0.200000000000,
0.000000000000,-4.773316779804,-273.490905761719,0.200000000000,
0.000000000000,-4.773316779804,-273.490905761719,0.200000000000,
0.000000000000,-4.773220906004,-273.485412597657,0.200000000000,
0.000000000000,-4.772933284607,-273.468933105469,0.200000000000,
0.000000000000,-4.772789473908,-273.460693359376,0.200000000000,
0.000000000000,-4.772549789410,-273.446960449219,0.200000000000,
0.000000000000,-4.772405978711,-273.438720703126,0.200000000000,
0.000000000000,-4.772405978711,-273.438720703126,0.200000000000,
0.000000000000,-4.772214231112,-273.427734375001,0.200000000000,
0.000000000000,-4.772022483514,-273.416748046876,0.200000000000,
0.000000000000,-4.771830735915,-273.405761718751,0.200000000000,
0.000000000000,-4.771543114518,-273.389282226563,0.200000000000,
0.000000000000,-4.771351366919,-273.378295898438,0.200000000000,
0.000000000000,-4.771351366919,-273.378295898438,0.200000000000,
0.000000000000,-4.771207556220,-273.370056152344,0.200000000000,
0.000000000000,-4.770967871722,-273.356323242188,0.200000000000,
0.000000000000,-4.770776124124,-273.345336914063,0.200000000000,
0.000000000000,-4.770632313425,-273.337097167969,0.200000000000,
0.000000000000,-4.770440565826,-273.326110839844,0.200000000000,
0.000000000000,-4.770440565826,-273.326110839844,0.200000000000,
0.000000000000,-4.770248818228,-273.315124511719,0.200000000000,
0.000000000000,-4.770057070629,-273.304138183594,0.200000000000,
0.000000000000,-4.769865323031,-273.293151855469,0.200000000000,
0.000000000000,-4.769577701633,-273.276672363282,0.200000000000,
0.000000000000,-4.769481827834,-273.271179199219,0.200000000000,
0.000000000000,-4.769481827834,-273.271179199219,0.200000000000,
0.000000000000,-4.769194206436,-273.254699707032,0.200000000000,
0.000000000000,-4.769050395737,-273.246459960938,0.200000000000,
0.000000000000,-4.768858648139,-273.235473632813,0.200000000000,
0.000000000000,-4.768666900540,-273.224487304688,0.200000000000,
0.000000000000,-4.768475152942,-273.213500976563,0.200000000000,
0.000000000000,-4.768475152942,-273.213500976563,0.200000000000,
0.000000000000,-4.768283405343,-273.202514648438,0.200000000000,
0.000000000000,-4.767995783946,-273.186035156251,0.200000000000,
0.000000000000,-4.767804036347,-273.175048828126,0.200000000000,
0.000000000000,-4.767612288749,-273.164062500001,0.200000000000,
0.000000000000,-4.767420541150,-273.153076171876,0.200000000000,
0.000000000000,-4.767420541150,-273.153076171876,0.200000000000,
0.000000000000,-4.767276730451,-273.144836425782,0.200000000000,
0.000000000000,-4.767084982853,-273.133850097657,0.200000000000,
0.000000000000,-4.766797361455,-273.117370605469,0.200000000000,
0.000000000000,-4.766605613857,-273.106384277344,0.200000000000,
0.000000000000,-4.766461803158,-273.098144531251,0.200000000000,
0.000000000000,-4.766461803158,-273.098144531251,0.200000000000,
0.000000000000,-4.766270055559,-273.087158203126,0.200000000000,
0.000000000000,-4.766078307961,-273.076171875001,0.200000000000,
0.000000000000,-4.765886560362,-273.065185546876,0.200000000000,
0.000000000000,-4.765646875864,-273.051452636719,0.200000000000,
0.000000000000,-4.765455128266,-273.040466308594,0.200000000000,
0.000000000000,-4.765455128266,-273.040466308594,0.200000000000,
0.000000000000,-4.765167506868,-273.023986816407,0.200000000000,
0.000000000000,-4.764975759269,-273.013000488282,0.200000000000,
0.000000000000,-4.764831948571,-273.004760742188,0.200000000000,
0.000000000000,-4.764640200972,-272.993774414063,0.200000000000,
0.000000000000,-4.764352579574,-272.977294921876,0.200000000000,
0.000000000000,-4.764352579574,-272.977294921876,0.200000000000,
0.000000000000,-4.764160831976,-272.966308593751,0.200000000000,
0.000000000000,-4.764017021277,-272.958068847657,0.200000000000,
0.000000000000,-4.763825273678,-272.947082519532,0.200000000000,
0.000000000000,-4.763537652281,-272.930603027344,0.200000000000,
0.000000000000,-4.763393841582,-272.922363281251,0.200000000000,
0.000000000000,-4.763393841582,-272.922363281251,0.200000000000,
0.000000000000,-4.763202093983,-272.911376953126,0.200000000000,
0.000000000000,-4.762914472586,-272.894897460938,0.200000000000,
0.000000000000,-4.762770661887,-272.886657714844,0.200000000000,
0.000000000000,-4.762578914288,-272.875671386719,0.200000000000,
0.000000000000,-4.762291292891,-272.859191894532,0.200000000000,
0.000000000000,-4.762291292891,-272.859191894532,0.200000000000,
0.000000000000,-4.762099545292,-272.848205566407,0.200000000000,
0.000000000000,-4.761955734593,-272.839965820313,0.200000000000,
0.000000000000,-4.761763986995,-272.828979492188,0.200000000000,
0.000000000000,-4.761524302497,-272.815246582032,0.200000000000,
0.000000000000,-4.761332554898,-272.804260253907,0.200000000000,
0.000000000000,-4.761332554898,-272.804260253907,0.200000000000,
0.000000000000,-4.761140807300,-272.793273925782,0.200000000000,
0.000000000000,-4.760901122802,-272.779541015626,0.200000000000,
0.000000000000,-4.760709375203,-272.768554687501,0.200000000000,
0.000000000000,-4.760517627605,-272.757568359376,0.200000000000,
0.000000000000,-4.760230006207,-272.741088867188,0.200000000000,
0.000000000000,-4.760230006207,-272.741088867188,0.200000000000,
0.000000000000,-4.760086195508,-272.732849121094,0.200000000000,
0.000000000000,-4.759894447910,-272.721862792969,0.200000000000,
0.000000000000,-4.759606826512,-272.705383300782,0.200000000000,
0.000000000000,-4.759415078913,-272.694396972657,0.200000000000,
0.000000000000,-4.759271268214,-272.686157226563,0.200000000000,
0.000000000000,-4.759271268214,-272.686157226563,0.200000000000,
0.000000000000,-4.758983646817,-272.669677734376,0.200000000000,
0.000000000000,-4.758791899218,-272.658691406251,0.200000000000,
0.000000000000,-4.758648088519,-272.650451660157,0.200000000000,
0.000000000000,-4.758408404021,-272.636718750001,0.200000000000,
0.000000000000,-4.758168719523,-272.622985839844,0.200000000000,
0.000000000000,-4.758168719523,-272.622985839844,0.200000000000,
0.000000000000,-4.758024908824,-272.614746093751,0.200000000000,
0.000000000000,-4.757737287427,-272.598266601563,0.200000000000,
0.000000000000,-4.757545539828,-272.587280273438,0.200000000000,
0.000000000000,-4.757305855330,-272.573547363282,0.200000000000,
0.000000000000,-4.757114107731,-272.562561035157,0.200000000000,
0.000000000000,-4.757114107731,-272.562561035157,0.200000000000,
0.000000000000,-4.756970297033,-272.554321289063,0.200000000000,
0.000000000000,-4.756778549434,-272.543334960938,0.200000000000,
0.000000000000,-4.756586801836,-272.532348632813,0.200000000000,
0.000000000000,-4.756299180438,-272.515869140626,0.200000000000,
0.000000000000,-4.756107432839,-272.504882812501,0.200000000000,
0.000000000000,-4.756107432839,-272.504882812501,0.200000000000,
0.000000000000,-4.755963622141,-272.496643066407,0.200000000000,
0.000000000000,-4.755771874542,-272.485656738282,0.200000000000,
0.000000000000,-4.755580126944,-272.474670410157,0.200000000000,
0.000000000000,-4.755292505546,-272.458190917969,0.200000000000,
0.000000000000,-4.755100757947,-272.447204589844,0.200000000000,
0.000000000000,-4.755100757947,-272.447204589844,0.200000000000,
0.000000000000,-4.754956947249,-272.438964843751,0.200000000000,
0.000000000000,-4.754765199650,-272.427978515626,0.200000000000,
0.000000000000,-4.754573452052,-272.416992187501,0.200000000000,
0.000000000000,-4.754381704453,-272.406005859376,0.200000000000,
0.000000000000,-4.754094083055,-272.389526367188,0.200000000000,
0.000000000000,-4.754094083055,-272.389526367188,0.200000000000,
0.000000000000,-4.753902335457,-272.378540039063,0.200000000000,
0.000000000000,-4.753758524758,-272.370300292969,0.200000000000,
0.000000000000,-4.753566777160,-272.359313964844,0.200000000000,
0.000000000000,-4.753375029561,-272.348327636719,0.200000000000,
0.000000000000,-4.753087408163,-272.331848144532,0.200000000000,
0.000000000000,-4.753087408163,-272.331848144532,0.200000000000,
0.000000000000,-4.752895660565,-272.320861816407,0.200000000000,
0.000000000000,-4.752751849866,-272.312622070313,0.200000000000,
0.000000000000,-4.752560102267,-272.301635742188,0.200000000000,
0.000000000000,-4.752368354669,-272.290649414063,0.200000000000,
0.000000000000,-4.752080733271,-272.274169921876,0.200000000000,
0.000000000000,-4.752080733271,-272.274169921876,0.200000000000,
0.000000000000,-4.751888985673,-272.263183593751,0.200000000000,
0.000000000000,-4.751745174974,-272.254943847657,0.200000000000,
0.000000000000,-4.751553427375,-272.243957519532,0.200000000000,
0.000000000000,-4.751361679777,-272.232971191407,0.200000000000,
0.000000000000,-4.751169932178,-272.221984863282,0.200000000000,
0.000000000000,-4.751169932178,-272.221984863282,0.200000000000,
0.000000000000,-4.750978184580,-272.210998535157,0.200000000000,
0.000000000000,-4.750786436981,-272.200012207032,0.200000000000,
0.000000000000,-4.750594689383,-272.189025878907,0.200000000000,
0.000000000000,-4.750402941784,-272.178039550782,0.200000000000,
0.000000000000,-4.750211194186,-272.167053222657,0.200000000000,
0.000000000000,-4.750211194186,-272.167053222657,0.200000000000,
0.000000000000,-4.749923572788,-272.150573730469,0.200000000000,
0.000000000000,-4.749731825190,-272.139587402344,0.200000000000,
0.000000000000,-4.749540077591,-272.128601074219,0.200000000000,
0.000000000000,-4.749348329993,-272.117614746094,0.200000000000,
0.000000000000,-4.749204519294,-272.109375000001,0.200000000000,
0.000000000000,-4.749204519294,-272.109375000001,0.200000000000,
0.000000000000,-4.748964834796,-272.095642089844,0.200000000000,
0.000000000000,-4.748821024097,-272.087402343751,0.200000000000,
0.000000000000,-4.748629276498,-272.076416015626,0.200000000000,
0.000000000000,-4.748437528900,-272.065429687501,0.200000000000,
0.000000000000,-4.748149907502,-272.048950195313,0.200000000000,
0.000000000000,-4.748149907502,-272.048950195313,0.200000000000,
0.000000000000,-4.748006096803,-272.040710449219,0.200000000000,
0.000000000000,-4.747766412305,-272.026977539063,0.200000000000,
0.000000000000,-4.747622601606,-272.018737792969,0.200000000000,
0.000000000000,-4.747334980209,-272.002258300782,0.200000000000,
0.000000000000,-4.747143232610,-271.991271972657,0.200000000000,
0.000000000000,-4.747143232610,-271.991271972657,0.200000000000,
0.000000000000,-4.746951485012,-271.980285644532,0.200000000000,
0.000000000000,-4.746807674313,-271.972045898438,0.200000000000,
0.000000000000,-4.746615926714,-271.961059570313,0.200000000000,
0.000000000000,-4.746424179116,-271.950073242188,0.200000000000,
0.000000000000,-4.746232431517,-271.939086914063,0.200000000000,
0.000000000000,-4.746232431517,-271.939086914063,0.200000000000,
0.000000000000,-4.745944810120,-271.922607421876,0.200000000000,
0.000000000000,-4.745753062521,-271.911621093751,0.200000000000,
0.000000000000,-4.745561314923,-271.900634765626,0.200000000000,
0.000000000000,-4.745369567324,-271.889648437501,0.200000000000,
0.000000000000,-4.745225756625,-271.881408691407,0.200000000000,
0.000000000000,-4.745225756625,-271.881408691407,0.200000000000,
0.000000000000,-4.744986072127,-271.867675781251,0.200000000000,
0.000000000000,-4.744842261428,-271.859436035157,0.200000000000,
0.000000000000,-4.744650513830,-271.848449707032,0.200000000000,
0.000000000000,-4.744458766231,-271.837463378907,0.200000000000,
0.000000000000,-4.744267018633,-271.826477050782,0.200000000000,
0.000000000000,-4.744267018633,-271.826477050782,0.200000000000,
0.000000000000,-4.744075271034,-271.815490722657,0.200000000000,
0.000000000000,-4.743787649637,-271.799011230469,0.200000000000,
0.000000000000,-4.743595902038,-271.788024902344,0.200000000000,
0.000000000000,-4.743404154440,-271.777038574219,0.200000000000,
0.000000000000,-4.743212406841,-271.766052246094,0.200000000000,
0.000000000000,-4.743212406841,-271.766052246094,0.200000000000,
0.000000000000,-4.743020659243,-271.755065917969,0.200000000000,
0.000000000000,-4.742924785444,-271.749572753907,0.200000000000,
0.000000000000,-4.742637164046,-271.733093261719,0.200000000000,
0.000000000000,-4.742445416447,-271.722106933594,0.200000000000,
0.000000000000,-4.742301605748,-271.713867187501,0.200000000000,
0.000000000000,-4.742301605748,-271.713867187501,0.200000000000,
0.000000000000,-4.742109858150,-271.702880859376,0.200000000000,
0.000000000000,-4.741918110551,-271.691894531251,0.200000000000,
0.000000000000,-4.741726362953,-271.680908203126,0.200000000000,
0.000000000000,-4.741438741555,-271.664428710938,0.200000000000,
0.000000000000,-4.741342867756,-271.658935546876,0.200000000000,
0.000000000000,-4.741342867756,-271.658935546876,0.200000000000,
0.000000000000,-4.741055246358,-271.642456054688,0.200000000000,
0.000000000000,-4.740863498760,-271.631469726563,0.200000000000,
0.000000000000,-4.740671751161,-271.620483398438,0.200000000000,
0.000000000000,-4.740527940462,-271.612243652344,0.200000000000,
0.000000000000,-4.740336192864,-271.601257324219,0.200000000000,
0.000000000000,-4.740336192864,-271.601257324219,0.200000000000,
0.000000000000,-4.740144445266,-271.590270996094,0.200000000000,
0.000000000000,-4.739952697667,-271.579284667969,0.200000000000,
0.000000000000,-4.739760950069,-271.568298339844,0.200000000000,
0.000000000000,-4.739569202470,-271.557312011719,0.200000000000,
0.000000000000,-4.739281581072,-271.540832519532,0.200000000000,
0.000000000000,-4.739281581072,-271.540832519532,0.200000000000,
0.000000000000,-4.739137770373,-271.532592773438,0.200000000000,
0.000000000000,-4.738898085875,-271.518859863282,0.200000000000,
0.000000000000,-4.738754275176,-271.510620117188,0.200000000000,
0.000000000000,-4.738562527578,-271.499633789063,0.200000000000,
0.000000000000,-4.738274906180,-271.483154296876,0.200000000000,
0.000000000000,-4.738274906180,-271.483154296876,0.200000000000,
0.000000000000,-4.738083158582,-271.472167968751,0.200000000000,
0.000000000000,-4.737891410983,-271.461181640626,0.200000000000,
0.000000000000,-4.737747600284,-271.452941894532,0.200000000000,
0.000000000000,-4.737555852686,-271.441955566407,0.200000000000,
0.000000000000,-4.737268231288,-271.425476074219,0.200000000000,
0.000000000000,-4.737268231288,-271.425476074219,0.200000000000,
0.000000000000,-4.737124420589,-271.417236328126,0.200000000000,
0.000000000000,-4.736932672991,-271.406250000001,0.200000000000,
0.000000000000,-4.736645051593,-271.389770507813,0.200000000000,
0.000000000000,-4.736549177794,-271.384277343751,0.200000000000,
0.000000000000,-4.736357430195,-271.373291015626,0.200000000000,
0.000000000000,-4.736357430195,-271.373291015626,0.200000000000,
0.000000000000,-4.736069808798,-271.356811523438,0.200000000000,
0.000000000000,-4.735925998099,-271.348571777344,0.200000000000,
0.000000000000,-4.735734250500,-271.337585449219,0.200000000000,
0.000000000000,-4.735446629103,-271.321105957032,0.200000000000,
0.000000000000,-4.735254881504,-271.310119628907,0.200000000000,
0.000000000000,-4.735254881504,-271.310119628907,0.200000000000,
0.000000000000,-4.735015197006,-271.296386718751,0.200000000000,
0.000000000000,-4.734823449408,-271.285400390626,0.200000000000,
0.000000000000,-4.734631701809,-271.274414062501,0.200000000000,
0.000000000000,-4.734535828010,-271.268920898438,0.200000000000,
0.000000000000,-4.734296143512,-271.255187988282,0.200000000000,
0.000000000000,-4.734296143512,-271.255187988282,0.200000000000,
0.000000000000,-4.734104395913,-271.244201660157,0.200000000000,
0.000000000000,-4.733912648315,-271.233215332032,0.200000000000,
0.000000000000,-4.733625026917,-271.216735839844,0.200000000000,
0.000000000000,-4.733481216218,-271.208496093751,0.200000000000,
0.000000000000,-4.733289468620,-271.197509765626,0.200000000000,
0.000000000000,-4.733289468620,-271.197509765626,0.200000000000,
0.000000000000,-4.733097721021,-271.186523437501,0.200000000000,
0.000000000000,-4.732810099623,-271.170043945313,0.200000000000,
0.000000000000,-4.732618352025,-271.159057617188,0.200000000000,
0.000000000000,-4.732474541326,-271.150817871094,0.200000000000,
0.000000000000,-4.732282793728,-271.139831542969,0.200000000000,
0.000000000000,-4.732282793728,-271.139831542969,0.200000000000,
0.000000000000,-4.732091046129,-271.128845214844,0.200000000000,
0.000000000000,-4.731899298531,-271.117858886719,0.200000000000,
0.000000000000,-4.731659614033,-271.104125976563,0.200000000000,
0.000000000000,-4.731467866434,-271.093139648438,0.200000000000,
0.000000000000,-4.731276118836,-271.082153320313,0.200000000000,
0.000000000000,-4.731276118836,-271.082153320313,0.200000000000,
0.000000000000,-4.731084371237,-271.071166992188,0.200000000000,
0.000000000000,-4.730796749839,-271.054687500001,0.200000000000,
0.000000000000,-4.730605002241,-271.043701171876,0.200000000000,
0.000000000000,-4.730461191542,-271.035461425782,0.200000000000,
0.000000000000,-4.730221507044,-271.021728515626,0.200000000000,
0.000000000000,-4.730221507044,-271.021728515626,0.200000000000,
0.000000000000,-4.730077696345,-271.013488769532,0.200000000000,
0.000000000000,-4.729885948747,-271.002502441407,0.200000000000,
0.000000000000,-4.729694201148,-270.991516113282,0.200000000000,
0.000000000000,-4.729406579750,-270.975036621094,0.200000000000,
0.000000000000,-4.729214832152,-270.964050292969,0.200000000000,
0.000000000000,-4.729214832152,-270.964050292969,0.200000000000,
0.000000000000,-4.729023084553,-270.953063964844,0.200000000000,
0.000000000000,-4.728927210754,-270.947570800782,0.200000000000,
0.000000000000,-4.728639589356,-270.931091308594,0.200000000000,
0.000000000000,-4.728447841758,-270.920104980469,0.200000000000,
0.000000000000,-4.728256094159,-270.909118652344,0.200000000000,
0.000000000000,-4.728256094159,-270.909118652344,0.200000000000,
0.000000000000,-4.728112283461,-270.900878906251,0.200000000000,
0.000000000000,-4.727920535862,-270.889892578126,0.200000000000,
0.000000000000,-4.727728788264,-270.878906250001,0.200000000000,
0.000000000000,-4.727441166866,-270.862426757813,0.200000000000,
0.000000000000,-4.727297356167,-270.854187011719,0.200000000000,
0.000000000000,-4.727297356167,-270.854187011719,0.200000000000,
0.000000000000,-4.727105608568,-270.843200683594,0.200000000000,
0.000000000000,-4.726913860970,-270.832214355469,0.200000000000,
0.000000000000,-4.726722113372,-270.821228027344,0.200000000000,
0.000000000000,-4.726530365773,-270.810241699219,0.200000000000,
0.000000000000,-4.726338618175,-270.799255371094,0.200000000000,
0.000000000000,-4.726338618175,-270.799255371094,0.200000000000,
0.000000000000,-4.726050996777,-270.782775878907,0.200000000000,
0.000000000000,-4.725859249178,-270.771789550782,0.200000000000,
0.000000000000,-4.725667501580,-270.760803222657,0.200000000000,
0.000000000000,-4.725571627781,-270.755310058594,0.200000000000,
0.000000000000,-4.725379880182,-270.744323730469,0.200000000000,
0.000000000000,-4.725379880182,-270.744323730469,0.200000000000,
0.000000000000,-4.725092258784,-270.727844238282,0.200000000000,
0.000000000000,-4.724900511186,-270.716857910157,0.200000000000,
0.000000000000,-4.724708763587,-270.705871582032,0.200000000000,
0.000000000000,-4.724517015989,-270.694885253907,0.200000000000,
0.000000000000,-4.724373205290,-270.686645507813,0.200000000000,
0.000000000000,-4.724373205290,-270.686645507813,0.200000000000,
0.000000000000,-4.724181457692,-270.675659179688,0.200000000000,
0.000000000000,-4.723989710093,-270.664672851563,0.200000000000,
0.000000000000,-4.723797962495,-270.653686523438,0.200000000000,
0.000000000000,-4.723606214896,-270.642700195313,0.200000000000,
0.000000000000,-4.723318593498,-270.626220703126,0.200000000000,
0.000000000000,-4.723318593498,-270.626220703126,0.200000000000,
0.000000000000,-4.723222719699,-270.620727539063,0.200000000000,
0.000000000000,-4.722935098301,-270.604248046876,0.200000000000,
0.000000000000,-4.722743350703,-270.593261718751,0.200000000000,
0.000000000000,-4.722599540004,-270.585021972657,0.200000000000,
0.000000000000,-4.722407792406,-270.574035644532,0.200000000000,
0.000000000000,-4.722407792406,-270.574035644532,0.200000000000,
0.000000000000,-4.722168107907,-270.560302734376,0.200000000000,
0.000000000000,-4.722024297209,-270.552062988282,0.200000000000,
0.000000000000,-4.721832549610,-270.541076660157,0.200000000000,
0.000000000000,-4.721640802012,-270.530090332032,0.200000000000,
0.000000000000,-4.721353180614,-270.513610839844,0.200000000000,
0.000000000000,-4.721353180614,-270.513610839844,0.200000000000,
0.000000000000,-4.721161433015,-270.502624511719,0.200000000000,
0.000000000000,-4.721017622317,-270.494384765626,0.200000000000,
0.000000000000,-4.720825874718,-270.483398437501,0.200000000000,
0.000000000000,-4.720634127120,-270.472412109376,0.200000000000,
0.000000000000,-4.720346505722,-270.455932617188,0.200000000000,
0.000000000000,-4.720346505722,-270.455932617188,0.200000000000,
0.000000000000,-4.720250631923,-270.450439453126,0.200000000000,
0.000000000000,-4.719963010525,-270.433959960938,0.200000000000,
0.000000000000,-4.719771262926,-270.422973632813,0.200000000000,
0.000000000000,-4.719579515328,-270.411987304688,0.200000000000,
0.000000000000,-4.719435704629,-270.403747558594,0.200000000000,
0.000000000000,-4.719435704629,-270.403747558594,0.200000000000,
0.000000000000,-4.719196020131,-270.390014648438,0.200000000000,
0.000000000000,-4.719052209432,-270.381774902344,0.200000000000,
0.000000000000,-4.718812524934,-270.368041992188,0.200000000000,
0.000000000000,-4.718668714235,-270.359802246094,0.200000000000,
0.000000000000,-4.718381092837,-270.343322753907,0.200000000000,
0.000000000000,-4.718381092837,-270.343322753907,0.200000000000,
0.000000000000,-4.718189345239,-270.332336425782,0.200000000000,
0.000000000000,-4.718093471440,-270.326843261719,0.200000000000,
0.000000000000,-4.717805850042,-270.310363769532,0.200000000000,
0.000000000000,-4.717614102443,-270.299377441407,0.200000000000,
0.000000000000,-4.717422354845,-270.288391113282,0.200000000000,
0.000000000000,-4.717422354845,-270.288391113282,0.200000000000,
0.000000000000,-4.717278544146,-270.280151367188,0.200000000000,
0.000000000000,-4.717038859648,-270.266418457032,0.200000000000,
0.000000000000,-4.716895048949,-270.258178710938,0.200000000000,
0.000000000000,-4.716703301351,-270.247192382813,0.200000000000,
0.000000000000,-4.716511553752,-270.236206054688,0.200000000000,
0.000000000000,-4.716511553752,-270.236206054688,0.200000000000,
0.000000000000,-4.716319806154,-270.225219726563,0.200000000000,
0.000000000000,-4.716128058555,-270.214233398438,0.200000000000,
0.000000000000,-4.715840437157,-270.197753906251,0.200000000000,
0.000000000000,-4.715648689559,-270.186767578126,0.200000000000,
0.000000000000,-4.715456941960,-270.175781250001,0.200000000000,
0.000000000000,-4.715456941960,-270.175781250001,0.200000000000,
0.000000000000,-4.715313131262,-270.167541503907,0.200000000000,
0.000000000000,-4.715025509864,-270.151062011719,0.200000000000,
0.000000000000,-4.714833762265,-270.140075683594,0.200000000000,
0.000000000000,-4.714642014667,-270.129089355469,0.200000000000,
0.000000000000,-4.714450267068,-270.118103027344,0.200000000000,
0.000000000000,-4.714450267068,-270.118103027344,0.200000000000,
0.000000000000,-4.714258519470,-270.107116699219,0.200000000000,
0.000000000000,-4.714066771871,-270.096130371094,0.200000000000,
0.000000000000,-4.713922961173,-270.087890625001,0.200000000000,
0.000000000000,-4.713731213574,-270.076904296876,0.200000000000,
0.000000000000,-4.713539465976,-270.065917968751,0.200000000000,
0.000000000000,-4.713539465976,-270.065917968751,0.200000000000,
0.000000000000,-4.713251844578,-270.049438476563,0.200000000000,
0.000000000000,-4.713060096979,-270.038452148438,0.200000000000,
0.000000000000,-4.712916286281,-270.030212402344,0.200000000000,
0.000000000000,-4.712724538682,-270.019226074219,0.200000000000,
0.000000000000,-4.712436917284,-270.002746582032,0.200000000000,
0.000000000000,-4.712436917284,-270.002746582032,0.200000000000,
0.000000000000,-4.712293106585,-269.994506835938,0.200000000000,
0.000000000000,-4.712101358987,-269.983520507813,0.200000000000,
0.000000000000,-4.711813737589,-269.967041015626,0.200000000000,
0.000000000000,-4.711621989991,-269.956054687501,0.200000000000,
0.000000000000,-4.711478179292,-269.947814941407,0.200000000000,
0.000000000000,-4.711478179292,-269.947814941407,0.200000000000,
0.000000000000,-4.711286431693,-269.936828613282,0.200000000000,
0.000000000000,-4.711094684095,-269.925842285157,0.200000000000,
0.000000000000,-4.710854999597,-269.912109375001,0.200000000000,
0.000000000000,-4.710663251998,-269.901123046876,0.200000000000,
0.000000000000,-4.710375630601,-269.884643554688,0.200000000000,
0.000000000000,-4.710375630601,-269.884643554688,0.200000000000,
0.000000000000,-4.710231819902,-269.876403808594,0.200000000000,
0.000000000000,-4.709992135404,-269.862670898438,0.200000000000,
0.000000000000,-4.709848324705,-269.854431152344,0.200000000000,
0.000000000000,-4.709656577106,-269.843444824219,0.200000000000,
0.000000000000,-4.709368955709,-269.826965332032,0.200000000000,
0.000000000000,-4.709368955709,-269.826965332032,0.200000000000,
0.000000000000,-4.709225145010,-269.818725585938,0.200000000000,
0.000000000000,-4.709033397411,-269.807739257813,0.200000000000,
0.000000000000,-4.708745776013,-269.791259765626,0.200000000000,
0.000000000000,-4.708601965315,-269.783020019532,0.200000000000,
0.000000000000,-4.708410217716,-269.772033691407,0.200000000000,
0.000000000000,-4.708410217716,-269.772033691407,0.200000000000,
0.000000000000,-4.708218470118,-269.761047363282,0.200000000000,
0.000000000000,-4.707930848720,-269.744567871094,0.200000000000,
0.000000000000,-4.707787038021,-269.736328125001,0.200000000000,
0.000000000000,-4.707595290423,-269.725341796876,0.200000000000,
0.000000000000,-4.707307669025,-269.708862304688,0.200000000000,
0.000000000000,-4.707307669025,-269.708862304688,0.200000000000,
0.000000000000,-4.707163858326,-269.700622558594,0.200000000000,
0.000000000000,-4.706972110727,-269.689636230469,0.200000000000,
0.000000000000,-4.706684489330,-269.673156738282,0.200000000000,
0.000000000000,-4.706540678631,-269.664916992188,0.200000000000,
0.000000000000,-4.706348931032,-269.653930664063,0.200000000000,
0.000000000000,-4.706348931032,-269.653930664063,0.200000000000,
0.000000000000,-4.706157183434,-269.642944335938,0.200000000000,
0.000000000000,-4.705869562036,-269.626464843751,0.200000000000,
0.000000000000,-4.705725751337,-269.618225097657,0.200000000000,
0.000000000000,-4.705534003739,-269.607238769532,0.200000000000,
0.000000000000,-4.705342256140,-269.596252441407,0.200000000000,
0.000000000000,-4.705342256140,-269.596252441407,0.200000000000,
0.000000000000,-4.705054634743,-269.579772949219,0.200000000000,
0.000000000000,-4.704910824044,-269.571533203126,0.200000000000,
0.000000000000,-4.704719076445,-269.560546875001,0.200000000000,
0.000000000000,-4.704527328847,-269.549560546876,0.200000000000,
0.000000000000,-4.704239707449,-269.533081054688,0.200000000000,
0.000000000000,-4.704239707449,-269.533081054688,0.200000000000,
0.000000000000,-4.704047959851,-269.522094726563,0.200000000000,
0.000000000000,-4.703904149152,-269.513854980469,0.200000000000,
0.000000000000,-4.703712401553,-269.502868652344,0.200000000000,
0.000000000000,-4.703520653955,-269.491882324219,0.200000000000,
0.000000000000,-4.703328906356,-269.480895996094,0.200000000000,
0.000000000000,-4.703328906356,-269.480895996094,0.200000000000,
0.000000000000,-4.703041284959,-269.464416503907,0.200000000000,
0.000000000000,-4.702897474260,-269.456176757813,0.200000000000,
0.000000000000,-4.702657789762,-269.442443847657,0.200000000000,
0.000000000000,-4.702513979063,-269.434204101563,0.200000000000,
0.000000000000,-4.702226357665,-269.417724609376,0.200000000000,
0.000000000000,-4.702226357665,-269.417724609376,0.200000000000,
0.000000000000,-4.702130483866,-269.412231445313,0.200000000000,
0.000000000000,-4.701842862468,-269.395751953126,0.200000000000,
0.000000000000,-4.701651114870,-269.384765625001,0.200000000000,
0.000000000000,-4.701507304171,-269.376525878907,0.200000000000,
0.000000000000,-4.701315556572,-269.365539550782,0.200000000000,
0.000000000000,-4.701315556572,-269.365539550782,0.200000000000,
0.000000000000,-4.701027935174,-269.349060058594,0.200000000000,
0.000000000000,-4.700932061375,-269.343566894532,0.200000000000,
0.000000000000,-4.700644439977,-269.327087402344,0.200000000000,
0.000000000000,-4.700452692379,-269.316101074219,0.200000000000,
0.000000000000,-4.700260944780,-269.305114746094,0.200000000000,
0.000000000000,-4.700260944780,-269.305114746094,0.200000000000,
0.000000000000,-4.700021260282,-269.291381835938,0.200000000000,
0.000000000000,-4.699925386483,-269.285888671876,0.200000000000,
0.000000000000,-4.699733638885,-269.274902343751,0.200000000000,
0.000000000000,-4.699541891286,-269.263916015626,0.200000000000,
0.000000000000,-4.699350143688,-269.252929687501,0.200000000000,
0.000000000000,-4.699350143688,-269.252929687501,0.200000000000,
0.000000000000,-4.699062522290,-269.236450195313,0.200000000000,
0.000000000000,-4.698966648491,-269.230957031251,0.200000000000,
0.000000000000,-4.698774900892,-269.219970703126,0.200000000000,
0.000000000000,-4.698631090193,-269.211730957032,0.200000000000,
0.000000000000,-4.698343468796,-269.195251464844,0.200000000000,
0.000000000000,-4.698343468796,-269.195251464844,0.200000000000,
0.000000000000,-4.698151721197,-269.184265136719,0.200000000000,
0.000000000000,-4.697959973599,-269.173278808594,0.200000000000,
0.000000000000,-4.697768226000,-269.162292480469,0.200000000000,
0.000000000000,-4.697576478402,-269.151306152344,0.200000000000,
0.000000000000,-4.697384730803,-269.140319824219,0.200000000000,
0.000000000000,-4.697384730803,-269.140319824219,0.200000000000,
0.000000000000,-4.697097109405,-269.123840332032,0.200000000000,
0.000000000000,-4.697001235606,-269.118347167969,0.200000000000,
0.000000000000,-4.696713614208,-269.101867675782,0.200000000000,
0.000000000000,-4.696521866610,-269.090881347657,0.200000000000,
0.000000000000,-4.696330119012,-269.079895019532,0.200000000000,
0.000000000000,-4.696330119012,-269.079895019532,0.200000000000,
0.000000000000,-4.696138371413,-269.068908691407,0.200000000000,
0.000000000000,-4.695994560714,-269.060668945313,0.200000000000,
0.000000000000,-4.695802813116,-269.049682617188,0.200000000000,
0.000000000000,-4.695611065517,-269.038696289063,0.200000000000,
0.000000000000,-4.695323444119,-269.022216796876,0.200000000000,
0.000000000000,-4.695323444119,-269.022216796876,0.200000000000,
0.000000000000,-4.695131696521,-269.011230468751,0.200000000000,
0.000000000000,-4.694987885822,-269.002990722657,0.200000000000,
0.000000000000,-4.694748201324,-268.989257812501,0.200000000000,
0.000000000000,-4.694604390625,-268.981018066407,0.200000000000,
0.000000000000,-4.694412643027,-268.970031738282,0.200000000000,
0.000000000000,-4.694412643027,-268.970031738282,0.200000000000,
0.000000000000,-4.694125021629,-268.953552246094,0.200000000000,
0.000000000000,-4.693933274030,-268.942565917969,0.200000000000,
0.000000000000,-4.693741526432,-268.931579589844,0.200000000000,
0.000000000000,-4.693549778833,-268.920593261719,0.200000000000,
0.000000000000,-4.693358031235,-268.909606933594,0.200000000000,
0.000000000000,-4.693358031235,-268.909606933594,0.200000000000,
0.000000000000,-4.693166283637,-268.898620605469,0.200000000000,
0.000000000000,-4.693022472938,-268.890380859376,0.200000000000,
0.000000000000,-4.692782788440,-268.876647949219,0.200000000000,
0.000000000000,-4.692638977741,-268.868408203126,0.200000000000,
0.000000000000,-4.692447230142,-268.857421875001,0.200000000000,
0.000000000000,-4.692447230142,-268.857421875001,0.200000000000,
0.000000000000,-4.692255482544,-268.846435546876,0.200000000000,
0.000000000000,-4.692063734945,-268.835449218751,0.200000000000,
0.000000000000,-4.691871987347,-268.824462890626,0.200000000000,
0.000000000000,-4.691680239748,-268.813476562501,0.200000000000,
0.000000000000,-4.691488492150,-268.802490234376,0.200000000000,
0.000000000000,-4.691488492150,-268.802490234376,0.200000000000,
0.000000000000,-4.691296744551,-268.791503906251,0.200000000000,
0.000000000000,-4.691104996953,-268.780517578126,0.200000000000,
0.000000000000,-4.690817375555,-268.764038085938,0.200000000000,
0.000000000000,-4.690721501756,-268.758544921876,0.200000000000,
0.000000000000,-4.690481817258,-268.744812011719,0.200000000000,
0.000000000000,-4.690481817258,-268.744812011719,0.200000000000,
0.000000000000,-4.690242132760,-268.731079101563,0.200000000000,
0.000000000000,-4.690098322061,-268.722839355469,0.200000000000,
0.000000000000,-4.689906574462,-268.711853027344,0.200000000000,
0.000000000000,-4.689714826864,-268.700866699219,0.200000000000,
0.000000000000,-4.689523079265,-268.689880371094,0.200000000000,
0.000000000000,-4.689523079265,-268.689880371094,0.200000000000,
0.000000000000,-4.689235457868,-268.673400878907,0.200000000000,
0.000000000000,-4.689043710269,-268.662414550782,0.200000000000,
0.000000000000,-4.688851962671,-268.651428222657,0.200000000000,
0.000000000000,-4.688660215072,-268.640441894532,0.200000000000,
0.000000000000,-4.688468467474,-268.629455566407,0.200000000000,
0.000000000000,-4.688468467474,-268.629455566407,0.200000000000,
0.000000000000,-4.688324656775,-268.621215820313,0.200000000000,
0.000000000000,-4.688084972277,-268.607482910157,0.200000000000,
0.000000000000,-4.687941161578,-268.599243164063,0.200000000000,
0.000000000000,-4.687749413979,-268.588256835938,0.200000000000,
0.000000000000,-4.687557666381,-268.577270507813,0.200000000000,
0.000000000000,-4.687557666381,-268.577270507813,0.200000000000,
0.000000000000,-4.687270044983,-268.560791015626,0.200000000000,
0.000000000000,-4.687078297385,-268.549804687501,0.200000000000,
0.000000000000,-4.686934486686,-268.541564941407,0.200000000000,
0.000000000000,-4.686742739087,-268.530578613282,0.200000000000,
0.000000000000,-4.686550991489,-268.519592285157,0.200000000000,
0.000000000000,-4.686550991489,-268.519592285157,0.200000000000,
0.000000000000,-4.686359243890,-268.508605957032,0.200000000000,
0.000000000000,-4.686071622493,-268.492126464844,0.200000000000,
0.000000000000,-4.685879874894,-268.481140136719,0.200000000000,
0.000000000000,-4.685736064195,-268.472900390626,0.200000000000,
0.000000000000,-4.685544316597,-268.461914062501,0.200000000000,
0.000000000000,-4.685544316597,-268.461914062501,0.200000000000,
0.000000000000,-4.685352568998,-268.450927734376,0.200000000000,
0.000000000000,-4.685064947600,-268.434448242188,0.200000000000,
0.000000000000,-4.684921136902,-268.426208496094,0.200000000000,
0.000000000000,-4.684729389303,-268.415222167969,0.200000000000,
0.000000000000,-4.684537641705,-268.404235839844,0.200000000000,
0.000000000000,-4.684537641705,-268.404235839844,0.200000000000,
0.000000000000,-4.684345894106,-268.393249511719,0.200000000000,
0.000000000000,-4.684154146508,-268.382263183594,0.200000000000,
0.000000000000,-4.683866525110,-268.365783691407,0.200000000000,
0.000000000000,-4.683674777511,-268.354797363282,0.200000000000,
0.000000000000,-4.683530966813,-268.346557617188,0.200000000000,
0.000000000000,-4.683530966813,-268.346557617188,0.200000000000,
0.000000000000,-4.683339219214,-268.335571289063,0.200000000000,
0.000000000000,-4.683051597816,-268.319091796876,0.200000000000,
0.000000000000,-4.682859850218,-268.308105468751,0.200000000000,
0.000000000000,-4.682668102619,-268.297119140626,0.200000000000,
0.000000000000,-4.682524291921,-268.288879394532,0.200000000000,
0.000000000000,-4.682524291921,-268.288879394532,0.200000000000,
0.000000000000,-4.682332544322,-268.277893066407,0.200000000000,
0.000000000000,-4.682140796724,-268.266906738282,0.200000000000,
0.000000000000,-4.681853175326,-268.250427246094,0.200000000000,
0.000000000000,-4.681661427727,-268.239440917969,0.200000000000,
0.000000000000,-4.681469680129,-268.228454589844,0.200000000000,
0.000000000000,-4.681469680129,-268.228454589844,0.200000000000,
0.000000000000,-4.681325869430,-268.220214843751,0.200000000000,
0.000000000000,-4.681134121832,-268.209228515626,0.200000000000,
0.000000000000,-4.680846500434,-268.192749023438,0.200000000000,
0.000000000000,-4.680654752835,-268.181762695313,0.200000000000,
0.000000000000,-4.680463005237,-268.170776367188,0.200000000000,
0.000000000000,-4.680463005237,-268.170776367188,0.200000000000,
0.000000000000,-4.680319194538,-268.162536621094,0.200000000000,
0.000000000000,-4.680127446939,-268.151550292969,0.200000000000,
0.000000000000,-4.679935699341,-268.140563964844,0.200000000000,
0.000000000000,-4.679648077943,-268.124084472657,0.200000000000,
0.000000000000,-4.679456330345,-268.113098144532,0.200000000000,
0.000000000000,-4.679456330345,-268.113098144532,0.200000000000,
0.000000000000,-4.679264582746,-268.102111816407,0.200000000000,
0.000000000000,-4.679120772047,-268.093872070313,0.200000000000,
0.000000000000,-4.678929024449,-268.082885742188,0.200000000000,
0.000000000000,-4.678737276850,-268.071899414063,0.200000000000,
0.000000000000,-4.678449655453,-268.055419921876,0.200000000000,
0.000000000000,-4.678449655453,-268.055419921876,0.200000000000,
0.000000000000,-4.678257907854,-268.044433593751,0.200000000000,
0.000000000000,-4.678066160256,-268.033447265626,0.200000000000,
0.000000000000,-4.677874412657,-268.022460937501,0.200000000000,
0.000000000000,-4.677730601958,-268.014221191407,0.200000000000,
0.000000000000,-4.677490917460,-268.000488281251,0.200000000000,
0.000000000000,-4.677490917460,-268.000488281251,0.200000000000,
0.000000000000,-4.677347106761,-267.992248535157,0.200000000000,
0.000000000000,-4.677155359163,-267.981262207032,0.200000000000,
0.000000000000,-4.676963611564,-267.970275878907,0.200000000000,
0.000000000000,-4.676771863966,-267.959289550782,0.200000000000,
0.000000000000,-4.676580116367,-267.948303222657,0.200000000000,
0.000000000000,-4.676580116367,-267.948303222657,0.200000000000,
0.000000000000,-4.676292494970,-267.931823730469,0.200000000000,
0.000000000000,-4.676100747371,-267.920837402344,0.200000000000,
0.000000000000,-4.675908999773,-267.909851074219,0.200000000000,
0.000000000000,-4.675765189074,-267.901611328126,0.200000000000,
0.000000000000,-4.675573441475,-267.890625000001,0.200000000000,
0.000000000000,-4.675573441475,-267.890625000001,0.200000000000,
0.000000000000,-4.675381693877,-267.879638671876,0.200000000000,
0.000000000000,-4.675189946278,-267.868652343751,0.200000000000,
0.000000000000,-4.674998198680,-267.857666015626,0.200000000000,
0.000000000000,-4.674806451082,-267.846679687501,0.200000000000,
0.000000000000,-4.674518829684,-267.830200195313,0.200000000000,
0.000000000000,-4.674518829684,-267.830200195313,0.200000000000,
0.000000000000,-4.674327082085,-267.819213867188,0.200000000000,
0.000000000000,-4.674135334487,-267.808227539063,0.200000000000,
0.000000000000,-4.673943586888,-267.797241210938,0.200000000000,
0.000000000000,-4.673751839290,-267.786254882813,0.200000000000,
0.000000000000,-4.673560091691,-267.775268554688,0.200000000000,
0.000000000000,-4.673560091691,-267.775268554688,0.200000000000,
0.000000000000,-4.673416280992,-267.767028808594,0.200000000000,
0.000000000000,-4.673224533394,-267.756042480469,0.200000000000,
0.000000000000,-4.673032785796,-267.745056152344,0.200000000000,
0.000000000000,-4.672793101297,-267.731323242188,0.200000000000,
0.000000000000,-4.672649290599,-267.723083496094,0.200000000000,
0.000000000000,-4.672649290599,-267.723083496094,0.200000000000,
0.000000000000,-4.672457543000,-267.712097167969,0.200000000000,
0.000000000000,-4.672265795402,-267.701110839844,0.200000000000,
0.000000000000,-4.672074047803,-267.690124511719,0.200000000000,
0.000000000000,-4.671882300205,-267.679138183594,0.200000000000,
0.000000000000,-4.671690552606,-267.668151855469,0.200000000000,
0.000000000000,-4.671690552606,-267.668151855469,0.200000000000,
0.000000000000,-4.671498805008,-267.657165527344,0.200000000000,
0.000000000000,-4.671211183610,-267.640686035157,0.200000000000,
0.000000000000,-4.671019436011,-267.629699707032,0.200000000000,
0.000000000000,-4.670923562212,-267.624206542969,0.200000000000,
0.000000000000,-4.670635940814,-267.607727050782,0.200000000000,
0.000000000000,-4.670635940814,-267.607727050782,0.200000000000,
0.000000000000,-4.670444193216,-267.596740722657,0.200000000000,
0.000000000000,-4.670252445617,-267.585754394532,0.200000000000,
0.000000000000,-4.670108634919,-267.577514648438,0.200000000000,
0.000000000000,-4.669916887320,-267.566528320313,0.200000000000,
0.000000000000,-4.669725139722,-267.555541992188,0.200000000000,
0.000000000000,-4.669725139722,-267.555541992188,0.200000000000,
0.000000000000,-4.669437518324,-267.539062500001,0.200000000000,
0.000000000000,-4.669245770725,-267.528076171876,0.200000000000,
0.000000000000,-4.669101960027,-267.519836425782,0.200000000000,
0.000000000000,-4.668862275528,-267.506103515626,0.200000000000,
0.000000000000,-4.668718464830,-267.497863769532,0.200000000000,
0.000000000000,-4.668718464830,-267.497863769532,0.200000000000,
0.000000000000,-4.668526717231,-267.486877441407,0.200000000000,
0.000000000000,-4.668334969633,-267.475891113282,0.200000000000,
0.000000000000,-4.668143222034,-267.464904785157,0.200000000000,
0.000000000000,-4.667855600636,-267.448425292969,0.200000000000,
0.000000000000,-4.667759726837,-267.442932128907,0.200000000000,
0.000000000000,-4.667759726837,-267.442932128907,0.200000000000,
0.000000000000,-4.667567979239,-267.431945800782,0.200000000000,
0.000000000000,-4.667280357841,-267.415466308594,0.200000000000,
0.000000000000,-4.667088610242,-267.404479980469,0.200000000000,
0.000000000000,-4.666944799544,-267.396240234376,0.200000000000,
0.000000000000,-4.666753051945,-267.385253906251,0.200000000000,
0.000000000000,-4.666753051945,-267.385253906251,0.200000000000,
0.000000000000,-4.666561304347,-267.374267578126,0.200000000000,
0.000000000000,-4.666273682949,-267.357788085938,0.200000000000,
0.000000000000,-4.666177809150,-267.352294921876,0.200000000000,
0.000000000000,-4.665986061551,-267.341308593751,0.200000000000,
0.000000000000,-4.665698440153,-267.324829101563,0.200000000000,
0.000000000000,-4.665698440153,-267.324829101563,0.200000000000,
0.000000000000,-4.665506692555,-267.313842773438,0.200000000000,
0.000000000000,-4.665314944956,-267.302856445313,0.200000000000,
0.000000000000,-4.665123197358,-267.291870117188,0.200000000000,
0.000000000000,-4.664979386659,-267.283630371094,0.200000000000,
0.000000000000,-4.664787639061,-267.272644042969,0.200000000000,
0.000000000000,-4.664787639061,-267.272644042969,0.200000000000,
0.000000000000,-4.664595891462,-267.261657714844,0.200000000000,
0.000000000000,-4.664404143864,-267.250671386719,0.200000000000,
0.000000000000,-4.664116522466,-267.234191894532,0.200000000000,
0.000000000000,-4.664020648667,-267.228698730469,0.200000000000,
0.000000000000,-4.663780964169,-267.214965820313,0.200000000000,
0.000000000000,-4.663780964169,-267.214965820313,0.200000000000,
0.000000000000,-4.663589216570,-267.203979492188,0.200000000000,
0.000000000000,-4.663397468972,-267.192993164063,0.200000000000,
0.000000000000,-4.663109847574,-267.176513671876,0.200000000000,
0.000000000000,-4.662918099975,-267.165527343751,0.200000000000,
0.000000000000,-4.662774289277,-267.157287597657,0.200000000000,
0.000000000000,-4.662774289277,-267.157287597657,0.200000000000,
0.000000000000,-4.662486667879,-267.140808105469,0.200000000000,
0.000000000000,-4.662294920280,-267.129821777344,0.200000000000,
0.000000000000,-4.662103172682,-267.118835449219,0.200000000000,
0.000000000000,-4.661911425083,-267.107849121094,0.200000000000,
0.000000000000,-4.661767614384,-267.099609375001,0.200000000000,
0.000000000000,-4.661767614384,-267.099609375001,0.200000000000,
0.000000000000,-4.661575866786,-267.088623046876,0.200000000000,
0.000000000000,-4.661288245388,-267.072143554688,0.200000000000,
0.000000000000,-4.661192371589,-267.066650390626,0.200000000000,
0.000000000000,-4.660952687091,-267.052917480469,0.200000000000,
0.000000000000,-4.660760939492,-267.041931152344,0.200000000000,
0.000000000000,-4.660760939492,-267.041931152344,0.200000000000,
0.000000000000,-4.660473318095,-267.025451660157,0.200000000000,
0.000000000000,-4.660329507396,-267.017211914063,0.200000000000,
0.000000000000,-4.660041885998,-267.000732421876,0.200000000000,
0.000000000000,-4.659850138400,-266.989746093751,0.200000000000,
0.000000000000,-4.659706327701,-266.981506347657,0.200000000000,
0.000000000000,-4.659706327701,-266.981506347657,0.200000000000,
0.000000000000,-4.659514580102,-266.970520019532,0.200000000000,
0.000000000000,-4.659322832504,-266.959533691407,0.200000000000,
0.000000000000,-4.659035211106,-266.943054199219,0.200000000000,
0.000000000000,-4.658891400407,-266.934814453126,0.200000000000,
0.000000000000,-4.658603779009,-266.918334960938,0.200000000000,
0.000000000000,-4.658603779009,-266.918334960938,0.200000000000,
0.000000000000,-4.658412031411,-266.907348632813,0.200000000000,
0.000000000000,-4.658268220712,-266.899108886719,0.200000000000,
0.000000000000,-4.657980599314,-266.882629394532,0.200000000000,
0.000000000000,-4.657788851716,-266.871643066407,0.200000000000,
0.000000000000,-4.657645041017,-266.863403320313,0.200000000000,
0.000000000000,-4.657645041017,-266.863403320313,0.200000000000,
0.000000000000,-4.657453293419,-266.852416992188,0.200000000000,
0.000000000000,-4.657165672021,-266.835937500001,0.200000000000,
0.000000000000,-4.657021861322,-266.827697753907,0.200000000000,
0.000000000000,-4.656830113723,-266.816711425782,0.200000000000,
0.000000000000,-4.656542492326,-266.800231933594,0.200000000000,
0.000000000000,-4.656542492326,-266.800231933594,0.200000000000,
0.000000000000,-4.656398681627,-266.791992187501,0.200000000000,
0.000000000000,-4.656206934028,-266.781005859376,0.200000000000,
0.000000000000,-4.655919312631,-266.764526367188,0.200000000000,
0.000000000000,-4.655775501932,-266.756286621094,0.200000000000,
0.000000000000,-4.655583754333,-266.745300292969,0.200000000000,
0.000000000000,-4.655583754333,-266.745300292969,0.200000000000,
0.000000000000,-4.655344069835,-266.731567382813,0.200000000000,
0.000000000000,-4.655152322237,-266.720581054688,0.200000000000,
0.000000000000,-4.654960574638,-266.709594726563,0.200000000000,
0.000000000000,-4.654672953241,-266.693115234376,0.200000000000,
0.000000000000,-4.654481205642,-266.682128906251,0.200000000000,
0.000000000000,-4.654481205642,-266.682128906251,0.200000000000,
0.000000000000,-4.654337394943,-266.673889160157,0.200000000000,
0.000000000000,-4.654049773545,-266.657409667969,0.200000000000,
0.000000000000,-4.653858025947,-266.646423339844,0.200000000000,
0.000000000000,-4.653714215248,-266.638183593751,0.200000000000,
0.000000000000,-4.653426593850,-266.621704101563,0.200000000000,
0.000000000000,-4.653426593850,-266.621704101563,0.200000000000,
0.000000000000,-4.653282783151,-266.613464355469,0.200000000000,
0.000000000000,-4.653043098653,-266.599731445313,0.200000000000,
0.000000000000,-4.652899287955,-266.591491699219,0.200000000000,
0.000000000000,-4.652707540356,-266.580505371094,0.200000000000,
0.000000000000,-4.652419918958,-266.564025878907,0.200000000000,
0.000000000000,-4.652419918958,-266.564025878907,0.200000000000,
0.000000000000,-4.652276108259,-266.555786132813,0.200000000000,
0.000000000000,-4.652084360661,-266.544799804688,0.200000000000,
0.000000000000,-4.651796739263,-266.528320312501,0.200000000000,
0.000000000000,-4.651604991665,-266.517333984376,0.200000000000,
0.000000000000,-4.651461180966,-266.509094238282,0.200000000000,
0.000000000000,-4.651461180966,-266.509094238282,0.200000000000,
0.000000000000,-4.651269433367,-266.498107910157,0.200000000000,
0.000000000000,-4.651077685769,-266.487121582032,0.200000000000,
0.000000000000,-4.650933875070,-266.478881835938,0.200000000000,
0.000000000000,-4.650646253672,-266.462402343751,0.200000000000,
0.000000000000,-4.650454506074,-266.451416015626,0.200000000000,
0.000000000000,-4.650454506074,-266.451416015626,0.200000000000,
0.000000000000,-4.650166884676,-266.434936523438,0.200000000000,
0.000000000000,-4.649975137078,-266.423950195313,0.200000000000,
0.000000000000,-4.649783389479,-266.412963867188,0.200000000000,
0.000000000000,-4.649591641881,-266.401977539063,0.200000000000,
0.000000000000,-4.649447831182,-266.393737792969,0.200000000000,
0.000000000000,-4.649447831182,-266.393737792969,0.200000000000,
0.000000000000,-4.649256083583,-266.382751464844,0.200000000000,
0.000000000000,-4.649064335985,-266.371765136719,0.200000000000,
0.000000000000,-4.648776714587,-266.355285644532,0.200000000000,
0.000000000000,-4.648632903888,-266.347045898438,0.200000000000,
0.000000000000,-4.648441156290,-266.336059570313,0.200000000000,
0.000000000000,-4.648441156290,-266.336059570313,0.200000000000,
0.000000000000,-4.648249408691,-266.325073242188,0.200000000000,
0.000000000000,-4.648057661093,-266.314086914063,0.200000000000,
0.000000000000,-4.647770039695,-266.297607421876,0.200000000000,
0.000000000000,-4.647578292097,-266.286621093751,0.200000000000,
0.000000000000,-4.647290670699,-266.270141601563,0.200000000000,
0.000000000000,-4.647290670699,-266.270141601563,0.200000000000,
0.000000000000,-4.647242733799,-266.267395019532,0.200000000000,
0.000000000000,-4.647050986201,-266.256408691407,0.200000000000,
0.000000000000,-4.646763364803,-266.239929199219,0.200000000000,
0.000000000000,-4.646571617204,-266.228942871094,0.200000000000,
0.000000000000,-4.646379869606,-266.217956542969,0.200000000000,
0.000000000000,-4.646379869606,-266.217956542969,0.200000000000,
0.000000000000,-4.646188122008,-266.206970214844,0.200000000000,
0.000000000000,-4.646044311309,-266.198730468751,0.200000000000,
0.000000000000,-4.645756689911,-266.182250976563,0.200000000000,
0.000000000000,-4.645660816112,-266.176757812501,0.200000000000,
0.000000000000,-4.645469068513,-266.165771484376,0.200000000000,
0.000000000000,-4.645469068513,-266.165771484376,0.200000000000,
0.000000000000,-4.645181447115,-266.149291992188,0.200000000000,
0.000000000000,-4.644989699517,-266.138305664063,0.200000000000,
0.000000000000,-4.644845888818,-266.130065917969,0.200000000000,
0.000000000000,-4.644654141220,-266.119079589844,0.200000000000,
0.000000000000,-4.644462393621,-266.108093261719,0.200000000000,
0.000000000000,-4.644462393621,-266.108093261719,0.200000000000,
0.000000000000,-4.644270646023,-266.097106933594,0.200000000000,
0.000000000000,-4.644078898424,-266.086120605469,0.200000000000,
0.000000000000,-4.643791277026,-266.069641113282,0.200000000000,
0.000000000000,-4.643647466328,-266.061401367188,0.200000000000,
0.000000000000,-4.643407781829,-266.047668457032,0.200000000000,
0.000000000000,-4.643407781829,-266.047668457032,0.200000000000,
0.000000000000,-4.643216034231,-266.036682128907,0.200000000000,
0.000000000000,-4.643072223532,-266.028442382813,0.200000000000,
0.000000000000,-4.642784602134,-266.011962890626,0.200000000000,
0.000000000000,-4.642592854536,-266.000976562501,0.200000000000,
0.000000000000,-4.642449043837,-265.992736816407,0.200000000000,
0.000000000000,-4.642449043837,-265.992736816407,0.200000000000,
0.000000000000,-4.642257296239,-265.981750488282,0.200000000000,
0.000000000000,-4.642065548640,-265.970764160157,0.200000000000,
0.000000000000,-4.641873801042,-265.959777832032,0.200000000000,
0.000000000000,-4.641586179644,-265.943298339844,0.200000000000,
0.000000000000,-4.641442368945,-265.935058593751,0.200000000000,
0.000000000000,-4.641442368945,-265.935058593751,0.200000000000,
0.000000000000,-4.641202684447,-265.921325683594,0.200000000000,
0.000000000000,-4.641058873748,-265.913085937501,0.200000000000,
0.000000000000,-4.640867126150,-265.902099609376,0.200000000000,
0.000000000000,-4.640675378551,-265.891113281251,0.200000000000,
0.000000000000,-4.640387757153,-265.874633789063,0.200000000000,
0.000000000000,-4.640387757153,-265.874633789063,0.200000000000,
0.000000000000,-4.640196009555,-265.863647460938,0.200000000000,
0.000000000000,-4.640004261956,-265.852661132813,0.200000000000,
0.000000000000,-4.639812514358,-265.841674804688,0.200000000000,
0.000000000000,-4.639668703659,-265.833435058594,0.200000000000,
0.000000000000,-4.639476956061,-265.822448730469,0.200000000000,
0.000000000000,-4.639476956061,-265.822448730469,0.200000000000,
0.000000000000,-4.639285208462,-265.811462402344,0.200000000000,
0.000000000000,-4.639093460864,-265.800476074219,0.200000000000,
0.000000000000,-4.638901713265,-265.789489746094,0.200000000000,
0.000000000000,-4.638614091867,-265.773010253907,0.200000000000,
0.000000000000,-4.638470281168,-265.764770507813,0.200000000000,
0.000000000000,-4.638470281168,-265.764770507813,0.200000000000,
0.000000000000,-4.638230596670,-265.751037597657,0.200000000000,
0.000000000000,-4.638086785971,-265.742797851563,0.200000000000,
0.000000000000,-4.637895038373,-265.731811523438,0.200000000000,
0.000000000000,-4.637703290775,-265.720825195313,0.200000000000,
0.000000000000,-4.637415669377,-265.704345703126,0.200000000000,
0.000000000000,-4.637415669377,-265.704345703126,0.200000000000,
0.000000000000,-4.637271858678,-265.696105957032,0.200000000000,
0.000000000000,-4.637080111079,-265.685119628907,0.200000000000,
0.000000000000,-4.636888363481,-265.674133300782,0.200000000000,
0.000000000000,-4.636696615882,-265.663146972657,0.200000000000,
0.000000000000,-4.636504868284,-265.652160644532,0.200000000000,
0.000000000000,-4.636504868284,-265.652160644532,0.200000000000,
0.000000000000,-4.636313120685,-265.641174316407,0.200000000000,
0.000000000000,-4.636073436187,-265.627441406251,0.200000000000,
0.000000000000,-4.635881688589,-265.616455078126,0.200000000000,
0.000000000000,-4.635642004091,-265.602722167969,0.200000000000,
0.000000000000,-4.635498193392,-265.594482421876,0.200000000000,
0.000000000000,-4.635498193392,-265.594482421876,0.200000000000,
0.000000000000,-4.635306445793,-265.583496093751,0.200000000000,
0.000000000000,-4.635018824396,-265.567016601563,0.200000000000,
0.000000000000,-4.634875013697,-265.558776855469,0.200000000000,
0.000000000000,-4.634683266098,-265.547790527344,0.200000000000,
0.000000000000,-4.634395644701,-265.531311035157,0.200000000000,
0.000000000000,-4.634395644701,-265.531311035157,0.200000000000,
0.000000000000,-4.634203897102,-265.520324707032,0.200000000000,
0.000000000000,-4.634012149504,-265.509338378907,0.200000000000,
0.000000000000,-4.633868338805,-265.501098632813,0.200000000000,
0.000000000000,-4.633676591206,-265.490112304688,0.200000000000,
0.000000000000,-4.633532780507,-265.481872558594,0.200000000000,
0.000000000000,-4.633532780507,-265.481872558594,0.200000000000,
0.000000000000,-4.633245159110,-265.465393066407,0.200000000000,
0.000000000000,-4.633053411511,-265.454406738282,0.200000000000,
0.000000000000,-4.632861663913,-265.443420410157,0.200000000000,
0.000000000000,-4.632574042515,-265.426940917969,0.200000000000,
0.000000000000,-4.632430231816,-265.418701171876,0.200000000000,
0.000000000000,-4.632430231816,-265.418701171876,0.200000000000,
0.000000000000,-4.632238484218,-265.407714843751,0.200000000000,
0.000000000000,-4.631950862820,-265.391235351563,0.200000000000,
0.000000000000,-4.631759115221,-265.380249023438,0.200000000000,
0.000000000000,-4.631615304523,-265.372009277344,0.200000000000,
0.000000000000,-4.631327683125,-265.355529785157,0.200000000000,
0.000000000000,-4.631327683125,-265.355529785157,0.200000000000,
0.000000000000,-4.631135935526,-265.344543457032,0.200000000000,
0.000000000000,-4.630992124828,-265.336303710938,0.200000000000,
0.000000000000,-4.630800377229,-265.325317382813,0.200000000000,
0.000000000000,-4.630608629631,-265.314331054688,0.200000000000,
0.000000000000,-4.630368945132,-265.300598144532,0.200000000000,
0.000000000000,-4.630368945132,-265.300598144532,0.200000000000,
0.000000000000,-4.630177197534,-265.289611816407,0.200000000000,
0.000000000000,-4.629985449935,-265.278625488282,0.200000000000,
0.000000000000,-4.629745765437,-265.264892578126,0.200000000000,
0.000000000000,-4.629554017839,-265.253906250001,0.200000000000,
0.000000000000,-4.629266396441,-265.237426757813,0.200000000000,
0.000000000000,-4.629266396441,-265.237426757813,0.200000000000,
0.000000000000,-4.629074648843,-265.226440429688,0.200000000000,
0.000000000000,-4.628882901244,-265.215454101563,0.200000000000,
0.000000000000,-4.628691153646,-265.204467773438,0.200000000000,
0.000000000000,-4.628547342947,-265.196228027344,0.200000000000,
0.000000000000,-4.628355595348,-265.185241699219,0.200000000000,
0.000000000000,-4.628355595348,-265.185241699219,0.200000000000,
0.000000000000,-4.628067973951,-265.168762207032,0.200000000000,
0.000000000000,-4.627876226352,-265.157775878907,0.200000000000,
0.000000000000,-4.627732415653,-265.149536132813,0.200000000000,
0.000000000000,-4.627540668055,-265.138549804688,0.200000000000,
0.000000000000,-4.627253046657,-265.122070312501,0.200000000000,
0.000000000000,-4.627253046657,-265.122070312501,0.200000000000,
0.000000000000,-4.627109235958,-265.113830566407,0.200000000000,
0.000000000000,-4.626917488360,-265.102844238282,0.200000000000,
0.000000000000,-4.626629866962,-265.086364746094,0.200000000000,
0.000000000000,-4.626486056263,-265.078125000001,0.200000000000,
0.000000000000,-4.626294308665,-265.067138671876,0.200000000000,
0.000000000000,-4.626294308665,-265.067138671876,0.200000000000,
0.000000000000,-4.626102561066,-265.056152343751,0.200000000000,
0.000000000000,-4.625910813468,-265.045166015626,0.200000000000,
0.000000000000,-4.625623192070,-265.028686523438,0.200000000000,
0.000000000000,-4.625431444471,-265.017700195313,0.200000000000,
0.000000000000,-4.625287633773,-265.009460449219,0.200000000000,
0.000000000000,-4.625287633773,-265.009460449219,0.200000000000,
0.000000000000,-4.625047949274,-264.995727539063,0.200000000000,
0.000000000000,-4.624904138576,-264.987487792969,0.200000000000,
0.000000000000,-4.624712390977,-264.976501464844,0.200000000000,
0.000000000000,-4.624424769579,-264.960021972657,0.200000000000,
0.000000000000,-4.624233021981,-264.949035644532,0.200000000000,
0.000000000000,-4.624233021981,-264.949035644532,0.200000000000,
0.000000000000,-4.624089211282,-264.940795898438,0.200000000000,
0.000000000000,-4.623897463684,-264.929809570313,0.200000000000,
0.000000000000,-4.623705716085,-264.918823242188,0.200000000000,
0.000000000000,-4.623513968487,-264.907836914063,0.200000000000,
0.000000000000,-4.623322220888,-264.896850585938,0.200000000000,
0.000000000000,-4.623322220888,-264.896850585938,0.200000000000,
0.000000000000,-4.623034599490,-264.880371093751,0.200000000000,
0.000000000000,-4.622842851892,-264.869384765626,0.200000000000,
0.000000000000,-4.622651104293,-264.858398437501,0.200000000000,
0.000000000000,-4.622459356695,-264.847412109376,0.200000000000,
0.000000000000,-4.622315545996,-264.839172363282,0.200000000000,
0.000000000000,-4.622315545996,-264.839172363282,0.200000000000,
0.000000000000,-4.622075861498,-264.825439453126,0.200000000000,
0.000000000000,-4.621932050799,-264.817199707032,0.200000000000,
0.000000000000,-4.621644429401,-264.800720214844,0.200000000000,
0.000000000000,-4.621452681803,-264.789733886719,0.200000000000,
0.000000000000,-4.621308871104,-264.781494140626,0.200000000000,
0.000000000000,-4.621308871104,-264.781494140626,0.200000000000,
0.000000000000,-4.621117123506,-264.770507812501,0.200000000000,
0.000000000000,-4.620925375907,-264.759521484376,0.200000000000,
0.000000000000,-4.620733628309,-264.748535156251,0.200000000000,
0.000000000000,-4.620541880710,-264.737548828126,0.200000000000,
0.000000000000,-4.620350133112,-264.726562500001,0.200000000000,
0.000000000000,-4.620350133112,-264.726562500001,0.200000000000,
0.000000000000,-4.620158385513,-264.715576171876,0.200000000000,
0.000000000000,-4.619870764115,-264.699096679688,0.200000000000,
0.000000000000,-4.619726953416,-264.690856933594,0.200000000000,
0.000000000000,-4.619487268918,-264.677124023438,0.200000000000,
0.000000000000,-4.619295521320,-264.666137695313,0.200000000000,
0.000000000000,-4.619295521320,-264.666137695313,0.200000000000,
0.000000000000,-4.619103773721,-264.655151367188,0.200000000000,
0.000000000000,-4.618912026123,-264.644165039063,0.200000000000,
0.000000000000,-4.618768215424,-264.635925292969,0.200000000000,
0.000000000000,-4.618528530926,-264.622192382813,0.200000000000,
0.000000000000,-4.618384720227,-264.613952636719,0.200000000000,
0.000000000000,-4.618384720227,-264.613952636719,0.200000000000,
0.000000000000,-4.618097098829,-264.597473144532,0.200000000000,
0.000000000000,-4.618001225030,-264.591979980469,0.200000000000,
0.000000000000,-4.617713603632,-264.575500488282,0.200000000000,
0.000000000000,-4.617617729833,-264.570007324219,0.200000000000,
0.000000000000,-4.617378045335,-264.556274414063,0.200000000000,
0.000000000000,-4.617378045335,-264.556274414063,0.200000000000,
0.000000000000,-4.617186297737,-264.545288085938,0.200000000000,
0.000000000000,-4.616994550138,-264.534301757813,0.200000000000,
0.000000000000,-4.616706928740,-264.517822265626,0.200000000000,
0.000000000000,-4.616563118041,-264.509582519532,0.200000000000,
0.000000000000,-4.616323433543,-264.495849609376,0.200000000000,
0.000000000000,-4.616323433543,-264.495849609376,0.200000000000,
0.000000000000,-4.616179622844,-264.487609863282,0.200000000000,
0.000000000000,-4.615987875246,-264.476623535157,0.200000000000,
0.000000000000,-4.615796127648,-264.465637207032,0.200000000000,
0.000000000000,-4.615508506250,-264.449157714844,0.200000000000,
0.000000000000,-4.615412632451,-264.443664550782,0.200000000000,
0.000000000000,-4.615412632451,-264.443664550782,0.200000000000,
0.000000000000,-4.615172947952,-264.429931640626,0.200000000000,
0.000000000000,-4.614981200354,-264.418945312501,0.200000000000,
0.000000000000,-4.614789452755,-264.407958984376,0.200000000000,
0.000000000000,-4.614597705157,-264.396972656251,0.200000000000,
0.000000000000,-4.614405957559,-264.385986328126,0.200000000000,
0.000000000000,-4.614405957559,-264.385986328126,0.200000000000,
0.000000000000,-4.614118336161,-264.369506835938,0.200000000000,
0.000000000000,-4.613926588562,-264.358520507813,0.200000000000,
0.000000000000,-4.613734840964,-264.347534179688,0.200000000000,
0.000000000000,-4.613591030265,-264.339294433594,0.200000000000,
0.000000000000,-4.613399282666,-264.328308105469,0.200000000000,
0.000000000000,-4.613399282666,-264.328308105469,0.200000000000,
0.000000000000,-4.613111661269,-264.311828613282,0.200000000000,
0.000000000000,-4.612919913670,-264.300842285157,0.200000000000,
0.000000000000,-4.612728166072,-264.289855957032,0.200000000000,
0.000000000000,-4.612536418473,-264.278869628907,0.200000000000,
0.000000000000,-4.612392607774,-264.270629882813,0.200000000000,
0.000000000000,-4.612392607774,-264.270629882813,0.200000000000,
0.000000000000,-4.612200860176,-264.259643554688,0.200000000000,
0.000000000000,-4.612009112577,-264.248657226563,0.200000000000,
0.000000000000,-4.611817364979,-264.237670898438,0.200000000000,
0.000000000000,-4.611625617380,-264.226684570313,0.200000000000,
0.000000000000,-4.611337995983,-264.210205078126,0.200000000000,
0.000000000000,-4.611337995983,-264.210205078126,0.200000000000,
0.000000000000,-4.611146248384,-264.199218750001,0.200000000000,
0.000000000000,-4.611002437685,-264.190979003907,0.200000000000,
0.000000000000,-4.610810690087,-264.179992675782,0.200000000000,
0.000000000000,-4.610618942488,-264.169006347657,0.200000000000,
0.000000000000,-4.610331321091,-264.152526855469,0.200000000000,
0.000000000000,-4.610331321091,-264.152526855469,0.200000000000,
0.000000000000,-4.610187510392,-264.144287109376,0.200000000000,
0.000000000000,-4.609947825894,-264.130554199219,0.200000000000,
0.000000000000,-4.609804015195,-264.122314453126,0.200000000000,
0.000000000000,-4.609516393797,-264.105834960938,0.200000000000,
0.000000000000,-4.609324646199,-264.094848632813,0.200000000000,
0.000000000000,-4.609324646199,-264.094848632813,0.200000000000,
0.000000000000,-4.609180835500,-264.086608886719,0.200000000000,
0.000000000000,-4.608989087901,-264.075622558594,0.200000000000,
0.000000000000,-4.608797340303,-264.064636230469,0.200000000000,
0.000000000000,-4.608509718905,-264.048156738282,0.200000000000,
0.000000000000,-4.608270034407,-264.034423828126,0.200000000000,
0.000000000000,-4.608270034407,-264.034423828126,0.200000000000,
0.000000000000,-4.608174160608,-264.028930664063,0.200000000000,
0.000000000000,-4.607982413009,-264.017944335938,0.200000000000,
0.000000000000,-4.607694791612,-264.001464843751,0.200000000000,
0.000000000000,-4.607503044013,-263.990478515626,0.200000000000,
0.000000000000,-4.607263359515,-263.976745605469,0.200000000000,
0.000000000000,-4.607263359515,-263.976745605469,0.200000000000,
0.000000000000,-4.607071611916,-263.965759277344,0.200000000000,
0.000000000000,-4.606927801218,-263.957519531251,0.200000000000,
0.000000000000,-4.606736053619,-263.946533203126,0.200000000000,
0.000000000000,-4.606448432221,-263.930053710938,0.200000000000,
0.000000000000,-4.606256684623,-263.919067382813,0.200000000000,
0.000000000000,-4.606256684623,-263.919067382813,0.200000000000,
0.000000000000,-4.606017000125,-263.905334472657,0.200000000000,
0.000000000000,-4.605825252526,-263.894348144532,0.200000000000,
0.000000000000,-4.605681441827,-263.886108398438,0.200000000000,
0.000000000000,-4.605489694229,-263.875122070313,0.200000000000,
0.000000000000,-4.605202072831,-263.858642578126,0.200000000000,
0.000000000000,-4.605202072831,-263.858642578126,0.200000000000,
0.000000000000,-4.605010325233,-263.847656250001,0.200000000000,
0.000000000000,-4.604770640735,-263.833923339844,0.200000000000,
0.000000000000,-4.604674766935,-263.828430175782,0.200000000000,
0.000000000000,-4.604387145538,-263.811950683594,0.200000000000,
0.000000000000,-4.604243334839,-263.803710937501,0.200000000000,
0.000000000000,-4.604243334839,-263.803710937501,0.200000000000,
0.000000000000,-4.603955713441,-263.787231445313,0.200000000000,
0.000000000000,-4.603811902742,-263.778991699219,0.200000000000,
0.000000000000,-4.603620155144,-263.768005371094,0.200000000000,
0.000000000000,-4.603332533746,-263.751525878907,0.200000000000,
0.000000000000,-4.603188723047,-263.743286132813,0.200000000000,
0.000000000000,-4.603188723047,-263.743286132813,0.200000000000,
0.000000000000,-4.602996975449,-263.732299804688,0.200000000000,
0.000000000000,-4.602709354051,-263.715820312501,0.200000000000,
0.000000000000,-4.602517606452,-263.704833984376,0.200000000000,
0.000000000000,-4.602373795754,-263.696594238282,0.200000000000,
0.000000000000,-4.602086174356,-263.680114746094,0.200000000000,
0.000000000000,-4.602086174356,-263.680114746094,0.200000000000,
0.000000000000,-4.601894426757,-263.669128417969,0.200000000000,
0.000000000000,-4.601750616058,-263.660888671876,0.200000000000,
0.000000000000,-4.601510931560,-263.647155761719,0.200000000000,
0.000000000000,-4.601319183962,-263.636169433594,0.200000000000,
0.000000000000,-4.601127436363,-263.625183105469,0.200000000000,
0.000000000000,-4.601127436363,-263.625183105469,0.200000000000,
0.000000000000,-4.600839814966,-263.608703613282,0.200000000000,
0.000000000000,-4.600648067367,-263.597717285157,0.200000000000,
0.000000000000,-4.600504256668,-263.589477539063,0.200000000000,
0.000000000000,-4.600216635271,-263.572998046876,0.200000000000,
0.000000000000,-4.600072824572,-263.564758300782,0.200000000000,
0.000000000000,-4.600072824572,-263.564758300782,0.200000000000,
0.000000000000,-4.599881076973,-263.553771972657,0.200000000000,
0.000000000000,-4.599593455575,-263.537292480469,0.200000000000,
0.000000000000,-4.599401707977,-263.526306152344,0.200000000000,
0.000000000000,-4.599209960379,-263.515319824219,0.200000000000,
0.000000000000,-4.599018212780,-263.504333496094,0.200000000000,
0.000000000000,-4.599018212780,-263.504333496094,0.200000000000,
0.000000000000,-4.598778528282,-263.490600585938,0.200000000000,
0.000000000000,-4.598682654483,-263.485107421876,0.200000000000,
0.000000000000,-4.598395033085,-263.468627929688,0.200000000000,
0.000000000000,-4.598203285486,-263.457641601563,0.200000000000,
0.000000000000,-4.598059474788,-263.449401855469,0.200000000000,
0.000000000000,-4.598059474788,-263.449401855469,0.200000000000,
0.000000000000,-4.597771853390,-263.432922363282,0.200000000000,
0.000000000000,-4.597580105791,-263.421936035157,0.200000000000,
0.000000000000,-4.597388358193,-263.410949707032,0.200000000000,
0.000000000000,-4.597196610594,-263.399963378907,0.200000000000,
0.000000000000,-4.597052799896,-263.391723632813,0.200000000000,
0.000000000000,-4.597052799896,-263.391723632813,0.200000000000,
0.000000000000,-4.596765178498,-263.375244140626,0.200000000000,
0.000000000000,-4.596669304699,-263.369750976563,0.200000000000,
0.000000000000,-4.596381683301,-263.353271484376,0.200000000000,
0.000000000000,-4.596237872602,-263.345031738282,0.200000000000,
0.000000000000,-4.596046125003,-263.334045410157,0.200000000000,
0.000000000000,-4.596046125003,-263.334045410157,0.200000000000,
0.000000000000,-4.595758503606,-263.317565917969,0.200000000000,
0.000000000000,-4.595662629807,-263.312072753907,0.200000000000,
0.000000000000,-4.595375008409,-263.295593261719,0.200000000000,
0.000000000000,-4.595183260810,-263.284606933594,0.200000000000,
0.000000000000,-4.595039450111,-263.276367187501,0.200000000000,
0.000000000000,-4.595039450111,-263.276367187501,0.200000000000,
0.000000000000,-4.594847702513,-263.265380859376,0.200000000000,
0.000000000000,-4.594655954914,-263.254394531251,0.200000000000,
0.000000000000,-4.594464207316,-263.243408203126,0.200000000000,
0.000000000000,-4.594272459718,-263.232421875001,0.200000000000,
0.000000000000,-4.594080712119,-263.221435546876,0.200000000000,
0.000000000000,-4.594080712119,-263.221435546876,0.200000000000,
0.000000000000,-4.593793090721,-263.204956054688,0.200000000000,
0.000000000000,-4.593601343123,-263.193969726563,0.200000000000,
0.000000000000,-4.593457532424,-263.185729980469,0.200000000000,
0.000000000000,-4.593217847926,-263.171997070313,0.200000000000,
0.000000000000,-4.593074037227,-263.163757324219,0.200000000000,
0.000000000000,-4.593074037227,-263.163757324219,0.200000000000,
0.000000000000,-4.592882289628,-263.152770996094,0.200000000000,
0.000000000000,-4.592690542030,-263.141784667969,0.200000000000,
0.000000000000,-4.592402920632,-263.125305175782,0.200000000000,
0.000000000000,-4.592211173034,-263.114318847657,0.200000000000,
0.000000000000,-4.592019425435,-263.103332519532,0.200000000000,
0.000000000000,-4.592019425435,-263.103332519532,0.200000000000,
0.000000000000,-4.591827677837,-263.092346191407,0.200000000000,
0.000000000000,-4.591683867138,-263.084106445313,0.200000000000,
0.000000000000,-4.591492119539,-263.073120117188,0.200000000000,
0.000000000000,-4.591300371941,-263.062133789063,0.200000000000,
0.000000000000,-4.591108624342,-263.051147460938,0.200000000000,
0.000000000000,-4.591108624342,-263.051147460938,0.200000000000,
0.000000000000,-4.590916876744,-263.040161132813,0.200000000000,
0.000000000000,-4.590677192246,-263.026428222657,0.200000000000,
0.000000000000,-4.590485444647,-263.015441894532,0.200000000000,
0.000000000000,-4.590293697049,-263.004455566407,0.200000000000,
0.000000000000,-4.590101949450,-262.993469238282,0.200000000000,
0.000000000000,-4.590101949450,-262.993469238282,0.200000000000,
0.000000000000,-4.589910201852,-262.982482910157,0.200000000000,
0.000000000000,-4.589718454253,-262.971496582032,0.200000000000,
0.000000000000,-4.589430832856,-262.955017089844,0.200000000000,
0.000000000000,-4.589239085257,-262.944030761719,0.200000000000,
0.000000000000,-4.589047337659,-262.933044433594,0.200000000000,
0.000000000000,-4.589047337659,-262.933044433594,0.200000000000,
0.000000000000,-4.588903526960,-262.924804687501,0.200000000000,
0.000000000000,-4.588711779361,-262.913818359376,0.200000000000,
0.000000000000,-4.588520031763,-262.902832031251,0.200000000000,
0.000000000000,-4.588328284164,-262.891845703126,0.200000000000,
0.000000000000,-4.588040662767,-262.875366210938,0.200000000000,
0.000000000000,-4.588040662767,-262.875366210938,0.200000000000,
0.000000000000,-4.587896852068,-262.867126464844,0.200000000000,
0.000000000000,-4.587657167570,-262.853393554688,0.200000000000,
0.000000000000,-4.587513356871,-262.845153808594,0.200000000000,
0.000000000000,-4.587273672373,-262.831420898438,0.200000000000,
0.000000000000,-4.587129861674,-262.823181152344,0.200000000000,
0.000000000000,-4.587129861674,-262.823181152344,0.200000000000,
0.000000000000,-4.586938114075,-262.812194824219,0.200000000000,
0.000000000000,-4.586746366477,-262.801208496094,0.200000000000,
0.000000000000,-4.586554618878,-262.790222167969,0.200000000000,
0.000000000000,-4.586362871280,-262.779235839844,0.200000000000,
0.000000000000,-4.586171123681,-262.768249511719,0.200000000000,
0.000000000000,-4.586171123681,-262.768249511719,0.200000000000,
0.000000000000,-4.585979376083,-262.757263183594,0.200000000000,
0.000000000000,-4.585691754685,-262.740783691407,0.200000000000,
0.000000000000,-4.585500007087,-262.729797363282,0.200000000000,
0.000000000000,-4.585356196388,-262.721557617188,0.200000000000,
0.000000000000,-4.585164448789,-262.710571289063,0.200000000000,
0.000000000000,-4.585164448789,-262.710571289063,0.200000000000,
0.000000000000,-4.584972701191,-262.699584960938,0.200000000000,
0.000000000000,-4.584780953592,-262.688598632813,0.200000000000,
0.000000000000,-4.584589205994,-262.677612304688,0.200000000000,
0.000000000000,-4.584301584596,-262.661132812501,0.200000000000,
0.000000000000,-4.584109836998,-262.650146484376,0.200000000000,
0.000000000000,-4.584109836998,-262.650146484376,0.200000000000,
0.000000000000,-4.583918089399,-262.639160156251,0.200000000000,
0.000000000000,-4.583726341801,-262.628173828126,0.200000000000,
0.000000000000,-4.583534594202,-262.617187500001,0.200000000000,
0.000000000000,-4.583390783503,-262.608947753907,0.200000000000,
0.000000000000,-4.583199035905,-262.597961425782,0.200000000000,
0.000000000000,-4.583199035905,-262.597961425782,0.200000000000,
0.000000000000,-4.582911414507,-262.581481933594,0.200000000000,
0.000000000000,-4.582815540708,-262.575988769532,0.200000000000,
0.000000000000,-4.582527919310,-262.559509277344,0.200000000000,
0.000000000000,-4.582336171712,-262.548522949219,0.200000000000,
0.000000000000,-4.582192361013,-262.540283203126,0.200000000000,
0.000000000000,-4.582192361013,-262.540283203126,0.200000000000,
0.000000000000,-4.582000613414,-262.529296875001,0.200000000000,
0.000000000000,-4.581808865816,-262.518310546876,0.200000000000,
0.000000000000,-4.581569181318,-262.504577636719,0.200000000000,
0.000000000000,-4.581329496820,-262.490844726563,0.200000000000,
0.000000000000,-4.581185686121,-262.482604980469,0.200000000000,
0.000000000000,-4.581185686121,-262.482604980469,0.200000000000,
0.000000000000,-4.580898064723,-262.466125488282,0.200000000000,
0.000000000000,-4.580754254024,-262.457885742188,0.200000000000,
0.000000000000,-4.580562506426,-262.446899414063,0.200000000000,
0.000000000000,-4.580322821928,-262.433166503907,0.200000000000,
0.000000000000,-4.580179011229,-262.424926757813,0.200000000000,
0.000000000000,-4.580179011229,-262.424926757813,0.200000000000,
0.000000000000,-4.579987263630,-262.413940429688,0.200000000000,
0.000000000000,-4.579747579132,-262.400207519532,0.200000000000,
0.000000000000,-4.579555831534,-262.389221191407,0.200000000000,
0.000000000000,-4.579364083935,-262.378234863282,0.200000000000,
0.000000000000,-4.579076462538,-262.361755371094,0.200000000000,
0.000000000000,-4.579076462538,-262.361755371094,0.200000000000,
0.000000000000,-4.578884714939,-262.350769042969,0.200000000000,
0.000000000000,-4.578740904240,-262.342529296876,0.200000000000,
0.000000000000,-4.578549156642,-262.331542968751,0.200000000000,
0.000000000000,-4.578261535244,-262.315063476563,0.200000000000,
0.000000000000,-4.578117724545,-262.306823730469,0.200000000000,
0.000000000000,-4.578117724545,-262.306823730469,0.200000000000,
0.000000000000,-4.577878040047,-262.293090820313,0.200000000000,
0.000000000000,-4.577734229348,-262.284851074219,0.200000000000,
0.000000000000,-4.577446607950,-262.268371582032,0.200000000000,
0.000000000000,-4.577254860352,-262.257385253907,0.200000000000,
0.000000000000,-4.577111049653,-262.249145507813,0.200000000000,
0.000000000000,-4.577111049653,-262.249145507813,0.200000000000,
0.000000000000,-4.576919302055,-262.238159179688,0.200000000000,
0.000000000000,-4.576631680657,-262.221679687501,0.200000000000,
0.000000000000,-4.576439933058,-262.210693359376,0.200000000000,
0.000000000000,-4.576248185460,-262.199707031251,0.200000000000,
0.000000000000,-4.576104374761,-262.191467285157,0.200000000000,
0.000000000000,-4.576104374761,-262.191467285157,0.200000000000,
0.000000000000,-4.575912627162,-262.180480957032,0.200000000000,
0.000000000000,-4.575625005765,-262.164001464844,0.200000000000,
0.000000000000,-4.575481195066,-262.155761718751,0.200000000000,
0.000000000000,-4.575289447467,-262.144775390626,0.200000000000,
0.000000000000,-4.575097699869,-262.133789062501,0.200000000000,
0.000000000000,-4.575097699869,-262.133789062501,0.200000000000,
0.000000000000,-4.574810078471,-262.117309570313,0.200000000000,
0.000000000000,-4.574618330873,-262.106323242188,0.200000000000,
0.000000000000,-4.574474520174,-262.098083496094,0.200000000000,
0.000000000000,-4.574282772575,-262.087097167969,0.200000000000,
0.000000000000,-4.574091024977,-262.076110839844,0.200000000000,
0.000000000000,-4.574091024977,-262.076110839844,0.200000000000,
0.000000000000,-4.573899277378,-262.065124511719,0.200000000000,
0.000000000000,-4.573707529780,-262.054138183594,0.200000000000,
0.000000000000,-4.573467845282,-262.040405273438,0.200000000000,
0.000000000000,-4.573228160784,-262.026672363282,0.200000000000,
0.000000000000,-4.573084350085,-262.018432617188,0.200000000000,
0.000000000000,-4.573084350085,-262.018432617188,0.200000000000,
0.000000000000,-4.572892602486,-262.007446289063,0.200000000000,
0.000000000000,-4.572700854888,-261.996459960938,0.200000000000,
0.000000000000,-4.572509107289,-261.985473632813,0.200000000000,
0.000000000000,-4.572221485892,-261.968994140626,0.200000000000,
0.000000000000,-4.572077675193,-261.960754394532,0.200000000000,
0.000000000000,-4.572077675193,-261.960754394532,0.200000000000,
0.000000000000,-4.571885927594,-261.949768066407,0.200000000000,
0.000000000000,-4.571646243096,-261.936035156251,0.200000000000,
0.000000000000,-4.571502432397,-261.927795410157,0.200000000000,
0.000000000000,-4.571310684799,-261.916809082032,0.200000000000,
0.000000000000,-4.571118937200,-261.905822753907,0.200000000000,
0.000000000000,-4.571118937200,-261.905822753907,0.200000000000,
0.000000000000,-4.570831315803,-261.889343261719,0.200000000000,
0.000000000000,-4.570639568204,-261.878356933594,0.200000000000,
0.000000000000,-4.570447820606,-261.867370605469,0.200000000000,
0.000000000000,-4.570256073007,-261.856384277344,0.200000000000,
0.000000000000,-4.570112262308,-261.848144531251,0.200000000000,
0.000000000000,-4.570112262308,-261.848144531251,0.200000000000,
0.000000000000,-4.569920514710,-261.837158203126,0.200000000000,
0.000000000000,-4.569680830212,-261.823425292969,0.200000000000,
0.000000000000,-4.569537019513,-261.815185546876,0.200000000000,
0.000000000000,-4.569345271914,-261.804199218751,0.200000000000,
0.000000000000,-4.569057650517,-261.787719726563,0.200000000000,
0.000000000000,-4.569057650517,-261.787719726563,0.200000000000,
0.000000000000,-4.568961776717,-261.782226562501,0.200000000000,
0.000000000000,-4.568770029119,-261.771240234376,0.200000000000,
0.000000000000,-4.568482407721,-261.754760742188,0.200000000000,
0.000000000000,-4.568290660123,-261.743774414063,0.200000000000,
0.000000000000,-4.568098912524,-261.732788085938,0.200000000000,
0.000000000000,-4.568098912524,-261.732788085938,0.200000000000,
0.000000000000,-4.567907164926,-261.721801757813,0.200000000000,
0.000000000000,-4.567715417327,-261.710815429688,0.200000000000,
0.000000000000,-4.567523669729,-261.699829101563,0.200000000000,
0.000000000000,-4.567331922130,-261.688842773438,0.200000000000,
0.000000000000,-4.567188111431,-261.680603027344,0.200000000000,
0.000000000000,-4.567188111431,-261.680603027344,0.200000000000,
0.000000000000,-4.566996363833,-261.669616699219,0.200000000000,
0.000000000000,-4.566804616234,-261.658630371094,0.200000000000,
0.000000000000,-4.566612868636,-261.647644042969,0.200000000000,
0.000000000000,-4.566421121037,-261.636657714844,0.200000000000,
0.000000000000,-4.566229373439,-261.625671386719,0.200000000000,
0.000000000000,-4.566229373439,-261.625671386719,0.200000000000,
0.000000000000,-4.566037625840,-261.614685058594,0.200000000000,
0.000000000000,-4.565845878242,-261.603698730469,0.200000000000,
0.000000000000,-4.565654130644,-261.592712402344,0.200000000000,
0.000000000000,-4.565462383045,-261.581726074219,0.200000000000,
0.000000000000,-4.565270635447,-261.570739746094,0.200000000000,
0.000000000000,-4.565270635447,-261.570739746094,0.200000000000,
0.000000000000,-4.565078887848,-261.559753417969,0.200000000000,
0.000000000000,-4.564887140250,-261.548767089844,0.200000000000,
0.000000000000,-4.564599518852,-261.532287597657,0.200000000000,
0.000000000000,-4.564407771253,-261.521301269532,0.200000000000,
0.000000000000,-4.564263960554,-261.513061523438,0.200000000000,
0.000000000000,-4.564263960554,-261.513061523438,0.200000000000,
0.000000000000,-4.564072212956,-261.502075195313,0.200000000000,
0.000000000000,-4.563784591558,-261.485595703126,0.200000000000,
0.000000000000,-4.563688717759,-261.480102539063,0.200000000000,
0.000000000000,-4.563401096361,-261.463623046876,0.200000000000,
0.000000000000,-4.563209348763,-261.452636718751,0.200000000000,
0.000000000000,-4.563209348763,-261.452636718751,0.200000000000,
0.000000000000,-4.563065538064,-261.444396972657,0.200000000000,
0.000000000000,-4.562873790465,-261.433410644532,0.200000000000,
0.000000000000,-4.562682042867,-261.422424316407,0.200000000000,
0.000000000000,-4.562490295268,-261.411437988282,0.200000000000,
0.000000000000,-4.562298547670,-261.400451660157,0.200000000000,
0.000000000000,-4.562298547670,-261.400451660157,0.200000000000,
0.000000000000,-4.562106800072,-261.389465332032,0.200000000000,
0.000000000000,-4.561915052473,-261.378479003907,0.200000000000,
0.000000000000,-4.561723304875,-261.367492675782,0.200000000000,
0.000000000000,-4.561435683477,-261.351013183594,0.200000000000,
0.000000000000,-4.561243935878,-261.340026855469,0.200000000000,
0.000000000000,-4.561243935878,-261.340026855469,0.200000000000,
0.000000000000,-4.561052188280,-261.329040527344,0.200000000000,
0.000000000000,-4.560860440681,-261.318054199219,0.200000000000,
0.000000000000,-4.560668693083,-261.307067871094,0.200000000000,
0.000000000000,-4.560476945484,-261.296081542969,0.200000000000,
0.000000000000,-4.560285197886,-261.285095214844,0.200000000000,
0.000000000000,-4.560285197886,-261.285095214844,0.200000000000,
0.000000000000,-4.560141387187,-261.276855468751,0.200000000000,
0.000000000000,-4.559901702689,-261.263122558594,0.200000000000,
0.000000000000,-4.559757891990,-261.254882812501,0.200000000000,
0.000000000000,-4.559566144392,-261.243896484376,0.200000000000,
0.000000000000,-4.559278522994,-261.227416992188,0.200000000000,
0.000000000000,-4.559278522994,-261.227416992188,0.200000000000,
0.000000000000,-4.559182649195,-261.221923828126,0.200000000000,
0.000000000000,-4.558895027797,-261.205444335938,0.200000000000,
0.000000000000,-4.558703280198,-261.194458007813,0.200000000000,
0.000000000000,-4.558559469500,-261.186218261719,0.200000000000,
0.000000000000,-4.558367721901,-261.175231933594,0.200000000000,
0.000000000000,-4.558367721901,-261.175231933594,0.200000000000,
0.000000000000,-4.558175974303,-261.164245605469,0.200000000000,
0.000000000000,-4.557984226704,-261.153259277344,0.200000000000,
0.000000000000,-4.557792479106,-261.142272949219,0.200000000000,
0.000000000000,-4.557504857708,-261.125793457032,0.200000000000,
0.000000000000,-4.557313110109,-261.114807128907,0.200000000000,
0.000000000000,-4.557313110109,-261.114807128907,0.200000000000,
0.000000000000,-4.557169299411,-261.106567382813,0.200000000000,
0.000000000000,-4.556977551812,-261.095581054688,0.200000000000,
0.000000000000,-4.556785804214,-261.084594726563,0.200000000000,
0.000000000000,-4.556498182816,-261.068115234376,0.200000000000,
0.000000000000,-4.556306435217,-261.057128906251,0.200000000000,
0.000000000000,-4.556306435217,-261.057128906251,0.200000000000,
0.000000000000,-4.556162624518,-261.048889160157,0.200000000000,
0.000000000000,-4.555970876920,-261.037902832032,0.200000000000,
0.000000000000,-4.555779129322,-261.026916503907,0.200000000000,
0.000000000000,-4.555587381723,-261.015930175782,0.200000000000,
0.000000000000,-4.555299760325,-260.999450683594,0.200000000000,
0.000000000000,-4.555299760325,-260.999450683594,0.200000000000,
0.000000000000,-4.555155949626,-260.991210937501,0.200000000000,
0.000000000000,-4.554964202028,-260.980224609376,0.200000000000,
0.000000000000,-4.554676580630,-260.963745117188,0.200000000000,
0.000000000000,-4.554484833032,-260.952758789063,0.200000000000,
0.000000000000,-4.554341022333,-260.944519042969,0.200000000000,
0.000000000000,-4.554341022333,-260.944519042969,0.200000000000,
0.000000000000,-4.554149274734,-260.933532714844,0.200000000000,
0.000000000000,-4.553861653337,-260.917053222657,0.200000000000,
0.000000000000,-4.553669905738,-260.906066894532,0.200000000000,
0.000000000000,-4.553526095039,-260.897827148438,0.200000000000,
0.000000000000,-4.553334347441,-260.886840820313,0.200000000000,
0.000000000000,-4.553334347441,-260.886840820313,0.200000000000,
0.000000000000,-4.553046726043,-260.870361328126,0.200000000000,
0.000000000000,-4.552854978445,-260.859375000001,0.200000000000,
0.000000000000,-4.552663230846,-260.848388671876,0.200000000000,
0.000000000000,-4.552519420147,-260.840148925782,0.200000000000,
0.000000000000,-4.552231798750,-260.823669433594,0.200000000000,
0.000000000000,-4.552231798750,-260.823669433594,0.200000000000,
0.000000000000,-4.552040051151,-260.812683105469,0.200000000000,
0.000000000000,-4.551896240452,-260.804443359376,0.200000000000,
0.000000000000,-4.551608619054,-260.787963867188,0.200000000000,
0.000000000000,-4.551416871456,-260.776977539063,0.200000000000,
0.000000000000,-4.551273060757,-260.768737792969,0.200000000000,
0.000000000000,-4.551273060757,-260.768737792969,0.200000000000,
0.000000000000,-4.551081313159,-260.757751464844,0.200000000000,
0.000000000000,-4.550793691761,-260.741271972657,0.200000000000,
0.000000000000,-4.550649881062,-260.733032226563,0.200000000000,
0.000000000000,-4.550362259664,-260.716552734376,0.200000000000,
0.000000000000,-4.550266385865,-260.711059570313,0.200000000000,
0.000000000000,-4.550266385865,-260.711059570313,0.200000000000,
0.000000000000,-4.549978764467,-260.694580078126,0.200000000000,
0.000000000000,-4.549834953768,-260.686340332032,0.200000000000,
0.000000000000,-4.549643206170,-260.675354003907,0.200000000000,
0.000000000000,-4.549403521672,-260.661621093751,0.200000000000,
0.000000000000,-4.549211774073,-260.650634765626,0.200000000000,
0.000000000000,-4.549211774073,-260.650634765626,0.200000000000,
0.000000000000,-4.549020026475,-260.639648437501,0.200000000000,
0.000000000000,-4.548780341977,-260.625915527344,0.200000000000,
0.000000000000,-4.548588594378,-260.614929199219,0.200000000000,
0.000000000000,-4.548300972981,-260.598449707032,0.200000000000,
0.000000000000,-4.548109225382,-260.587463378907,0.200000000000,
0.000000000000,-4.548109225382,-260.587463378907,0.200000000000,
0.000000000000,-4.547917477784,-260.576477050782,0.200000000000,
0.000000000000,-4.547773667085,-260.568237304688,0.200000000000,
0.000000000000,-4.547533982587,-260.554504394532,0.200000000000,
0.000000000000,-4.547390171888,-260.546264648438,0.200000000000,
0.000000000000,-4.547198424289,-260.535278320313,0.200000000000,
0.000000000000,-4.547198424289,-260.535278320313,0.200000000000,
0.000000000000,-4.546910802892,-260.518798828126,0.200000000000,
0.000000000000,-4.546766992193,-260.510559082032,0.200000000000,
0.000000000000,-4.546575244594,-260.499572753907,0.200000000000,
0.000000000000,-4.546383496996,-260.488586425782,0.200000000000,
0.000000000000,-4.546095875598,-260.472106933594,0.200000000000,
0.000000000000,-4.546095875598,-260.472106933594,0.200000000000,
0.000000000000,-4.545952064899,-260.463867187501,0.200000000000,
0.000000000000,-4.545712380401,-260.450134277344,0.200000000000,
0.000000000000,-4.545568569702,-260.441894531251,0.200000000000,
0.000000000000,-4.545376822104,-260.430908203126,0.200000000000,
0.000000000000,-4.545185074505,-260.419921875001,0.200000000000,
0.000000000000,-4.545185074505,-260.419921875001,0.200000000000,
0.000000000000,-4.544897453107,-260.403442382813,0.200000000000,
0.000000000000,-4.544705705509,-260.392456054688,0.200000000000,
0.000000000000,-4.544513957910,-260.381469726563,0.200000000000,
0.000000000000,-4.544370147212,-260.373229980469,0.200000000000,
0.000000000000,-4.544178399613,-260.362243652344,0.200000000000,
0.000000000000,-4.544178399613,-260.362243652344,0.200000000000,
0.000000000000,-4.543986652015,-260.351257324219,0.200000000000,
0.000000000000,-4.543794904416,-260.340270996094,0.200000000000,
0.000000000000,-4.543507283018,-260.323791503907,0.200000000000,
0.000000000000,-4.543363472320,-260.315551757813,0.200000000000,
0.000000000000,-4.543171724721,-260.304565429688,0.200000000000,
0.000000000000,-4.543171724721,-260.304565429688,0.200000000000,
0.000000000000,-4.542884103323,-260.288085937501,0.200000000000,
0.000000000000,-4.542788229524,-260.282592773438,0.200000000000,
0.000000000000,-4.542500608126,-260.266113281251,0.200000000000,
0.000000000000,-4.542308860528,-260.255126953126,0.200000000000,
0.000000000000,-4.542165049829,-260.246887207032,0.200000000000,
0.000000000000,-4.542165049829,-260.246887207032,0.200000000000,
0.000000000000,-4.541973302231,-260.235900878907,0.200000000000,
0.000000000000,-4.541781554632,-260.224914550782,0.200000000000,
0.000000000000,-4.541493933234,-260.208435058594,0.200000000000,
0.000000000000,-4.541302185636,-260.197448730469,0.200000000000,
0.000000000000,-4.541110438037,-260.186462402344,0.200000000000,
0.000000000000,-4.541110438037,-260.186462402344,0.200000000000,
0.000000000000,-4.540966627338,-260.178222656251,0.200000000000,
0.000000000000,-4.540774879740,-260.167236328126,0.200000000000,
0.000000000000,-4.540583132142,-260.156250000001,0.200000000000,
0.000000000000,-4.540391384543,-260.145263671876,0.200000000000,
0.000000000000,-4.540199636945,-260.134277343751,0.200000000000,
0.000000000000,-4.540199636945,-260.134277343751,0.200000000000,
0.000000000000,-4.540007889346,-260.123291015626,0.200000000000,
0.000000000000,-4.539816141748,-260.112304687501,0.200000000000,
0.000000000000,-4.539624394149,-260.101318359376,0.200000000000,
0.000000000000,-4.539432646551,-260.090332031251,0.200000000000,
0.000000000000,-4.539240898952,-260.079345703126,0.200000000000,
0.000000000000,-4.539240898952,-260.079345703126,0.200000000000,
0.000000000000,-4.538953277554,-260.062866210938,0.200000000000,
0.000000000000,-4.538761529956,-260.051879882813,0.200000000000,
0.000000000000,-4.538569782357,-260.040893554688,0.200000000000,
0.000000000000,-4.538425971659,-260.032653808594,0.200000000000,
0.000000000000,-4.538234224060,-260.021667480469,0.200000000000,
0.000000000000,-4.538234224060,-260.021667480469,0.200000000000,
0.000000000000,-4.537946602662,-260.005187988282,0.200000000000,
0.000000000000,-4.537802791963,-259.996948242188,0.200000000000,
0.000000000000,-4.537563107465,-259.983215332032,0.200000000000,
0.000000000000,-4.537419296766,-259.974975585938,0.200000000000,
0.000000000000,-4.537227549168,-259.963989257813,0.200000000000,
0.000000000000,-4.537227549168,-259.963989257813,0.200000000000,
0.000000000000,-4.537035801570,-259.953002929688,0.200000000000,
0.000000000000,-4.536844053971,-259.942016601563,0.200000000000,
0.000000000000,-4.536652306373,-259.931030273438,0.200000000000,
0.000000000000,-4.536460558774,-259.920043945313,0.200000000000,
0.000000000000,-4.536268811176,-259.909057617188,0.200000000000,
0.000000000000,-4.536268811176,-259.909057617188,0.200000000000,
0.000000000000,-4.536077063577,-259.898071289063,0.200000000000,
0.000000000000,-4.535885315979,-259.887084960938,0.200000000000,
0.000000000000,-4.535597694581,-259.870605468751,0.200000000000,
0.000000000000,-4.535405946982,-259.859619140626,0.200000000000,
0.000000000000,-4.535214199384,-259.848632812501,0.200000000000,
0.000000000000,-4.535214199384,-259.848632812501,0.200000000000,
0.000000000000,-4.535022451785,-259.837646484376,0.200000000000,
0.000000000000,-4.534878641087,-259.829406738282,0.200000000000,
0.000000000000,-4.534686893488,-259.818420410157,0.200000000000,
0.000000000000,-4.534495145890,-259.807434082032,0.200000000000,
0.000000000000,-4.534303398291,-259.796447753907,0.200000000000,
0.000000000000,-4.534303398291,-259.796447753907,0.200000000000,
0.000000000000,-4.534111650693,-259.785461425782,0.200000000000,
0.000000000000,-4.533919903094,-259.774475097657,0.200000000000,
0.000000000000,-4.533728155496,-259.763488769532,0.200000000000,
0.000000000000,-4.533536407897,-259.752502441407,0.200000000000,
0.000000000000,-4.533344660299,-259.741516113282,0.200000000000,
0.000000000000,-4.533344660299,-259.741516113282,0.200000000000,
0.000000000000,-4.533152912700,-259.730529785157,0.200000000000,
0.000000000000,-4.532961165102,-259.719543457032,0.200000000000,
0.000000000000,-4.532673543704,-259.703063964844,0.200000000000,
0.000000000000,-4.532481796105,-259.692077636719,0.200000000000,
0.000000000000,-4.532290048507,-259.681091308594,0.200000000000,
0.000000000000,-4.532290048507,-259.681091308594,0.200000000000,
0.000000000000,-4.532098300909,-259.670104980469,0.200000000000,
0.000000000000,-4.531954490210,-259.661865234376,0.200000000000,
0.000000000000,-4.531762742611,-259.650878906251,0.200000000000,
0.000000000000,-4.531570995013,-259.639892578126,0.200000000000,
0.000000000000,-4.531379247414,-259.628906250001,0.200000000000,
0.000000000000,-4.531379247414,-259.628906250001,0.200000000000,
0.000000000000,-4.531187499816,-259.617919921876,0.200000000000,
0.000000000000,-4.530899878418,-259.601440429688,0.200000000000,
0.000000000000,-4.530756067719,-259.593200683594,0.200000000000,
0.000000000000,-4.530516383221,-259.579467773438,0.200000000000,
0.000000000000,-4.530372572522,-259.571228027344,0.200000000000,
0.000000000000,-4.530372572522,-259.571228027344,0.200000000000,
0.000000000000,-4.530180824924,-259.560241699219,0.200000000000,
0.000000000000,-4.529893203526,-259.543762207032,0.200000000000,
0.000000000000,-4.529797329727,-259.538269042969,0.200000000000,
0.000000000000,-4.529509708329,-259.521789550782,0.200000000000,
0.000000000000,-4.529365897630,-259.513549804688,0.200000000000,
0.000000000000,-4.529365897630,-259.513549804688,0.200000000000,
0.000000000000,-4.529174150032,-259.502563476563,0.200000000000,
0.000000000000,-4.528886528634,-259.486083984376,0.200000000000,
0.000000000000,-4.528694781035,-259.475097656251,0.200000000000,
0.000000000000,-4.528550970337,-259.466857910157,0.200000000000,
0.000000000000,-4.528359222738,-259.455871582032,0.200000000000,
0.000000000000,-4.528359222738,-259.455871582032,0.200000000000,
0.000000000000,-4.528167475140,-259.444885253907,0.200000000000,
0.000000000000,-4.527975727541,-259.433898925782,0.200000000000,
0.000000000000,-4.527688106143,-259.417419433594,0.200000000000,
0.000000000000,-4.527544295444,-259.409179687501,0.200000000000,
0.000000000000,-4.527352547846,-259.398193359376,0.200000000000,
0.000000000000,-4.527352547846,-259.398193359376,0.200000000000,
0.000000000000,-4.527160800248,-259.387207031251,0.200000000000,
0.000000000000,-4.526873178850,-259.370727539063,0.200000000000,
0.000000000000,-4.526729368151,-259.362487792969,0.200000000000,
0.000000000000,-4.526537620552,-259.351501464844,0.200000000000,
0.000000000000,-4.526249999155,-259.335021972657,0.200000000000,
0.000000000000,-4.526249999155,-259.335021972657,0.200000000000,
0.000000000000,-4.526058251556,-259.324035644532,0.200000000000,
0.000000000000,-4.525866503958,-259.313049316407,0.200000000000,
0.000000000000,-4.525722693259,-259.304809570313,0.200000000000,
0.000000000000,-4.525530945660,-259.293823242188,0.200000000000,
0.000000000000,-4.525243324263,-259.277343750001,0.200000000000,
0.000000000000,-4.525243324263,-259.277343750001,0.200000000000,
0.000000000000,-4.525099513564,-259.269104003907,0.200000000000,
0.000000000000,-4.524907765965,-259.258117675782,0.200000000000,
0.000000000000,-4.524716018367,-259.247131347657,0.200000000000,
0.000000000000,-4.524428396969,-259.230651855469,0.200000000000,
0.000000000000,-4.524284586270,-259.222412109376,0.200000000000,
0.000000000000,-4.524284586270,-259.222412109376,0.200000000000,
0.000000000000,-4.524092838672,-259.211425781251,0.200000000000,
0.000000000000,-4.523901091073,-259.200439453126,0.200000000000,
0.000000000000,-4.523613469676,-259.183959960938,0.200000000000,
0.000000000000,-4.523421722077,-259.172973632813,0.200000000000,
0.000000000000,-4.523277911378,-259.164733886719,0.200000000000,
0.000000000000,-4.523277911378,-259.164733886719,0.200000000000,
0.000000000000,-4.523086163780,-259.153747558594,0.200000000000,
0.000000000000,-4.522846479282,-259.140014648438,0.200000000000,
0.000000000000,-4.522606794783,-259.126281738282,0.200000000000,
0.000000000000,-4.522462984085,-259.118041992188,0.200000000000,
0.000000000000,-4.522271236486,-259.107055664063,0.200000000000,
0.000000000000,-4.522271236486,-259.107055664063,0.200000000000,
0.000000000000,-4.522079488888,-259.096069335938,0.200000000000,
0.000000000000,-4.521791867490,-259.079589843751,0.200000000000,
0.000000000000,-4.521600119891,-259.068603515626,0.200000000000,
0.000000000000,-4.521456309193,-259.060363769532,0.200000000000,
0.000000000000,-4.521264561594,-259.049377441407,0.200000000000,
0.000000000000,-4.521264561594,-259.049377441407,0.200000000000,
0.000000000000,-4.521072813996,-259.038391113282,0.200000000000,
0.000000000000,-4.520785192598,-259.021911621094,0.200000000000,
0.000000000000,-4.520593444999,-259.010925292969,0.200000000000,
0.000000000000,-4.520401697401,-258.999938964844,0.200000000000,
0.000000000000,-4.520209949802,-258.988952636719,0.200000000000,
0.000000000000,-4.520209949802,-258.988952636719,0.200000000000,
0.000000000000,-4.520066139104,-258.980712890626,0.200000000000,
0.000000000000,-4.519778517706,-258.964233398438,0.200000000000,
0.000000000000,-4.519586770107,-258.953247070313,0.200000000000,
0.000000000000,-4.519395022509,-258.942260742188,0.200000000000,
0.000000000000,-4.519203274910,-258.931274414063,0.200000000000,
0.000000000000,-4.519203274910,-258.931274414063,0.200000000000,
0.000000000000,-4.519011527312,-258.920288085938,0.200000000000,
0.000000000000,-4.518819779713,-258.909301757813,0.200000000000,
0.000000000000,-4.518628032115,-258.898315429688,0.200000000000,
0.000000000000,-4.518484221416,-258.890075683594,0.200000000000,
0.000000000000,-4.518292473818,-258.879089355469,0.200000000000,
0.000000000000,-4.518292473818,-258.879089355469,0.200000000000,
0.000000000000,-4.518100726219,-258.868103027344,0.200000000000,
0.000000000000,-4.517908978621,-258.857116699219,0.200000000000,
0.000000000000,-4.517621357223,-258.840637207032,0.200000000000,
0.000000000000,-4.517429609624,-258.829650878907,0.200000000000,
0.000000000000,-4.517285798925,-258.821411132813,0.200000000000,
0.000000000000,-4.517285798925,-258.821411132813,0.200000000000,
0.000000000000,-4.517094051327,-258.810424804688,0.200000000000,
0.000000000000,-4.516902303729,-258.799438476563,0.200000000000,
0.000000000000,-4.516710556130,-258.788452148438,0.200000000000,
0.000000000000,-4.516422934732,-258.771972656251,0.200000000000,
0.000000000000,-4.516231187134,-258.760986328126,0.200000000000,
0.000000000000,-4.516231187134,-258.760986328126,0.200000000000,
0.000000000000,-4.516039439535,-258.750000000001,0.200000000000,
0.000000000000,-4.515847691937,-258.739013671876,0.200000000000,
0.000000000000,-4.515703881238,-258.730773925782,0.200000000000,
0.000000000000,-4.515464196740,-258.717041015626,0.200000000000,
0.000000000000,-4.515320386041,-258.708801269532,0.200000000000,
0.000000000000,-4.515320386041,-258.708801269532,0.200000000000,
0.000000000000,-4.515128638443,-258.697814941407,0.200000000000,
0.000000000000,-4.514936890844,-258.686828613282,0.200000000000,
0.000000000000,-4.514745143246,-258.675842285157,0.200000000000,
0.000000000000,-4.514553395647,-258.664855957032,0.200000000000,
0.000000000000,-4.514361648049,-258.653869628907,0.200000000000,
0.000000000000,-4.514361648049,-258.653869628907,0.200000000000,
0.000000000000,-4.514169900450,-258.642883300782,0.200000000000,
0.000000000000,-4.513978152852,-258.631896972657,0.200000000000,
0.000000000000,-4.513786405253,-258.620910644532,0.200000000000,
0.000000000000,-4.513594657655,-258.609924316407,0.200000000000,
0.000000000000,-4.513402910056,-258.598937988282,0.200000000000,
0.000000000000,-4.513402910056,-258.598937988282,0.200000000000,
0.000000000000,-4.513115288658,-258.582458496094,0.200000000000,
0.000000000000,-4.512923541060,-258.571472167969,0.200000000000,
0.000000000000,-4.512731793461,-258.560485839844,0.200000000000,
0.000000000000,-4.512540045863,-258.549499511719,0.200000000000,
0.000000000000,-4.512396235164,-258.541259765626,0.200000000000,
0.000000000000,-4.512396235164,-258.541259765626,0.200000000000,
0.000000000000,-4.512204487566,-258.530273437501,0.200000000000,
0.000000000000,-4.511916866168,-258.513793945313,0.200000000000,
0.000000000000,-4.511725118569,-258.502807617188,0.200000000000,
0.000000000000,-4.511533370971,-258.491821289063,0.200000000000,
0.000000000000,-4.511341623372,-258.480834960938,0.200000000000,
0.000000000000,-4.511341623372,-258.480834960938,0.200000000000,
0.000000000000,-4.511197812674,-258.472595214844,0.200000000000,
0.000000000000,-4.511006065075,-258.461608886719,0.200000000000,
0.000000000000,-4.510814317477,-258.450622558594,0.200000000000,
0.000000000000,-4.510622569878,-258.439636230469,0.200000000000,
0.000000000000,-4.510430822280,-258.428649902344,0.200000000000,
0.000000000000,-4.510430822280,-258.428649902344,0.200000000000,
0.000000000000,-4.510143200882,-258.412170410157,0.200000000000,
0.000000000000,-4.509999390183,-258.403930664063,0.200000000000,
0.000000000000,-4.509759705685,-258.390197753907,0.200000000000,
0.000000000000,-4.509567958086,-258.379211425782,0.200000000000,
0.000000000000,-4.509424147388,-258.370971679688,0.200000000000,
0.000000000000,-4.509424147388,-258.370971679688,0.200000000000,
0.000000000000,-4.509232399789,-258.359985351563,0.200000000000,
0.000000000000,-4.509040652191,-258.348999023438,0.200000000000,
0.000000000000,-4.508848904592,-258.338012695313,0.200000000000,
0.000000000000,-4.508657156994,-258.327026367188,0.200000000000,
0.000000000000,-4.508369535596,-258.310546875001,0.200000000000,
0.000000000000,-4.508369535596,-258.310546875001,0.200000000000,
0.000000000000,-4.508273661797,-258.305053710938,0.200000000000,
0.000000000000,-4.507986040399,-258.288574218751,0.200000000000,
0.000000000000,-4.507794292800,-258.277587890626,0.200000000000,
0.000000000000,-4.507602545202,-258.266601562501,0.200000000000,
0.000000000000,-4.507410797603,-258.255615234376,0.200000000000,
0.000000000000,-4.507410797603,-258.255615234376,0.200000000000,
0.000000000000,-4.507266986905,-258.247375488282,0.200000000000,
0.000000000000,-4.507075239306,-258.236389160157,0.200000000000,
0.000000000000,-4.506883491708,-258.225402832032,0.200000000000,
0.000000000000,-4.506595870310,-258.208923339844,0.200000000000,
0.000000000000,-4.506404122711,-258.197937011719,0.200000000000,
0.000000000000,-4.506404122711,-258.197937011719,0.200000000000,
0.000000000000,-4.506260312013,-258.189697265626,0.200000000000,
0.000000000000,-4.506068564414,-258.178710937501,0.200000000000,
0.000000000000,-4.505876816816,-258.167724609376,0.200000000000,
0.000000000000,-4.505685069217,-258.156738281251,0.200000000000,
0.000000000000,-4.505493321619,-258.145751953126,0.200000000000,
0.000000000000,-4.505493321619,-258.145751953126,0.200000000000,
0.000000000000,-4.505301574020,-258.134765625001,0.200000000000,
0.000000000000,-4.505013952622,-258.118286132813,0.200000000000,
0.000000000000,-4.504822205024,-258.107299804688,0.200000000000,
0.000000000000,-4.504630457425,-258.096313476563,0.200000000000,
0.000000000000,-4.504486646727,-258.088073730469,0.200000000000,
0.000000000000,-4.504486646727,-258.088073730469,0.200000000000,
0.000000000000,-4.504294899128,-258.077087402344,0.200000000000,
0.000000000000,-4.504103151530,-258.066101074219,0.200000000000,
0.000000000000,-4.503815530132,-258.049621582032,0.200000000000,
0.000000000000,-4.503671719433,-258.041381835938,0.200000000000,
0.000000000000,-4.503384098035,-258.024902343751,0.200000000000,
0.000000000000,-4.503384098035,-258.024902343751,0.200000000000,
0.000000000000,-4.503192350437,-258.013916015626,0.200000000000,
0.000000000000,-4.503000602838,-258.002929687501,0.200000000000,
0.000000000000,-4.502856792139,-257.994689941407,0.200000000000,
0.000000000000,-4.502665044541,-257.983703613282,0.200000000000,
0.000000000000,-4.502377423143,-257.967224121094,0.200000000000,
0.000000000000,-4.502377423143,-257.967224121094,0.200000000000,
0.000000000000,-4.502233612444,-257.958984375001,0.200000000000,
0.000000000000,-4.502041864846,-257.947998046876,0.200000000000,
0.000000000000,-4.501850117247,-257.937011718751,0.200000000000,
0.000000000000,-4.501562495850,-257.920532226563,0.200000000000,
0.000000000000,-4.501418685151,-257.912292480469,0.200000000000,
0.000000000000,-4.501418685151,-257.912292480469,0.200000000000,
0.000000000000,-4.501226937552,-257.901306152344,0.200000000000,
0.000000000000,-4.501035189954,-257.890319824219,0.200000000000,
0.000000000000,-4.500747568556,-257.873840332032,0.200000000000,
0.000000000000,-4.500603757857,-257.865600585938,0.200000000000,
0.000000000000,-4.500412010259,-257.854614257813,0.200000000000,
0.000000000000,-4.500412010259,-257.854614257813,0.200000000000,
0.000000000000,-4.500124388861,-257.838134765626,0.200000000000,
0.000000000000,-4.499932641263,-257.827148437501,0.200000000000,
0.000000000000,-4.499788830564,-257.818908691407,0.200000000000,
0.000000000000,-4.499597082965,-257.807922363282,0.200000000000,
0.000000000000,-4.499309461567,-257.791442871094,0.200000000000,
0.000000000000,-4.499309461567,-257.791442871094,0.200000000000,
0.000000000000,-4.499165650869,-257.783203125001,0.200000000000,
0.000000000000,-4.498878029471,-257.766723632813,0.200000000000,
0.000000000000,-4.498734218772,-257.758483886719,0.200000000000,
0.000000000000,-4.498542471174,-257.747497558594,0.200000000000,
0.000000000000,-4.498350723575,-257.736511230469,0.200000000000,
0.000000000000,-4.498350723575,-257.736511230469,0.200000000000,
0.000000000000,-4.498158975977,-257.725524902344,0.200000000000,
0.000000000000,-4.497967228378,-257.714538574219,0.200000000000,
0.000000000000,-4.497727543880,-257.700805664063,0.200000000000,
0.000000000000,-4.497535796281,-257.689819335938,0.200000000000,
0.000000000000,-4.497248174884,-257.673339843751,0.200000000000,
0.000000000000,-4.497248174884,-257.673339843751,0.200000000000,
0.000000000000,-4.497104364185,-257.665100097657,0.200000000000,
0.000000000000,-4.496912616586,-257.654113769532,0.200000000000,
0.000000000000,-4.496624995189,-257.637634277344,0.200000000000,
0.000000000000,-4.496481184490,-257.629394531251,0.200000000000,
0.000000000000,-4.496289436891,-257.618408203126,0.200000000000,
0.000000000000,-4.496289436891,-257.618408203126,0.200000000000,
0.000000000000,-4.496097689293,-257.607421875001,0.200000000000,
0.000000000000,-4.495810067895,-257.590942382813,0.200000000000,
0.000000000000,-4.495618320297,-257.579956054688,0.200000000000,
0.000000000000,-4.495474509598,-257.571716308594,0.200000000000,
0.000000000000,-4.495282761999,-257.560729980469,0.200000000000,
0.000000000000,-4.495282761999,-257.560729980469,0.200000000000,
0.000000000000,-4.494995140602,-257.544250488282,0.200000000000,
0.000000000000,-4.494803393003,-257.533264160157,0.200000000000,
0.000000000000,-4.494611645405,-257.522277832032,0.200000000000,
0.000000000000,-4.494467834706,-257.514038085938,0.200000000000,
0.000000000000,-4.494180213308,-257.497558593751,0.200000000000,
0.000000000000,-4.494180213308,-257.497558593751,0.200000000000,
0.000000000000,-4.494084339509,-257.492065429688,0.200000000000,
0.000000000000,-4.493796718111,-257.475585937501,0.200000000000,
0.000000000000,-4.493652907412,-257.467346191407,0.200000000000,
0.000000000000,-4.493461159814,-257.456359863282,0.200000000000,
0.000000000000,-4.493173538416,-257.439880371094,0.200000000000,
0.000000000000,-4.493173538416,-257.439880371094,0.200000000000,
0.000000000000,-4.493077664617,-257.434387207032,0.200000000000,
0.000000000000,-4.492790043219,-257.417907714844,0.200000000000,
0.000000000000,-4.492646232520,-257.409667968751,0.200000000000,
0.000000000000,-4.492454484922,-257.398681640626,0.200000000000,
0.000000000000,-4.492262737323,-257.387695312501,0.200000000000,
0.000000000000,-4.492262737323,-257.387695312501,0.200000000000,
0.000000000000,-4.491975115925,-257.371215820313,0.200000000000,
0.000000000000,-4.491879242126,-257.365722656251,0.200000000000,
0.000000000000,-4.491591620728,-257.349243164063,0.200000000000,
0.000000000000,-4.491447810030,-257.341003417969,0.200000000000,
0.000000000000,-4.491256062431,-257.330017089844,0.200000000000,
0.000000000000,-4.491256062431,-257.330017089844,0.200000000000,
0.000000000000,-4.490968441033,-257.313537597657,0.200000000000,
0.000000000000,-4.490776693435,-257.302551269532,0.200000000000,
0.000000000000,-4.490584945836,-257.291564941407,0.200000000000,
0.000000000000,-4.490393198238,-257.280578613282,0.200000000000,
0.000000000000,-4.490249387539,-257.272338867188,0.200000000000,
0.000000000000,-4.490249387539,-257.272338867188,0.200000000000,
0.000000000000,-4.490057639941,-257.261352539063,0.200000000000,
0.000000000000,-4.489817955442,-257.247619628907,0.200000000000,
0.000000000000,-4.489674144744,-257.239379882813,0.200000000000,
0.000000000000,-4.489434460245,-257.225646972657,0.200000000000,
0.000000000000,-4.489290649547,-257.217407226563,0.200000000000,
0.000000000000,-4.489290649547,-257.217407226563,0.200000000000,
0.000000000000,-4.489098901948,-257.206420898438,0.200000000000,
0.000000000000,-4.488907154350,-257.195434570313,0.200000000000,
0.000000000000,-4.488619532952,-257.178955078126,0.200000000000,
0.000000000000,-4.488523659153,-257.173461914063,0.200000000000,
0.000000000000,-4.488236037755,-257.156982421876,0.200000000000,
0.000000000000,-4.488236037755,-257.156982421876,0.200000000000,
0.000000000000,-4.488092227056,-257.148742675782,0.200000000000,
0.000000000000,-4.487852542558,-257.135009765626,0.200000000000,
0.000000000000,-4.487660794959,-257.124023437501,0.200000000000,
0.000000000000,-4.487516984261,-257.115783691407,0.200000000000,
0.000000000000,-4.487277299762,-257.102050781251,0.200000000000,
0.000000000000,-4.487277299762,-257.102050781251,0.200000000000,
0.000000000000,-4.487085552164,-257.091064453126,0.200000000000,
0.000000000000,-4.486893804566,-257.080078125001,0.200000000000,
0.000000000000,-4.486702056967,-257.069091796876,0.200000000000,
0.000000000000,-4.486558246268,-257.060852050782,0.200000000000,
0.000000000000,-4.486366498670,-257.049865722657,0.200000000000,
0.000000000000,-4.486366498670,-257.049865722657,0.200000000000,
0.000000000000,-4.486174751071,-257.038879394532,0.200000000000,
0.000000000000,-4.485887129673,-257.022399902344,0.200000000000,
0.000000000000,-4.485695382075,-257.011413574219,0.200000000000,
0.000000000000,-4.485503634476,-257.000427246094,0.200000000000,
0.000000000000,-4.485311886878,-256.989440917969,0.200000000000,
0.000000000000,-4.485311886878,-256.989440917969,0.200000000000,
0.000000000000,-4.485168076179,-256.981201171876,0.200000000000,
0.000000000000,-4.484976328581,-256.970214843751,0.200000000000,
0.000000000000,-4.484784580982,-256.959228515626,0.200000000000,
0.000000000000,-4.484592833384,-256.948242187501,0.200000000000,
0.000000000000,-4.484401085785,-256.937255859376,0.200000000000,
0.000000000000,-4.484401085785,-256.937255859376,0.200000000000,
0.000000000000,-4.484209338187,-256.926269531251,0.200000000000,
0.000000000000,-4.484017590588,-256.915283203126,0.200000000000,
0.000000000000,-4.483825842990,-256.904296875001,0.200000000000,
0.000000000000,-4.483634095391,-256.893310546876,0.200000000000,
0.000000000000,-4.483346473994,-256.876831054688,0.200000000000,
0.000000000000,-4.483346473994,-256.876831054688,0.200000000000,
0.000000000000,-4.483154726395,-256.865844726563,0.200000000000,
0.000000000000,-4.483058852596,-256.860351562501,0.200000000000,
0.000000000000,-4.482771231198,-256.843872070313,0.200000000000,
0.000000000000,-4.482579483600,-256.832885742188,0.200000000000,
0.000000000000,-4.482387736001,-256.821899414063,0.200000000000,
0.000000000000,-4.482387736001,-256.821899414063,0.200000000000,
0.000000000000,-4.482243925302,-256.813659667969,0.200000000000,
0.000000000000,-4.482004240804,-256.799926757813,0.200000000000,
0.000000000000,-4.481812493206,-256.788940429688,0.200000000000,
0.000000000000,-4.481668682507,-256.780700683594,0.200000000000,
0.000000000000,-4.481476934908,-256.769714355469,0.200000000000,
0.000000000000,-4.481476934908,-256.769714355469,0.200000000000,
0.000000000000,-4.481285187310,-256.758728027344,0.200000000000,
0.000000000000,-4.481093439711,-256.747741699219,0.200000000000,
0.000000000000,-4.480901692113,-256.736755371094,0.200000000000,
0.000000000000,-4.480709944514,-256.725769042969,0.200000000000,
0.000000000000,-4.480422323117,-256.709289550782,0.200000000000,
0.000000000000,-4.480422323117,-256.709289550782,0.200000000000,
0.000000000000,-4.480230575518,-256.698303222657,0.200000000000,
0.000000000000,-4.480134701719,-256.692810058594,0.200000000000,
0.000000000000,-4.479847080321,-256.676330566407,0.200000000000,
0.000000000000,-4.479655332723,-256.665344238282,0.200000000000,
0.000000000000,-4.479463585124,-256.654357910157,0.200000000000,
0.000000000000,-4.479463585124,-256.654357910157,0.200000000000,
0.000000000000,-4.479271837526,-256.643371582032,0.200000000000,
0.000000000000,-4.479080089927,-256.632385253907,0.200000000000,
0.000000000000,-4.478936279228,-256.624145507813,0.200000000000,
0.000000000000,-4.478744531630,-256.613159179688,0.200000000000,
0.000000000000,-4.478552784031,-256.602172851563,0.200000000000,
0.000000000000,-4.478552784031,-256.602172851563,0.200000000000,
0.000000000000,-4.478265162634,-256.585693359376,0.200000000000,
0.000000000000,-4.478073415035,-256.574707031251,0.200000000000,
0.000000000000,-4.477881667437,-256.563720703126,0.200000000000,
0.000000000000,-4.477737856738,-256.555480957032,0.200000000000,
0.000000000000,-4.477546109139,-256.544494628907,0.200000000000,
0.000000000000,-4.477546109139,-256.544494628907,0.200000000000,
0.000000000000,-4.477354361541,-256.533508300782,0.200000000000,
0.000000000000,-4.477066740143,-256.517028808594,0.200000000000,
0.000000000000,-4.476874992545,-256.506042480469,0.200000000000,
0.000000000000,-4.476731181846,-256.497802734376,0.200000000000,
0.000000000000,-4.476539434247,-256.486816406251,0.200000000000,
0.000000000000,-4.476539434247,-256.486816406251,0.200000000000,
0.000000000000,-4.476347686649,-256.475830078126,0.200000000000,
0.000000000000,-4.476155939050,-256.464843750001,0.200000000000,
0.000000000000,-4.475868317653,-256.448364257813,0.200000000000,
0.000000000000,-4.475676570054,-256.437377929688,0.200000000000,
0.000000000000,-4.475580696255,-256.431884765626,0.200000000000,
0.000000000000,-4.475580696255,-256.431884765626,0.200000000000,
0.000000000000,-4.475293074857,-256.415405273438,0.200000000000,
0.000000000000,-4.475149264158,-256.407165527344,0.200000000000,
0.000000000000,-4.474957516560,-256.396179199219,0.200000000000,
0.000000000000,-4.474669895162,-256.379699707032,0.200000000000,
0.000000000000,-4.474478147564,-256.368713378907,0.200000000000,
0.000000000000,-4.474478147564,-256.368713378907,0.200000000000,
0.000000000000,-4.474286399965,-256.357727050782,0.200000000000,
0.000000000000,-4.474142589266,-256.349487304688,0.200000000000,
0.000000000000,-4.473950841668,-256.338500976563,0.200000000000,
0.000000000000,-4.473663220270,-256.322021484376,0.200000000000,
0.000000000000,-4.473471472672,-256.311035156251,0.200000000000,
0.000000000000,-4.473471472672,-256.311035156251,0.200000000000,
0.000000000000,-4.473327661973,-256.302795410157,0.200000000000,
0.000000000000,-4.473135914374,-256.291809082032,0.200000000000,
0.000000000000,-4.472944166776,-256.280822753907,0.200000000000,
0.000000000000,-4.472656545378,-256.264343261719,0.200000000000,
0.000000000000,-4.472464797779,-256.253356933594,0.200000000000,
0.000000000000,-4.472464797779,-256.253356933594,0.200000000000,
0.000000000000,-4.472273050181,-256.242370605469,0.200000000000,
0.000000000000,-4.472129239482,-256.234130859376,0.200000000000,
0.000000000000,-4.471937491884,-256.223144531251,0.200000000000,
0.000000000000,-4.471745744285,-256.212158203126,0.200000000000,
0.000000000000,-4.471458122887,-256.195678710938,0.200000000000,
0.000000000000,-4.471458122887,-256.195678710938,0.200000000000,
0.000000000000,-4.471266375289,-256.184692382813,0.200000000000,
0.000000000000,-4.471122564590,-256.176452636719,0.200000000000,
0.000000000000,-4.470834943192,-256.159973144532,0.200000000000,
0.000000000000,-4.470643195594,-256.148986816407,0.200000000000,
0.000000000000,-4.470499384895,-256.140747070313,0.200000000000,
0.000000000000,-4.470499384895,-256.140747070313,0.200000000000,
0.000000000000,-4.470307637296,-256.129760742188,0.200000000000,
0.000000000000,-4.470115889698,-256.118774414063,0.200000000000,
0.000000000000,-4.469828268300,-256.102294921876,0.200000000000,
0.000000000000,-4.469636520702,-256.091308593751,0.200000000000,
0.000000000000,-4.469444773103,-256.080322265626,0.200000000000,
0.000000000000,-4.469444773103,-256.080322265626,0.200000000000,
0.000000000000,-4.469253025505,-256.069335937501,0.200000000000,
0.000000000000,-4.469109214806,-256.061096191407,0.200000000000,
0.000000000000,-4.468917467207,-256.050109863282,0.200000000000,
0.000000000000,-4.468725719609,-256.039123535157,0.200000000000,
0.000000000000,-4.468438098211,-256.022644042969,0.200000000000,
0.000000000000,-4.468438098211,-256.022644042969,0.200000000000,
0.000000000000,-4.468246350613,-256.011657714844,0.200000000000,
0.000000000000,-4.468102539914,-256.003417968751,0.200000000000,
0.000000000000,-4.467910792315,-255.992431640626,0.200000000000,
0.000000000000,-4.467719044717,-255.981445312501,0.200000000000,
0.000000000000,-4.467527297118,-255.970458984376,0.200000000000,
0.000000000000,-4.467527297118,-255.970458984376,0.200000000000,
0.000000000000,-4.467239675721,-255.953979492188,0.200000000000,
0.000000000000,-4.467143801921,-255.948486328126,0.200000000000,
0.000000000000,-4.466856180524,-255.932006835938,0.200000000000,
0.000000000000,-4.466664432925,-255.921020507813,0.200000000000,
0.000000000000,-4.466472685327,-255.910034179688,0.200000000000,
0.000000000000,-4.466472685327,-255.910034179688,0.200000000000,
0.000000000000,-4.466280937728,-255.899047851563,0.200000000000,
0.000000000000,-4.466089190130,-255.888061523438,0.200000000000,
0.000000000000,-4.465945379431,-255.879821777344,0.200000000000,
0.000000000000,-4.465753631832,-255.868835449219,0.200000000000,
0.000000000000,-4.465561884234,-255.857849121094,0.200000000000,
0.000000000000,-4.465561884234,-255.857849121094,0.200000000000,
0.000000000000,-4.465370136635,-255.846862792969,0.200000000000,
0.000000000000,-4.465178389037,-255.835876464844,0.200000000000,
0.000000000000,-4.464938704539,-255.822143554688,0.200000000000,
0.000000000000,-4.464699020041,-255.808410644532,0.200000000000,
0.000000000000,-4.464555209342,-255.800170898438,0.200000000000,
0.000000000000,-4.464555209342,-255.800170898438,0.200000000000,
0.000000000000,-4.464363461743,-255.789184570313,0.200000000000,
0.000000000000,-4.464171714145,-255.778198242188,0.200000000000,
0.000000000000,-4.463979966546,-255.767211914063,0.200000000000,
0.000000000000,-4.463788218948,-255.756225585938,0.200000000000,
0.000000000000,-4.463596471349,-255.745239257813,0.200000000000,
0.000000000000,-4.463596471349,-255.745239257813,0.200000000000,
0.000000000000,-4.463308849952,-255.728759765626,0.200000000000,
0.000000000000,-4.463212976153,-255.723266601563,0.200000000000,
0.000000000000,-4.463021228554,-255.712280273438,0.200000000000,
0.000000000000,-4.462733607156,-255.695800781251,0.200000000000,
0.000000000000,-4.462541859558,-255.684814453126,0.200000000000,
0.000000000000,-4.462541859558,-255.684814453126,0.200000000000,
0.000000000000,-4.462350111959,-255.673828125001,0.200000000000,
0.000000000000,-4.462158364361,-255.662841796876,0.200000000000,
0.000000000000,-4.462014553662,-255.654602050782,0.200000000000,
0.000000000000,-4.461774869164,-255.640869140626,0.200000000000,
0.000000000000,-4.461631058465,-255.632629394532,0.200000000000,
0.000000000000,-4.461631058465,-255.632629394532,0.200000000000,
0.000000000000,-4.461439310867,-255.621643066407,0.200000000000,
0.000000000000,-4.461151689469,-255.605163574219,0.200000000000,
0.000000000000,-4.461055815670,-255.599670410157,0.200000000000,
0.000000000000,-4.460864068071,-255.588684082032,0.200000000000,
0.000000000000,-4.460672320473,-255.577697753907,0.200000000000,
0.000000000000,-4.460672320473,-255.577697753907,0.200000000000,
0.000000000000,-4.460480572874,-255.566711425782,0.200000000000,
0.000000000000,-4.460240888376,-255.552978515626,0.200000000000,
0.000000000000,-4.460049140778,-255.541992187501,0.200000000000,
0.000000000000,-4.459857393179,-255.531005859376,0.200000000000,
0.000000000000,-4.459617708681,-255.517272949219,0.200000000000,
0.000000000000,-4.459617708681,-255.517272949219,0.200000000000,
0.000000000000,-4.459473897982,-255.509033203126,0.200000000000,
0.000000000000,-4.459282150384,-255.498046875001,0.200000000000,
0.000000000000,-4.459090402785,-255.487060546876,0.200000000000,
0.000000000000,-4.458898655187,-255.476074218751,0.200000000000,
0.000000000000,-4.458706907588,-255.465087890626,0.200000000000,
0.000000000000,-4.458706907588,-255.465087890626,0.200000000000,
0.000000000000,-4.458467223090,-255.451354980469,0.200000000000,
0.000000000000,-4.458275475492,-255.440368652344,0.200000000000,
0.000000000000,-4.458083727893,-255.429382324219,0.200000000000,
0.000000000000,-4.457891980295,-255.418395996094,0.200000000000,
0.000000000000,-4.457700232696,-255.407409667969,0.200000000000,
0.000000000000,-4.457700232696,-255.407409667969,0.200000000000,
0.000000000000,-4.457508485098,-255.396423339844,0.200000000000,
0.000000000000,-4.457220863700,-255.379943847657,0.200000000000,
0.000000000000,-4.457124989901,-255.374450683594,0.200000000000,
0.000000000000,-4.456837368503,-255.357971191407,0.200000000000,
0.000000000000,-4.456645620904,-255.346984863282,0.200000000000,
0.000000000000,-4.456645620904,-255.346984863282,0.200000000000,
0.000000000000,-4.456453873306,-255.335998535157,0.200000000000,
0.000000000000,-4.456262125707,-255.325012207032,0.200000000000,
0.000000000000,-4.456118315009,-255.316772460938,0.200000000000,
0.000000000000,-4.455878630510,-255.303039550782,0.200000000000,
0.000000000000,-4.455734819812,-255.294799804688,0.200000000000,
0.000000000000,-4.455734819812,-255.294799804688,0.200000000000,
0.000000000000,-4.455543072213,-255.283813476563,0.200000000000,
0.000000000000,-4.455351324615,-255.272827148438,0.200000000000,
0.000000000000,-4.455063703217,-255.256347656251,0.200000000000,
0.000000000000,-4.454967829418,-255.250854492188,0.200000000000,
0.000000000000,-4.454680208020,-255.234375000001,0.200000000000,
0.000000000000,-4.454680208020,-255.234375000001,0.200000000000,
0.000000000000,-4.454488460421,-255.223388671876,0.200000000000,
0.000000000000,-4.454296712823,-255.212402343751,0.200000000000,
0.000000000000,-4.454104965224,-255.201416015626,0.200000000000,
0.000000000000,-4.453961154526,-255.193176269532,0.200000000000,
0.000000000000,-4.453769406927,-255.182189941407,0.200000000000,
0.000000000000,-4.453769406927,-255.182189941407,0.200000000000,
0.000000000000,-4.453577659329,-255.171203613282,0.200000000000,
0.000000000000,-4.453385911730,-255.160217285157,0.200000000000,
0.000000000000,-4.453194164132,-255.149230957032,0.200000000000,
0.000000000000,-4.452906542734,-255.132751464844,0.200000000000,
0.000000000000,-4.452762732035,-255.124511718751,0.200000000000,
0.000000000000,-4.452762732035,-255.124511718751,0.200000000000,
0.000000000000,-4.452570984437,-255.113525390626,0.200000000000,
0.000000000000,-4.452379236838,-255.102539062501,0.200000000000,
0.000000000000,-4.452091615440,-255.086059570313,0.200000000000,
0.000000000000,-4.451899867842,-255.075073242188,0.200000000000,
0.000000000000,-4.451756057143,-255.066833496094,0.200000000000,
0.000000000000,-4.451756057143,-255.066833496094,0.200000000000,
0.000000000000,-4.451564309545,-255.055847167969,0.200000000000,
0.000000000000,-4.451276688147,-255.039367675782,0.200000000000,
0.000000000000,-4.451084940548,-255.028381347657,0.200000000000,
0.000000000000,-4.450941129849,-255.020141601563,0.200000000000,
0.000000000000,-4.450749382251,-255.009155273438,0.200000000000,
0.000000000000,-4.450749382251,-255.009155273438,0.200000000000,
0.000000000000,-4.450461760853,-254.992675781251,0.200000000000,
0.000000000000,-4.450270013255,-254.981689453126,0.200000000000,
0.000000000000,-4.450126202556,-254.973449707032,0.200000000000,
0.000000000000,-4.449934454957,-254.962463378907,0.200000000000,
0.000000000000,-4.449742707359,-254.951477050782,0.200000000000,
0.000000000000,-4.449742707359,-254.951477050782,0.200000000000,
0.000000000000,-4.449455085961,-254.934997558594,0.200000000000,
0.000000000000,-4.449311275262,-254.926757812501,0.200000000000,
0.000000000000,-4.449119527664,-254.915771484376,0.200000000000,
0.000000000000,-4.448831906266,-254.899291992188,0.200000000000,
0.000000000000,-4.448640158668,-254.888305664063,0.200000000000,
0.000000000000,-4.448640158668,-254.888305664063,0.200000000000,
0.000000000000,-4.448496347969,-254.880065917969,0.200000000000,
0.000000000000,-4.448208726571,-254.863586425782,0.200000000000,
0.000000000000,-4.448016978973,-254.852600097657,0.200000000000,
0.000000000000,-4.447825231374,-254.841613769532,0.200000000000,
0.000000000000,-4.447585546876,-254.827880859376,0.200000000000,
0.000000000000,-4.447585546876,-254.827880859376,0.200000000000,
0.000000000000,-4.447393799277,-254.816894531251,0.200000000000,
0.000000000000,-4.447249988579,-254.808654785157,0.200000000000,
0.000000000000,-4.447058240980,-254.797668457032,0.200000000000,
0.000000000000,-4.446770619582,-254.781188964844,0.200000000000,
0.000000000000,-4.446578871984,-254.770202636719,0.200000000000,
0.000000000000,-4.446578871984,-254.770202636719,0.200000000000,
0.000000000000,-4.446435061285,-254.761962890626,0.200000000000,
0.000000000000,-4.446243313687,-254.750976562501,0.200000000000,
0.000000000000,-4.445955692289,-254.734497070313,0.200000000000,
0.000000000000,-4.445811881590,-254.726257324219,0.200000000000,
0.000000000000,-4.445620133991,-254.715270996094,0.200000000000,
0.000000000000,-4.445620133991,-254.715270996094,0.200000000000,
0.000000000000,-4.445332512594,-254.698791503907,0.200000000000,
0.000000000000,-4.445140764995,-254.687805175782,0.200000000000,
0.000000000000,-4.444996954296,-254.679565429688,0.200000000000,
0.000000000000,-4.444709332899,-254.663085937501,0.200000000000,
0.000000000000,-4.444517585300,-254.652099609376,0.200000000000,
0.000000000000,-4.444517585300,-254.652099609376,0.200000000000,
0.000000000000,-4.444373774601,-254.643859863282,0.200000000000,
0.000000000000,-4.444182027003,-254.632873535157,0.200000000000,
0.000000000000,-4.443990279404,-254.621887207032,0.200000000000,
0.000000000000,-4.443702658007,-254.605407714844,0.200000000000,
0.000000000000,-4.443558847308,-254.597167968751,0.200000000000,
0.000000000000,-4.443558847308,-254.597167968751,0.200000000000,
0.000000000000,-4.443367099709,-254.586181640626,0.200000000000,
0.000000000000,-4.443175352111,-254.575195312501,0.200000000000,
0.000000000000,-4.442887730713,-254.558715820313,0.200000000000,
0.000000000000,-4.442695983115,-254.547729492188,0.200000000000,
0.000000000000,-4.442552172416,-254.539489746094,0.200000000000,
0.000000000000,-4.442552172416,-254.539489746094,0.200000000000,
0.000000000000,-4.442264551018,-254.523010253907,0.200000000000,
0.000000000000,-4.442120740319,-254.514770507813,0.200000000000,
0.000000000000,-4.441928992721,-254.503784179688,0.200000000000,
0.000000000000,-4.441737245122,-254.492797851563,0.200000000000,
0.000000000000,-4.441545497524,-254.481811523438,0.200000000000,
0.000000000000,-4.441545497524,-254.481811523438,0.200000000000,
0.000000000000,-4.441353749925,-254.470825195313,0.200000000000,
0.000000000000,-4.441066128527,-254.454345703126,0.200000000000,
0.000000000000,-4.440874380929,-254.443359375001,0.200000000000,
0.000000000000,-4.440682633330,-254.432373046876,0.200000000000,
0.000000000000,-4.440538822632,-254.424133300782,0.200000000000,
0.000000000000,-4.440538822632,-254.424133300782,0.200000000000,
0.000000000000,-4.440347075033,-254.413146972657,0.200000000000,
0.000000000000,-4.440155327435,-254.402160644532,0.200000000000,
0.000000000000,-4.439963579836,-254.391174316407,0.200000000000,
0.000000000000,-4.439675958438,-254.374694824219,0.200000000000,
0.000000000000,-4.439532147740,-254.366455078126,0.200000000000,
0.000000000000,-4.439532147740,-254.366455078126,0.200000000000,
0.000000000000,-4.439340400141,-254.355468750001,0.200000000000,
0.000000000000,-4.439148652543,-254.344482421876,0.200000000000,
0.000000000000,-4.438956904944,-254.333496093751,0.200000000000,
0.000000000000,-4.438765157346,-254.322509765626,0.200000000000,
0.000000000000,-4.438525472847,-254.308776855469,0.200000000000,
0.000000000000,-4.438525472847,-254.308776855469,0.200000000000,
0.000000000000,-4.438285788349,-254.295043945313,0.200000000000,
0.000000000000,-4.438141977651,-254.286804199219,0.200000000000,
0.000000000000,-4.437950230052,-254.275817871094,0.200000000000,
0.000000000000,-4.437710545554,-254.262084960938,0.200000000000,
0.000000000000,-4.437566734855,-254.253845214844,0.200000000000,
0.000000000000,-4.437566734855,-254.253845214844,0.200000000000,
0.000000000000,-4.437374987257,-254.242858886719,0.200000000000,
0.000000000000,-4.437183239658,-254.231872558594,0.200000000000,
0.000000000000,-4.436991492060,-254.220886230469,0.200000000000,
0.000000000000,-4.436703870662,-254.204406738282,0.200000000000,
0.000000000000,-4.436512123063,-254.193420410157,0.200000000000,
0.000000000000,-4.436512123063,-254.193420410157,0.200000000000,
0.000000000000,-4.436320375465,-254.182434082032,0.200000000000,
0.000000000000,-4.436176564766,-254.174194335938,0.200000000000,
0.000000000000,-4.435984817168,-254.163208007813,0.200000000000,
0.000000000000,-4.435793069569,-254.152221679688,0.200000000000,
0.000000000000,-4.435553385071,-254.138488769532,0.200000000000,
0.000000000000,-4.435553385071,-254.138488769532,0.200000000000,
0.000000000000,-4.435409574372,-254.130249023438,0.200000000000,
0.000000000000,-4.435217826774,-254.119262695313,0.200000000000,
0.000000000000,-4.435026079175,-254.108276367188,0.200000000000,
0.000000000000,-4.434834331577,-254.097290039063,0.200000000000,
0.000000000000,-4.434546710179,-254.080810546876,0.200000000000,
0.000000000000,-4.434546710179,-254.080810546876,0.200000000000,
0.000000000000,-4.434498773279,-254.078063964844,0.200000000000,
0.000000000000,-4.434211151882,-254.061584472657,0.200000000000,
0.000000000000,-4.434019404283,-254.050598144532,0.200000000000,
0.000000000000,-4.433827656685,-254.039611816407,0.200000000000,
0.000000000000,-4.433635909086,-254.028625488282,0.200000000000,
0.000000000000,-4.433635909086,-254.028625488282,0.200000000000,
0.000000000000,-4.433444161488,-254.017639160157,0.200000000000,
0.000000000000,-4.433252413889,-254.006652832032,0.200000000000,
0.000000000000,-4.432964792491,-253.990173339844,0.200000000000,
0.000000000000,-4.432773044893,-253.979187011719,0.200000000000,
0.000000000000,-4.432629234194,-253.970947265626,0.200000000000,
0.000000000000,-4.432629234194,-253.970947265626,0.200000000000,
0.000000000000,-4.432389549696,-253.957214355469,0.200000000000,
0.000000000000,-4.432245738997,-253.948974609376,0.200000000000,
0.000000000000,-4.432006054499,-253.935241699219,0.200000000000,
0.000000000000,-4.431862243800,-253.927001953126,0.200000000000,
0.000000000000,-4.431670496202,-253.916015625001,0.200000000000,
0.000000000000,-4.431670496202,-253.916015625001,0.200000000000,
0.000000000000,-4.431478748603,-253.905029296876,0.200000000000,
0.000000000000,-4.431287001005,-253.894042968751,0.200000000000,
0.000000000000,-4.431095253406,-253.883056640626,0.200000000000,
0.000000000000,-4.430807632008,-253.866577148438,0.200000000000,
0.000000000000,-4.430663821310,-253.858337402344,0.200000000000,
0.000000000000,-4.430663821310,-253.858337402344,0.200000000000,
0.000000000000,-4.430472073711,-253.847351074219,0.200000000000,
0.000000000000,-4.430232389213,-253.833618164063,0.200000000000,
0.000000000000,-4.430040641614,-253.822631835938,0.200000000000,
0.000000000000,-4.429848894016,-253.811645507813,0.200000000000,
0.000000000000,-4.429705083317,-253.803405761719,0.200000000000,
0.000000000000,-4.429705083317,-253.803405761719,0.200000000000,
0.000000000000,-4.429513335719,-253.792419433594,0.200000000000,
0.000000000000,-4.429321588120,-253.781433105469,0.200000000000,
0.000000000000,-4.429129840522,-253.770446777344,0.200000000000,
0.000000000000,-4.428938092923,-253.759460449219,0.200000000000,
0.000000000000,-4.428746345325,-253.748474121094,0.200000000000,
0.000000000000,-4.428746345325,-253.748474121094,0.200000000000,
0.000000000000,-4.428554597726,-253.737487792969,0.200000000000,
0.000000000000,-4.428266976329,-253.721008300782,0.200000000000,
0.000000000000,-4.428075228730,-253.710021972657,0.200000000000,
0.000000000000,-4.427931418031,-253.701782226563,0.200000000000,
0.000000000000,-4.427739670433,-253.690795898438,0.200000000000,
0.000000000000,-4.427739670433,-253.690795898438,0.200000000000,
0.000000000000,-4.427547922834,-253.679809570313,0.200000000000,
0.000000000000,-4.427260301436,-253.663330078126,0.200000000000,
0.000000000000,-4.427164427637,-253.657836914063,0.200000000000,
0.000000000000,-4.426876806239,-253.641357421876,0.200000000000,
0.000000000000,-4.426685058641,-253.630371093751,0.200000000000,
0.000000000000,-4.426685058641,-253.630371093751,0.200000000000,
0.000000000000,-4.426541247942,-253.622131347657,0.200000000000,
0.000000000000,-4.426349500344,-253.611145019532,0.200000000000,
0.000000000000,-4.426157752745,-253.600158691407,0.200000000000,
0.000000000000,-4.425966005147,-253.589172363282,0.200000000000,
0.000000000000,-4.425678383749,-253.572692871094,0.200000000000,
0.000000000000,-4.425678383749,-253.572692871094,0.200000000000,
0.000000000000,-4.425486636150,-253.561706542969,0.200000000000,
0.000000000000,-4.425342825452,-253.553466796876,0.200000000000,
0.000000000000,-4.425151077853,-253.542480468751,0.200000000000,
0.000000000000,-4.424959330255,-253.531494140626,0.200000000000,
0.000000000000,-4.424671708857,-253.515014648438,0.200000000000,
0.000000000000,-4.424671708857,-253.515014648438,0.200000000000,
0.000000000000,-4.424527898158,-253.506774902344,0.200000000000,
0.000000000000,-4.424336150560,-253.495788574219,0.200000000000,
0.000000000000,-4.424144402961,-253.484802246094,0.200000000000,
0.000000000000,-4.423952655363,-253.473815917969,0.200000000000,
0.000000000000,-4.423665033965,-253.457336425782,0.200000000000,
0.000000000000,-4.423665033965,-253.457336425782,0.200000000000,
0.000000000000,-4.423473286366,-253.446350097657,0.200000000000,
0.000000000000,-4.423329475667,-253.438110351563,0.200000000000,
0.000000000000,-4.423041854270,-253.421630859376,0.200000000000,
0.000000000000,-4.422850106671,-253.410644531251,0.200000000000,
0.000000000000,-4.422658359073,-253.399658203126,0.200000000000,
0.000000000000,-4.422658359073,-253.399658203126,0.200000000000,
0.000000000000,-4.422514548374,-253.391418457032,0.200000000000,
0.000000000000,-4.422322800775,-253.380432128907,0.200000000000,
0.000000000000,-4.422035179378,-253.363952636719,0.200000000000,
0.000000000000,-4.421843431779,-253.352966308594,0.200000000000,
0.000000000000,-4.421699621080,-253.344726562501,0.200000000000,
0.000000000000,-4.421699621080,-253.344726562501,0.200000000000,
0.000000000000,-4.421507873482,-253.333740234376,0.200000000000,
0.000000000000,-4.421220252084,-253.317260742188,0.200000000000,
0.000000000000,-4.421076441385,-253.309020996094,0.200000000000,
0.000000000000,-4.420788819988,-253.292541503907,0.200000000000,
0.000000000000,-4.420597072389,-253.281555175782,0.200000000000,
0.000000000000,-4.420597072389,-253.281555175782,0.200000000000,
0.000000000000,-4.420453261690,-253.273315429688,0.200000000000,
0.000000000000,-4.420261514092,-253.262329101563,0.200000000000,
0.000000000000,-4.420069766493,-253.251342773438,0.200000000000,
0.000000000000,-4.419782145096,-253.234863281251,0.200000000000,
0.000000000000,-4.419638334397,-253.226623535157,0.200000000000,
0.000000000000,-4.419638334397,-253.226623535157,0.200000000000,
0.000000000000,-4.419446586798,-253.215637207032,0.200000000000,
0.000000000000,-4.419254839200,-253.204650878907,0.200000000000,
0.000000000000,-4.418967217802,-253.188171386719,0.200000000000,
0.000000000000,-4.418775470203,-253.177185058594,0.200000000000,
0.000000000000,-4.418631659505,-253.168945312501,0.200000000000,
0.000000000000,-4.418631659505,-253.168945312501,0.200000000000,
0.000000000000,-4.418344038107,-253.152465820313,0.200000000000,
0.000000000000,-4.418152290508,-253.141479492188,0.200000000000,
0.000000000000,-4.418008479810,-253.133239746094,0.200000000000,
0.000000000000,-4.417816732211,-253.122253417969,0.200000000000,
0.000000000000,-4.417529110813,-253.105773925782,0.200000000000,
0.000000000000,-4.417529110813,-253.105773925782,0.200000000000,
0.000000000000,-4.417337363215,-253.094787597657,0.200000000000,
0.000000000000,-4.417193552516,-253.086547851563,0.200000000000,
0.000000000000,-4.416953868018,-253.072814941407,0.200000000000,
0.000000000000,-4.416810057319,-253.064575195313,0.200000000000,
0.000000000000,-4.416522435921,-253.048095703126,0.200000000000,
0.000000000000,-4.416522435921,-253.048095703126,0.200000000000,
0.000000000000,-4.416426562122,-253.042602539063,0.200000000000,
0.000000000000,-4.416138940724,-253.026123046876,0.200000000000,
0.000000000000,-4.415947193126,-253.015136718751,0.200000000000,
0.000000000000,-4.415803382427,-253.006896972657,0.200000000000,
0.000000000000,-4.415515761029,-252.990417480469,0.200000000000,
0.000000000000,-4.415515761029,-252.990417480469,0.200000000000,
0.000000000000,-4.415419887230,-252.984924316407,0.200000000000,
0.000000000000,-4.415132265832,-252.968444824219,0.200000000000,
0.000000000000,-4.414940518234,-252.957458496094,0.200000000000,
0.000000000000,-4.414748770635,-252.946472167969,0.200000000000,
0.000000000000,-4.414604959936,-252.938232421876,0.200000000000,
0.000000000000,-4.414604959936,-252.938232421876,0.200000000000,
0.000000000000,-4.414365275438,-252.924499511719,0.200000000000,
0.000000000000,-4.414125590940,-252.910766601563,0.200000000000,
0.000000000000,-4.413933843342,-252.899780273438,0.200000000000,
0.000000000000,-4.413790032643,-252.891540527344,0.200000000000,
0.000000000000,-4.413598285044,-252.880554199219,0.200000000000,
0.000000000000,-4.413598285044,-252.880554199219,0.200000000000,
0.000000000000,-4.413406537446,-252.869567871094,0.200000000000,
0.000000000000,-4.413118916048,-252.853088378907,0.200000000000,
0.000000000000,-4.412927168450,-252.842102050782,0.200000000000,
0.000000000000,-4.412735420851,-252.831115722657,0.200000000000,
0.000000000000,-4.412543673253,-252.820129394532,0.200000000000,
0.000000000000,-4.412543673253,-252.820129394532,0.200000000000,
0.000000000000,-4.412399862554,-252.811889648438,0.200000000000,
0.000000000000,-4.412208114955,-252.800903320313,0.200000000000,
0.000000000000,-4.411920493558,-252.784423828126,0.200000000000,
0.000000000000,-4.411824619758,-252.778930664063,0.200000000000,
0.000000000000,-4.411632872160,-252.767944335938,0.200000000000,
0.000000000000,-4.411632872160,-252.767944335938,0.200000000000,
0.000000000000,-4.411345250762,-252.751464843751,0.200000000000,
0.000000000000,-4.411249376963,-252.745971679688,0.200000000000,
0.000000000000,-4.411009692465,-252.732238769532,0.200000000000,
0.000000000000,-4.410817944866,-252.721252441407,0.200000000000,
0.000000000000,-4.410626197268,-252.710266113282,0.200000000000,
0.000000000000,-4.410626197268,-252.710266113282,0.200000000000,
0.000000000000,-4.410434449669,-252.699279785157,0.200000000000,
0.000000000000,-4.410242702071,-252.688293457032,0.200000000000,
0.000000000000,-4.410050954472,-252.677307128907,0.200000000000,
0.000000000000,-4.409811269974,-252.663574218751,0.200000000000,
0.000000000000,-4.409571585476,-252.649841308594,0.200000000000,
0.000000000000,-4.409571585476,-252.649841308594,0.200000000000,
0.000000000000,-4.409427774777,-252.641601562501,0.200000000000,
0.000000000000,-4.409236027179,-252.630615234376,0.200000000000,
0.000000000000,-4.409044279580,-252.619628906251,0.200000000000,
0.000000000000,-4.408852531982,-252.608642578126,0.200000000000,
0.000000000000,-4.408564910584,-252.592163085938,0.200000000000,
0.000000000000,-4.408564910584,-252.592163085938,0.200000000000,
0.000000000000,-4.408469036785,-252.586669921876,0.200000000000,
0.000000000000,-4.408181415387,-252.570190429688,0.200000000000,
0.000000000000,-4.408037604688,-252.561950683594,0.200000000000,
0.000000000000,-4.407845857090,-252.550964355469,0.200000000000,
0.000000000000,-4.407654109491,-252.539978027344,0.200000000000,
0.000000000000,-4.407654109491,-252.539978027344,0.200000000000,
0.000000000000,-4.407366488094,-252.523498535157,0.200000000000,
0.000000000000,-4.407174740495,-252.512512207032,0.200000000000,
0.000000000000,-4.407030929796,-252.504272460938,0.200000000000,
0.000000000000,-4.406839182198,-252.493286132813,0.200000000000,
0.000000000000,-4.406647434599,-252.482299804688,0.200000000000,
0.000000000000,-4.406647434599,-252.482299804688,0.200000000000,
0.000000000000,-4.406359813202,-252.465820312501,0.200000000000,
0.000000000000,-4.406168065603,-252.454833984376,0.200000000000,
0.000000000000,-4.405976318005,-252.443847656251,0.200000000000,
0.000000000000,-4.405832507306,-252.435607910157,0.200000000000,
0.000000000000,-4.405640759707,-252.424621582032,0.200000000000,
0.000000000000,-4.405640759707,-252.424621582032,0.200000000000,
0.000000000000,-4.405449012109,-252.413635253907,0.200000000000,
0.000000000000,-4.405257264510,-252.402648925782,0.200000000000,
0.000000000000,-4.404969643112,-252.386169433594,0.200000000000,
0.000000000000,-4.404777895514,-252.375183105469,0.200000000000,
0.000000000000,-4.404586147916,-252.364196777344,0.200000000000,
0.000000000000,-4.404586147916,-252.364196777344,0.200000000000,
0.000000000000,-4.404442337217,-252.355957031251,0.200000000000,
0.000000000000,-4.404154715819,-252.339477539063,0.200000000000,
0.000000000000,-4.403962968220,-252.328491210938,0.200000000000,
0.000000000000,-4.403771220622,-252.317504882813,0.200000000000,
0.000000000000,-4.403627409923,-252.309265136719,0.200000000000,
0.000000000000,-4.403627409923,-252.309265136719,0.200000000000,
0.000000000000,-4.403435662325,-252.298278808594,0.200000000000,
0.000000000000,-4.403243914726,-252.287292480469,0.200000000000,
0.000000000000,-4.403052167128,-252.276306152344,0.200000000000,
0.000000000000,-4.402860419529,-252.265319824219,0.200000000000,
0.000000000000,-4.402668671931,-252.254333496094,0.200000000000,
0.000000000000,-4.402668671931,-252.254333496094,0.200000000000,
0.000000000000,-4.402381050533,-252.237854003907,0.200000000000,
0.000000000000,-4.402237239834,-252.229614257813,0.200000000000,
0.000000000000,-4.402045492236,-252.218627929688,0.200000000000,
0.000000000000,-4.401757870838,-252.202148437501,0.200000000000,
0.000000000000,-4.401566123239,-252.191162109376,0.200000000000,
0.000000000000,-4.401566123239,-252.191162109376,0.200000000000,
0.000000000000,-4.401374375641,-252.180175781251,0.200000000000,
0.000000000000,-4.401182628042,-252.169189453126,0.200000000000,
0.000000000000,-4.401038817344,-252.160949707032,0.200000000000,
0.000000000000,-4.400847069745,-252.149963378907,0.200000000000,
0.000000000000,-4.400559448347,-252.133483886719,0.200000000000,
0.000000000000,-4.400559448347,-252.133483886719,0.200000000000,
0.000000000000,-4.400367700749,-252.122497558594,0.200000000000,
0.000000000000,-4.400223890050,-252.114257812501,0.200000000000,
0.000000000000,-4.400032142451,-252.103271484376,0.200000000000,
0.000000000000,-4.399840394853,-252.092285156251,0.200000000000,
0.000000000000,-4.399648647255,-252.081298828126,0.200000000000,
0.000000000000,-4.399648647255,-252.081298828126,0.200000000000,
0.000000000000,-4.399361025857,-252.064819335938,0.200000000000,
0.000000000000,-4.399217215158,-252.056579589844,0.200000000000,
0.000000000000,-4.399025467559,-252.045593261719,0.200000000000,
0.000000000000,-4.398737846162,-252.029113769532,0.200000000000,
0.000000000000,-4.398546098563,-252.018127441407,0.200000000000,
0.000000000000,-4.398546098563,-252.018127441407,0.200000000000,
0.000000000000,-4.398402287864,-252.009887695313,0.200000000000,
0.000000000000,-4.398114666467,-251.993408203126,0.200000000000,
0.000000000000,-4.397970855768,-251.985168457032,0.200000000000,
0.000000000000,-4.397779108169,-251.974182128907,0.200000000000,
0.000000000000,-4.397491486772,-251.957702636719,0.200000000000,
0.000000000000,-4.397491486772,-251.957702636719,0.200000000000,
0.000000000000,-4.397299739173,-251.946716308594,0.200000000000,
0.000000000000,-4.397155928474,-251.938476562501,0.200000000000,
0.000000000000,-4.396868307076,-251.921997070313,0.200000000000,
0.000000000000,-4.396676559478,-251.911010742188,0.200000000000,
0.000000000000,-4.396532748779,-251.902770996094,0.200000000000,
0.000000000000,-4.396532748779,-251.902770996094,0.200000000000,
0.000000000000,-4.396245127381,-251.886291503907,0.200000000000,
0.000000000000,-4.396053379783,-251.875305175782,0.200000000000,
0.000000000000,-4.395909569084,-251.867065429688,0.200000000000,
0.000000000000,-4.395621947686,-251.850585937501,0.200000000000,
0.000000000000,-4.395478136987,-251.842346191407,0.200000000000,
0.000000000000,-4.395478136987,-251.842346191407,0.200000000000,
0.000000000000,-4.395286389389,-251.831359863282,0.200000000000,
0.000000000000,-4.394998767991,-251.814880371094,0.200000000000,
0.000000000000,-4.394854957292,-251.806640625001,0.200000000000,
0.000000000000,-4.394567335895,-251.790161132813,0.200000000000,
0.000000000000,-4.394423525196,-251.781921386719,0.200000000000,
0.000000000000,-4.394423525196,-251.781921386719,0.200000000000,
0.000000000000,-4.394231777597,-251.770935058594,0.200000000000,
0.000000000000,-4.393944156200,-251.754455566407,0.200000000000,
0.000000000000,-4.393800345501,-251.746215820313,0.200000000000,
0.000000000000,-4.393608597902,-251.735229492188,0.200000000000,
0.000000000000,-4.393320976504,-251.718750000001,0.200000000000,
0.000000000000,-4.393320976504,-251.718750000001,0.200000000000,
0.000000000000,-4.393177165806,-251.710510253907,0.200000000000,
0.000000000000,-4.392985418207,-251.699523925782,0.200000000000,
0.000000000000,-4.392697796809,-251.683044433594,0.200000000000,
0.000000000000,-4.392506049211,-251.672058105469,0.200000000000,
0.000000000000,-4.392362238512,-251.663818359376,0.200000000000,
0.000000000000,-4.392362238512,-251.663818359376,0.200000000000,
0.000000000000,-4.392074617114,-251.647338867188,0.200000000000,
0.000000000000,-4.391930806415,-251.639099121094,0.200000000000,
0.000000000000,-4.391739058817,-251.628112792969,0.200000000000,
0.000000000000,-4.391499374319,-251.614379882813,0.200000000000,
0.000000000000,-4.391307626720,-251.603393554688,0.200000000000,
0.000000000000,-4.391307626720,-251.603393554688,0.200000000000,
0.000000000000,-4.391115879122,-251.592407226563,0.200000000000,
0.000000000000,-4.390828257724,-251.575927734376,0.200000000000,
0.000000000000,-4.390684447025,-251.567687988282,0.200000000000,
0.000000000000,-4.390492699427,-251.556701660157,0.200000000000,
0.000000000000,-4.390205078029,-251.540222167969,0.200000000000,
0.000000000000,-4.390205078029,-251.540222167969,0.200000000000,
0.000000000000,-4.390013330431,-251.529235839844,0.200000000000,
0.000000000000,-4.389869519732,-251.520996093751,0.200000000000,
0.000000000000,-4.389677772133,-251.510009765626,0.200000000000,
0.000000000000,-4.389390150736,-251.493530273438,0.200000000000,
0.000000000000,-4.389246340037,-251.485290527344,0.200000000000,
0.000000000000,-4.389246340037,-251.485290527344,0.200000000000,
0.000000000000,-4.389054592438,-251.474304199219,0.200000000000,
0.000000000000,-4.388766971040,-251.457824707032,0.200000000000,
0.000000000000,-4.388623160342,-251.449584960938,0.200000000000,
0.000000000000,-4.388431412743,-251.438598632813,0.200000000000,
0.000000000000,-4.388239665145,-251.427612304688,0.200000000000,
0.000000000000,-4.388239665145,-251.427612304688,0.200000000000,
0.000000000000,-4.387952043747,-251.411132812501,0.200000000000,
0.000000000000,-4.387760296148,-251.400146484376,0.200000000000,
0.000000000000,-4.387568548550,-251.389160156251,0.200000000000,
0.000000000000,-4.387424737851,-251.380920410157,0.200000000000,
0.000000000000,-4.387232990253,-251.369934082032,0.200000000000,
0.000000000000,-4.387232990253,-251.369934082032,0.200000000000,
0.000000000000,-4.387041242654,-251.358947753907,0.200000000000,
0.000000000000,-4.386753621256,-251.342468261719,0.200000000000,
0.000000000000,-4.386561873658,-251.331481933594,0.200000000000,
0.000000000000,-4.386418062959,-251.323242187501,0.200000000000,
0.000000000000,-4.386226315361,-251.312255859376,0.200000000000,
0.000000000000,-4.386226315361,-251.312255859376,0.200000000000,
0.000000000000,-4.385986630862,-251.298522949219,0.200000000000,
0.000000000000,-4.385746946364,-251.284790039063,0.200000000000,
0.000000000000,-4.385603135665,-251.276550292969,0.200000000000,
0.000000000000,-4.385363451167,-251.262817382813,0.200000000000,
0.000000000000,-4.385219640468,-251.254577636719,0.200000000000,
0.000000000000,-4.385219640468,-251.254577636719,0.200000000000,
0.000000000000,-4.385027892870,-251.243591308594,0.200000000000,
0.000000000000,-4.384740271472,-251.227111816407,0.200000000000,
0.000000000000,-4.384548523874,-251.216125488282,0.200000000000,
0.000000000000,-4.384404713175,-251.207885742188,0.200000000000,
0.000000000000,-4.384212965576,-251.196899414063,0.200000000000,
0.000000000000,-4.384212965576,-251.196899414063,0.200000000000,
0.000000000000,-4.383925344179,-251.180419921876,0.200000000000,
0.000000000000,-4.383829470379,-251.174926757813,0.200000000000,
0.000000000000,-4.383541848982,-251.158447265626,0.200000000000,
0.000000000000,-4.383350101383,-251.147460937501,0.200000000000,
0.000000000000,-4.383158353785,-251.136474609376,0.200000000000,
0.000000000000,-4.383158353785,-251.136474609376,0.200000000000,
0.000000000000,-4.382966606186,-251.125488281251,0.200000000000,
0.000000000000,-4.382774858588,-251.114501953126,0.200000000000,
0.000000000000,-4.382631047889,-251.106262207032,0.200000000000,
0.000000000000,-4.382439300290,-251.095275878907,0.200000000000,
0.000000000000,-4.382247552692,-251.084289550782,0.200000000000,
0.000000000000,-4.382247552692,-251.084289550782,0.200000000000,
0.000000000000,-4.382055805093,-251.073303222657,0.200000000000,
0.000000000000,-4.381864057495,-251.062316894532,0.200000000000,
0.000000000000,-4.381624372997,-251.048583984376,0.200000000000,
0.000000000000,-4.381432625398,-251.037597656251,0.200000000000,
0.000000000000,-4.381240877800,-251.026611328126,0.200000000000,
0.000000000000,-4.381240877800,-251.026611328126,0.200000000000,
0.000000000000,-4.381049130201,-251.015625000001,0.200000000000,
0.000000000000,-4.380761508804,-250.999145507813,0.200000000000,
0.000000000000,-4.380569761205,-250.988159179688,0.200000000000,
0.000000000000,-4.380425950506,-250.979919433594,0.200000000000,
0.000000000000,-4.380186266008,-250.966186523438,0.200000000000,
0.000000000000,-4.380186266008,-250.966186523438,0.200000000000,
0.000000000000,-4.379994518410,-250.955200195313,0.200000000000,
0.000000000000,-4.379850707711,-250.946960449219,0.200000000000,
0.000000000000,-4.379658960112,-250.935974121094,0.200000000000,
0.000000000000,-4.379467212514,-250.924987792969,0.200000000000,
0.000000000000,-4.379179591116,-250.908508300782,0.200000000000,
0.000000000000,-4.379179591116,-250.908508300782,0.200000000000,
0.000000000000,-4.379035780417,-250.900268554688,0.200000000000,
0.000000000000,-4.378844032819,-250.889282226563,0.200000000000,
0.000000000000,-4.378652285220,-250.878295898438,0.200000000000,
0.000000000000,-4.378460537622,-250.867309570313,0.200000000000,
0.000000000000,-4.378268790023,-250.856323242188,0.200000000000,
0.000000000000,-4.378268790023,-250.856323242188,0.200000000000,
0.000000000000,-4.377981168626,-250.839843750001,0.200000000000,
0.000000000000,-4.377789421027,-250.828857421876,0.200000000000,
0.000000000000,-4.377597673429,-250.817871093751,0.200000000000,
0.000000000000,-4.377405925830,-250.806884765626,0.200000000000,
0.000000000000,-4.377262115131,-250.798645019532,0.200000000000,
0.000000000000,-4.377262115131,-250.798645019532,0.200000000000,
0.000000000000,-4.377070367533,-250.787658691407,0.200000000000,
0.000000000000,-4.376878619934,-250.776672363282,0.200000000000,
0.000000000000,-4.376686872336,-250.765686035157,0.200000000000,
0.000000000000,-4.376399250938,-250.749206542969,0.200000000000,
0.000000000000,-4.376207503340,-250.738220214844,0.200000000000,
0.000000000000,-4.376207503340,-250.738220214844,0.200000000000,
0.000000000000,-4.376015755741,-250.727233886719,0.200000000000,
0.000000000000,-4.375824008143,-250.716247558594,0.200000000000,
0.000000000000,-4.375680197444,-250.708007812501,0.200000000000,
0.000000000000,-4.375488449845,-250.697021484376,0.200000000000,
0.000000000000,-4.375296702247,-250.686035156251,0.200000000000,
0.000000000000,-4.375296702247,-250.686035156251,0.200000000000,
0.000000000000,-4.375104954648,-250.675048828126,0.200000000000,
0.000000000000,-4.374817333251,-250.658569335938,0.200000000000,
0.000000000000,-4.374625585652,-250.647583007813,0.200000000000,
0.000000000000,-4.374433838054,-250.636596679688,0.200000000000,
0.000000000000,-4.374290027355,-250.628356933594,0.200000000000,
0.000000000000,-4.374290027355,-250.628356933594,0.200000000000,
0.000000000000,-4.374098279756,-250.617370605469,0.200000000000,
0.000000000000,-4.373906532158,-250.606384277344,0.200000000000,
0.000000000000,-4.373714784559,-250.595397949219,0.200000000000,
0.000000000000,-4.373427163162,-250.578918457032,0.200000000000,
0.000000000000,-4.373283352463,-250.570678710938,0.200000000000,
0.000000000000,-4.373283352463,-250.570678710938,0.200000000000,
0.000000000000,-4.373043667965,-250.556945800782,0.200000000000,
0.000000000000,-4.372899857266,-250.548706054688,0.200000000000,
0.000000000000,-4.372708109667,-250.537719726563,0.200000000000,
0.000000000000,-4.372468425169,-250.523986816407,0.200000000000,
0.000000000000,-4.372276677571,-250.513000488282,0.200000000000,
0.000000000000,-4.372276677571,-250.513000488282,0.200000000000,
0.000000000000,-4.372084929972,-250.502014160157,0.200000000000,
0.000000000000,-4.371797308574,-250.485534667969,0.200000000000,
0.000000000000,-4.371701434775,-250.480041503907,0.200000000000,
0.000000000000,-4.371461750277,-250.466308593751,0.200000000000,
0.000000000000,-4.371270002679,-250.455322265626,0.200000000000,
0.000000000000,-4.371270002679,-250.455322265626,0.200000000000,
0.000000000000,-4.371078255080,-250.444335937501,0.200000000000,
0.000000000000,-4.370790633682,-250.427856445313,0.200000000000,
0.000000000000,-4.370598886084,-250.416870117188,0.200000000000,
0.000000000000,-4.370455075385,-250.408630371094,0.200000000000,
0.000000000000,-4.370263327787,-250.397644042969,0.200000000000,
0.000000000000,-4.370263327787,-250.397644042969,0.200000000000,
0.000000000000,-4.370023643288,-250.383911132813,0.200000000000,
0.000000000000,-4.369831895690,-250.372924804688,0.200000000000,
0.000000000000,-4.369640148092,-250.361938476563,0.200000000000,
0.000000000000,-4.369448400493,-250.350952148438,0.200000000000,
0.000000000000,-4.369208715995,-250.337219238282,0.200000000000,
0.000000000000,-4.369208715995,-250.337219238282,0.200000000000,
0.000000000000,-4.368969031497,-250.323486328126,0.200000000000,
0.000000000000,-4.368825220798,-250.315246582032,0.200000000000,
0.000000000000,-4.368633473199,-250.304260253907,0.200000000000,
0.000000000000,-4.368345851802,-250.287780761719,0.200000000000,
0.000000000000,-4.368202041103,-250.279541015626,0.200000000000,
0.000000000000,-4.368202041103,-250.279541015626,0.200000000000,
0.000000000000,-4.367914419705,-250.263061523438,0.200000000000,
0.000000000000,-4.367722672107,-250.252075195313,0.200000000000,
0.000000000000,-4.367626798307,-250.246582031251,0.200000000000,
0.000000000000,-4.367339176910,-250.230102539063,0.200000000000,
0.000000000000,-4.367195366211,-250.221862792969,0.200000000000,
0.000000000000,-4.367195366211,-250.221862792969,0.200000000000,
0.000000000000,-4.367003618612,-250.210876464844,0.200000000000,
0.000000000000,-4.366811871014,-250.199890136719,0.200000000000,
0.000000000000,-4.366524249616,-250.183410644532,0.200000000000,
0.000000000000,-4.366380438917,-250.175170898438,0.200000000000,
0.000000000000,-4.366092817520,-250.158691406251,0.200000000000,
0.000000000000,-4.366092817520,-250.158691406251,0.200000000000,
0.000000000000,-4.365901069921,-250.147705078126,0.200000000000,
0.000000000000,-4.365757259222,-250.139465332032,0.200000000000,
0.000000000000,-4.365469637824,-250.122985839844,0.200000000000,
0.000000000000,-4.365277890226,-250.111999511719,0.200000000000,
0.000000000000,-4.365134079527,-250.103759765626,0.200000000000,
0.000000000000,-4.365134079527,-250.103759765626,0.200000000000,
0.000000000000,-4.364942331929,-250.092773437501,0.200000000000,
0.000000000000,-4.364654710531,-250.076293945313,0.200000000000,
0.000000000000,-4.364462962932,-250.065307617188,0.200000000000,
0.000000000000,-4.364319152234,-250.057067871094,0.200000000000,
0.000000000000,-4.364127404635,-250.046081542969,0.200000000000,
0.000000000000,-4.364127404635,-250.046081542969,0.200000000000,
0.000000000000,-4.363935657037,-250.035095214844,0.200000000000,
0.000000000000,-4.363743909438,-250.024108886719,0.200000000000,
0.000000000000,-4.363552161840,-250.013122558594,0.200000000000,
0.000000000000,-4.363264540442,-249.996643066407,0.200000000000,
0.000000000000,-4.363072792843,-249.985656738282,0.200000000000,
0.000000000000,-4.363072792843,-249.985656738282,0.200000000000,
0.000000000000,-4.362928982145,-249.977416992188,0.200000000000,
0.000000000000,-4.362737234546,-249.966430664063,0.200000000000,
0.000000000000,-4.362545486948,-249.955444335938,0.200000000000,
0.000000000000,-4.362257865550,-249.938964843751,0.200000000000,
0.000000000000,-4.362066117951,-249.927978515626,0.200000000000,
0.000000000000,-4.362066117951,-249.927978515626,0.200000000000,
0.000000000000,-4.361874370353,-249.916992187501,0.200000000000,
0.000000000000,-4.361682622754,-249.906005859376,0.200000000000,
0.000000000000,-4.361490875156,-249.895019531251,0.200000000000,
0.000000000000,-4.361347064457,-249.886779785157,0.200000000000,
0.000000000000,-4.361155316859,-249.875793457032,0.200000000000,
0.000000000000,-4.361155316859,-249.875793457032,0.200000000000,
0.000000000000,-4.360867695461,-249.859313964844,0.200000000000,
0.000000000000,-4.360675947862,-249.848327636719,0.200000000000,
0.000000000000,-4.360532137163,-249.840087890626,0.200000000000,
0.000000000000,-4.360340389565,-249.829101562501,0.200000000000,
0.000000000000,-4.360052768167,-249.812622070313,0.200000000000,
0.000000000000,-4.360052768167,-249.812622070313,0.200000000000,
0.000000000000,-4.359956894368,-249.807128906251,0.200000000000,
0.000000000000,-4.359669272970,-249.790649414063,0.200000000000,
0.000000000000,-4.359477525372,-249.779663085938,0.200000000000,
0.000000000000,-4.359333714673,-249.771423339844,0.200000000000,
0.000000000000,-4.359141967074,-249.760437011719,0.200000000000,
0.000000000000,-4.359141967074,-249.760437011719,0.200000000000,
0.000000000000,-4.358950219476,-249.749450683594,0.200000000000,
0.000000000000,-4.358758471877,-249.738464355469,0.200000000000,
0.000000000000,-4.358566724279,-249.727478027344,0.200000000000,
0.000000000000,-4.358374976680,-249.716491699219,0.200000000000,
0.000000000000,-4.358183229082,-249.705505371094,0.200000000000,
0.000000000000,-4.358183229082,-249.705505371094,0.200000000000,
0.000000000000,-4.357895607684,-249.689025878907,0.200000000000,
0.000000000000,-4.357703860086,-249.678039550782,0.200000000000,
0.000000000000,-4.357560049387,-249.669799804688,0.200000000000,
0.000000000000,-4.357368301788,-249.658813476563,0.200000000000,
0.000000000000,-4.357128617290,-249.645080566407,0.200000000000,
0.000000000000,-4.357128617290,-249.645080566407,0.200000000000,
0.000000000000,-4.356984806591,-249.636840820313,0.200000000000,
0.000000000000,-4.356793058993,-249.625854492188,0.200000000000,
0.000000000000,-4.356601311394,-249.614868164063,0.200000000000,
0.000000000000,-4.356409563796,-249.603881835938,0.200000000000,
0.000000000000,-4.356217816198,-249.592895507813,0.200000000000,
0.000000000000,-4.356217816198,-249.592895507813,0.200000000000,
0.000000000000,-4.356026068599,-249.581909179688,0.200000000000,
0.000000000000,-4.355738447201,-249.565429687501,0.200000000000,
0.000000000000,-4.355546699603,-249.554443359376,0.200000000000,
0.000000000000,-4.355354952004,-249.543457031251,0.200000000000,
0.000000000000,-4.355211141305,-249.535217285157,0.200000000000,
0.000000000000,-4.355211141305,-249.535217285157,0.200000000000,
0.000000000000,-4.355019393707,-249.524230957032,0.200000000000,
0.000000000000,-4.354827646108,-249.513244628907,0.200000000000,
0.000000000000,-4.354540024711,-249.496765136719,0.200000000000,
0.000000000000,-4.354348277112,-249.485778808594,0.200000000000,
0.000000000000,-4.354204466413,-249.477539062501,0.200000000000,
0.000000000000,-4.354204466413,-249.477539062501,0.200000000000,
0.000000000000,-4.354012718815,-249.466552734376,0.200000000000,
0.000000000000,-4.353725097417,-249.450073242188,0.200000000000,
0.000000000000,-4.353629223618,-249.444580078126,0.200000000000,
0.000000000000,-4.353341602220,-249.428100585938,0.200000000000,
0.000000000000,-4.353245728421,-249.422607421876,0.200000000000,
0.000000000000,-4.353245728421,-249.422607421876,0.200000000000,
0.000000000000,-4.352958107023,-249.406127929688,0.200000000000,
0.000000000000,-4.352814296324,-249.397888183594,0.200000000000,
0.000000000000,-4.352622548726,-249.386901855469,0.200000000000,
0.000000000000,-4.352430801127,-249.375915527344,0.200000000000,
0.000000000000,-4.352239053529,-249.364929199219,0.200000000000,
0.000000000000,-4.352239053529,-249.364929199219,0.200000000000,
0.000000000000,-4.351951432131,-249.348449707032,0.200000000000,
0.000000000000,-4.351855558332,-249.342956542969,0.200000000000,
0.000000000000,-4.351615873834,-249.329223632813,0.200000000000,
0.000000000000,-4.351424126235,-249.318237304688,0.200000000000,
0.000000000000,-4.351184441737,-249.304504394532,0.200000000000,
0.000000000000,-4.351184441737,-249.304504394532,0.200000000000,
0.000000000000,-4.351040631038,-249.296264648438,0.200000000000,
0.000000000000,-4.350848883440,-249.285278320313,0.200000000000,
0.000000000000,-4.350657135841,-249.274291992188,0.200000000000,
0.000000000000,-4.350465388243,-249.263305664063,0.200000000000,
0.000000000000,-4.350177766845,-249.246826171876,0.200000000000,
0.000000000000,-4.350177766845,-249.246826171876,0.200000000000,
0.000000000000,-4.349986019247,-249.235839843751,0.200000000000,
0.000000000000,-4.349842208548,-249.227600097657,0.200000000000,
0.000000000000,-4.349650460949,-249.216613769532,0.200000000000,
0.000000000000,-4.349458713351,-249.205627441407,0.200000000000,
0.000000000000,-4.349171091953,-249.189147949219,0.200000000000,
0.000000000000,-4.349171091953,-249.189147949219,0.200000000000,
0.000000000000,-4.348979344355,-249.178161621094,0.200000000000,
0.000000000000,-4.348835533656,-249.169921875001,0.200000000000,
0.000000000000,-4.348643786057,-249.158935546876,0.200000000000,
0.000000000000,-4.348452038459,-249.147949218751,0.200000000000,
0.000000000000,-4.348260290860,-249.136962890626,0.200000000000,
0.000000000000,-4.348260290860,-249.136962890626,0.200000000000,
0.000000000000,-4.347972669463,-249.120483398438,0.200000000000,
0.000000000000,-4.347780921864,-249.109497070313,0.200000000000,
0.000000000000,-4.347637111165,-249.101257324219,0.200000000000,
0.000000000000,-4.347445363567,-249.090270996094,0.200000000000,
0.000000000000,-4.347253615968,-249.079284667969,0.200000000000,
0.000000000000,-4.347253615968,-249.079284667969,0.200000000000,
0.000000000000,-4.346965994571,-249.062805175782,0.200000000000,
0.000000000000,-4.346822183872,-249.054565429688,0.200000000000,
0.000000000000,-4.346630436273,-249.043579101563,0.200000000000,
0.000000000000,-4.346342814875,-249.027099609376,0.200000000000,
0.000000000000,-4.346246941076,-249.021606445313,0.200000000000,
0.000000000000,-4.346246941076,-249.021606445313,0.200000000000,
0.000000000000,-4.345959319679,-249.005126953126,0.200000000000,
0.000000000000,-4.345767572080,-248.994140625001,0.200000000000,
0.000000000000,-4.345623761381,-248.985900878907,0.200000000000,
0.000000000000,-4.345336139983,-248.969421386719,0.200000000000,
0.000000000000,-4.345144392385,-248.958435058594,0.200000000000,
0.000000000000,-4.345144392385,-248.958435058594,0.200000000000,
0.000000000000,-4.344952644786,-248.947448730469,0.200000000000,
0.000000000000,-4.344808834088,-248.939208984376,0.200000000000,
0.000000000000,-4.344521212690,-248.922729492188,0.200000000000,
0.000000000000,-4.344377401991,-248.914489746094,0.200000000000,
0.000000000000,-4.344185654393,-248.903503417969,0.200000000000,
0.000000000000,-4.344185654393,-248.903503417969,0.200000000000,
0.000000000000,-4.343993906794,-248.892517089844,0.200000000000,
0.000000000000,-4.343754222296,-248.878784179688,0.200000000000,
0.000000000000,-4.343562474697,-248.867797851563,0.200000000000,
0.000000000000,-4.343370727099,-248.856811523438,0.200000000000,
0.000000000000,-4.343083105701,-248.840332031251,0.200000000000,
0.000000000000,-4.343083105701,-248.840332031251,0.200000000000,
0.000000000000,-4.342891358103,-248.829345703126,0.200000000000,
0.000000000000,-4.342747547404,-248.821105957032,0.200000000000,
0.000000000000,-4.342555799805,-248.810119628907,0.200000000000,
0.000000000000,-4.342268178408,-248.793640136719,0.200000000000,
0.000000000000,-4.342124367709,-248.785400390626,0.200000000000,
0.000000000000,-4.342124367709,-248.785400390626,0.200000000000,
0.000000000000,-4.341932620110,-248.774414062501,0.200000000000,
0.000000000000,-4.341644998713,-248.757934570313,0.200000000000,
0.000000000000,-4.341501188014,-248.749694824219,0.200000000000,
0.000000000000,-4.341213566616,-248.733215332032,0.200000000000,
0.000000000000,-4.341021819018,-248.722229003907,0.200000000000,
0.000000000000,-4.341021819018,-248.722229003907,0.200000000000,
0.000000000000,-4.340878008319,-248.713989257813,0.200000000000,
0.000000000000,-4.340686260720,-248.703002929688,0.200000000000,
0.000000000000,-4.340398639322,-248.686523437501,0.200000000000,
0.000000000000,-4.340254828624,-248.678283691407,0.200000000000,
0.000000000000,-4.340063081025,-248.667297363282,0.200000000000,
0.000000000000,-4.340063081025,-248.667297363282,0.200000000000,
0.000000000000,-4.339775459627,-248.650817871094,0.200000000000,
0.000000000000,-4.339631648928,-248.642578125001,0.200000000000,
0.000000000000,-4.339391964430,-248.628845214844,0.200000000000,
0.000000000000,-4.339248153732,-248.620605468751,0.200000000000,
0.000000000000,-4.339008469233,-248.606872558594,0.200000000000,
0.000000000000,-4.339008469233,-248.606872558594,0.200000000000,
0.000000000000,-4.338768784735,-248.593139648438,0.200000000000,
0.000000000000,-4.338624974036,-248.584899902344,0.200000000000,
0.000000000000,-4.338433226438,-248.573913574219,0.200000000000,
0.000000000000,-4.338145605040,-248.557434082032,0.200000000000,
0.000000000000,-4.338001794341,-248.549194335938,0.200000000000,
0.000000000000,-4.338001794341,-248.549194335938,0.200000000000,
0.000000000000,-4.337810046743,-248.538208007813,0.200000000000,
0.000000000000,-4.337618299144,-248.527221679688,0.200000000000,
0.000000000000,-4.337426551546,-248.516235351563,0.200000000000,
0.000000000000,-4.337138930148,-248.499755859376,0.200000000000,
0.000000000000,-4.336947182550,-248.488769531251,0.200000000000,
0.000000000000,-4.336947182550,-248.488769531251,0.200000000000,
0.000000000000,-4.336707498052,-248.475036621094,0.200000000000,
0.000000000000,-4.336611624252,-248.469543457032,0.200000000000,
0.000000000000,-4.336324002855,-248.453063964844,0.200000000000,
0.000000000000,-4.336180192156,-248.444824218751,0.200000000000,
0.000000000000,-4.335988444557,-248.433837890626,0.200000000000,
0.000000000000,-4.335988444557,-248.433837890626,0.200000000000,
0.000000000000,-4.335796696959,-248.422851562501,0.200000000000,
0.000000000000,-4.335604949360,-248.411865234376,0.200000000000,
0.000000000000,-4.335413201762,-248.400878906251,0.200000000000,
0.000000000000,-4.335221454163,-248.389892578126,0.200000000000,
0.000000000000,-4.335029706565,-248.378906250001,0.200000000000,
0.000000000000,-4.335029706565,-248.378906250001,0.200000000000,
0.000000000000,-4.334837958966,-248.367919921876,0.200000000000,
0.000000000000,-4.334646211368,-248.356933593751,0.200000000000,
0.000000000000,-4.334454463769,-248.345947265626,0.200000000000,
0.000000000000,-4.334262716171,-248.334960937501,0.200000000000,
0.000000000000,-4.334070968572,-248.323974609376,0.200000000000,
0.000000000000,-4.334070968572,-248.323974609376,0.200000000000,
0.000000000000,-4.333879220974,-248.312988281251,0.200000000000,
0.000000000000,-4.333591599576,-248.296508789063,0.200000000000,
0.000000000000,-4.333447788877,-248.288269042969,0.200000000000,
0.000000000000,-4.333208104379,-248.274536132813,0.200000000000,
0.000000000000,-4.333016356781,-248.263549804688,0.200000000000,
0.000000000000,-4.333016356781,-248.263549804688,0.200000000000,
0.000000000000,-4.332872546082,-248.255310058594,0.200000000000,
0.000000000000,-4.332680798483,-248.244323730469,0.200000000000,
0.000000000000,-4.332489050885,-248.233337402344,0.200000000000,
0.000000000000,-4.332297303286,-248.222351074219,0.200000000000,
0.000000000000,-4.332105555688,-248.211364746094,0.200000000000,
0.000000000000,-4.332105555688,-248.211364746094,0.200000000000,
0.000000000000,-4.331913808089,-248.200378417969,0.200000000000,
0.000000000000,-4.331722060491,-248.189392089844,0.200000000000,
0.000000000000,-4.331434439093,-248.172912597657,0.200000000000,
0.000000000000,-4.331290628394,-248.164672851563,0.200000000000,
0.000000000000,-4.331098880796,-248.153686523438,0.200000000000,
0.000000000000,-4.331098880796,-248.153686523438,0.200000000000,
0.000000000000,-4.330907133197,-248.142700195313,0.200000000000,
0.000000000000,-4.330715385599,-248.131713867188,0.200000000000,
0.000000000000,-4.330523638000,-248.120727539063,0.200000000000,
0.000000000000,-4.330331890402,-248.109741210938,0.200000000000,
0.000000000000,-4.330140142803,-248.098754882813,0.200000000000,
0.000000000000,-4.330140142803,-248.098754882813,0.200000000000,
0.000000000000,-4.329948395205,-248.087768554688,0.200000000000,
0.000000000000,-4.329756647606,-248.076782226563,0.200000000000,
0.000000000000,-4.329564900008,-248.065795898438,0.200000000000,
0.000000000000,-4.329277278610,-248.049316406251,0.200000000000,
0.000000000000,-4.329085531012,-248.038330078126,0.200000000000,
0.000000000000,-4.329085531012,-248.038330078126,0.200000000000,
0.000000000000,-4.328893783413,-248.027343750001,0.200000000000,
0.000000000000,-4.328749972714,-248.019104003907,0.200000000000,
0.000000000000,-4.328558225116,-248.008117675782,0.200000000000,
0.000000000000,-4.328270603718,-247.991638183594,0.200000000000,
0.000000000000,-4.328078856120,-247.980651855469,0.200000000000,
0.000000000000,-4.328078856120,-247.980651855469,0.200000000000,
0.000000000000,-4.327935045421,-247.972412109376,0.200000000000,
0.000000000000,-4.327695360923,-247.958679199219,0.200000000000,
0.000000000000,-4.327503613324,-247.947692871094,0.200000000000,
0.000000000000,-4.327359802625,-247.939453125001,0.200000000000,
0.000000000000,-4.327168055027,-247.928466796876,0.200000000000,
0.000000000000,-4.327168055027,-247.928466796876,0.200000000000,
0.000000000000,-4.326976307428,-247.917480468751,0.200000000000,
0.000000000000,-4.326784559830,-247.906494140626,0.200000000000,
0.000000000000,-4.326592812231,-247.895507812501,0.200000000000,
0.000000000000,-4.326305190834,-247.879028320313,0.200000000000,
0.000000000000,-4.326113443235,-247.868041992188,0.200000000000,
0.000000000000,-4.326113443235,-247.868041992188,0.200000000000,
0.000000000000,-4.325921695637,-247.857055664063,0.200000000000,
0.000000000000,-4.325777884938,-247.848815917969,0.200000000000,
0.000000000000,-4.325538200440,-247.835083007813,0.200000000000,
0.000000000000,-4.325394389741,-247.826843261719,0.200000000000,
0.000000000000,-4.325154705243,-247.813110351563,0.200000000000,
0.000000000000,-4.325154705243,-247.813110351563,0.200000000000,
0.000000000000,-4.324962957644,-247.802124023438,0.200000000000,
0.000000000000,-4.324819146945,-247.793884277344,0.200000000000,
0.000000000000,-4.324579462447,-247.780151367188,0.200000000000,
0.000000000000,-4.324435651748,-247.771911621094,0.200000000000,
0.000000000000,-4.324243904150,-247.760925292969,0.200000000000,
0.000000000000,-4.324243904150,-247.760925292969,0.200000000000,
0.000000000000,-4.324052156552,-247.749938964844,0.200000000000,
0.000000000000,-4.323860408953,-247.738952636719,0.200000000000,
0.000000000000,-4.323668661355,-247.727966308594,0.200000000000,
0.000000000000,-4.323381039957,-247.711486816407,0.200000000000,
0.000000000000,-4.323189292358,-247.700500488282,0.200000000000,
0.000000000000,-4.323189292358,-247.700500488282,0.200000000000,
0.000000000000,-4.322997544760,-247.689514160157,0.200000000000,
0.000000000000,-4.322853734061,-247.681274414063,0.200000000000,
0.000000000000,-4.322661986463,-247.670288085938,0.200000000000,
0.000000000000,-4.322470238864,-247.659301757813,0.200000000000,
0.000000000000,-4.322278491266,-247.648315429688,0.200000000000,
0.000000000000,-4.322278491266,-247.648315429688,0.200000000000,
0.000000000000,-4.321990869868,-247.631835937501,0.200000000000,
0.000000000000,-4.321799122269,-247.620849609376,0.200000000000,
0.000000000000,-4.321703248470,-247.615356445313,0.200000000000,
0.000000000000,-4.321415627072,-247.598876953126,0.200000000000,
0.000000000000,-4.321223879474,-247.587890625001,0.200000000000,
0.000000000000,-4.321223879474,-247.587890625001,0.200000000000,
0.000000000000,-4.321080068775,-247.579650878907,0.200000000000,
0.000000000000,-4.320888321177,-247.568664550782,0.200000000000,
0.000000000000,-4.320600699779,-247.552185058594,0.200000000000,
0.000000000000,-4.320408952180,-247.541198730469,0.200000000000,
0.000000000000,-4.320217204582,-247.530212402344,0.200000000000,
0.000000000000,-4.320217204582,-247.530212402344,0.200000000000,
0.000000000000,-4.320025456983,-247.519226074219,0.200000000000,
0.000000000000,-4.319881646284,-247.510986328126,0.200000000000,
0.000000000000,-4.319689898686,-247.500000000001,0.200000000000,
0.000000000000,-4.319498151087,-247.489013671876,0.200000000000,
0.000000000000,-4.319306403489,-247.478027343751,0.200000000000,
0.000000000000,-4.319306403489,-247.478027343751,0.200000000000,
0.000000000000,-4.319114655891,-247.467041015626,0.200000000000,
0.000000000000,-4.318827034493,-247.450561523438,0.200000000000,
0.000000000000,-4.318635286894,-247.439575195313,0.200000000000,
0.000000000000,-4.318491476195,-247.431335449219,0.200000000000,
0.000000000000,-4.318299728597,-247.420349121094,0.200000000000,
0.000000000000,-4.318299728597,-247.420349121094,0.200000000000,
0.000000000000,-4.318012107199,-247.403869628907,0.200000000000,
0.000000000000,-4.317820359601,-247.392883300782,0.200000000000,
0.000000000000,-4.317676548902,-247.384643554688,0.200000000000,
0.000000000000,-4.317484801303,-247.373657226563,0.200000000000,
0.000000000000,-4.317293053705,-247.362670898438,0.200000000000,
0.000000000000,-4.317293053705,-247.362670898438,0.200000000000,
0.000000000000,-4.317101306106,-247.351684570313,0.200000000000,
0.000000000000,-4.316909558508,-247.340698242188,0.200000000000,
0.000000000000,-4.316717810909,-247.329711914063,0.200000000000,
0.000000000000,-4.316430189512,-247.313232421876,0.200000000000,
0.000000000000,-4.316286378813,-247.304992675782,0.200000000000,
0.000000000000,-4.316286378813,-247.304992675782,0.200000000000,
0.000000000000,-4.316094631214,-247.294006347657,0.200000000000,
0.000000000000,-4.315902883616,-247.283020019532,0.200000000000,
0.000000000000,-4.315615262218,-247.266540527344,0.200000000000,
0.000000000000,-4.315423514620,-247.255554199219,0.200000000000,
0.000000000000,-4.315279703921,-247.247314453126,0.200000000000,
0.000000000000,-4.315279703921,-247.247314453126,0.200000000000,
0.000000000000,-4.315087956322,-247.236328125001,0.200000000000,
0.000000000000,-4.314896208724,-247.225341796876,0.200000000000,
0.000000000000,-4.314704461125,-247.214355468751,0.200000000000,
0.000000000000,-4.314416839728,-247.197875976563,0.200000000000,
0.000000000000,-4.314225092129,-247.186889648438,0.200000000000,
0.000000000000,-4.314225092129,-247.186889648438,0.200000000000,
0.000000000000,-4.314033344531,-247.175903320313,0.200000000000,
0.000000000000,-4.313889533832,-247.167663574219,0.200000000000,
0.000000000000,-4.313697786233,-247.156677246094,0.200000000000,
0.000000000000,-4.313506038635,-247.145690917969,0.200000000000,
0.000000000000,-4.313218417237,-247.129211425782,0.200000000000,
0.000000000000,-4.313218417237,-247.129211425782,0.200000000000,
0.000000000000,-4.313026669639,-247.118225097657,0.200000000000,
0.000000000000,-4.312834922040,-247.107238769532,0.200000000000,
0.000000000000,-4.312691111341,-247.098999023438,0.200000000000,
0.000000000000,-4.312499363743,-247.088012695313,0.200000000000,
0.000000000000,-4.312307616144,-247.077026367188,0.200000000000,
0.000000000000,-4.312307616144,-247.077026367188,0.200000000000,
0.000000000000,-4.312115868546,-247.066040039063,0.200000000000,
0.000000000000,-4.311924120947,-247.055053710938,0.200000000000,
0.000000000000,-4.311732373349,-247.044067382813,0.200000000000,
0.000000000000,-4.311444751951,-247.027587890626,0.200000000000,
0.000000000000,-4.311253004353,-247.016601562501,0.200000000000,
0.000000000000,-4.311253004353,-247.016601562501,0.200000000000,
0.000000000000,-4.311109193654,-247.008361816407,0.200000000000,
0.000000000000,-4.310917446055,-246.997375488282,0.200000000000,
0.000000000000,-4.310725698457,-246.986389160157,0.200000000000,
0.000000000000,-4.310438077059,-246.969909667969,0.200000000000,
0.000000000000,-4.310246329461,-246.958923339844,0.200000000000,
0.000000000000,-4.310246329461,-246.958923339844,0.200000000000,
0.000000000000,-4.310150455661,-246.953430175782,0.200000000000,
0.000000000000,-4.309958708063,-246.942443847657,0.200000000000,
0.000000000000,-4.309766960464,-246.931457519532,0.200000000000,
0.000000000000,-4.309575212866,-246.920471191407,0.200000000000,
0.000000000000,-4.309287591468,-246.903991699219,0.200000000000,
0.000000000000,-4.309287591468,-246.903991699219,0.200000000000,
0.000000000000,-4.309143780769,-246.895751953126,0.200000000000,
0.000000000000,-4.308952033171,-246.884765625001,0.200000000000,
0.000000000000,-4.308760285572,-246.873779296876,0.200000000000,
0.000000000000,-4.308568537974,-246.862792968751,0.200000000000,
0.000000000000,-4.308376790375,-246.851806640626,0.200000000000,
0.000000000000,-4.308376790375,-246.851806640626,0.200000000000,
0.000000000000,-4.308185042777,-246.840820312501,0.200000000000,
0.000000000000,-4.307897421379,-246.824340820313,0.200000000000,
0.000000000000,-4.307705673781,-246.813354492188,0.200000000000,
0.000000000000,-4.307561863082,-246.805114746094,0.200000000000,
0.000000000000,-4.307370115483,-246.794128417969,0.200000000000,
0.000000000000,-4.307370115483,-246.794128417969,0.200000000000,
0.000000000000,-4.307178367885,-246.783142089844,0.200000000000,
0.000000000000,-4.306986620286,-246.772155761719,0.200000000000,
0.000000000000,-4.306794872688,-246.761169433594,0.200000000000,
0.000000000000,-4.306603125089,-246.750183105469,0.200000000000,
0.000000000000,-4.306411377491,-246.739196777344,0.200000000000,
0.000000000000,-4.306411377491,-246.739196777344,0.200000000000,
0.000000000000,-4.306219629892,-246.728210449219,0.200000000000,
0.000000000000,-4.306027882294,-246.717224121094,0.200000000000,
0.000000000000,-4.305836134695,-246.706237792969,0.200000000000,
0.000000000000,-4.305644387097,-246.695251464844,0.200000000000,
0.000000000000,-4.305452639498,-246.684265136719,0.200000000000,
0.000000000000,-4.305452639498,-246.684265136719,0.200000000000,
0.000000000000,-4.305260891900,-246.673278808594,0.200000000000,
0.000000000000,-4.304973270502,-246.656799316407,0.200000000000,
0.000000000000,-4.304877396703,-246.651306152344,0.200000000000,
0.000000000000,-4.304589775305,-246.634826660157,0.200000000000,
0.000000000000,-4.304398027707,-246.623840332032,0.200000000000,
0.000000000000,-4.304398027707,-246.623840332032,0.200000000000,
0.000000000000,-4.304302153907,-246.618347167969,0.200000000000,
0.000000000000,-4.304014532510,-246.601867675782,0.200000000000,
0.000000000000,-4.303822784911,-246.590881347657,0.200000000000,
0.000000000000,-4.303631037313,-246.579895019532,0.200000000000,
0.000000000000,-4.303439289714,-246.568908691407,0.200000000000,
0.000000000000,-4.303439289714,-246.568908691407,0.200000000000,
0.000000000000,-4.303295479015,-246.560668945313,0.200000000000,
0.000000000000,-4.303103731417,-246.549682617188,0.200000000000,
0.000000000000,-4.302911983818,-246.538696289063,0.200000000000,
0.000000000000,-4.302624362421,-246.522216796876,0.200000000000,
0.000000000000,-4.302528488622,-246.516723632813,0.200000000000,
0.000000000000,-4.302528488622,-246.516723632813,0.200000000000,
0.000000000000,-4.302240867224,-246.500244140626,0.200000000000,
0.000000000000,-4.302097056525,-246.492004394532,0.200000000000,
0.000000000000,-4.301905308926,-246.481018066407,0.200000000000,
0.000000000000,-4.301617687529,-246.464538574219,0.200000000000,
0.000000000000,-4.301521813729,-246.459045410157,0.200000000000,
0.000000000000,-4.301521813729,-246.459045410157,0.200000000000,
0.000000000000,-4.301330066131,-246.448059082032,0.200000000000,
0.000000000000,-4.301042444733,-246.431579589844,0.200000000000,
0.000000000000,-4.300898634034,-246.423339843751,0.200000000000,
0.000000000000,-4.300658949536,-246.409606933594,0.200000000000,
0.000000000000,-4.300515138837,-246.401367187501,0.200000000000,
0.000000000000,-4.300515138837,-246.401367187501,0.200000000000,
0.000000000000,-4.300323391239,-246.390380859376,0.200000000000,
0.000000000000,-4.300035769841,-246.373901367188,0.200000000000,
0.000000000000,-4.299844022243,-246.362915039063,0.200000000000,
0.000000000000,-4.299652274644,-246.351928710938,0.200000000000,
0.000000000000,-4.299508463945,-246.343688964844,0.200000000000,
0.000000000000,-4.299508463945,-246.343688964844,0.200000000000,
0.000000000000,-4.299316716347,-246.332702636719,0.200000000000,
0.000000000000,-4.299124968748,-246.321716308594,0.200000000000,
0.000000000000,-4.298933221150,-246.310729980469,0.200000000000,
0.000000000000,-4.298741473551,-246.299743652344,0.200000000000,
0.000000000000,-4.298549725953,-246.288757324219,0.200000000000,
0.000000000000,-4.298549725953,-246.288757324219,0.200000000000,
0.000000000000,-4.298262104555,-246.272277832032,0.200000000000,
0.000000000000,-4.298070356957,-246.261291503907,0.200000000000,
0.000000000000,-4.297878609358,-246.250305175782,0.200000000000,
0.000000000000,-4.297686861760,-246.239318847657,0.200000000000,
0.000000000000,-4.297543051061,-246.231079101563,0.200000000000,
0.000000000000,-4.297543051061,-246.231079101563,0.200000000000,
0.000000000000,-4.297351303462,-246.220092773438,0.200000000000,
0.000000000000,-4.297159555864,-246.209106445313,0.200000000000,
0.000000000000,-4.296967808265,-246.198120117188,0.200000000000,
0.000000000000,-4.296776060667,-246.187133789063,0.200000000000,
0.000000000000,-4.296488439269,-246.170654296876,0.200000000000,
0.000000000000,-4.296488439269,-246.170654296876,0.200000000000,
0.000000000000,-4.296296691671,-246.159667968751,0.200000000000,
0.000000000000,-4.296057007173,-246.145935058594,0.200000000000,
0.000000000000,-4.295961133373,-246.140441894532,0.200000000000,
0.000000000000,-4.295673511976,-246.123962402344,0.200000000000,
0.000000000000,-4.295481764377,-246.112976074219,0.200000000000,
0.000000000000,-4.295481764377,-246.112976074219,0.200000000000,
0.000000000000,-4.295290016779,-246.101989746094,0.200000000000,
0.000000000000,-4.295146206080,-246.093750000001,0.200000000000,
0.000000000000,-4.294954458481,-246.082763671876,0.200000000000,
0.000000000000,-4.294666837084,-246.066284179688,0.200000000000,
0.000000000000,-4.294475089485,-246.055297851563,0.200000000000,
0.000000000000,-4.294475089485,-246.055297851563,0.200000000000,
0.000000000000,-4.294331278786,-246.047058105469,0.200000000000,
0.000000000000,-4.294139531188,-246.036071777344,0.200000000000,
0.000000000000,-4.293947783589,-246.025085449219,0.200000000000,
0.000000000000,-4.293660162192,-246.008605957032,0.200000000000,
0.000000000000,-4.293468414593,-245.997619628907,0.200000000000,
0.000000000000,-4.293468414593,-245.997619628907,0.200000000000,
0.000000000000,-4.293324603894,-245.989379882813,0.200000000000,
0.000000000000,-4.293132856296,-245.978393554688,0.200000000000,
0.000000000000,-4.292845234898,-245.961914062501,0.200000000000,
0.000000000000,-4.292653487299,-245.950927734376,0.200000000000,
0.000000000000,-4.292509676601,-245.942687988282,0.200000000000,
0.000000000000,-4.292509676601,-245.942687988282,0.200000000000,
0.000000000000,-4.292222055203,-245.926208496094,0.200000000000,
0.000000000000,-4.292030307604,-245.915222167969,0.200000000000,
0.000000000000,-4.291886496906,-245.906982421876,0.200000000000,
0.000000000000,-4.291694749307,-245.895996093751,0.200000000000,
0.000000000000,-4.291407127909,-245.879516601563,0.200000000000,
0.000000000000,-4.291407127909,-245.879516601563,0.200000000000,
0.000000000000,-4.291215380311,-245.868530273438,0.200000000000,
0.000000000000,-4.291023632712,-245.857543945313,0.200000000000,
0.000000000000,-4.290879822013,-245.849304199219,0.200000000000,
0.000000000000,-4.290688074415,-245.838317871094,0.200000000000,
0.000000000000,-4.290400453017,-245.821838378907,0.200000000000,
0.000000000000,-4.290400453017,-245.821838378907,0.200000000000,
0.000000000000,-4.290256642318,-245.813598632813,0.200000000000,
0.000000000000,-4.290064894720,-245.802612304688,0.200000000000,
0.000000000000,-4.289777273322,-245.786132812501,0.200000000000,
0.000000000000,-4.289633462623,-245.777893066407,0.200000000000,
0.000000000000,-4.289441715025,-245.766906738282,0.200000000000,
0.000000000000,-4.289441715025,-245.766906738282,0.200000000000,
0.000000000000,-4.289154093627,-245.750427246094,0.200000000000,
0.000000000000,-4.288962346029,-245.739440917969,0.200000000000,
0.000000000000,-4.288818535330,-245.731201171876,0.200000000000,
0.000000000000,-4.288530913932,-245.714721679688,0.200000000000,
0.000000000000,-4.288339166334,-245.703735351563,0.200000000000,
0.000000000000,-4.288339166334,-245.703735351563,0.200000000000,
0.000000000000,-4.288147418735,-245.692749023438,0.200000000000,
0.000000000000,-4.288003608036,-245.684509277344,0.200000000000,
0.000000000000,-4.287715986638,-245.668029785157,0.200000000000,
0.000000000000,-4.287524239040,-245.657043457032,0.200000000000,
0.000000000000,-4.287380428341,-245.648803710938,0.200000000000,
0.000000000000,-4.287380428341,-245.648803710938,0.200000000000,
0.000000000000,-4.287188680743,-245.637817382813,0.200000000000,
0.000000000000,-4.286948996245,-245.624084472657,0.200000000000,
0.000000000000,-4.286757248646,-245.613098144532,0.200000000000,
0.000000000000,-4.286565501048,-245.602111816407,0.200000000000,
0.000000000000,-4.286373753449,-245.591125488282,0.200000000000,
0.000000000000,-4.286373753449,-245.591125488282,0.200000000000,
0.000000000000,-4.286229942750,-245.582885742188,0.200000000000,
0.000000000000,-4.285894384453,-245.563659667969,0.200000000000,
0.000000000000,-4.285750573754,-245.555419921876,0.200000000000,
0.000000000000,-4.285558826156,-245.544433593751,0.200000000000,
0.000000000000,-4.285367078557,-245.533447265626,0.200000000000,
0.000000000000,-4.285367078557,-245.533447265626,0.200000000000,
0.000000000000,-4.285079457159,-245.516967773438,0.200000000000,
0.000000000000,-4.284935646460,-245.508728027344,0.200000000000,
0.000000000000,-4.284743898862,-245.497741699219,0.200000000000,
0.000000000000,-4.284552151263,-245.486755371094,0.200000000000,
0.000000000000,-4.284360403665,-245.475769042969,0.200000000000,
0.000000000000,-4.284360403665,-245.475769042969,0.200000000000,
0.000000000000,-4.284120719167,-245.462036132813,0.200000000000,
0.000000000000,-4.283928971568,-245.451049804688,0.200000000000,
0.000000000000,-4.283737223970,-245.440063476563,0.200000000000,
0.000000000000,-4.283545476371,-245.429077148438,0.200000000000,
0.000000000000,-4.283257854974,-245.412597656251,0.200000000000,
0.000000000000,-4.283257854974,-245.412597656251,0.200000000000,
0.000000000000,-4.283066107375,-245.401611328126,0.200000000000,
0.000000000000,-4.282922296676,-245.393371582032,0.200000000000,
0.000000000000,-4.282730549078,-245.382385253907,0.200000000000,
0.000000000000,-4.282538801479,-245.371398925782,0.200000000000,
0.000000000000,-4.282251180082,-245.354919433594,0.200000000000,
0.000000000000,-4.282251180082,-245.354919433594,0.200000000000,
0.000000000000,-4.282107369383,-245.346679687501,0.200000000000,
0.000000000000,-4.281915621784,-245.335693359376,0.200000000000,
0.000000000000,-4.281723874186,-245.324707031251,0.200000000000,
0.000000000000,-4.281532126587,-245.313720703126,0.200000000000,
0.000000000000,-4.281244505190,-245.297241210938,0.200000000000,
0.000000000000,-4.281244505190,-245.297241210938,0.200000000000,
0.000000000000,-4.281052757591,-245.286254882813,0.200000000000,
0.000000000000,-4.280861009993,-245.275268554688,0.200000000000,
0.000000000000,-4.280669262394,-245.264282226563,0.200000000000,
0.000000000000,-4.280477514796,-245.253295898438,0.200000000000,
0.000000000000,-4.280333704097,-245.245056152344,0.200000000000,
0.000000000000,-4.280333704097,-245.245056152344,0.200000000000,
0.000000000000,-4.280141956498,-245.234069824219,0.200000000000,
0.000000000000,-4.279950208900,-245.223083496094,0.200000000000,
0.000000000000,-4.279758461301,-245.212097167969,0.200000000000,
0.000000000000,-4.279470839904,-245.195617675782,0.200000000000,
0.000000000000,-4.279374966104,-245.190124511719,0.200000000000,
0.000000000000,-4.279374966104,-245.190124511719,0.200000000000,
0.000000000000,-4.279087344707,-245.173645019532,0.200000000000,
0.000000000000,-4.278895597108,-245.162658691407,0.200000000000,
0.000000000000,-4.278703849510,-245.151672363282,0.200000000000,
0.000000000000,-4.278607975710,-245.146179199219,0.200000000000,
0.000000000000,-4.278416228112,-245.135192871094,0.200000000000,
0.000000000000,-4.278416228112,-245.135192871094,0.200000000000,
0.000000000000,-4.278224480513,-245.124206542969,0.200000000000,
0.000000000000,-4.278032732915,-245.113220214844,0.200000000000,
0.000000000000,-4.277793048417,-245.099487304688,0.200000000000,
0.000000000000,-4.277601300818,-245.088500976563,0.200000000000,
0.000000000000,-4.277409553220,-245.077514648438,0.200000000000,
0.000000000000,-4.277409553220,-245.077514648438,0.200000000000,
0.000000000000,-4.277265742521,-245.069274902344,0.200000000000,
0.000000000000,-4.277026058023,-245.055541992188,0.200000000000,
0.000000000000,-4.276834310424,-245.044555664063,0.200000000000,
0.000000000000,-4.276690499726,-245.036315917969,0.200000000000,
0.000000000000,-4.276402878328,-245.019836425782,0.200000000000,
0.000000000000,-4.276402878328,-245.019836425782,0.200000000000,
0.000000000000,-4.276211130729,-245.008850097657,0.200000000000,
0.000000000000,-4.276019383131,-244.997863769532,0.200000000000,
0.000000000000,-4.275875572432,-244.989624023438,0.200000000000,
0.000000000000,-4.275683824834,-244.978637695313,0.200000000000,
0.000000000000,-4.275492077235,-244.967651367188,0.200000000000,
0.000000000000,-4.275492077235,-244.967651367188,0.200000000000,
0.000000000000,-4.275300329637,-244.956665039063,0.200000000000,
0.000000000000,-4.275012708239,-244.940185546876,0.200000000000,
0.000000000000,-4.274820960640,-244.929199218751,0.200000000000,
0.000000000000,-4.274677149941,-244.920959472657,0.200000000000,
0.000000000000,-4.274485402343,-244.909973144532,0.200000000000,
0.000000000000,-4.274485402343,-244.909973144532,0.200000000000,
0.000000000000,-4.274293654744,-244.898986816407,0.200000000000,
0.000000000000,-4.274101907146,-244.888000488282,0.200000000000,
0.000000000000,-4.273814285748,-244.871520996094,0.200000000000,
0.000000000000,-4.273718411949,-244.866027832032,0.200000000000,
0.000000000000,-4.273430790551,-244.849548339844,0.200000000000,
0.000000000000,-4.273430790551,-244.849548339844,0.200000000000,
0.000000000000,-4.273239042953,-244.838562011719,0.200000000000,
0.000000000000,-4.273095232254,-244.830322265626,0.200000000000,
0.000000000000,-4.272855547756,-244.816589355469,0.200000000000,
0.000000000000,-4.272663800157,-244.805603027344,0.200000000000,
0.000000000000,-4.272519989458,-244.797363281251,0.200000000000,
0.000000000000,-4.272519989458,-244.797363281251,0.200000000000,
0.000000000000,-4.272280304960,-244.783630371094,0.200000000000,
0.000000000000,-4.272136494262,-244.775390625001,0.200000000000,
0.000000000000,-4.271848872864,-244.758911132813,0.200000000000,
0.000000000000,-4.271657125265,-244.747924804688,0.200000000000,
0.000000000000,-4.271465377667,-244.736938476563,0.200000000000,
0.000000000000,-4.271465377667,-244.736938476563,0.200000000000,
0.000000000000,-4.271273630068,-244.725952148438,0.200000000000,
0.000000000000,-4.271129819369,-244.717712402344,0.200000000000,
0.000000000000,-4.270938071771,-244.706726074219,0.200000000000,
0.000000000000,-4.270746324172,-244.695739746094,0.200000000000,
0.000000000000,-4.270458702775,-244.679260253907,0.200000000000,
0.000000000000,-4.270458702775,-244.679260253907,0.200000000000,
0.000000000000,-4.270266955176,-244.668273925782,0.200000000000,
0.000000000000,-4.270075207578,-244.657287597657,0.200000000000,
0.000000000000,-4.269883459979,-244.646301269532,0.200000000000,
0.000000000000,-4.269739649280,-244.638061523438,0.200000000000,
0.000000000000,-4.269547901682,-244.627075195313,0.200000000000,
0.000000000000,-4.269547901682,-244.627075195313,0.200000000000,
0.000000000000,-4.269260280284,-244.610595703126,0.200000000000,
0.000000000000,-4.269068532686,-244.599609375001,0.200000000000,
0.000000000000,-4.268876785087,-244.588623046876,0.200000000000,
0.000000000000,-4.268732974388,-244.580383300782,0.200000000000,
0.000000000000,-4.268445352991,-244.563903808594,0.200000000000,
0.000000000000,-4.268445352991,-244.563903808594,0.200000000000,
0.000000000000,-4.268253605392,-244.552917480469,0.200000000000,
0.000000000000,-4.268061857794,-244.541931152344,0.200000000000,
0.000000000000,-4.267918047095,-244.533691406251,0.200000000000,
0.000000000000,-4.267726299496,-244.522705078126,0.200000000000,
0.000000000000,-4.267534551898,-244.511718750001,0.200000000000,
0.000000000000,-4.267534551898,-244.511718750001,0.200000000000,
0.000000000000,-4.267246930500,-244.495239257813,0.200000000000,
0.000000000000,-4.267103119801,-244.486999511719,0.200000000000,
0.000000000000,-4.266911372203,-244.476013183594,0.200000000000,
0.000000000000,-4.266719624604,-244.465026855469,0.200000000000,
0.000000000000,-4.266432003207,-244.448547363282,0.200000000000,
0.000000000000,-4.266432003207,-244.448547363282,0.200000000000,
0.000000000000,-4.266240255608,-244.437561035157,0.200000000000,
0.000000000000,-4.266096444909,-244.429321289063,0.200000000000,
0.000000000000,-4.265904697311,-244.418334960938,0.200000000000,
0.000000000000,-4.265617075913,-244.401855468751,0.200000000000,
0.000000000000,-4.265425328315,-244.390869140626,0.200000000000,
0.000000000000,-4.265425328315,-244.390869140626,0.200000000000,
0.000000000000,-4.265281517616,-244.382629394532,0.200000000000,
0.000000000000,-4.265089770017,-244.371643066407,0.200000000000,
0.000000000000,-4.264898022419,-244.360656738282,0.200000000000,
0.000000000000,-4.264610401021,-244.344177246094,0.200000000000,
0.000000000000,-4.264418653422,-244.333190917969,0.200000000000,
0.000000000000,-4.264418653422,-244.333190917969,0.200000000000,
0.000000000000,-4.264274842724,-244.324951171876,0.200000000000,
0.000000000000,-4.264083095125,-244.313964843751,0.200000000000,
0.000000000000,-4.263795473727,-244.297485351563,0.200000000000,
0.000000000000,-4.263603726129,-244.286499023438,0.200000000000,
0.000000000000,-4.263459915430,-244.278259277344,0.200000000000,
0.000000000000,-4.263459915430,-244.278259277344,0.200000000000,
0.000000000000,-4.263268167832,-244.267272949219,0.200000000000,
0.000000000000,-4.262980546434,-244.250793457032,0.200000000000,
0.000000000000,-4.262788798835,-244.239807128907,0.200000000000,
0.000000000000,-4.262597051237,-244.228820800782,0.200000000000,
0.000000000000,-4.262453240538,-244.220581054688,0.200000000000,
0.000000000000,-4.262453240538,-244.220581054688,0.200000000000,
0.000000000000,-4.262261492940,-244.209594726563,0.200000000000,
0.000000000000,-4.261973871542,-244.193115234376,0.200000000000,
0.000000000000,-4.261877997743,-244.187622070313,0.200000000000,
0.000000000000,-4.261638313244,-244.173889160157,0.200000000000,
0.000000000000,-4.261446565646,-244.162902832032,0.200000000000,
0.000000000000,-4.261446565646,-244.162902832032,0.200000000000,
0.000000000000,-4.261254818047,-244.151916503907,0.200000000000,
0.000000000000,-4.261063070449,-244.140930175782,0.200000000000,
0.000000000000,-4.260775449051,-244.124450683594,0.200000000000,
0.000000000000,-4.260631638352,-244.116210937501,0.200000000000,
0.000000000000,-4.260391953854,-244.102478027344,0.200000000000,
0.000000000000,-4.260391953854,-244.102478027344,0.200000000000,
0.000000000000,-4.260248143155,-244.094238281251,0.200000000000,
0.000000000000,-4.260056395557,-244.083251953126,0.200000000000,
0.000000000000,-4.259768774159,-244.066772460938,0.200000000000,
0.000000000000,-4.259577026561,-244.055786132813,0.200000000000,
0.000000000000,-4.259385278962,-244.044799804688,0.200000000000,
0.000000000000,-4.259385278962,-244.044799804688,0.200000000000,
0.000000000000,-4.259241468263,-244.036560058594,0.200000000000,
0.000000000000,-4.259049720665,-244.025573730469,0.200000000000,
0.000000000000,-4.258762099267,-244.009094238282,0.200000000000,
0.000000000000,-4.258570351669,-243.998107910157,0.200000000000,
0.000000000000,-4.258474477869,-243.992614746094,0.200000000000,
0.000000000000,-4.258474477869,-243.992614746094,0.200000000000,
0.000000000000,-4.258186856472,-243.976135253907,0.200000000000,
0.000000000000,-4.257995108873,-243.965148925782,0.200000000000,
0.000000000000,-4.257803361275,-243.954162597657,0.200000000000,
0.000000000000,-4.257659550576,-243.945922851563,0.200000000000,
0.000000000000,-4.257467802977,-243.934936523438,0.200000000000,
0.000000000000,-4.257467802977,-243.934936523438,0.200000000000,
0.000000000000,-4.257276055379,-243.923950195313,0.200000000000,
0.000000000000,-4.257084307780,-243.912963867188,0.200000000000,
0.000000000000,-4.256796686383,-243.896484375001,0.200000000000,
0.000000000000,-4.256604938784,-243.885498046876,0.200000000000,
0.000000000000,-4.256557001885,-243.882751464844,0.200000000000,
0.000000000000,-4.256557001885,-243.882751464844,0.200000000000,
0.000000000000,-4.256269380487,-243.866271972657,0.200000000000,
0.000000000000,-4.256077632888,-243.855285644532,0.200000000000,
0.000000000000,-4.255885885290,-243.844299316407,0.200000000000,
0.000000000000,-4.255694137691,-243.833312988282,0.200000000000,
0.000000000000,-4.255406516294,-243.816833496094,0.200000000000,
0.000000000000,-4.255406516294,-243.816833496094,0.200000000000,
0.000000000000,-4.255214768695,-243.805847167969,0.200000000000,
0.000000000000,-4.255023021097,-243.794860839844,0.200000000000,
0.000000000000,-4.254831273498,-243.783874511719,0.200000000000,
0.000000000000,-4.254687462799,-243.775634765626,0.200000000000,
0.000000000000,-4.254495715201,-243.764648437501,0.200000000000,
0.000000000000,-4.254495715201,-243.764648437501,0.200000000000,
0.000000000000,-4.254303967602,-243.753662109376,0.200000000000,
0.000000000000,-4.254112220004,-243.742675781251,0.200000000000,
0.000000000000,-4.253920472405,-243.731689453126,0.200000000000,
0.000000000000,-4.253728724807,-243.720703125001,0.200000000000,
0.000000000000,-4.253536977208,-243.709716796876,0.200000000000,
0.000000000000,-4.253536977208,-243.709716796876,0.200000000000,
0.000000000000,-4.253345229610,-243.698730468751,0.200000000000,
0.000000000000,-4.253057608212,-243.682250976563,0.200000000000,
0.000000000000,-4.252961734413,-243.676757812501,0.200000000000,
0.000000000000,-4.252674113015,-243.660278320313,0.200000000000,
0.000000000000,-4.252482365417,-243.649291992188,0.200000000000,
0.000000000000,-4.252482365417,-243.649291992188,0.200000000000,
0.000000000000,-4.252290617818,-243.638305664063,0.200000000000,
0.000000000000,-4.252098870220,-243.627319335938,0.200000000000,
0.000000000000,-4.251907122621,-243.616333007813,0.200000000000,
0.000000000000,-4.251763311922,-243.608093261719,0.200000000000,
0.000000000000,-4.251571564324,-243.597106933594,0.200000000000,
0.000000000000,-4.251571564324,-243.597106933594,0.200000000000,
0.000000000000,-4.251379816725,-243.586120605469,0.200000000000,
0.000000000000,-4.251188069127,-243.575134277344,0.200000000000,
0.000000000000,-4.250996321528,-243.564147949219,0.200000000000,
0.000000000000,-4.250804573930,-243.553161621094,0.200000000000,
0.000000000000,-4.250516952532,-243.536682128907,0.200000000000,
0.000000000000,-4.250516952532,-243.536682128907,0.200000000000,
0.000000000000,-4.250373141833,-243.528442382813,0.200000000000,
0.000000000000,-4.250181394235,-243.517456054688,0.200000000000,
0.000000000000,-4.249893772837,-243.500976562501,0.200000000000,
0.000000000000,-4.249797899038,-243.495483398438,0.200000000000,
0.000000000000,-4.249510277640,-243.479003906251,0.200000000000,
0.000000000000,-4.249510277640,-243.479003906251,0.200000000000,
0.000000000000,-4.249318530042,-243.468017578126,0.200000000000,
0.000000000000,-4.249126782443,-243.457031250001,0.200000000000,
0.000000000000,-4.248935034845,-243.446044921876,0.200000000000,
0.000000000000,-4.248791224146,-243.437805175782,0.200000000000,
0.000000000000,-4.248503602748,-243.421325683594,0.200000000000,
0.000000000000,-4.248503602748,-243.421325683594,0.200000000000,
0.000000000000,-4.248407728949,-243.415832519532,0.200000000000,
0.000000000000,-4.248120107551,-243.399353027344,0.200000000000,
0.000000000000,-4.247928359953,-243.388366699219,0.200000000000,
0.000000000000,-4.247736612354,-243.377380371094,0.200000000000,
0.000000000000,-4.247592801655,-243.369140625001,0.200000000000,
0.000000000000,-4.247592801655,-243.369140625001,0.200000000000,
0.000000000000,-4.247401054057,-243.358154296876,0.200000000000,
0.000000000000,-4.247209306458,-243.347167968751,0.200000000000,
0.000000000000,-4.247017558860,-243.336181640626,0.200000000000,
0.000000000000,-4.246825811261,-243.325195312501,0.200000000000,
0.000000000000,-4.246538189864,-243.308715820313,0.200000000000,
0.000000000000,-4.246538189864,-243.308715820313,0.200000000000,
0.000000000000,-4.246346442265,-243.297729492188,0.200000000000,
0.000000000000,-4.246154694667,-243.286743164063,0.200000000000,
0.000000000000,-4.246010883968,-243.278503417969,0.200000000000,
0.000000000000,-4.245771199470,-243.264770507813,0.200000000000,
0.000000000000,-4.245627388771,-243.256530761719,0.200000000000,
0.000000000000,-4.245627388771,-243.256530761719,0.200000000000,
0.000000000000,-4.245435641172,-243.245544433594,0.200000000000,
0.000000000000,-4.245243893574,-243.234558105469,0.200000000000,
0.000000000000,-4.245052145975,-243.223571777344,0.200000000000,
0.000000000000,-4.244764524578,-243.207092285157,0.200000000000,
0.000000000000,-4.244572776979,-243.196105957032,0.200000000000,
0.000000000000,-4.244572776979,-243.196105957032,0.200000000000,
0.000000000000,-4.244428966280,-243.187866210938,0.200000000000,
0.000000000000,-4.244189281782,-243.174133300782,0.200000000000,
0.000000000000,-4.244045471083,-243.165893554688,0.200000000000,
0.000000000000,-4.243757849686,-243.149414062501,0.200000000000,
0.000000000000,-4.243566102087,-243.138427734376,0.200000000000,
0.000000000000,-4.243566102087,-243.138427734376,0.200000000000,
0.000000000000,-4.243422291388,-243.130187988282,0.200000000000,
0.000000000000,-4.243230543790,-243.119201660157,0.200000000000,
0.000000000000,-4.242942922392,-243.102722167969,0.200000000000,
0.000000000000,-4.242751174794,-243.091735839844,0.200000000000,
0.000000000000,-4.242559427195,-243.080749511719,0.200000000000,
0.000000000000,-4.242559427195,-243.080749511719,0.200000000000,
0.000000000000,-4.242415616496,-243.072509765626,0.200000000000,
0.000000000000,-4.242223868898,-243.061523437501,0.200000000000,
0.000000000000,-4.242032121299,-243.050537109376,0.200000000000,
0.000000000000,-4.241744499902,-243.034057617188,0.200000000000,
0.000000000000,-4.241600689203,-243.025817871094,0.200000000000,
0.000000000000,-4.241600689203,-243.025817871094,0.200000000000,
0.000000000000,-4.241408941604,-243.014831542969,0.200000000000,
0.000000000000,-4.241217194006,-243.003845214844,0.200000000000,
0.000000000000,-4.240929572608,-242.987365722657,0.200000000000,
0.000000000000,-4.240785761909,-242.979125976563,0.200000000000,
0.000000000000,-4.240498140511,-242.962646484376,0.200000000000,
0.000000000000,-4.240498140511,-242.962646484376,0.200000000000,
0.000000000000,-4.240306392913,-242.951660156251,0.200000000000,
0.000000000000,-4.240114645314,-242.940673828126,0.200000000000,
0.000000000000,-4.239970834616,-242.932434082032,0.200000000000,
0.000000000000,-4.239683213218,-242.915954589844,0.200000000000,
0.000000000000,-4.239539402519,-242.907714843751,0.200000000000,
0.000000000000,-4.239539402519,-242.907714843751,0.200000000000,
0.000000000000,-4.239347654920,-242.896728515626,0.200000000000,
0.000000000000,-4.239060033523,-242.880249023438,0.200000000000,
0.000000000000,-4.238868285924,-242.869262695313,0.200000000000,
0.000000000000,-4.238724475225,-242.861022949219,0.200000000000,
0.000000000000,-4.238436853828,-242.844543457032,0.200000000000,
0.000000000000,-4.238436853828,-242.844543457032,0.200000000000,
0.000000000000,-4.238245106229,-242.833557128907,0.200000000000,
0.000000000000,-4.238101295530,-242.825317382813,0.200000000000,
0.000000000000,-4.237813674133,-242.808837890626,0.200000000000,
0.000000000000,-4.237621926534,-242.797851562501,0.200000000000,
0.000000000000,-4.237478115835,-242.789611816407,0.200000000000,
0.000000000000,-4.237478115835,-242.789611816407,0.200000000000,
0.000000000000,-4.237286368237,-242.778625488282,0.200000000000,
0.000000000000,-4.236998746839,-242.762145996094,0.200000000000,
0.000000000000,-4.236806999241,-242.751159667969,0.200000000000,
0.000000000000,-4.236663188542,-242.742919921876,0.200000000000,
0.000000000000,-4.236471440943,-242.731933593751,0.200000000000,
0.000000000000,-4.236471440943,-242.731933593751,0.200000000000,
0.000000000000,-4.236183819545,-242.715454101563,0.200000000000,
0.000000000000,-4.236040008847,-242.707214355469,0.200000000000,
0.000000000000,-4.235848261248,-242.696228027344,0.200000000000,
0.000000000000,-4.235560639850,-242.679748535157,0.200000000000,
0.000000000000,-4.235416829152,-242.671508789063,0.200000000000,
0.000000000000,-4.235416829152,-242.671508789063,0.200000000000,
0.000000000000,-4.235225081553,-242.660522460938,0.200000000000,
0.000000000000,-4.234937460155,-242.644042968751,0.200000000000,
0.000000000000,-4.234745712557,-242.633056640626,0.200000000000,
0.000000000000,-4.234601901858,-242.624816894532,0.200000000000,
0.000000000000,-4.234410154259,-242.613830566407,0.200000000000,
0.000000000000,-4.234410154259,-242.613830566407,0.200000000000,
0.000000000000,-4.234266343561,-242.605590820313,0.200000000000,
0.000000000000,-4.233930785263,-242.586364746094,0.200000000000,
0.000000000000,-4.233786974564,-242.578125000001,0.200000000000,
0.000000000000,-4.233595226966,-242.567138671876,0.200000000000,
0.000000000000,-4.233307605568,-242.550659179688,0.200000000000,
0.000000000000,-4.233307605568,-242.550659179688,0.200000000000,
0.000000000000,-4.233163794869,-242.542419433594,0.200000000000,
0.000000000000,-4.232972047271,-242.531433105469,0.200000000000,
0.000000000000,-4.232684425873,-242.514953613282,0.200000000000,
0.000000000000,-4.232492678275,-242.503967285157,0.200000000000,
0.000000000000,-4.232348867576,-242.495727539063,0.200000000000,
0.000000000000,-4.232348867576,-242.495727539063,0.200000000000,
0.000000000000,-4.232157119977,-242.484741210938,0.200000000000,
0.000000000000,-4.231965372379,-242.473754882813,0.200000000000,
0.000000000000,-4.231677750981,-242.457275390626,0.200000000000,
0.000000000000,-4.231486003383,-242.446289062501,0.200000000000,
0.000000000000,-4.231294255784,-242.435302734376,0.200000000000,
0.000000000000,-4.231294255784,-242.435302734376,0.200000000000,
0.000000000000,-4.231102508186,-242.424316406251,0.200000000000,
0.000000000000,-4.230958697487,-242.416076660157,0.200000000000,
0.000000000000,-4.230766949888,-242.405090332032,0.200000000000,
0.000000000000,-4.230575202290,-242.394104003907,0.200000000000,
0.000000000000,-4.230287580892,-242.377624511719,0.200000000000,
0.000000000000,-4.230287580892,-242.377624511719,0.200000000000,
0.000000000000,-4.230095833294,-242.366638183594,0.200000000000,
0.000000000000,-4.229952022595,-242.358398437501,0.200000000000,
0.000000000000,-4.229760274996,-242.347412109376,0.200000000000,
0.000000000000,-4.229472653598,-242.330932617188,0.200000000000,
0.000000000000,-4.229328842900,-242.322692871094,0.200000000000,
0.000000000000,-4.229328842900,-242.322692871094,0.200000000000,
0.000000000000,-4.229137095301,-242.311706542969,0.200000000000,
0.000000000000,-4.228945347703,-242.300720214844,0.200000000000,
0.000000000000,-4.228753600104,-242.289733886719,0.200000000000,
0.000000000000,-4.228561852506,-242.278747558594,0.200000000000,
0.000000000000,-4.228370104907,-242.267761230469,0.200000000000,
0.000000000000,-4.228370104907,-242.267761230469,0.200000000000,
0.000000000000,-4.228082483509,-242.251281738282,0.200000000000,
0.000000000000,-4.227986609710,-242.245788574219,0.200000000000,
0.000000000000,-4.227698988312,-242.229309082032,0.200000000000,
0.000000000000,-4.227507240714,-242.218322753907,0.200000000000,
0.000000000000,-4.227363430015,-242.210083007813,0.200000000000,
0.000000000000,-4.227363430015,-242.210083007813,0.200000000000,
0.000000000000,-4.227171682417,-242.199096679688,0.200000000000,
0.000000000000,-4.226979934818,-242.188110351563,0.200000000000,
0.000000000000,-4.226788187220,-242.177124023438,0.200000000000,
0.000000000000,-4.226500565822,-242.160644531251,0.200000000000,
0.000000000000,-4.226308818223,-242.149658203126,0.200000000000,
0.000000000000,-4.226308818223,-242.149658203126,0.200000000000,
0.000000000000,-4.226117070625,-242.138671875001,0.200000000000,
0.000000000000,-4.225925323026,-242.127685546876,0.200000000000,
0.000000000000,-4.225733575428,-242.116699218751,0.200000000000,
0.000000000000,-4.225589764729,-242.108459472657,0.200000000000,
0.000000000000,-4.225398017131,-242.097473144532,0.200000000000,
0.000000000000,-4.225398017131,-242.097473144532,0.200000000000,
0.000000000000,-4.225206269532,-242.086486816407,0.200000000000,
0.000000000000,-4.225014521934,-242.075500488282,0.200000000000,
0.000000000000,-4.224822774335,-242.064514160157,0.200000000000,
0.000000000000,-4.224631026737,-242.053527832032,0.200000000000,
0.000000000000,-4.224343405339,-242.037048339844,0.200000000000,
0.000000000000,-4.224343405339,-242.037048339844,0.200000000000,
0.000000000000,-4.224151657740,-242.026062011719,0.200000000000,
0.000000000000,-4.223959910142,-242.015075683594,0.200000000000,
0.000000000000,-4.223816099443,-242.006835937501,0.200000000000,
0.000000000000,-4.223624351845,-241.995849609376,0.200000000000,
0.000000000000,-4.223336730447,-241.979370117188,0.200000000000,
0.000000000000,-4.223336730447,-241.979370117188,0.200000000000,
0.000000000000,-4.223144982848,-241.968383789063,0.200000000000,
0.000000000000,-4.222953235250,-241.957397460938,0.200000000000,
0.000000000000,-4.222761487651,-241.946411132813,0.200000000000,
0.000000000000,-4.222617676953,-241.938171386719,0.200000000000,
0.000000000000,-4.222425929354,-241.927185058594,0.200000000000,
0.000000000000,-4.222425929354,-241.927185058594,0.200000000000,
0.000000000000,-4.222234181756,-241.916198730469,0.200000000000,
0.000000000000,-4.221946560358,-241.899719238282,0.200000000000,
0.000000000000,-4.221754812759,-241.888732910157,0.200000000000,
0.000000000000,-4.221563065161,-241.877746582032,0.200000000000,
0.000000000000,-4.221419254462,-241.869506835938,0.200000000000,
0.000000000000,-4.221419254462,-241.869506835938,0.200000000000,
0.000000000000,-4.221227506864,-241.858520507813,0.200000000000,
0.000000000000,-4.221035759265,-241.847534179688,0.200000000000,
0.000000000000,-4.220844011667,-241.836547851563,0.200000000000,
0.000000000000,-4.220652264068,-241.825561523438,0.200000000000,
0.000000000000,-4.220460516470,-241.814575195313,0.200000000000,
0.000000000000,-4.220460516470,-241.814575195313,0.200000000000,
0.000000000000,-4.220268768871,-241.803588867188,0.200000000000,
0.000000000000,-4.220077021273,-241.792602539063,0.200000000000,
0.000000000000,-4.219789399875,-241.776123046876,0.200000000000,
0.000000000000,-4.219597652276,-241.765136718751,0.200000000000,
0.000000000000,-4.219405904678,-241.754150390626,0.200000000000,
0.000000000000,-4.219405904678,-241.754150390626,0.200000000000,
0.000000000000,-4.219262093979,-241.745910644532,0.200000000000,
0.000000000000,-4.219070346381,-241.734924316407,0.200000000000,
0.000000000000,-4.218878598782,-241.723937988282,0.200000000000,
0.000000000000,-4.218590977384,-241.707458496094,0.200000000000,
0.000000000000,-4.218399229786,-241.696472167969,0.200000000000,
0.000000000000,-4.218399229786,-241.696472167969,0.200000000000,
0.000000000000,-4.218255419087,-241.688232421876,0.200000000000,
0.000000000000,-4.218015734589,-241.674499511719,0.200000000000,
0.000000000000,-4.217871923890,-241.666259765626,0.200000000000,
0.000000000000,-4.217584302492,-241.649780273438,0.200000000000,
0.000000000000,-4.217392554894,-241.638793945313,0.200000000000,
0.000000000000,-4.217392554894,-241.638793945313,0.200000000000,
0.000000000000,-4.217200807295,-241.627807617188,0.200000000000,
0.000000000000,-4.217056996597,-241.619567871094,0.200000000000,
0.000000000000,-4.216865248998,-241.608581542969,0.200000000000,
0.000000000000,-4.216673501400,-241.597595214844,0.200000000000,
0.000000000000,-4.216385880002,-241.581115722657,0.200000000000,
0.000000000000,-4.216385880002,-241.581115722657,0.200000000000,
0.000000000000,-4.216194132403,-241.570129394532,0.200000000000,
0.000000000000,-4.216146195504,-241.567382812501,0.200000000000,
0.000000000000,-4.215858574106,-241.550903320313,0.200000000000,
0.000000000000,-4.215666826507,-241.539916992188,0.200000000000,
0.000000000000,-4.215475078909,-241.528930664063,0.200000000000,
0.000000000000,-4.215475078909,-241.528930664063,0.200000000000,
0.000000000000,-4.215187457511,-241.512451171876,0.200000000000,
0.000000000000,-4.215091583712,-241.506958007813,0.200000000000,
0.000000000000,-4.214851899214,-241.493225097657,0.200000000000,
0.000000000000,-4.214660151615,-241.482238769532,0.200000000000,
0.000000000000,-4.214468404017,-241.471252441407,0.200000000000,
0.000000000000,-4.214468404017,-241.471252441407,0.200000000000,
0.000000000000,-4.214228719519,-241.457519531251,0.200000000000,
0.000000000000,-4.214036971920,-241.446533203126,0.200000000000,
0.000000000000,-4.213845224322,-241.435546875001,0.200000000000,
0.000000000000,-4.213653476723,-241.424560546876,0.200000000000,
0.000000000000,-4.213461729125,-241.413574218751,0.200000000000,
0.000000000000,-4.213461729125,-241.413574218751,0.200000000000,
0.000000000000,-4.213174107727,-241.397094726563,0.200000000000,
0.000000000000,-4.213030297028,-241.388854980469,0.200000000000,
0.000000000000,-4.212838549430,-241.377868652344,0.200000000000,
0.000000000000,-4.212550928032,-241.361389160157,0.200000000000,
0.000000000000,-4.212359180434,-241.350402832032,0.200000000000,
0.000000000000,-4.212359180434,-241.350402832032,0.200000000000,
0.000000000000,-4.212167432835,-241.339416503907,0.200000000000,
0.000000000000,-4.212023622136,-241.331176757813,0.200000000000,
0.000000000000,-4.211831874538,-241.320190429688,0.200000000000,
0.000000000000,-4.211544253140,-241.303710937501,0.200000000000,
0.000000000000,-4.211352505542,-241.292724609376,0.200000000000,
0.000000000000,-4.211352505542,-241.292724609376,0.200000000000,
0.000000000000,-4.211208694843,-241.284484863282,0.200000000000,
0.000000000000,-4.210921073445,-241.268005371094,0.200000000000,
0.000000000000,-4.210777262746,-241.259765625001,0.200000000000,
0.000000000000,-4.210537578248,-241.246032714844,0.200000000000,
0.000000000000,-4.210393767549,-241.237792968751,0.200000000000,
0.000000000000,-4.210393767549,-241.237792968751,0.200000000000,
0.000000000000,-4.210106146151,-241.221313476563,0.200000000000,
0.000000000000,-4.209914398553,-241.210327148438,0.200000000000,
0.000000000000,-4.209818524754,-241.204833984376,0.200000000000,
0.000000000000,-4.209578840256,-241.191101074219,0.200000000000,
0.000000000000,-4.209387092657,-241.180114746094,0.200000000000,
0.000000000000,-4.209387092657,-241.180114746094,0.200000000000,
0.000000000000,-4.209195345059,-241.169128417969,0.200000000000,
0.000000000000,-4.208907723661,-241.152648925782,0.200000000000,
0.000000000000,-4.208715976062,-241.141662597657,0.200000000000,
0.000000000000,-4.208572165364,-241.133422851563,0.200000000000,
0.000000000000,-4.208380417765,-241.122436523438,0.200000000000,
0.000000000000,-4.208380417765,-241.122436523438,0.200000000000,
0.000000000000,-4.208188670167,-241.111450195313,0.200000000000,
0.000000000000,-4.207901048769,-241.094970703126,0.200000000000,
0.000000000000,-4.207709301170,-241.083984375001,0.200000000000,
0.000000000000,-4.207517553572,-241.072998046876,0.200000000000,
0.000000000000,-4.207373742873,-241.064758300782,0.200000000000,
0.000000000000,-4.207373742873,-241.064758300782,0.200000000000,
0.000000000000,-4.207181995274,-241.053771972657,0.200000000000,
0.000000000000,-4.206894373877,-241.037292480469,0.200000000000,
0.000000000000,-4.206702626278,-241.026306152344,0.200000000000,
0.000000000000,-4.206510878680,-241.015319824219,0.200000000000,
0.000000000000,-4.206319131081,-241.004333496094,0.200000000000,
0.000000000000,-4.206319131081,-241.004333496094,0.200000000000,
0.000000000000,-4.206175320382,-240.996093750001,0.200000000000,
0.000000000000,-4.205887698985,-240.979614257813,0.200000000000,
0.000000000000,-4.205695951386,-240.968627929688,0.200000000000,
0.000000000000,-4.205504203788,-240.957641601563,0.200000000000,
0.000000000000,-4.205360393089,-240.949401855469,0.200000000000,
0.000000000000,-4.205360393089,-240.949401855469,0.200000000000,
0.000000000000,-4.205120708591,-240.935668945313,0.200000000000,
0.000000000000,-4.204976897892,-240.927429199219,0.200000000000,
0.000000000000,-4.204785150293,-240.916442871094,0.200000000000,
0.000000000000,-4.204593402695,-240.905456542969,0.200000000000,
0.000000000000,-4.204401655096,-240.894470214844,0.200000000000,
0.000000000000,-4.204401655096,-240.894470214844,0.200000000000,
0.000000000000,-4.204114033699,-240.877990722657,0.200000000000,
0.000000000000,-4.203922286100,-240.867004394532,0.200000000000,
0.000000000000,-4.203778475401,-240.858764648438,0.200000000000,
0.000000000000,-4.203538790903,-240.845031738282,0.200000000000,
0.000000000000,-4.203394980204,-240.836791992188,0.200000000000,
0.000000000000,-4.203394980204,-240.836791992188,0.200000000000,
0.000000000000,-4.203203232606,-240.825805664063,0.200000000000,
0.000000000000,-4.203011485007,-240.814819335938,0.200000000000,
0.000000000000,-4.202819737409,-240.803833007813,0.200000000000,
0.000000000000,-4.202627989810,-240.792846679688,0.200000000000,
0.000000000000,-4.202436242212,-240.781860351563,0.200000000000,
0.000000000000,-4.202436242212,-240.781860351563,0.200000000000,
0.000000000000,-4.202244494613,-240.770874023438,0.200000000000,
0.000000000000,-4.201956873216,-240.754394531251,0.200000000000,
0.000000000000,-4.201765125617,-240.743408203126,0.200000000000,
0.000000000000,-4.201573378019,-240.732421875001,0.200000000000,
0.000000000000,-4.201381630420,-240.721435546876,0.200000000000,
0.000000000000,-4.201381630420,-240.721435546876,0.200000000000,
0.000000000000,-4.201237819721,-240.713195800782,0.200000000000,
0.000000000000,-4.201046072123,-240.702209472657,0.200000000000,
0.000000000000,-4.200854324524,-240.691223144532,0.200000000000,
0.000000000000,-4.200662576926,-240.680236816407,0.200000000000,
0.000000000000,-4.200470829327,-240.669250488282,0.200000000000,
0.000000000000,-4.200470829327,-240.669250488282,0.200000000000,
0.000000000000,-4.200279081729,-240.658264160157,0.200000000000,
0.000000000000,-4.199991460331,-240.641784667969,0.200000000000,
0.000000000000,-4.199799712733,-240.630798339844,0.200000000000,
0.000000000000,-4.199607965134,-240.619812011719,0.200000000000,
0.000000000000,-4.199416217536,-240.608825683594,0.200000000000,
0.000000000000,-4.199416217536,-240.608825683594,0.200000000000,
0.000000000000,-4.199224469937,-240.597839355469,0.200000000000,
0.000000000000,-4.199128596138,-240.592346191407,0.200000000000,
0.000000000000,-4.198840974740,-240.575866699219,0.200000000000,
0.000000000000,-4.198649227142,-240.564880371094,0.200000000000,
0.000000000000,-4.198457479543,-240.553894042969,0.200000000000,
0.000000000000,-4.198457479543,-240.553894042969,0.200000000000,
0.000000000000,-4.198313668845,-240.545654296876,0.200000000000,
0.000000000000,-4.198121921246,-240.534667968751,0.200000000000,
0.000000000000,-4.197834299848,-240.518188476563,0.200000000000,
0.000000000000,-4.197738426049,-240.512695312501,0.200000000000,
0.000000000000,-4.197450804651,-240.496215820313,0.200000000000,
0.000000000000,-4.197450804651,-240.496215820313,0.200000000000,
0.000000000000,-4.197259057053,-240.485229492188,0.200000000000,
0.000000000000,-4.197115246354,-240.476989746094,0.200000000000,
0.000000000000,-4.196923498756,-240.466003417969,0.200000000000,
0.000000000000,-4.196731751157,-240.455017089844,0.200000000000,
0.000000000000,-4.196540003559,-240.444030761719,0.200000000000,
0.000000000000,-4.196540003559,-240.444030761719,0.200000000000,
0.000000000000,-4.196252382161,-240.427551269532,0.200000000000,
0.000000000000,-4.196060634562,-240.416564941407,0.200000000000,
0.000000000000,-4.195868886964,-240.405578613282,0.200000000000,
0.000000000000,-4.195677139365,-240.394592285157,0.200000000000,
0.000000000000,-4.195485391767,-240.383605957032,0.200000000000,
0.000000000000,-4.195485391767,-240.383605957032,0.200000000000,
0.000000000000,-4.195293644168,-240.372619628907,0.200000000000,
0.000000000000,-4.195149833470,-240.364379882813,0.200000000000,
0.000000000000,-4.194958085871,-240.353393554688,0.200000000000,
0.000000000000,-4.194670464473,-240.336914062501,0.200000000000,
0.000000000000,-4.194478716875,-240.325927734376,0.200000000000,
0.000000000000,-4.194478716875,-240.325927734376,0.200000000000,
0.000000000000,-4.194286969276,-240.314941406251,0.200000000000,
0.000000000000,-4.194095221678,-240.303955078126,0.200000000000,
0.000000000000,-4.193903474079,-240.292968750001,0.200000000000,
0.000000000000,-4.193711726481,-240.281982421876,0.200000000000,
0.000000000000,-4.193567915782,-240.273742675782,0.200000000000,
0.000000000000,-4.193567915782,-240.273742675782,0.200000000000,
0.000000000000,-4.193328231284,-240.260009765626,0.200000000000,
0.000000000000,-4.193184420585,-240.251770019532,0.200000000000,
0.000000000000,-4.192992672987,-240.240783691407,0.200000000000,
0.000000000000,-4.192800925388,-240.229797363282,0.200000000000,
0.000000000000,-4.192513303990,-240.213317871094,0.200000000000,
0.000000000000,-4.192513303990,-240.213317871094,0.200000000000,
0.000000000000,-4.192321556392,-240.202331542969,0.200000000000,
0.000000000000,-4.192177745693,-240.194091796876,0.200000000000,
0.000000000000,-4.191985998094,-240.183105468750,0.200000000000,
0.000000000000,-4.191794250496,-240.172119140626,0.200000000000,
0.000000000000,-4.191506629098,-240.155639648438,0.200000000000,
0.000000000000,-4.191506629098,-240.155639648438,0.200000000000,
0.000000000000,-4.191314881500,-240.144653320313,0.200000000000,
0.000000000000,-4.191171070801,-240.136413574219,0.200000000000,
0.000000000000,-4.190979323202,-240.125427246094,0.200000000000,
0.000000000000,-4.190787575604,-240.114440917969,0.200000000000,
0.000000000000,-4.190499954206,-240.097961425782,0.200000000000,
0.000000000000,-4.190499954206,-240.097961425782,0.200000000000,
0.000000000000,-4.190404080407,-240.092468261719,0.200000000000,
0.000000000000,-4.190164395909,-240.078735351563,0.200000000000,
0.000000000000,-4.189924711411,-240.065002441407,0.200000000000,
0.000000000000,-4.189780900712,-240.056762695313,0.200000000000,
0.000000000000,-4.189589153113,-240.045776367188,0.200000000000,
0.000000000000,-4.189589153113,-240.045776367188,0.200000000000,
0.000000000000,-4.189397405515,-240.034790039063,0.200000000000,
0.000000000000,-4.189109784117,-240.018310546876,0.200000000000,
0.000000000000,-4.188965973418,-240.010070800782,0.200000000000,
0.000000000000,-4.188774225820,-239.999084472657,0.200000000000,
0.000000000000,-4.188486604422,-239.982604980469,0.200000000000,
0.000000000000,-4.188486604422,-239.982604980469,0.200000000000,
0.000000000000,-4.188342793723,-239.974365234376,0.200000000000,
0.000000000000,-4.188055172326,-239.957885742188,0.200000000000,
0.000000000000,-4.187959298526,-239.952392578126,0.200000000000,
0.000000000000,-4.187671677129,-239.935913085938,0.200000000000,
0.000000000000,-4.187527866430,-239.927673339844,0.200000000000,
0.000000000000,-4.187527866430,-239.927673339844,0.200000000000,
0.000000000000,-4.187240245032,-239.911193847657,0.200000000000,
0.000000000000,-4.187048497433,-239.900207519532,0.200000000000,
0.000000000000,-4.186904686735,-239.891967773438,0.200000000000,
0.000000000000,-4.186712939136,-239.880981445313,0.200000000000,
0.000000000000,-4.186473254638,-239.867248535157,0.200000000000,
0.000000000000,-4.186473254638,-239.867248535157,0.200000000000,
0.000000000000,-4.186281507040,-239.856262207032,0.200000000000,
0.000000000000,-4.186089759441,-239.845275878907,0.200000000000,
0.000000000000,-4.185802138043,-239.828796386719,0.200000000000,
0.000000000000,-4.185658327344,-239.820556640626,0.200000000000,
0.000000000000,-4.185466579746,-239.809570312501,0.200000000000,
0.000000000000,-4.185466579746,-239.809570312501,0.200000000000,
0.000000000000,-4.185226895248,-239.795837402344,0.200000000000,
0.000000000000,-4.184987210750,-239.782104492188,0.200000000000,
0.000000000000,-4.184843400051,-239.773864746094,0.200000000000,
0.000000000000,-4.184555778653,-239.757385253907,0.200000000000,
0.000000000000,-4.184411967954,-239.749145507813,0.200000000000,
0.000000000000,-4.184411967954,-239.749145507813,0.200000000000,
0.000000000000,-4.184220220356,-239.738159179688,0.200000000000,
0.000000000000,-4.183932598958,-239.721679687501,0.200000000000,
0.000000000000,-4.183788788259,-239.713439941407,0.200000000000,
0.000000000000,-4.183597040661,-239.702453613282,0.200000000000,
0.000000000000,-4.183405293062,-239.691467285157,0.200000000000,
0.000000000000,-4.183405293062,-239.691467285157,0.200000000000,
0.000000000000,-4.183117671665,-239.674987792969,0.200000000000,
0.000000000000,-4.182925924066,-239.664001464844,0.200000000000,
0.000000000000,-4.182782113367,-239.655761718751,0.200000000000,
0.000000000000,-4.182590365769,-239.644775390626,0.200000000000,
0.000000000000,-4.182302744371,-239.628295898438,0.200000000000,
0.000000000000,-4.182302744371,-239.628295898438,0.200000000000,
0.000000000000,-4.182158933672,-239.620056152344,0.200000000000,
0.000000000000,-4.181967186074,-239.609069824219,0.200000000000,
0.000000000000,-4.181679564676,-239.592590332032,0.200000000000,
0.000000000000,-4.181487817077,-239.581604003907,0.200000000000,
0.000000000000,-4.181344006379,-239.573364257813,0.200000000000,
0.000000000000,-4.181344006379,-239.573364257813,0.200000000000,
0.000000000000,-4.181152258780,-239.562377929688,0.200000000000,
0.000000000000,-4.180960511182,-239.551391601563,0.200000000000,
0.000000000000,-4.180720826683,-239.537658691407,0.200000000000,
0.000000000000,-4.180529079085,-239.526672363282,0.200000000000,
0.000000000000,-4.180337331486,-239.515686035157,0.200000000000,
0.000000000000,-4.180337331486,-239.515686035157,0.200000000000,
0.000000000000,-4.180145583888,-239.504699707032,0.200000000000,
0.000000000000,-4.179905899390,-239.490966796876,0.200000000000,
0.000000000000,-4.179714151791,-239.479980468751,0.200000000000,
0.000000000000,-4.179474467293,-239.466247558594,0.200000000000,
0.000000000000,-4.179234782795,-239.452514648438,0.200000000000,
0.000000000000,-4.179234782795,-239.452514648438,0.200000000000,
0.000000000000,-4.179090972096,-239.444274902344,0.200000000000,
0.000000000000,-4.178899224498,-239.433288574219,0.200000000000,
0.000000000000,-4.178611603100,-239.416809082032,0.200000000000,
0.000000000000,-4.178419855502,-239.405822753907,0.200000000000,
0.000000000000,-4.178228107903,-239.394836425782,0.200000000000,
0.000000000000,-4.178228107903,-239.394836425782,0.200000000000,
0.000000000000,-4.178084297204,-239.386596679688,0.200000000000,
0.000000000000,-4.177892549606,-239.375610351563,0.200000000000,
0.000000000000,-4.177604928208,-239.359130859376,0.200000000000,
0.000000000000,-4.177413180610,-239.348144531251,0.200000000000,
0.000000000000,-4.177221433011,-239.337158203126,0.200000000000,
0.000000000000,-4.177221433011,-239.337158203126,0.200000000000,
0.000000000000,-4.177077622312,-239.328918457032,0.200000000000,
0.000000000000,-4.176885874714,-239.317932128907,0.200000000000,
0.000000000000,-4.176694127115,-239.306945800782,0.200000000000,
0.000000000000,-4.176406505718,-239.290466308594,0.200000000000,
0.000000000000,-4.176214758119,-239.279479980469,0.200000000000,
0.000000000000,-4.176214758119,-239.279479980469,0.200000000000,
0.000000000000,-4.176023010521,-239.268493652344,0.200000000000,
0.000000000000,-4.175879199822,-239.260253906251,0.200000000000,
0.000000000000,-4.175639515324,-239.246520996094,0.200000000000,
0.000000000000,-4.175495704625,-239.238281250001,0.200000000000,
0.000000000000,-4.175303957026,-239.227294921876,0.200000000000,
0.000000000000,-4.175303957026,-239.227294921876,0.200000000000,
0.000000000000,-4.175112209428,-239.216308593751,0.200000000000,
0.000000000000,-4.174824588030,-239.199829101563,0.200000000000,
0.000000000000,-4.174632840432,-239.188842773438,0.200000000000,
0.000000000000,-4.174441092833,-239.177856445313,0.200000000000,
0.000000000000,-4.174249345235,-239.166870117188,0.200000000000,
0.000000000000,-4.174249345235,-239.166870117188,0.200000000000,
0.000000000000,-4.174057597636,-239.155883789063,0.200000000000,
0.000000000000,-4.173913786937,-239.147644042969,0.200000000000,
0.000000000000,-4.173722039339,-239.136657714844,0.200000000000,
0.000000000000,-4.173530291740,-239.125671386719,0.200000000000,
0.000000000000,-4.173338544142,-239.114685058594,0.200000000000,
0.000000000000,-4.173338544142,-239.114685058594,0.200000000000,
0.000000000000,-4.173146796543,-239.103698730469,0.200000000000,
0.000000000000,-4.172859175146,-239.087219238282,0.200000000000,
0.000000000000,-4.172667427547,-239.076232910157,0.200000000000,
0.000000000000,-4.172475679949,-239.065246582032,0.200000000000,
0.000000000000,-4.172283932350,-239.054260253907,0.200000000000,
0.000000000000,-4.172283932350,-239.054260253907,0.200000000000,
0.000000000000,-4.172092184752,-239.043273925782,0.200000000000,
0.000000000000,-4.171948374053,-239.035034179688,0.200000000000,
0.000000000000,-4.171756626454,-239.024047851563,0.200000000000,
0.000000000000,-4.171564878856,-239.013061523438,0.200000000000,
0.000000000000,-4.171277257458,-238.996582031251,0.200000000000,
0.000000000000,-4.171277257458,-238.996582031251,0.200000000000,
0.000000000000,-4.171133446759,-238.988342285157,0.200000000000,
0.000000000000,-4.170941699161,-238.977355957032,0.200000000000,
0.000000000000,-4.170749951562,-238.966369628907,0.200000000000,
0.000000000000,-4.170558203964,-238.955383300782,0.200000000000,
0.000000000000,-4.170366456365,-238.944396972657,0.200000000000,
0.000000000000,-4.170366456365,-238.944396972657,0.200000000000,
0.000000000000,-4.170174708767,-238.933410644532,0.200000000000,
0.000000000000,-4.169887087369,-238.916931152344,0.200000000000,
0.000000000000,-4.169695339771,-238.905944824219,0.200000000000,
0.000000000000,-4.169503592172,-238.894958496094,0.200000000000,
0.000000000000,-4.169311844574,-238.883972167969,0.200000000000,
0.000000000000,-4.169311844574,-238.883972167969,0.200000000000,
0.000000000000,-4.169168033875,-238.875732421876,0.200000000000,
0.000000000000,-4.168976286276,-238.864746093751,0.200000000000,
0.000000000000,-4.168784538678,-238.853759765626,0.200000000000,
0.000000000000,-4.168496917280,-238.837280273438,0.200000000000,
0.000000000000,-4.168401043481,-238.831787109376,0.200000000000,
0.000000000000,-4.168401043481,-238.831787109376,0.200000000000,
0.000000000000,-4.168209295882,-238.820800781251,0.200000000000,
0.000000000000,-4.167921674485,-238.804321289063,0.200000000000,
0.000000000000,-4.167777863786,-238.796081542969,0.200000000000,
0.000000000000,-4.167586116187,-238.785095214844,0.200000000000,
0.000000000000,-4.167394368589,-238.774108886719,0.200000000000,
0.000000000000,-4.167394368589,-238.774108886719,0.200000000000,
0.000000000000,-4.167202620990,-238.763122558594,0.200000000000,
0.000000000000,-4.167010873392,-238.752136230469,0.200000000000,
0.000000000000,-4.166723251994,-238.735656738282,0.200000000000,
0.000000000000,-4.166531504396,-238.724670410157,0.200000000000,
0.000000000000,-4.166387693697,-238.716430664063,0.200000000000,
0.000000000000,-4.166387693697,-238.716430664063,0.200000000000,
0.000000000000,-4.166100072299,-238.699951171876,0.200000000000,
0.000000000000,-4.165908324700,-238.688964843751,0.200000000000,
0.000000000000,-4.165716577102,-238.677978515626,0.200000000000,
0.000000000000,-4.165524829503,-238.666992187501,0.200000000000,
0.000000000000,-4.165381018805,-238.658752441407,0.200000000000,
0.000000000000,-4.165381018805,-238.658752441407,0.200000000000,
0.000000000000,-4.165189271206,-238.647766113282,0.200000000000,
0.000000000000,-4.164901649808,-238.631286621094,0.200000000000,
0.000000000000,-4.164805776009,-238.625793457032,0.200000000000,
0.000000000000,-4.164518154611,-238.609313964844,0.200000000000,
0.000000000000,-4.164374343913,-238.601074218751,0.200000000000,
0.000000000000,-4.164374343913,-238.601074218751,0.200000000000,
0.000000000000,-4.164182596314,-238.590087890626,0.200000000000,
0.000000000000,-4.163894974916,-238.573608398438,0.200000000000,
0.000000000000,-4.163799101117,-238.568115234376,0.200000000000,
0.000000000000,-4.163511479719,-238.551635742188,0.200000000000,
0.000000000000,-4.163367669021,-238.543395996094,0.200000000000,
0.000000000000,-4.163367669021,-238.543395996094,0.200000000000,
0.000000000000,-4.163175921422,-238.532409667969,0.200000000000,
0.000000000000,-4.162888300024,-238.515930175782,0.200000000000,
0.000000000000,-4.162696552426,-238.504943847657,0.200000000000,
0.000000000000,-4.162552741727,-238.496704101563,0.200000000000,
0.000000000000,-4.162360994128,-238.485717773438,0.200000000000,
0.000000000000,-4.162360994128,-238.485717773438,0.200000000000,
0.000000000000,-4.162169246530,-238.474731445313,0.200000000000,
0.000000000000,-4.161881625132,-238.458251953126,0.200000000000,
0.000000000000,-4.161737814433,-238.450012207032,0.200000000000,
0.000000000000,-4.161546066835,-238.439025878907,0.200000000000,
0.000000000000,-4.161258445437,-238.422546386719,0.200000000000,
0.000000000000,-4.161258445437,-238.422546386719,0.200000000000,
0.000000000000,-4.161066697839,-238.411560058594,0.200000000000,
0.000000000000,-4.160922887140,-238.403320312501,0.200000000000,
0.000000000000,-4.160731139541,-238.392333984376,0.200000000000,
0.000000000000,-4.160443518144,-238.375854492188,0.200000000000,
0.000000000000,-4.160299707445,-238.367614746094,0.200000000000,
0.000000000000,-4.160299707445,-238.367614746094,0.200000000000,
0.000000000000,-4.160107959846,-238.356628417969,0.200000000000,
0.000000000000,-4.159916212248,-238.345642089844,0.200000000000,
0.000000000000,-4.159628590850,-238.329162597657,0.200000000000,
0.000000000000,-4.159436843252,-238.318176269532,0.200000000000,
0.000000000000,-4.159293032553,-238.309936523438,0.200000000000,
0.000000000000,-4.159293032553,-238.309936523438,0.200000000000,
0.000000000000,-4.159101284954,-238.298950195313,0.200000000000,
0.000000000000,-4.158909537356,-238.287963867188,0.200000000000,
0.000000000000,-4.158621915958,-238.271484375001,0.200000000000,
0.000000000000,-4.158478105259,-238.263244628907,0.200000000000,
0.000000000000,-4.158286357661,-238.252258300782,0.200000000000,
0.000000000000,-4.158286357661,-238.252258300782,0.200000000000,
0.000000000000,-4.157998736263,-238.235778808594,0.200000000000,
0.000000000000,-4.157806988664,-238.224792480469,0.200000000000,
0.000000000000,-4.157615241066,-238.213806152344,0.200000000000,
0.000000000000,-4.157471430367,-238.205566406251,0.200000000000,
0.000000000000,-4.157279682769,-238.194580078126,0.200000000000,
0.000000000000,-4.157279682769,-238.194580078126,0.200000000000,
0.000000000000,-4.157087935170,-238.183593750001,0.200000000000,
0.000000000000,-4.156800313772,-238.167114257813,0.200000000000,
0.000000000000,-4.156656503074,-238.158874511719,0.200000000000,
0.000000000000,-4.156464755475,-238.147888183594,0.200000000000,
0.000000000000,-4.156177134077,-238.131408691407,0.200000000000,
0.000000000000,-4.156177134077,-238.131408691407,0.200000000000,
0.000000000000,-4.155985386479,-238.120422363282,0.200000000000,
0.000000000000,-4.155841575780,-238.112182617188,0.200000000000,
0.000000000000,-4.155649828181,-238.101196289063,0.200000000000,
0.000000000000,-4.155458080583,-238.090209960938,0.200000000000,
0.000000000000,-4.155170459185,-238.073730468751,0.200000000000,
0.000000000000,-4.155170459185,-238.073730468751,0.200000000000,
0.000000000000,-4.154978711587,-238.062744140626,0.200000000000,
0.000000000000,-4.154786963988,-238.051757812501,0.200000000000,
0.000000000000,-4.154643153289,-238.043518066407,0.200000000000,
0.000000000000,-4.154451405691,-238.032531738282,0.200000000000,
0.000000000000,-4.154163784293,-238.016052246094,0.200000000000,
0.000000000000,-4.154163784293,-238.016052246094,0.200000000000,
0.000000000000,-4.154019973594,-238.007812500001,0.200000000000,
0.000000000000,-4.153828225996,-237.996826171876,0.200000000000,
0.000000000000,-4.153636478397,-237.985839843751,0.200000000000,
0.000000000000,-4.153348857000,-237.969360351563,0.200000000000,
0.000000000000,-4.153205046301,-237.961120605469,0.200000000000,
0.000000000000,-4.153205046301,-237.961120605469,0.200000000000,
0.000000000000,-4.153013298702,-237.950134277344,0.200000000000,
0.000000000000,-4.152821551104,-237.939147949219,0.200000000000,
0.000000000000,-4.152629803505,-237.928161621094,0.200000000000,
0.000000000000,-4.152438055907,-237.917175292969,0.200000000000,
0.000000000000,-4.152150434509,-237.900695800782,0.200000000000,
0.000000000000,-4.152150434509,-237.900695800782,0.200000000000,
0.000000000000,-4.152006623810,-237.892456054688,0.200000000000,
0.000000000000,-4.151766939312,-237.878723144532,0.200000000000,
0.000000000000,-4.151623128613,-237.870483398438,0.200000000000,
0.000000000000,-4.151431381015,-237.859497070313,0.200000000000,
0.000000000000,-4.151239633416,-237.848510742188,0.200000000000,
0.000000000000,-4.151239633416,-237.848510742188,0.200000000000,
0.000000000000,-4.151047885818,-237.837524414063,0.200000000000,
0.000000000000,-4.150760264420,-237.821044921876,0.200000000000,
0.000000000000,-4.150616453721,-237.812805175782,0.200000000000,
0.000000000000,-4.150424706123,-237.801818847657,0.200000000000,
0.000000000000,-4.150137084725,-237.785339355469,0.200000000000,
0.000000000000,-4.150137084725,-237.785339355469,0.200000000000,
0.000000000000,-4.150041210926,-237.779846191407,0.200000000000,
0.000000000000,-4.149849463327,-237.768859863282,0.200000000000,
0.000000000000,-4.149561841930,-237.752380371094,0.200000000000,
0.000000000000,-4.149370094331,-237.741394042969,0.200000000000,
0.000000000000,-4.149178346733,-237.730407714844,0.200000000000,
0.000000000000,-4.149178346733,-237.730407714844,0.200000000000,
0.000000000000,-4.148986599134,-237.719421386719,0.200000000000,
0.000000000000,-4.148842788435,-237.711181640626,0.200000000000,
0.000000000000,-4.148651040837,-237.700195312501,0.200000000000,
0.000000000000,-4.148459293238,-237.689208984376,0.200000000000,
0.000000000000,-4.148267545640,-237.678222656251,0.200000000000,
0.000000000000,-4.148267545640,-237.678222656251,0.200000000000,
0.000000000000,-4.148075798041,-237.667236328126,0.200000000000,
0.000000000000,-4.147884050443,-237.656250000001,0.200000000000,
0.000000000000,-4.147692302844,-237.645263671876,0.200000000000,
0.000000000000,-4.147404681447,-237.628784179688,0.200000000000,
0.000000000000,-4.147212933848,-237.617797851563,0.200000000000,
0.000000000000,-4.147212933848,-237.617797851563,0.200000000000,
0.000000000000,-4.147021186250,-237.606811523438,0.200000000000,
0.000000000000,-4.146829438651,-237.595825195313,0.200000000000,
0.000000000000,-4.146685627952,-237.587585449219,0.200000000000,
0.000000000000,-4.146493880354,-237.576599121094,0.200000000000,
0.000000000000,-4.146254195856,-237.562866210938,0.200000000000,
0.000000000000,-4.146254195856,-237.562866210938,0.200000000000,
0.000000000000,-4.146110385157,-237.554626464844,0.200000000000,
0.000000000000,-4.145918637558,-237.543640136719,0.200000000000,
0.000000000000,-4.145726889960,-237.532653808594,0.200000000000,
0.000000000000,-4.145439268562,-237.516174316407,0.200000000000,
0.000000000000,-4.145295457863,-237.507934570313,0.200000000000,
0.000000000000,-4.145295457863,-237.507934570313,0.200000000000,
0.000000000000,-4.145103710265,-237.496948242188,0.200000000000,
0.000000000000,-4.144911962666,-237.485961914063,0.200000000000,
0.000000000000,-4.144624341269,-237.469482421876,0.200000000000,
0.000000000000,-4.144528467469,-237.463989257813,0.200000000000,
0.000000000000,-4.144240846072,-237.447509765626,0.200000000000,
0.000000000000,-4.144240846072,-237.447509765626,0.200000000000,
0.000000000000,-4.144049098473,-237.436523437501,0.200000000000,
0.000000000000,-4.143857350875,-237.425537109376,0.200000000000,
0.000000000000,-4.143713540176,-237.417297363282,0.200000000000,
0.000000000000,-4.143521792577,-237.406311035157,0.200000000000,
0.000000000000,-4.143234171180,-237.389831542969,0.200000000000,
0.000000000000,-4.143234171180,-237.389831542969,0.200000000000,
0.000000000000,-4.143186234280,-237.387084960938,0.200000000000,
0.000000000000,-4.142850675983,-237.367858886719,0.200000000000,
0.000000000000,-4.142706865284,-237.359619140626,0.200000000000,
0.000000000000,-4.142515117685,-237.348632812501,0.200000000000,
0.000000000000,-4.142323370087,-237.337646484376,0.200000000000,
0.000000000000,-4.142323370087,-237.337646484376,0.200000000000,
0.000000000000,-4.142131622488,-237.326660156251,0.200000000000,
0.000000000000,-4.141939874890,-237.315673828126,0.200000000000,
0.000000000000,-4.141748127291,-237.304687500001,0.200000000000,
0.000000000000,-4.141556379693,-237.293701171876,0.200000000000,
0.000000000000,-4.141268758295,-237.277221679688,0.200000000000,
0.000000000000,-4.141268758295,-237.277221679688,0.200000000000,
0.000000000000,-4.141077010697,-237.266235351563,0.200000000000,
0.000000000000,-4.140885263098,-237.255249023438,0.200000000000,
0.000000000000,-4.140741452399,-237.247009277344,0.200000000000,
0.000000000000,-4.140501767901,-237.233276367188,0.200000000000,
0.000000000000,-4.140357957202,-237.225036621094,0.200000000000,
0.000000000000,-4.140357957202,-237.225036621094,0.200000000000,
0.000000000000,-4.140166209604,-237.214050292969,0.200000000000,
0.000000000000,-4.139878588206,-237.197570800782,0.200000000000,
0.000000000000,-4.139686840608,-237.186584472657,0.200000000000,
0.000000000000,-4.139543029909,-237.178344726563,0.200000000000,
0.000000000000,-4.139351282310,-237.167358398438,0.200000000000,
0.000000000000,-4.139351282310,-237.167358398438,0.200000000000,
0.000000000000,-4.139159534712,-237.156372070313,0.200000000000,
0.000000000000,-4.138871913314,-237.139892578126,0.200000000000,
0.000000000000,-4.138776039515,-237.134399414063,0.200000000000,
0.000000000000,-4.138488418117,-237.117919921876,0.200000000000,
0.000000000000,-4.138296670518,-237.106933593751,0.200000000000,
0.000000000000,-4.138296670518,-237.106933593751,0.200000000000,
0.000000000000,-4.138152859820,-237.098693847657,0.200000000000,
0.000000000000,-4.137865238422,-237.082214355469,0.200000000000,
0.000000000000,-4.137769364623,-237.076721191407,0.200000000000,
0.000000000000,-4.137481743225,-237.060241699219,0.200000000000,
0.000000000000,-4.137289995626,-237.049255371094,0.200000000000,
0.000000000000,-4.137289995626,-237.049255371094,0.200000000000,
0.000000000000,-4.137146184928,-237.041015625001,0.200000000000,
0.000000000000,-4.136954437329,-237.030029296876,0.200000000000,
0.000000000000,-4.136666815931,-237.013549804688,0.200000000000,
0.000000000000,-4.136475068333,-237.002563476563,0.200000000000,
0.000000000000,-4.136331257634,-236.994323730469,0.200000000000,
0.000000000000,-4.136331257634,-236.994323730469,0.200000000000,
0.000000000000,-4.136139510036,-236.983337402344,0.200000000000,
0.000000000000,-4.135851888638,-236.966857910157,0.200000000000,
0.000000000000,-4.135660141039,-236.955871582032,0.200000000000,
0.000000000000,-4.135516330340,-236.947631835938,0.200000000000,
0.000000000000,-4.135324582742,-236.936645507813,0.200000000000,
0.000000000000,-4.135324582742,-236.936645507813,0.200000000000,
0.000000000000,-4.135036961344,-236.920166015626,0.200000000000,
0.000000000000,-4.134893150645,-236.911926269532,0.200000000000,
0.000000000000,-4.134701403047,-236.900939941407,0.200000000000,
0.000000000000,-4.134413781649,-236.884460449219,0.200000000000,
0.000000000000,-4.134222034051,-236.873474121094,0.200000000000,
0.000000000000,-4.134222034051,-236.873474121094,0.200000000000,
0.000000000000,-4.134030286452,-236.862487792969,0.200000000000,
0.000000000000,-4.133790601954,-236.848754882813,0.200000000000,
0.000000000000,-4.133598854356,-236.837768554688,0.200000000000,
0.000000000000,-4.133455043657,-236.829528808594,0.200000000000,
0.000000000000,-4.133263296058,-236.818542480469,0.200000000000,
0.000000000000,-4.133263296058,-236.818542480469,0.200000000000,
0.000000000000,-4.132975674661,-236.802062988282,0.200000000000,
0.000000000000,-4.132783927062,-236.791076660157,0.200000000000,
0.000000000000,-4.132640116363,-236.782836914063,0.200000000000,
0.000000000000,-4.132352494965,-236.766357421876,0.200000000000,
0.000000000000,-4.132160747367,-236.755371093751,0.200000000000,
0.000000000000,-4.132160747367,-236.755371093751,0.200000000000,
0.000000000000,-4.132016936668,-236.747131347657,0.200000000000,
0.000000000000,-4.131825189070,-236.736145019532,0.200000000000,
0.000000000000,-4.131537567672,-236.719665527344,0.200000000000,
0.000000000000,-4.131345820073,-236.708679199219,0.200000000000,
0.000000000000,-4.131154072475,-236.697692871094,0.200000000000,
0.000000000000,-4.131154072475,-236.697692871094,0.200000000000,
0.000000000000,-4.130914387977,-236.683959960938,0.200000000000,
0.000000000000,-4.130722640378,-236.672973632813,0.200000000000,
0.000000000000,-4.130530892780,-236.661987304688,0.200000000000,
0.000000000000,-4.130387082081,-236.653747558594,0.200000000000,
0.000000000000,-4.130195334482,-236.642761230469,0.200000000000,
0.000000000000,-4.130195334482,-236.642761230469,0.200000000000,
0.000000000000,-4.129955649984,-236.629028320313,0.200000000000,
0.000000000000,-4.129763902386,-236.618041992188,0.200000000000,
0.000000000000,-4.129476280988,-236.601562500001,0.200000000000,
0.000000000000,-4.129284533390,-236.590576171876,0.200000000000,
0.000000000000,-4.129140722691,-236.582336425782,0.200000000000,
0.000000000000,-4.129140722691,-236.582336425782,0.200000000000,
0.000000000000,-4.128948975092,-236.571350097657,0.200000000000,
0.000000000000,-4.128661353695,-236.554870605469,0.200000000000,
0.000000000000,-4.128469606096,-236.543884277344,0.200000000000,
0.000000000000,-4.128325795397,-236.535644531251,0.200000000000,
0.000000000000,-4.128134047799,-236.524658203126,0.200000000000,
0.000000000000,-4.128134047799,-236.524658203126,0.200000000000,
0.000000000000,-4.127846426401,-236.508178710938,0.200000000000,
0.000000000000,-4.127654678803,-236.497192382813,0.200000000000,
0.000000000000,-4.127510868104,-236.488952636719,0.200000000000,
0.000000000000,-4.127223246706,-236.472473144532,0.200000000000,
0.000000000000,-4.127031499107,-236.461486816407,0.200000000000,
0.000000000000,-4.127031499107,-236.461486816407,0.200000000000,
0.000000000000,-4.126839751509,-236.450500488282,0.200000000000,
0.000000000000,-4.126648003910,-236.439514160157,0.200000000000,
0.000000000000,-4.126504193212,-236.431274414063,0.200000000000,
0.000000000000,-4.126312445613,-236.420288085938,0.200000000000,
0.000000000000,-4.126120698015,-236.409301757813,0.200000000000,
0.000000000000,-4.126120698015,-236.409301757813,0.200000000000,
0.000000000000,-4.125833076617,-236.392822265626,0.200000000000,
0.000000000000,-4.125689265918,-236.384582519532,0.200000000000,
0.000000000000,-4.125497518320,-236.373596191407,0.200000000000,
0.000000000000,-4.125305770721,-236.362609863282,0.200000000000,
0.000000000000,-4.125018149323,-236.346130371094,0.200000000000,
0.000000000000,-4.125018149323,-236.346130371094,0.200000000000,
0.000000000000,-4.124826401725,-236.335144042969,0.200000000000,
0.000000000000,-4.124634654126,-236.324157714844,0.200000000000,
0.000000000000,-4.124442906528,-236.313171386719,0.200000000000,
0.000000000000,-4.124251158929,-236.302185058594,0.200000000000,
0.000000000000,-4.124107348231,-236.293945312501,0.200000000000,
0.000000000000,-4.124107348231,-236.293945312501,0.200000000000,
0.000000000000,-4.123915600632,-236.282958984376,0.200000000000,
0.000000000000,-4.123627979234,-236.266479492188,0.200000000000,
0.000000000000,-4.123532105435,-236.260986328126,0.200000000000,
0.000000000000,-4.123244484037,-236.244506835938,0.200000000000,
0.000000000000,-4.123148610238,-236.239013671876,0.200000000000,
0.000000000000,-4.123148610238,-236.239013671876,0.200000000000,
0.000000000000,-4.122860988840,-236.222534179688,0.200000000000,
0.000000000000,-4.122669241242,-236.211547851563,0.200000000000,
0.000000000000,-4.122477493643,-236.200561523438,0.200000000000,
0.000000000000,-4.122285746045,-236.189575195313,0.200000000000,
0.000000000000,-4.122093998446,-236.178588867188,0.200000000000,
0.000000000000,-4.122093998446,-236.178588867188,0.200000000000,
0.000000000000,-4.121950187748,-236.170349121094,0.200000000000,
0.000000000000,-4.121710503249,-236.156616210938,0.200000000000,
0.000000000000,-4.121566692551,-236.148376464844,0.200000000000,
0.000000000000,-4.121374944952,-236.137390136719,0.200000000000,
0.000000000000,-4.121087323554,-236.120910644532,0.200000000000,
0.000000000000,-4.121087323554,-236.120910644532,0.200000000000,
0.000000000000,-4.120895575956,-236.109924316407,0.200000000000,
0.000000000000,-4.120703828357,-236.098937988282,0.200000000000,
0.000000000000,-4.120607954558,-236.093444824219,0.200000000000,
0.000000000000,-4.120320333160,-236.076965332032,0.200000000000,
0.000000000000,-4.120128585562,-236.065979003907,0.200000000000,
0.000000000000,-4.120128585562,-236.065979003907,0.200000000000,
0.000000000000,-4.119936837963,-236.054992675782,0.200000000000,
0.000000000000,-4.119793027265,-236.046752929688,0.200000000000,
0.000000000000,-4.119601279666,-236.035766601563,0.200000000000,
0.000000000000,-4.119409532068,-236.024780273438,0.200000000000,
0.000000000000,-4.119121910670,-236.008300781251,0.200000000000,
0.000000000000,-4.119121910670,-236.008300781251,0.200000000000,
0.000000000000,-4.119026036871,-236.002807617188,0.200000000000,
0.000000000000,-4.118738415473,-235.986328125001,0.200000000000,
0.000000000000,-4.118594604774,-235.978088378907,0.200000000000,
0.000000000000,-4.118354920276,-235.964355468751,0.200000000000,
0.000000000000,-4.118211109577,-235.956115722657,0.200000000000,
0.000000000000,-4.118211109577,-235.956115722657,0.200000000000,
0.000000000000,-4.118019361979,-235.945129394532,0.200000000000,
0.000000000000,-4.117731740581,-235.928649902344,0.200000000000,
0.000000000000,-4.117635866782,-235.923156738282,0.200000000000,
0.000000000000,-4.117444119183,-235.912170410157,0.200000000000,
0.000000000000,-4.117252371585,-235.901184082032,0.200000000000,
0.000000000000,-4.117252371585,-235.901184082032,0.200000000000,
0.000000000000,-4.116964750187,-235.884704589844,0.200000000000,
0.000000000000,-4.116820939488,-235.876464843751,0.200000000000,
0.000000000000,-4.116629191890,-235.865478515626,0.200000000000,
0.000000000000,-4.116437444291,-235.854492187501,0.200000000000,
0.000000000000,-4.116245696693,-235.843505859376,0.200000000000,
0.000000000000,-4.116245696693,-235.843505859376,0.200000000000,
0.000000000000,-4.116053949094,-235.832519531251,0.200000000000,
0.000000000000,-4.115862201496,-235.821533203125,0.200000000000,
0.000000000000,-4.115670453897,-235.810546875001,0.200000000000,
0.000000000000,-4.115382832499,-235.794067382813,0.200000000000,
0.000000000000,-4.115191084901,-235.783081054688,0.200000000000,
0.000000000000,-4.115191084901,-235.783081054688,0.200000000000,
0.000000000000,-4.114999337302,-235.772094726563,0.200000000000,
0.000000000000,-4.114855526604,-235.763854980469,0.200000000000,
0.000000000000,-4.114615842106,-235.750122070313,0.200000000000,
0.000000000000,-4.114472031407,-235.741882324219,0.200000000000,
0.000000000000,-4.114280283808,-235.730895996094,0.200000000000,
0.000000000000,-4.114280283808,-235.730895996094,0.200000000000,
0.000000000000,-4.114088536210,-235.719909667969,0.200000000000,
0.000000000000,-4.113896788611,-235.708923339844,0.200000000000,
0.000000000000,-4.113705041013,-235.697937011719,0.200000000000,
0.000000000000,-4.113417419615,-235.681457519532,0.200000000000,
0.000000000000,-4.113225672016,-235.670471191407,0.200000000000,
0.000000000000,-4.113225672016,-235.670471191407,0.200000000000,
0.000000000000,-4.113033924418,-235.659484863282,0.200000000000,
0.000000000000,-4.112842176820,-235.648498535157,0.200000000000,
0.000000000000,-4.112698366121,-235.640258789063,0.200000000000,
0.000000000000,-4.112506618522,-235.629272460938,0.200000000000,
0.000000000000,-4.112314870924,-235.618286132813,0.200000000000,
0.000000000000,-4.112314870924,-235.618286132813,0.200000000000,
0.000000000000,-4.112123123325,-235.607299804688,0.200000000000,
0.000000000000,-4.111835501927,-235.590820312501,0.200000000000,
0.000000000000,-4.111643754329,-235.579833984376,0.200000000000,
0.000000000000,-4.111452006730,-235.568847656251,0.200000000000,
0.000000000000,-4.111308196032,-235.560607910157,0.200000000000,
0.000000000000,-4.111308196032,-235.560607910157,0.200000000000,
0.000000000000,-4.111116448433,-235.549621582032,0.200000000000,
0.000000000000,-4.110924700835,-235.538635253907,0.200000000000,
0.000000000000,-4.110637079437,-235.522155761719,0.200000000000,
0.000000000000,-4.110493268738,-235.513916015626,0.200000000000,
0.000000000000,-4.110301521140,-235.502929687501,0.200000000000,
0.000000000000,-4.110301521140,-235.502929687501,0.200000000000,
0.000000000000,-4.110061836641,-235.489196777344,0.200000000000,
0.000000000000,-4.109918025943,-235.480957031251,0.200000000000,
0.000000000000,-4.109726278344,-235.469970703126,0.200000000000,
0.000000000000,-4.109534530746,-235.458984375001,0.200000000000,
0.000000000000,-4.109342783147,-235.447998046876,0.200000000000,
0.000000000000,-4.109342783147,-235.447998046876,0.200000000000,
0.000000000000,-4.109103098649,-235.434265136719,0.200000000000,
0.000000000000,-4.108911351051,-235.423278808594,0.200000000000,
0.000000000000,-4.108719603452,-235.412292480469,0.200000000000,
0.000000000000,-4.108431982054,-235.395812988282,0.200000000000,
0.000000000000,-4.108240234456,-235.384826660157,0.200000000000,
0.000000000000,-4.108240234456,-235.384826660157,0.200000000000,
0.000000000000,-4.108096423757,-235.376586914063,0.200000000000,
0.000000000000,-4.107904676159,-235.365600585938,0.200000000000,
0.000000000000,-4.107617054761,-235.349121093751,0.200000000000,
0.000000000000,-4.107521180962,-235.343627929688,0.200000000000,
0.000000000000,-4.107281496463,-235.329895019532,0.200000000000,
0.000000000000,-4.107281496463,-235.329895019532,0.200000000000,
0.000000000000,-4.107089748865,-235.318908691407,0.200000000000,
0.000000000000,-4.106898001266,-235.307922363282,0.200000000000,
0.000000000000,-4.106610379869,-235.291442871094,0.200000000000,
0.000000000000,-4.106418632270,-235.280456542969,0.200000000000,
0.000000000000,-4.106226884672,-235.269470214844,0.200000000000,
0.000000000000,-4.106226884672,-235.269470214844,0.200000000000,
0.000000000000,-4.106083073973,-235.261230468750,0.200000000000,
0.000000000000,-4.105891326374,-235.250244140626,0.200000000000,
0.000000000000,-4.105603704977,-235.233764648438,0.200000000000,
0.000000000000,-4.105411957378,-235.222778320313,0.200000000000,
0.000000000000,-4.105268146679,-235.214538574219,0.200000000000,
0.000000000000,-4.105268146679,-235.214538574219,0.200000000000,
0.000000000000,-4.105076399081,-235.203552246094,0.200000000000,
0.000000000000,-4.104884651482,-235.192565917969,0.200000000000,
0.000000000000,-4.104692903884,-235.181579589844,0.200000000000,
0.000000000000,-4.104453219386,-235.167846679688,0.200000000000,
0.000000000000,-4.104261471787,-235.156860351563,0.200000000000,
0.000000000000,-4.104261471787,-235.156860351563,0.200000000000,
0.000000000000,-4.104021787289,-235.143127441407,0.200000000000,
0.000000000000,-4.103877976590,-235.134887695313,0.200000000000,
0.000000000000,-4.103686228992,-235.123901367188,0.200000000000,
0.000000000000,-4.103398607594,-235.107421875001,0.200000000000,
0.000000000000,-4.103254796895,-235.099182128907,0.200000000000,
0.000000000000,-4.103254796895,-235.099182128907,0.200000000000,
0.000000000000,-4.103063049297,-235.088195800782,0.200000000000,
0.000000000000,-4.102871301698,-235.077209472657,0.200000000000,
0.000000000000,-4.102679554100,-235.066223144532,0.200000000000,
0.000000000000,-4.102391932702,-235.049743652344,0.200000000000,
0.000000000000,-4.102200185104,-235.038757324219,0.200000000000,
0.000000000000,-4.102200185104,-235.038757324219,0.200000000000,
0.000000000000,-4.102008437505,-235.027770996094,0.200000000000,
0.000000000000,-4.101864626806,-235.019531250001,0.200000000000,
0.000000000000,-4.101672879208,-235.008544921876,0.200000000000,
0.000000000000,-4.101481131609,-234.997558593751,0.200000000000,
0.000000000000,-4.101193510212,-234.981079101563,0.200000000000,
0.000000000000,-4.101193510212,-234.981079101563,0.200000000000,
0.000000000000,-4.101001762613,-234.970092773438,0.200000000000,
0.000000000000,-4.100810015015,-234.959106445313,0.200000000000,
0.000000000000,-4.100666204316,-234.950866699219,0.200000000000,
0.000000000000,-4.100474456717,-234.939880371094,0.200000000000,
0.000000000000,-4.100282709119,-234.928894042969,0.200000000000,
0.000000000000,-4.100282709119,-234.928894042969,0.200000000000,
0.000000000000,-4.100090961520,-234.917907714844,0.200000000000,
0.000000000000,-4.099803340122,-234.901428222657,0.200000000000,
0.000000000000,-4.099611592524,-234.890441894532,0.200000000000,
0.000000000000,-4.099419844926,-234.879455566407,0.200000000000,
0.000000000000,-4.099276034227,-234.871215820313,0.200000000000,
0.000000000000,-4.099276034227,-234.871215820313,0.200000000000,
0.000000000000,-4.099036349729,-234.857482910157,0.200000000000,
0.000000000000,-4.098892539030,-234.849243164063,0.200000000000,
0.000000000000,-4.098700791431,-234.838256835938,0.200000000000,
0.000000000000,-4.098413170033,-234.821777343751,0.200000000000,
0.000000000000,-4.098317296234,-234.816284179688,0.200000000000,
0.000000000000,-4.098317296234,-234.816284179688,0.200000000000,
0.000000000000,-4.098029674836,-234.799804687501,0.200000000000,
0.000000000000,-4.097885864138,-234.791564941407,0.200000000000,
0.000000000000,-4.097694116539,-234.780578613282,0.200000000000,
0.000000000000,-4.097454432041,-234.766845703126,0.200000000000,
0.000000000000,-4.097262684443,-234.755859375001,0.200000000000,
0.000000000000,-4.097262684443,-234.755859375001,0.200000000000,
0.000000000000,-4.097070936844,-234.744873046876,0.200000000000,
0.000000000000,-4.096879189246,-234.733886718751,0.200000000000,
0.000000000000,-4.096735378547,-234.725646972657,0.200000000000,
0.000000000000,-4.096543630948,-234.714660644532,0.200000000000,
0.000000000000,-4.096351883350,-234.703674316407,0.200000000000,
0.000000000000,-4.096351883350,-234.703674316407,0.200000000000,
0.000000000000,-4.096160135751,-234.692687988282,0.200000000000,
0.000000000000,-4.095968388153,-234.681701660157,0.200000000000,
0.000000000000,-4.095776640554,-234.670715332032,0.200000000000,
0.000000000000,-4.095584892956,-234.659729003907,0.200000000000,
0.000000000000,-4.095393145357,-234.648742675782,0.200000000000,
0.000000000000,-4.095393145357,-234.648742675782,0.200000000000,
0.000000000000,-4.095201397759,-234.637756347657,0.200000000000,
0.000000000000,-4.094913776361,-234.621276855469,0.200000000000,
0.000000000000,-4.094817902562,-234.615783691407,0.200000000000,
0.000000000000,-4.094626154963,-234.604797363282,0.200000000000,
0.000000000000,-4.094338533566,-234.588317871094,0.200000000000,
0.000000000000,-4.094338533566,-234.588317871094,0.200000000000,
0.000000000000,-4.094146785967,-234.577331542969,0.200000000000,
0.000000000000,-4.093955038369,-234.566345214844,0.200000000000,
0.000000000000,-4.093763290770,-234.555358886719,0.200000000000,
0.000000000000,-4.093571543172,-234.544372558594,0.200000000000,
0.000000000000,-4.093427732473,-234.536132812501,0.200000000000,
0.000000000000,-4.093427732473,-234.536132812501,0.200000000000,
0.000000000000,-4.093235984874,-234.525146484376,0.200000000000,
0.000000000000,-4.093044237276,-234.514160156251,0.200000000000,
0.000000000000,-4.092852489677,-234.503173828126,0.200000000000,
0.000000000000,-4.092660742079,-234.492187500001,0.200000000000,
0.000000000000,-4.092373120681,-234.475708007813,0.200000000000,
0.000000000000,-4.092373120681,-234.475708007813,0.200000000000,
0.000000000000,-4.092181373083,-234.464721679688,0.200000000000,
0.000000000000,-4.091989625484,-234.453735351563,0.200000000000,
0.000000000000,-4.091797877886,-234.442749023438,0.200000000000,
0.000000000000,-4.091654067187,-234.434509277344,0.200000000000,
0.000000000000,-4.091462319588,-234.423522949219,0.200000000000,
0.000000000000,-4.091462319588,-234.423522949219,0.200000000000,
0.000000000000,-4.091270571990,-234.412536621094,0.200000000000,
0.000000000000,-4.091078824391,-234.401550292969,0.200000000000,
0.000000000000,-4.090791202994,-234.385070800782,0.200000000000,
0.000000000000,-4.090599455395,-234.374084472657,0.200000000000,
0.000000000000,-4.090503581596,-234.368591308594,0.200000000000,
0.000000000000,-4.090503581596,-234.368591308594,0.200000000000,
0.000000000000,-4.090215960198,-234.352111816407,0.200000000000,
0.000000000000,-4.090024212600,-234.341125488282,0.200000000000,
0.000000000000,-4.089832465001,-234.330139160157,0.200000000000,
0.000000000000,-4.089640717403,-234.319152832032,0.200000000000,
0.000000000000,-4.089496906704,-234.310913085938,0.200000000000,
0.000000000000,-4.089496906704,-234.310913085938,0.200000000000,
0.000000000000,-4.089257222206,-234.297180175782,0.200000000000,
0.000000000000,-4.089065474607,-234.286193847657,0.200000000000,
0.000000000000,-4.088921663908,-234.277954101563,0.200000000000,
0.000000000000,-4.088729916310,-234.266967773438,0.200000000000,
0.000000000000,-4.088538168711,-234.255981445313,0.200000000000,
0.000000000000,-4.088538168711,-234.255981445313,0.200000000000,
0.000000000000,-4.088346421113,-234.244995117188,0.200000000000,
0.000000000000,-4.088058799715,-234.228515625001,0.200000000000,
0.000000000000,-4.087867052117,-234.217529296876,0.200000000000,
0.000000000000,-4.087723241418,-234.209289550782,0.200000000000,
0.000000000000,-4.087531493819,-234.198303222657,0.200000000000,
0.000000000000,-4.087531493819,-234.198303222657,0.200000000000,
0.000000000000,-4.087339746221,-234.187316894532,0.200000000000,
0.000000000000,-4.087147998622,-234.176330566407,0.200000000000,
0.000000000000,-4.086956251024,-234.165344238282,0.200000000000,
0.000000000000,-4.086668629626,-234.148864746094,0.200000000000,
0.000000000000,-4.086476882028,-234.137878417969,0.200000000000,
0.000000000000,-4.086476882028,-234.137878417969,0.200000000000,
0.000000000000,-4.086285134429,-234.126892089844,0.200000000000,
0.000000000000,-4.086141323730,-234.118652343751,0.200000000000,
0.000000000000,-4.085949576132,-234.107666015626,0.200000000000,
0.000000000000,-4.085757828533,-234.096679687501,0.200000000000,
0.000000000000,-4.085566080935,-234.085693359376,0.200000000000,
0.000000000000,-4.085566080935,-234.085693359376,0.200000000000,
0.000000000000,-4.085278459537,-234.069213867188,0.200000000000,
0.000000000000,-4.085086711939,-234.058227539063,0.200000000000,
0.000000000000,-4.084942901240,-234.049987792969,0.200000000000,
0.000000000000,-4.084751153641,-234.039001464844,0.200000000000,
0.000000000000,-4.084559406043,-234.028015136719,0.200000000000,
0.000000000000,-4.084559406043,-234.028015136719,0.200000000000,
0.000000000000,-4.084271784645,-234.011535644532,0.200000000000,
0.000000000000,-4.084127973946,-234.003295898438,0.200000000000,
0.000000000000,-4.083936226348,-233.992309570313,0.200000000000,
0.000000000000,-4.083744478749,-233.981323242188,0.200000000000,
0.000000000000,-4.083552731151,-233.970336914063,0.200000000000,
0.000000000000,-4.083552731151,-233.970336914063,0.200000000000,
0.000000000000,-4.083360983552,-233.959350585938,0.200000000000,
0.000000000000,-4.083073362155,-233.942871093751,0.200000000000,
0.000000000000,-4.082929551456,-233.934631347657,0.200000000000,
0.000000000000,-4.082641930058,-233.918151855469,0.200000000000,
0.000000000000,-4.082450182460,-233.907165527344,0.200000000000,
0.000000000000,-4.082450182460,-233.907165527344,0.200000000000,
0.000000000000,-4.082306371761,-233.898925781251,0.200000000000,
0.000000000000,-4.082114624162,-233.887939453126,0.200000000000,
0.000000000000,-4.081922876564,-233.876953125001,0.200000000000,
0.000000000000,-4.081779065865,-233.868713378907,0.200000000000,
0.000000000000,-4.081443507567,-233.849487304688,0.200000000000,
0.000000000000,-4.081443507567,-233.849487304688,0.200000000000,
0.000000000000,-4.081299696869,-233.841247558594,0.200000000000,
0.000000000000,-4.081107949270,-233.830261230469,0.200000000000,
0.000000000000,-4.080820327872,-233.813781738282,0.200000000000,
0.000000000000,-4.080676517174,-233.805541992188,0.200000000000,
0.000000000000,-4.080484769575,-233.794555664063,0.200000000000,
0.000000000000,-4.080484769575,-233.794555664063,0.200000000000,
0.000000000000,-4.080197148177,-233.778076171876,0.200000000000,
0.000000000000,-4.080053337478,-233.769836425782,0.200000000000,
0.000000000000,-4.079813652980,-233.756103515626,0.200000000000,
0.000000000000,-4.079669842281,-233.747863769532,0.200000000000,
0.000000000000,-4.079382220884,-233.731384277344,0.200000000000,
0.000000000000,-4.079382220884,-233.731384277344,0.200000000000,
0.000000000000,-4.079190473285,-233.720397949219,0.200000000000,
0.000000000000,-4.079046662586,-233.712158203126,0.200000000000,
0.000000000000,-4.078854914988,-233.701171875000,0.200000000000,
0.000000000000,-4.078663167389,-233.690185546876,0.200000000000,
0.000000000000,-4.078375545992,-233.673706054688,0.200000000000,
0.000000000000,-4.078375545992,-233.673706054688,0.200000000000,
0.000000000000,-4.078183798393,-233.662719726563,0.200000000000,
0.000000000000,-4.077992050795,-233.651733398438,0.200000000000,
0.000000000000,-4.077848240096,-233.643493652344,0.200000000000,
0.000000000000,-4.077656492497,-233.632507324219,0.200000000000,
0.000000000000,-4.077368871100,-233.616027832032,0.200000000000,
0.000000000000,-4.077368871100,-233.616027832032,0.200000000000,
0.000000000000,-4.077225060401,-233.607788085938,0.200000000000,
0.000000000000,-4.077033312802,-233.596801757813,0.200000000000,
0.000000000000,-4.076841565204,-233.585815429688,0.200000000000,
0.000000000000,-4.076601880706,-233.572082519532,0.200000000000,
0.000000000000,-4.076362196208,-233.558349609376,0.200000000000,
0.000000000000,-4.076362196208,-233.558349609376,0.200000000000,
0.000000000000,-4.076218385509,-233.550109863282,0.200000000000,
0.000000000000,-4.076026637910,-233.539123535157,0.200000000000,
0.000000000000,-4.075786953412,-233.525390625001,0.200000000000,
0.000000000000,-4.075595205814,-233.514404296876,0.200000000000,
0.000000000000,-4.075403458215,-233.503417968751,0.200000000000,
0.000000000000,-4.075403458215,-233.503417968751,0.200000000000,
0.000000000000,-4.075211710617,-233.492431640626,0.200000000000,
0.000000000000,-4.074924089219,-233.475952148438,0.200000000000,
0.000000000000,-4.074828215420,-233.470458984376,0.200000000000,
0.000000000000,-4.074540594022,-233.453979492188,0.200000000000,
0.000000000000,-4.074396783323,-233.445739746094,0.200000000000,
0.000000000000,-4.074396783323,-233.445739746094,0.200000000000,
0.000000000000,-4.074205035725,-233.434753417969,0.200000000000,
0.000000000000,-4.074013288126,-233.423767089844,0.200000000000,
0.000000000000,-4.073821540528,-233.412780761719,0.200000000000,
0.000000000000,-4.073533919130,-233.396301269532,0.200000000000,
0.000000000000,-4.073342171531,-233.385314941407,0.200000000000,
0.000000000000,-4.073342171531,-233.385314941407,0.200000000000,
0.000000000000,-4.073198360833,-233.377075195313,0.200000000000,
0.000000000000,-4.072958676334,-233.363342285157,0.200000000000,
0.000000000000,-4.072814865636,-233.355102539063,0.200000000000,
0.000000000000,-4.072527244238,-233.338623046876,0.200000000000,
0.000000000000,-4.072431370439,-233.333129882813,0.200000000000,
0.000000000000,-4.072431370439,-233.333129882813,0.200000000000,
0.000000000000,-4.072143749041,-233.316650390626,0.200000000000,
0.000000000000,-4.072047875242,-233.311157226563,0.200000000000,
0.000000000000,-4.071760253844,-233.294677734376,0.200000000000,
0.000000000000,-4.071616443145,-233.286437988282,0.200000000000,
0.000000000000,-4.071376758647,-233.272705078126,0.200000000000,
0.000000000000,-4.071376758647,-233.272705078126,0.200000000000,
0.000000000000,-4.071232947948,-233.264465332032,0.200000000000,
0.000000000000,-4.071041200350,-233.253479003907,0.200000000000,
0.000000000000,-4.070849452751,-233.242492675782,0.200000000000,
0.000000000000,-4.070657705153,-233.231506347657,0.200000000000,
0.000000000000,-4.070370083755,-233.215026855469,0.200000000000,
0.000000000000,-4.070370083755,-233.215026855469,0.200000000000,
0.000000000000,-4.070274209956,-233.209533691407,0.200000000000,
0.000000000000,-4.069986588558,-233.193054199219,0.200000000000,
0.000000000000,-4.069794840959,-233.182067871094,0.200000000000,
0.000000000000,-4.069603093361,-233.171081542969,0.200000000000,
0.000000000000,-4.069507219562,-233.165588378907,0.200000000000,
0.000000000000,-4.069507219562,-233.165588378907,0.200000000000,
0.000000000000,-4.069219598164,-233.149108886719,0.200000000000,
0.000000000000,-4.069027850566,-233.138122558594,0.200000000000,
0.000000000000,-4.068836102967,-233.127136230469,0.200000000000,
0.000000000000,-4.068644355369,-233.116149902344,0.200000000000,
0.000000000000,-4.068452607770,-233.105163574219,0.200000000000,
0.000000000000,-4.068452607770,-233.105163574219,0.200000000000,
0.000000000000,-4.068308797071,-233.096923828126,0.200000000000,
0.000000000000,-4.068069112573,-233.083190917969,0.200000000000,
0.000000000000,-4.067925301874,-233.074951171876,0.200000000000,
0.000000000000,-4.067733554276,-233.063964843751,0.200000000000,
0.000000000000,-4.067445932878,-233.047485351563,0.200000000000,
0.000000000000,-4.067445932878,-233.047485351563,0.200000000000,
0.000000000000,-4.067254185280,-233.036499023438,0.200000000000,
0.000000000000,-4.067158311480,-233.031005859376,0.200000000000,
0.000000000000,-4.066918626982,-233.017272949219,0.200000000000,
0.000000000000,-4.066726879384,-233.006286621094,0.200000000000,
0.000000000000,-4.066535131785,-232.995300292969,0.200000000000,
0.000000000000,-4.066535131785,-232.995300292969,0.200000000000,
0.000000000000,-4.066343384187,-232.984313964844,0.200000000000,
0.000000000000,-4.066151636588,-232.973327636719,0.200000000000,
0.000000000000,-4.065959888990,-232.962341308594,0.200000000000,
0.000000000000,-4.065768141391,-232.951354980469,0.200000000000,
0.000000000000,-4.065480519994,-232.934875488282,0.200000000000,
0.000000000000,-4.065480519994,-232.934875488282,0.200000000000,
0.000000000000,-4.065384646194,-232.929382324219,0.200000000000,
0.000000000000,-4.065097024797,-232.912902832032,0.200000000000,
0.000000000000,-4.064905277198,-232.901916503907,0.200000000000,
0.000000000000,-4.064665592700,-232.888183593750,0.200000000000,
0.000000000000,-4.064569718901,-232.882690429688,0.200000000000,
0.000000000000,-4.064569718901,-232.882690429688,0.200000000000,
0.000000000000,-4.064377971302,-232.871704101563,0.200000000000,
0.000000000000,-4.064186223704,-232.860717773438,0.200000000000,
0.000000000000,-4.063994476105,-232.849731445313,0.200000000000,
0.000000000000,-4.063802728507,-232.838745117188,0.200000000000,
0.000000000000,-4.063610980908,-232.827758789063,0.200000000000,
0.000000000000,-4.063610980908,-232.827758789063,0.200000000000,
0.000000000000,-4.063419233310,-232.816772460938,0.200000000000,
0.000000000000,-4.063227485711,-232.805786132813,0.200000000000,
0.000000000000,-4.063035738113,-232.794799804688,0.200000000000,
0.000000000000,-4.062748116715,-232.778320312501,0.200000000000,
0.000000000000,-4.062556369117,-232.767333984376,0.200000000000,
0.000000000000,-4.062556369117,-232.767333984376,0.200000000000,
0.000000000000,-4.062364621518,-232.756347656251,0.200000000000,
0.000000000000,-4.062220810819,-232.748107910157,0.200000000000,
0.000000000000,-4.062029063221,-232.737121582032,0.200000000000,
0.000000000000,-4.061837315622,-232.726135253907,0.200000000000,
0.000000000000,-4.061645568024,-232.715148925782,0.200000000000,
0.000000000000,-4.061645568024,-232.715148925782,0.200000000000,
0.000000000000,-4.061453820425,-232.704162597657,0.200000000000,
0.000000000000,-4.061262072827,-232.693176269532,0.200000000000,
0.000000000000,-4.060974451429,-232.676696777344,0.200000000000,
0.000000000000,-4.060878577630,-232.671203613282,0.200000000000,
0.000000000000,-4.060638893132,-232.657470703126,0.200000000000,
0.000000000000,-4.060638893132,-232.657470703126,0.200000000000,
0.000000000000,-4.060447145533,-232.646484375001,0.200000000000,
0.000000000000,-4.060255397935,-232.635498046876,0.200000000000,
0.000000000000,-4.060063650336,-232.624511718751,0.200000000000,
0.000000000000,-4.059871902738,-232.613525390626,0.200000000000,
0.000000000000,-4.059584281340,-232.597045898438,0.200000000000,
0.000000000000,-4.059584281340,-232.597045898438,0.200000000000,
0.000000000000,-4.059392533742,-232.586059570313,0.200000000000,
0.000000000000,-4.059248723043,-232.577819824219,0.200000000000,
0.000000000000,-4.059056975444,-232.566833496094,0.200000000000,
0.000000000000,-4.058865227846,-232.555847167969,0.200000000000,
0.000000000000,-4.058577606448,-232.539367675782,0.200000000000,
0.000000000000,-4.058577606448,-232.539367675782,0.200000000000,
0.000000000000,-4.058433795749,-232.531127929688,0.200000000000,
0.000000000000,-4.058242048151,-232.520141601563,0.200000000000,
0.000000000000,-4.058050300552,-232.509155273438,0.200000000000,
0.000000000000,-4.057762679155,-232.492675781251,0.200000000000,
0.000000000000,-4.057570931556,-232.481689453126,0.200000000000,
0.000000000000,-4.057570931556,-232.481689453126,0.200000000000,
0.000000000000,-4.057427120857,-232.473449707032,0.200000000000,
0.000000000000,-4.057235373259,-232.462463378907,0.200000000000,
0.000000000000,-4.057043625660,-232.451477050782,0.200000000000,
0.000000000000,-4.056851878062,-232.440490722657,0.200000000000,
0.000000000000,-4.056612193564,-232.426757812501,0.200000000000,
0.000000000000,-4.056612193564,-232.426757812501,0.200000000000,
0.000000000000,-4.056372509065,-232.413024902344,0.200000000000,
0.000000000000,-4.056228698367,-232.404785156251,0.200000000000,
0.000000000000,-4.056036950768,-232.393798828126,0.200000000000,
0.000000000000,-4.055797266270,-232.380065917969,0.200000000000,
0.000000000000,-4.055605518672,-232.369079589844,0.200000000000,
0.000000000000,-4.055605518672,-232.369079589844,0.200000000000,
0.000000000000,-4.055413771073,-232.358093261719,0.200000000000,
0.000000000000,-4.055222023475,-232.347106933594,0.200000000000,
0.000000000000,-4.054934402077,-232.330627441407,0.200000000000,
0.000000000000,-4.054790591378,-232.322387695313,0.200000000000,
0.000000000000,-4.054598843779,-232.311401367188,0.200000000000,
0.000000000000,-4.054598843779,-232.311401367188,0.200000000000,
0.000000000000,-4.054407096181,-232.300415039063,0.200000000000,
0.000000000000,-4.054215348583,-232.289428710938,0.200000000000,
0.000000000000,-4.053927727185,-232.272949218750,0.200000000000,
0.000000000000,-4.053735979586,-232.261962890626,0.200000000000,
0.000000000000,-4.053592168887,-232.253723144532,0.200000000000,
0.000000000000,-4.053592168887,-232.253723144532,0.200000000000,
0.000000000000,-4.053352484389,-232.239990234376,0.200000000000,
0.000000000000,-4.053208673690,-232.231750488282,0.200000000000,
0.000000000000,-4.052921052293,-232.215270996094,0.200000000000,
0.000000000000,-4.052825178493,-232.209777832032,0.200000000000,
0.000000000000,-4.052537557096,-232.193298339844,0.200000000000,
0.000000000000,-4.052537557096,-232.193298339844,0.200000000000,
0.000000000000,-4.052345809497,-232.182312011719,0.200000000000,
0.000000000000,-4.052201998798,-232.174072265626,0.200000000000,
0.000000000000,-4.052010251200,-232.163085937501,0.200000000000,
0.000000000000,-4.051722629802,-232.146606445313,0.200000000000,
0.000000000000,-4.051578819103,-232.138366699219,0.200000000000,
0.000000000000,-4.051578819103,-232.138366699219,0.200000000000,
0.000000000000,-4.051387071505,-232.127380371094,0.200000000000,
0.000000000000,-4.051195323906,-232.116394042969,0.200000000000,
0.000000000000,-4.051003576308,-232.105407714844,0.200000000000,
0.000000000000,-4.050715954910,-232.088928222657,0.200000000000,
0.000000000000,-4.050524207312,-232.077941894532,0.200000000000,
0.000000000000,-4.050524207312,-232.077941894532,0.200000000000,
0.000000000000,-4.050380396613,-232.069702148438,0.200000000000,
0.000000000000,-4.050092775215,-232.053222656251,0.200000000000,
0.000000000000,-4.049901027617,-232.042236328126,0.200000000000,
0.000000000000,-4.049805153817,-232.036743164063,0.200000000000,
0.000000000000,-4.049517532420,-232.020263671875,0.200000000000,
0.000000000000,-4.049517532420,-232.020263671875,0.200000000000,
0.000000000000,-4.049373721721,-232.012023925782,0.200000000000,
0.000000000000,-4.049181974122,-232.001037597657,0.200000000000,
0.000000000000,-4.048990226524,-231.990051269532,0.200000000000,
0.000000000000,-4.048702605126,-231.973571777344,0.200000000000,
0.000000000000,-4.048510857528,-231.962585449219,0.200000000000,
0.000000000000,-4.048510857528,-231.962585449219,0.200000000000,
0.000000000000,-4.048319109929,-231.951599121094,0.200000000000,
0.000000000000,-4.048127362331,-231.940612792969,0.200000000000,
0.000000000000,-4.047983551632,-231.932373046876,0.200000000000,
0.000000000000,-4.047791804033,-231.921386718751,0.200000000000,
0.000000000000,-4.047600056435,-231.910400390626,0.200000000000,
0.000000000000,-4.047600056435,-231.910400390626,0.200000000000,
0.000000000000,-4.047312435037,-231.893920898438,0.200000000000,
0.000000000000,-4.047120687439,-231.882934570313,0.200000000000,
0.000000000000,-4.046928939840,-231.871948242188,0.200000000000,
0.000000000000,-4.046737192242,-231.860961914063,0.200000000000,
0.000000000000,-4.046545444643,-231.849975585938,0.200000000000,
0.000000000000,-4.046545444643,-231.849975585938,0.200000000000,
0.000000000000,-4.046401633944,-231.841735839844,0.200000000000,
0.000000000000,-4.046209886346,-231.830749511719,0.200000000000,
0.000000000000,-4.045922264948,-231.814270019532,0.200000000000,
0.000000000000,-4.045730517350,-231.803283691407,0.200000000000,
0.000000000000,-4.045634643550,-231.797790527344,0.200000000000,
0.000000000000,-4.045634643550,-231.797790527344,0.200000000000,
0.000000000000,-4.045394959052,-231.784057617188,0.200000000000,
0.000000000000,-4.045203211454,-231.773071289063,0.200000000000,
0.000000000000,-4.045011463855,-231.762084960938,0.200000000000,
0.000000000000,-4.044819716257,-231.751098632813,0.200000000000,
0.000000000000,-4.044627968658,-231.740112304688,0.200000000000,
0.000000000000,-4.044627968658,-231.740112304688,0.200000000000,
0.000000000000,-4.044436221060,-231.729125976563,0.200000000000,
0.000000000000,-4.044148599662,-231.712646484375,0.200000000000,
0.000000000000,-4.043956852064,-231.701660156251,0.200000000000,
0.000000000000,-4.043860978264,-231.696166992188,0.200000000000,
0.000000000000,-4.043573356867,-231.679687500001,0.200000000000,
0.000000000000,-4.043573356867,-231.679687500001,0.200000000000,
0.000000000000,-4.043381609268,-231.668701171876,0.200000000000,
0.000000000000,-4.043189861670,-231.657714843751,0.200000000000,
0.000000000000,-4.043046050971,-231.649475097657,0.200000000000,
0.000000000000,-4.042806366473,-231.635742187501,0.200000000000,
0.000000000000,-4.042662555774,-231.627502441407,0.200000000000,
0.000000000000,-4.042662555774,-231.627502441407,0.200000000000,
0.000000000000,-4.042470808175,-231.616516113282,0.200000000000,
0.000000000000,-4.042279060577,-231.605529785157,0.200000000000,
0.000000000000,-4.041991439179,-231.589050292969,0.200000000000,
0.000000000000,-4.041799691581,-231.578063964844,0.200000000000,
0.000000000000,-4.041655880882,-231.569824218751,0.200000000000,
0.000000000000,-4.041655880882,-231.569824218751,0.200000000000,
0.000000000000,-4.041416196384,-231.556091308594,0.200000000000,
0.000000000000,-4.041272385685,-231.547851562500,0.200000000000,
0.000000000000,-4.041080638086,-231.536865234376,0.200000000000,
0.000000000000,-4.040793016689,-231.520385742188,0.200000000000,
0.000000000000,-4.040601269090,-231.509399414063,0.200000000000,
0.000000000000,-4.040601269090,-231.509399414063,0.200000000000,
0.000000000000,-4.040409521492,-231.498413085938,0.200000000000,
0.000000000000,-4.040265710793,-231.490173339844,0.200000000000,
0.000000000000,-4.039930152495,-231.470947265626,0.200000000000,
0.000000000000,-4.039882215596,-231.468200683594,0.200000000000,
0.000000000000,-4.039594594198,-231.451721191407,0.200000000000,
0.000000000000,-4.039594594198,-231.451721191407,0.200000000000,
0.000000000000,-4.039402846599,-231.440734863282,0.200000000000,
0.000000000000,-4.039211099001,-231.429748535157,0.200000000000,
0.000000000000,-4.039019351403,-231.418762207032,0.200000000000,
0.000000000000,-4.038875540704,-231.410522460938,0.200000000000,
0.000000000000,-4.038683793105,-231.399536132813,0.200000000000,
0.000000000000,-4.038683793105,-231.399536132813,0.200000000000,
0.000000000000,-4.038396171707,-231.383056640626,0.200000000000,
0.000000000000,-4.038204424109,-231.372070312501,0.200000000000,
0.000000000000,-4.038012676510,-231.361083984376,0.200000000000,
0.000000000000,-4.037820928912,-231.350097656251,0.200000000000,
0.000000000000,-4.037677118213,-231.341857910157,0.200000000000,
0.000000000000,-4.037677118213,-231.341857910157,0.200000000000,
0.000000000000,-4.037485370615,-231.330871582032,0.200000000000,
0.000000000000,-4.037293623016,-231.319885253907,0.200000000000,
0.000000000000,-4.037101875418,-231.308898925782,0.200000000000,
0.000000000000,-4.036814254020,-231.292419433594,0.200000000000,
0.000000000000,-4.036622506421,-231.281433105469,0.200000000000,
0.000000000000,-4.036622506421,-231.281433105469,0.200000000000,
0.000000000000,-4.036430758823,-231.270446777344,0.200000000000,
0.000000000000,-4.036239011224,-231.259460449219,0.200000000000,
0.000000000000,-4.036047263626,-231.248474121094,0.200000000000,
0.000000000000,-4.035903452927,-231.240234375001,0.200000000000,
0.000000000000,-4.035615831529,-231.223754882813,0.200000000000,
0.000000000000,-4.035615831529,-231.223754882813,0.200000000000,
0.000000000000,-4.035424083931,-231.212768554688,0.200000000000,
0.000000000000,-4.035232336332,-231.201782226563,0.200000000000,
0.000000000000,-4.035088525634,-231.193542480469,0.200000000000,
0.000000000000,-4.034896778035,-231.182556152344,0.200000000000,
0.000000000000,-4.034705030437,-231.171569824219,0.200000000000,
0.000000000000,-4.034705030437,-231.171569824219,0.200000000000,
0.000000000000,-4.034513282838,-231.160583496094,0.200000000000,
0.000000000000,-4.034273598340,-231.146850585938,0.200000000000,
0.000000000000,-4.034081850742,-231.135864257813,0.200000000000,
0.000000000000,-4.033890103143,-231.124877929688,0.200000000000,
0.000000000000,-4.033698355545,-231.113891601563,0.200000000000,
0.000000000000,-4.033698355545,-231.113891601563,0.200000000000,
0.000000000000,-4.033506607946,-231.102905273438,0.200000000000,
0.000000000000,-4.033314860348,-231.091918945313,0.200000000000,
0.000000000000,-4.033027238950,-231.075439453126,0.200000000000,
0.000000000000,-4.032883428251,-231.067199707032,0.200000000000,
0.000000000000,-4.032691680652,-231.056213378907,0.200000000000,
0.000000000000,-4.032691680652,-231.056213378907,0.200000000000,
0.000000000000,-4.032451996154,-231.042480468751,0.200000000000,
0.000000000000,-4.032212311656,-231.028747558594,0.200000000000,
0.000000000000,-4.032068500957,-231.020507812501,0.200000000000,
0.000000000000,-4.031780879560,-231.004028320313,0.200000000000,
0.000000000000,-4.031589131961,-230.993041992188,0.200000000000,
0.000000000000,-4.031589131961,-230.993041992188,0.200000000000,
0.000000000000,-4.031445321262,-230.984802246094,0.200000000000,
0.000000000000,-4.031157699865,-230.968322753907,0.200000000000,
0.000000000000,-4.031013889166,-230.960083007813,0.200000000000,
0.000000000000,-4.030774204668,-230.946350097657,0.200000000000,
0.000000000000,-4.030582457069,-230.935363769532,0.200000000000,
0.000000000000,-4.030582457069,-230.935363769532,0.200000000000,
0.000000000000,-4.030342772571,-230.921630859376,0.200000000000,
0.000000000000,-4.030151024973,-230.910644531251,0.200000000000,
0.000000000000,-4.030007214274,-230.902404785157,0.200000000000,
0.000000000000,-4.029815466675,-230.891418457032,0.200000000000,
0.000000000000,-4.029527845277,-230.874938964844,0.200000000000,
0.000000000000,-4.029527845277,-230.874938964844,0.200000000000,
0.000000000000,-4.029384034579,-230.866699218751,0.200000000000,
0.000000000000,-4.029192286980,-230.855712890626,0.200000000000,
0.000000000000,-4.029000539382,-230.844726562501,0.200000000000,
0.000000000000,-4.028712917984,-230.828247070313,0.200000000000,
0.000000000000,-4.028569107285,-230.820007324219,0.200000000000,
0.000000000000,-4.028569107285,-230.820007324219,0.200000000000,
0.000000000000,-4.028281485887,-230.803527832032,0.200000000000,
0.000000000000,-4.028089738289,-230.792541503907,0.200000000000,
0.000000000000,-4.027897990690,-230.781555175782,0.200000000000,
0.000000000000,-4.027658306192,-230.767822265626,0.200000000000,
0.000000000000,-4.027466558594,-230.756835937501,0.200000000000,
0.000000000000,-4.027466558594,-230.756835937501,0.200000000000,
0.000000000000,-4.027274810995,-230.745849609376,0.200000000000,
0.000000000000,-4.027131000296,-230.737609863282,0.200000000000,
0.000000000000,-4.026939252698,-230.726623535157,0.200000000000,
0.000000000000,-4.026699568200,-230.712890625001,0.200000000000,
0.000000000000,-4.026507820601,-230.701904296876,0.200000000000,
0.000000000000,-4.026507820601,-230.701904296876,0.200000000000,
0.000000000000,-4.026316073003,-230.690917968751,0.200000000000,
0.000000000000,-4.026028451605,-230.674438476563,0.200000000000,
0.000000000000,-4.025836704007,-230.663452148438,0.200000000000,
0.000000000000,-4.025597019509,-230.649719238282,0.200000000000,
0.000000000000,-4.025405271910,-230.638732910157,0.200000000000,
0.000000000000,-4.025405271910,-230.638732910157,0.200000000000,
0.000000000000,-4.025213524312,-230.627746582032,0.200000000000,
0.000000000000,-4.024973839813,-230.614013671876,0.200000000000,
0.000000000000,-4.024782092215,-230.603027343751,0.200000000000,
0.000000000000,-4.024590344616,-230.592041015625,0.200000000000,
0.000000000000,-4.024398597018,-230.581054687501,0.200000000000,
0.000000000000,-4.024398597018,-230.581054687501,0.200000000000,
0.000000000000,-4.024158912520,-230.567321777344,0.200000000000,
0.000000000000,-4.023967164921,-230.556335449219,0.200000000000,
0.000000000000,-4.023775417323,-230.545349121094,0.200000000000,
0.000000000000,-4.023631606624,-230.537109375001,0.200000000000,
0.000000000000,-4.023439859026,-230.526123046876,0.200000000000,
0.000000000000,-4.023439859026,-230.526123046876,0.200000000000,
0.000000000000,-4.023152237628,-230.509643554688,0.200000000000,
0.000000000000,-4.023008426929,-230.501403808594,0.200000000000,
0.000000000000,-4.022816679330,-230.490417480469,0.200000000000,
0.000000000000,-4.022529057933,-230.473937988282,0.200000000000,
0.000000000000,-4.022337310334,-230.462951660157,0.200000000000,
0.000000000000,-4.022337310334,-230.462951660157,0.200000000000,
0.000000000000,-4.022145562736,-230.451965332032,0.200000000000,
0.000000000000,-4.022001752037,-230.443725585938,0.200000000000,
0.000000000000,-4.021810004438,-230.432739257813,0.200000000000,
0.000000000000,-4.021522383041,-230.416259765626,0.200000000000,
0.000000000000,-4.021378572342,-230.408020019532,0.200000000000,
0.000000000000,-4.021378572342,-230.408020019532,0.200000000000,
0.000000000000,-4.021138887844,-230.394287109376,0.200000000000,
0.000000000000,-4.020899203346,-230.380554199219,0.200000000000,
0.000000000000,-4.020803329546,-230.375061035157,0.200000000000,
0.000000000000,-4.020515708149,-230.358581542969,0.200000000000,
0.000000000000,-4.020323960550,-230.347595214844,0.200000000000,
0.000000000000,-4.020323960550,-230.347595214844,0.200000000000,
0.000000000000,-4.020180149851,-230.339355468750,0.200000000000,
0.000000000000,-4.019892528454,-230.322875976563,0.200000000000,
0.000000000000,-4.019700780855,-230.311889648438,0.200000000000,
0.000000000000,-4.019509033257,-230.300903320313,0.200000000000,
0.000000000000,-4.019365222558,-230.292663574219,0.200000000000,
0.000000000000,-4.019365222558,-230.292663574219,0.200000000000,
0.000000000000,-4.019173474959,-230.281677246094,0.200000000000,
0.000000000000,-4.018981727361,-230.270690917969,0.200000000000,
0.000000000000,-4.018694105963,-230.254211425782,0.200000000000,
0.000000000000,-4.018502358365,-230.243225097657,0.200000000000,
0.000000000000,-4.018310610766,-230.232238769532,0.200000000000,
0.000000000000,-4.018310610766,-230.232238769532,0.200000000000,
0.000000000000,-4.018214736967,-230.226745605469,0.200000000000,
0.000000000000,-4.017927115569,-230.210266113282,0.200000000000,
0.000000000000,-4.017783304870,-230.202026367188,0.200000000000,
0.000000000000,-4.017591557272,-230.191040039063,0.200000000000,
0.000000000000,-4.017399809673,-230.180053710938,0.200000000000,
0.000000000000,-4.017399809673,-230.180053710938,0.200000000000,
0.000000000000,-4.017208062075,-230.169067382813,0.200000000000,
0.000000000000,-4.017016314476,-230.158081054688,0.200000000000,
0.000000000000,-4.016728693079,-230.141601562501,0.200000000000,
0.000000000000,-4.016536945480,-230.130615234376,0.200000000000,
0.000000000000,-4.016345197882,-230.119628906251,0.200000000000,
0.000000000000,-4.016345197882,-230.119628906251,0.200000000000,
0.000000000000,-4.016153450283,-230.108642578126,0.200000000000,
0.000000000000,-4.016009639584,-230.100402832032,0.200000000000,
0.000000000000,-4.015817891986,-230.089416503907,0.200000000000,
0.000000000000,-4.015626144387,-230.078430175782,0.200000000000,
0.000000000000,-4.015434396789,-230.067443847657,0.200000000000,
0.000000000000,-4.015434396789,-230.067443847657,0.200000000000,
0.000000000000,-4.015194712291,-230.053710937501,0.200000000000,
0.000000000000,-4.014955027793,-230.039978027344,0.200000000000,
0.000000000000,-4.014763280194,-230.028991699219,0.200000000000,
0.000000000000,-4.014619469495,-230.020751953126,0.200000000000,
0.000000000000,-4.014331848097,-230.004272460938,0.200000000000,
0.000000000000,-4.014331848097,-230.004272460938,0.200000000000,
0.000000000000,-4.014140100499,-229.993286132813,0.200000000000,
0.000000000000,-4.013996289800,-229.985046386719,0.200000000000,
0.000000000000,-4.013804542202,-229.974060058594,0.200000000000,
0.000000000000,-4.013612794603,-229.963073730469,0.200000000000,
0.000000000000,-4.013421047005,-229.952087402344,0.200000000000,
0.000000000000,-4.013421047005,-229.952087402344,0.200000000000,
0.000000000000,-4.013229299406,-229.941101074219,0.200000000000,
0.000000000000,-4.013037551808,-229.930114746094,0.200000000000,
0.000000000000,-4.012749930410,-229.913635253907,0.200000000000,
0.000000000000,-4.012558182811,-229.902648925782,0.200000000000,
0.000000000000,-4.012414372113,-229.894409179688,0.200000000000,
0.000000000000,-4.012414372113,-229.894409179688,0.200000000000,
0.000000000000,-4.012222624514,-229.883422851563,0.200000000000,
0.000000000000,-4.012030876916,-229.872436523438,0.200000000000,
0.000000000000,-4.011743255518,-229.855957031251,0.200000000000,
0.000000000000,-4.011551507919,-229.844970703126,0.200000000000,
0.000000000000,-4.011359760321,-229.833984375001,0.200000000000,
0.000000000000,-4.011359760321,-229.833984375001,0.200000000000,
0.000000000000,-4.011168012722,-229.822998046876,0.200000000000,
0.000000000000,-4.011024202024,-229.814758300782,0.200000000000,
0.000000000000,-4.010784517526,-229.801025390626,0.200000000000,
0.000000000000,-4.010592769927,-229.790039062501,0.200000000000,
0.000000000000,-4.010448959228,-229.781799316407,0.200000000000,
0.000000000000,-4.010448959228,-229.781799316407,0.200000000000,
0.000000000000,-4.010161337830,-229.765319824219,0.200000000000,
0.000000000000,-4.010065464031,-229.759826660157,0.200000000000,
0.000000000000,-4.009777842633,-229.743347167969,0.200000000000,
0.000000000000,-4.009586095035,-229.732360839844,0.200000000000,
0.000000000000,-4.009442284336,-229.724121093751,0.200000000000,
0.000000000000,-4.009442284336,-229.724121093751,0.200000000000,
0.000000000000,-4.009250536738,-229.713134765626,0.200000000000,
0.000000000000,-4.009058789139,-229.702148437501,0.200000000000,
0.000000000000,-4.008867041541,-229.691162109376,0.200000000000,
0.000000000000,-4.008579420143,-229.674682617188,0.200000000000,
0.000000000000,-4.008387672544,-229.663696289063,0.200000000000,
0.000000000000,-4.008387672544,-229.663696289063,0.200000000000,
0.000000000000,-4.008195924946,-229.652709960938,0.200000000000,
0.000000000000,-4.008052114247,-229.644470214844,0.200000000000,
0.000000000000,-4.007860366649,-229.633483886719,0.200000000000,
0.000000000000,-4.007668619050,-229.622497558594,0.200000000000,
0.000000000000,-4.007476871452,-229.611511230469,0.200000000000,
0.000000000000,-4.007476871452,-229.611511230469,0.200000000000,
0.000000000000,-4.007285123853,-229.600524902344,0.200000000000,
0.000000000000,-4.006997502455,-229.584045410157,0.200000000000,
0.000000000000,-4.006805754857,-229.573059082032,0.200000000000,
0.000000000000,-4.006661944158,-229.564819335938,0.200000000000,
0.000000000000,-4.006374322760,-229.548339843751,0.200000000000,
0.000000000000,-4.006374322760,-229.548339843751,0.200000000000,
0.000000000000,-4.006182575162,-229.537353515626,0.200000000000,
0.000000000000,-4.006038764463,-229.529113769532,0.200000000000,
0.000000000000,-4.005799079965,-229.515380859376,0.200000000000,
0.000000000000,-4.005655269266,-229.507141113282,0.200000000000,
0.000000000000,-4.005463521668,-229.496154785157,0.200000000000,
0.000000000000,-4.005463521668,-229.496154785157,0.200000000000,
0.000000000000,-4.005271774069,-229.485168457032,0.200000000000,
0.000000000000,-4.004984152671,-229.468688964844,0.200000000000,
0.000000000000,-4.004792405073,-229.457702636719,0.200000000000,
0.000000000000,-4.004648594374,-229.449462890626,0.200000000000,
0.000000000000,-4.004456846775,-229.438476562501,0.200000000000,
0.000000000000,-4.004456846775,-229.438476562501,0.200000000000,
0.000000000000,-4.004265099177,-229.427490234376,0.200000000000,
0.000000000000,-4.003977477779,-229.411010742188,0.200000000000,
0.000000000000,-4.003785730181,-229.400024414063,0.200000000000,
0.000000000000,-4.003641919482,-229.391784667969,0.200000000000,
0.000000000000,-4.003450171883,-229.380798339844,0.200000000000,
0.000000000000,-4.003450171883,-229.380798339844,0.200000000000,
0.000000000000,-4.003162550486,-229.364318847657,0.200000000000,
0.000000000000,-4.002970802887,-229.353332519532,0.200000000000,
0.000000000000,-4.002779055289,-229.342346191407,0.200000000000,
0.000000000000,-4.002635244590,-229.334106445313,0.200000000000,
0.000000000000,-4.002443496991,-229.323120117188,0.200000000000,
0.000000000000,-4.002443496991,-229.323120117188,0.200000000000,
0.000000000000,-4.002203812493,-229.309387207032,0.200000000000,
0.000000000000,-4.001964127995,-229.295654296876,0.200000000000,
0.000000000000,-4.001820317296,-229.287414550782,0.200000000000,
0.000000000000,-4.001628569698,-229.276428222657,0.200000000000,
0.000000000000,-4.001436822099,-229.265441894532,0.200000000000,
0.000000000000,-4.001436822099,-229.265441894532,0.200000000000,
0.000000000000,-4.001149200702,-229.248962402344,0.200000000000,
0.000000000000,-4.001005390003,-229.240722656251,0.200000000000,
0.000000000000,-4.000813642404,-229.229736328126,0.200000000000,
0.000000000000,-4.000621894806,-229.218750000000,0.200000000000,
0.000000000000,-4.000334273408,-229.202270507813,0.200000000000,
0.000000000000,-4.000334273408,-229.202270507813,0.200000000000,
0.000000000000,-4.000142525810,-229.191284179688,0.200000000000,
0.000000000000,-3.999998715111,-229.183044433594,0.200000000000,
0.000000000000,-3.999806967512,-229.172058105469,0.200000000000,
0.000000000000,-3.999519346114,-229.155578613282,0.200000000000,
0.000000000000,-3.999327598516,-229.144592285157,0.200000000000,
0.000000000000,-3.999327598516,-229.144592285157,0.200000000000,
0.000000000000,-3.999183787817,-229.136352539063,0.200000000000,
0.000000000000,-3.998944103319,-229.122619628907,0.200000000000,
0.000000000000,-3.998800292620,-229.114379882813,0.200000000000,
0.000000000000,-3.998512671222,-229.097900390626,0.200000000000,
0.000000000000,-3.998320923624,-229.086914062500,0.200000000000,
0.000000000000,-3.998320923624,-229.086914062500,0.200000000000,
0.000000000000,-3.998129176025,-229.075927734376,0.200000000000,
0.000000000000,-3.997985365327,-229.067687988282,0.200000000000,
0.000000000000,-3.997793617728,-229.056701660157,0.200000000000,
0.000000000000,-3.997505996330,-229.040222167969,0.200000000000,
0.000000000000,-3.997314248732,-229.029235839844,0.200000000000,
0.000000000000,-3.997314248732,-229.029235839844,0.200000000000,
0.000000000000,-3.997170438033,-229.020996093751,0.200000000000,
0.000000000000,-3.996978690435,-229.010009765626,0.200000000000,
0.000000000000,-3.996691069037,-228.993530273438,0.200000000000,
0.000000000000,-3.996499321438,-228.982543945313,0.200000000000,
0.000000000000,-3.996307573840,-228.971557617188,0.200000000000,
0.000000000000,-3.996307573840,-228.971557617188,0.200000000000,
0.000000000000,-3.996115826241,-228.960571289063,0.200000000000,
0.000000000000,-3.995972015542,-228.952331542969,0.200000000000,
0.000000000000,-3.995780267944,-228.941345214844,0.200000000000,
0.000000000000,-3.995588520346,-228.930358886719,0.200000000000,
0.000000000000,-3.995300898948,-228.913879394532,0.200000000000,
0.000000000000,-3.995300898948,-228.913879394532,0.200000000000,
0.000000000000,-3.995205025149,-228.908386230469,0.200000000000,
0.000000000000,-3.994917403751,-228.891906738282,0.200000000000,
0.000000000000,-3.994725656152,-228.880920410157,0.200000000000,
0.000000000000,-3.994581845453,-228.872680664063,0.200000000000,
0.000000000000,-3.994390097855,-228.861694335938,0.200000000000,
0.000000000000,-3.994390097855,-228.861694335938,0.200000000000,
0.000000000000,-3.994198350256,-228.850708007813,0.200000000000,
0.000000000000,-3.993910728859,-228.834228515626,0.200000000000,
0.000000000000,-3.993718981260,-228.823242187501,0.200000000000,
0.000000000000,-3.993575170561,-228.815002441407,0.200000000000,
0.000000000000,-3.993383422963,-228.804016113282,0.200000000000,
0.000000000000,-3.993383422963,-228.804016113282,0.200000000000,
0.000000000000,-3.993191675364,-228.793029785157,0.200000000000,
0.000000000000,-3.992904053967,-228.776550292969,0.200000000000,
0.000000000000,-3.992712306368,-228.765563964844,0.200000000000,
0.000000000000,-3.992520558770,-228.754577636719,0.200000000000,
0.000000000000,-3.992328811171,-228.743591308594,0.200000000000,
0.000000000000,-3.992328811171,-228.743591308594,0.200000000000,
0.000000000000,-3.992137063573,-228.732604980469,0.200000000000,
0.000000000000,-3.991945315974,-228.721618652344,0.200000000000,
0.000000000000,-3.991801505275,-228.713378906251,0.200000000000,
0.000000000000,-3.991609757677,-228.702392578126,0.200000000000,
0.000000000000,-3.991418010078,-228.691406250001,0.200000000000,
0.000000000000,-3.991418010078,-228.691406250001,0.200000000000,
0.000000000000,-3.991130388681,-228.674926757813,0.200000000000,
0.000000000000,-3.991034514881,-228.669433593751,0.200000000000,
0.000000000000,-3.990842767283,-228.658447265626,0.200000000000,
0.000000000000,-3.990651019685,-228.647460937501,0.200000000000,
0.000000000000,-3.990459272086,-228.636474609376,0.200000000000,
0.000000000000,-3.990459272086,-228.636474609376,0.200000000000,
0.000000000000,-3.990171650688,-228.619995117188,0.200000000000,
0.000000000000,-3.990075776889,-228.614501953126,0.200000000000,
0.000000000000,-3.989788155491,-228.598022460938,0.200000000000,
0.000000000000,-3.989596407893,-228.587036132813,0.200000000000,
0.000000000000,-3.989404660294,-228.576049804688,0.200000000000,
0.000000000000,-3.989404660294,-228.576049804688,0.200000000000,
0.000000000000,-3.989260849595,-228.567810058594,0.200000000000,
0.000000000000,-3.989069101997,-228.556823730469,0.200000000000,
0.000000000000,-3.988781480599,-228.540344238282,0.200000000000,
0.000000000000,-3.988685606800,-228.534851074219,0.200000000000,
0.000000000000,-3.988397985402,-228.518371582032,0.200000000000,
0.000000000000,-3.988397985402,-228.518371582032,0.200000000000,
0.000000000000,-3.988206237804,-228.507385253907,0.200000000000,
0.000000000000,-3.988062427105,-228.499145507813,0.200000000000,
0.000000000000,-3.987870679506,-228.488159179688,0.200000000000,
0.000000000000,-3.987678931908,-228.477172851563,0.200000000000,
0.000000000000,-3.987391310510,-228.460693359376,0.200000000000,
0.000000000000,-3.987391310510,-228.460693359376,0.200000000000,
0.000000000000,-3.987295436711,-228.455200195313,0.200000000000,
0.000000000000,-3.987007815313,-228.438720703126,0.200000000000,
0.000000000000,-3.986864004614,-228.430480957032,0.200000000000,
0.000000000000,-3.986672257016,-228.419494628907,0.200000000000,
0.000000000000,-3.986480509417,-228.408508300782,0.200000000000,
0.000000000000,-3.986480509417,-228.408508300782,0.200000000000,
0.000000000000,-3.986288761819,-228.397521972657,0.200000000000,
0.000000000000,-3.986097014220,-228.386535644532,0.200000000000,
0.000000000000,-3.985809392823,-228.370056152344,0.200000000000,
0.000000000000,-3.985665582124,-228.361816406251,0.200000000000,
0.000000000000,-3.985473834525,-228.350830078126,0.200000000000,
0.000000000000,-3.985473834525,-228.350830078126,0.200000000000,
0.000000000000,-3.985282086927,-228.339843750001,0.200000000000,
0.000000000000,-3.984994465529,-228.323364257813,0.200000000000,
0.000000000000,-3.984898591730,-228.317871093751,0.200000000000,
0.000000000000,-3.984610970332,-228.301391601563,0.200000000000,
0.000000000000,-3.984419222734,-228.290405273438,0.200000000000,
0.000000000000,-3.984419222734,-228.290405273438,0.200000000000,
0.000000000000,-3.984227475135,-228.279418945313,0.200000000000,
0.000000000000,-3.984035727537,-228.268432617188,0.200000000000,
0.000000000000,-3.983891916838,-228.260192871094,0.200000000000,
0.000000000000,-3.983700169239,-228.249206542969,0.200000000000,
0.000000000000,-3.983508421641,-228.238220214844,0.200000000000,
0.000000000000,-3.983508421641,-228.238220214844,0.200000000000,
0.000000000000,-3.983316674042,-228.227233886719,0.200000000000,
0.000000000000,-3.983029052645,-228.210754394532,0.200000000000,
0.000000000000,-3.982885241946,-228.202514648438,0.200000000000,
0.000000000000,-3.982693494347,-228.191528320313,0.200000000000,
0.000000000000,-3.982501746749,-228.180541992188,0.200000000000,
0.000000000000,-3.982501746749,-228.180541992188,0.200000000000,
0.000000000000,-3.982309999150,-228.169555664063,0.200000000000,
0.000000000000,-3.982166188452,-228.161315917969,0.200000000000,
0.000000000000,-3.981830630154,-228.142089843751,0.200000000000,
0.000000000000,-3.981686819455,-228.133850097657,0.200000000000,
0.000000000000,-3.981495071857,-228.122863769532,0.200000000000,
0.000000000000,-3.981495071857,-228.122863769532,0.200000000000,
0.000000000000,-3.981207450459,-228.106384277344,0.200000000000,
0.000000000000,-3.981015702861,-228.095397949219,0.200000000000,
0.000000000000,-3.980823955262,-228.084411621094,0.200000000000,
0.000000000000,-3.980680144563,-228.076171875001,0.200000000000,
0.000000000000,-3.980392523166,-228.059692382813,0.200000000000,
0.000000000000,-3.980392523166,-228.059692382813,0.200000000000,
0.000000000000,-3.980200775567,-228.048706054688,0.200000000000,
0.000000000000,-3.980009027969,-228.037719726563,0.200000000000,
0.000000000000,-3.979865217270,-228.029479980469,0.200000000000,
0.000000000000,-3.979673469671,-228.018493652344,0.200000000000,
0.000000000000,-3.979385848273,-228.002014160157,0.200000000000,
0.000000000000,-3.979385848273,-228.002014160157,0.200000000000,
0.000000000000,-3.979242037575,-227.993774414063,0.200000000000,
0.000000000000,-3.979050289976,-227.982788085938,0.200000000000,
0.000000000000,-3.978858542378,-227.971801757813,0.200000000000,
0.000000000000,-3.978570920980,-227.955322265626,0.200000000000,
0.000000000000,-3.978427110281,-227.947082519532,0.200000000000,
0.000000000000,-3.978427110281,-227.947082519532,0.200000000000,
0.000000000000,-3.978235362683,-227.936096191407,0.200000000000,
0.000000000000,-3.977947741285,-227.919616699219,0.200000000000,
0.000000000000,-3.977755993686,-227.908630371094,0.200000000000,
0.000000000000,-3.977612182987,-227.900390625001,0.200000000000,
0.000000000000,-3.977420435389,-227.889404296876,0.200000000000,
0.000000000000,-3.977420435389,-227.889404296876,0.200000000000,
0.000000000000,-3.977132813991,-227.872924804688,0.200000000000,
0.000000000000,-3.976989003292,-227.864685058594,0.200000000000,
0.000000000000,-3.976797255694,-227.853698730469,0.200000000000,
0.000000000000,-3.976605508095,-227.842712402344,0.200000000000,
0.000000000000,-3.976317886698,-227.826232910157,0.200000000000,
